county_fips,label,state,net_pp,aige,base_returns,income_gap
01001,"Autauga County, AL",AL,0.9256,-0.7005,20720.0,-1.23
01003,"Baldwin County, AL",AL,3.096,-0.6358,84960.0,24.99
01005,"Barbour County, AL",AL,0.259,-1.192,7747.0,-1.086
01007,"Bibb County, AL",AL,0.1913,-0.6349,6752.0,1.043
01009,"Blount County, AL",AL,0.9745,0.5155,19280.0,3.167
01011,"Bullock County, AL",AL,-0.6733,0.5297,3232.0,-1.077
01013,"Butler County, AL",AL,-0.4141,-0.2587,6698.0,-0.8817
01015,"Calhoun County, AL",AL,0.007941,0.03252,40140.0,2.134
01017,"Chambers County, AL",AL,-0.4112,-1.298,11380.0,10.83
01019,"Cherokee County, AL",AL,2.229,0.9981,8297.0,16.34
01021,"Chilton County, AL",AL,1.355,0.6006,14630.0,5.506
01023,"Choctaw County, AL",AL,-0.2971,-0.9606,4125.0,-1.335
01025,"Clarke County, AL",AL,-0.7152,-1.522,8167.0,-1.268
01027,"Clay County, AL",AL,0.05134,1.52,4775.0,6.205
01029,"Cleburne County, AL",AL,1.375,2.307,4787.0,6.36
01031,"Coffee County, AL",AL,0.9515,-0.6304,18430.0,-1.078
01033,"Colbert County, AL",AL,1.151,-0.8779,20340.0,0.924
01035,"Conecuh County, AL",AL,-0.1999,-0.5893,3853.0,2.34
01037,"Coosa County, AL",AL,0.6202,2.466,3288.0,8.273
01039,"Covington County, AL",AL,0.8301,1.246,12380.0,6.031
01041,"Crenshaw County, AL",AL,0.01117,-1.7,4737.0,11.64
01043,"Cullman County, AL",AL,1.89,-0.7087,29210.0,12.33
01045,"Dale County, AL",AL,0.4729,0.2419,17090.0,-2.873
01047,"Dallas County, AL",AL,-1.532,0.4795,12310.0,-5.688
01049,"DeKalb County, AL",AL,0.9101,0.004542,23130.0,6.04
01051,"Elmore County, AL",AL,1.499,-0.9159,30700.0,0.05279
01053,"Escambia County, AL",AL,0.5171,-0.1087,11770.0,-1.676
01055,"Etowah County, AL",AL,0.4057,-0.05704,35180.0,4.524
01057,"Fayette County, AL",AL,0.1468,0.5928,5295.0,4.652
01059,"Franklin County, AL",AL,-0.1745,-0.989,9851.0,9.219
01061,"Geneva County, AL",AL,1.123,-0.1518,8621.0,3.375
01063,"Greene County, AL",AL,-0.8781,-2.28,2646.0,3.75
01065,"Hale County, AL",AL,-0.09458,1.194,5272.0,3.354
01067,"Henry County, AL",AL,1.507,-0.6244,6107.0,11.01
01069,"Houston County, AL",AL,0.6951,-0.08622,37870.0,-2.687
01071,"Jackson County, AL",AL,1.116,1.573,17910.0,8.731
01073,"Jefferson County, AL",AL,-0.8373,0.8041,240000.0,-11.15
01075,"Lamar County, AL",AL,-0.4513,0.5598,4555.0,3.682
01077,"Lauderdale County, AL",AL,0.6092,0.01539,32640.0,4.7
01079,"Lawrence County, AL",AL,1.107,1.636,11420.0,3.958
01081,"Lee County, AL",AL,0.7642,-0.4408,54800.0,8.821
01083,"Limestone County, AL",AL,3.628,-0.3781,36380.0,-2.694
01085,"Lowndes County, AL",AL,-1.067,-0.9964,3869.0,10.13
01087,"Macon County, AL",AL,-1.578,1.575,6010.0,5.35
01089,"Madison County, AL",AL,1.207,1.53,148900.0,-3.365
01091,"Marengo County, AL",AL,-0.1883,0.04393,6724.0,-2.704
01093,"Marion County, AL",AL,0.7607,0.7725,9319.0,2.73
01095,"Marshall County, AL",AL,0.5722,-1.547,33310.0,10.65
01097,"Mobile County, AL",AL,-0.2674,0.4381,142900.0,-3.833
01099,"Monroe County, AL",AL,-0.1914,-0.9257,6530.0,-0.5009
01101,"Montgomery County, AL",AL,-1.008,0.6576,80440.0,-10.01
01103,"Morgan County, AL",AL,0.5694,0.1028,43760.0,1.049
01105,"Perry County, AL",AL,-1.413,-1.098,2951.0,-0.4772
01107,"Pickens County, AL",AL,-0.3652,-2.067,6092.0,0.6857
01109,"Pike County, AL",AL,-0.7861,-0.8466,10540.0,4.188
01111,"Randolph County, AL",AL,1.884,1.496,7679.0,13.81
01113,"Russell County, AL",AL,-0.2191,1.003,19590.0,-3.055
01115,"St. Clair County, AL",AL,2.098,-0.4671,32010.0,5.91
01117,"Shelby County, AL",AL,1.112,0.8177,81230.0,-0.04687
01119,"Sumter County, AL",AL,-1.354,-1.294,3882.0,5.602
01121,"Talladega County, AL",AL,0.191,-0.1756,27630.0,7.563
01123,"Tallapoosa County, AL",AL,0.676,-0.1034,14380.0,22.88
01125,"Tuscaloosa County, AL",AL,-0.5728,-0.5568,69180.0,0.7938
01127,"Walker County, AL",AL,0.0736,-0.3575,21040.0,-0.3285
01129,"Washington County, AL",AL,-0.558,-1.963,5296.0,-0.2218
01131,"Wilcox County, AL",AL,-1.128,-1.265,3480.0,-3.086
01133,"Winston County, AL",AL,1.382,-1.341,7610.0,18.55
02013,"Aleutians East Borough, AK",AK,-4.17,-3.138,603.0,-7.683
02016,"Aleutians West Census Area, AK",AK,-6.334,-1.378,1589.0,-6.952
02020,"Anchorage Municipality, AK",AK,-1.409,0.5144,119700.0,-12.08
02050,"Bethel Census Area, AK",AK,-2.684,3.345,5211.0,-9.746
02068,"Denali Borough, AK",AK,-3.06,-1.787,941.7,13.06
02070,"Dillingham Census Area, AK",AK,-2.819,-3.062,1618.0,-11.1
02090,"Fairbanks North Star Borough, AK",AK,-1.466,-0.3742,38140.0,-8.189
02100,"Haines Borough, AK",AK,0.7235,-1.046,1053.0,5.707
02105,"Hoonah-Angoon Census Area, AK",AK,-0.6609,0.3706,777.7,22.45
02110,"Juneau City and Borough, AK",AK,-0.9937,0.3749,13790.0,-11.0
02122,"Kenai Peninsula Borough, AK",AK,1.253,-0.5016,23900.0,8.21
02130,"Ketchikan Gateway Borough, AK",AK,-0.9252,-0.5065,5737.0,-4.889
02150,"Kodiak Island Borough, AK",AK,-2.512,-0.834,5383.0,-4.19
02158,"Kusilvak Census Area, AK",AK,-2.787,-0.6727,2074.0,-10.16
02164,"Lake and Peninsula Borough, AK",AK,-3.976,-0.8727,469.7,0.8722
02170,"Matanuska-Susitna Borough, AK",AK,1.91,-0.2462,39610.0,5.568
02180,"Nome Census Area, AK",AK,-1.956,2.715,2850.0,-8.84
02185,"North Slope Borough, AK",AK,-3.432,-1.475,2315.0,-15.48
02188,"Northwest Arctic Borough, AK",AK,-3.262,2.845,1851.0,-19.41
02195,"Petersburg Borough, AK",AK,0.1303,-3.025,1518.0,-2.937
02198,"Prince of Wales-Hyder Census Area, AK",AK,-0.2125,-0.6675,1787.0,-1.185
02220,"Sitka City and Borough, AK",AK,-0.6408,-1.207,3727.0,-3.107
02230,"Skagway Municipality, AK",AK,-1.906,-1.642,557.0,0.7487
02240,"Southeast Fairbanks Census Area, AK",AK,0.5374,1.889,2680.0,-0.8721
02275,"Wrangell City and Borough, AK",AK,-1.621,-2.163,837.7,-15.34
02290,"Yukon-Koyukuk Census Area, AK",AK,-1.747,3.141,1818.0,-0.1469
04001,"Apache County, AZ",AZ,0.2604,2.326,21580.0,2.091
04003,"Cochise County, AZ",AZ,0.9079,0.8614,47320.0,-1.262
04005,"Coconino County, AZ",AZ,-1.031,-0.2298,51580.0,7.702
04007,"Gila County, AZ",AZ,2.146,-0.6104,19140.0,17.97
04009,"Graham County, AZ",AZ,0.6288,0.665,10650.0,-0.4439
04011,"Greenlee County, AZ",AZ,-1.615,-3.617,2941.0,-11.78
04012,"La Paz County, AZ",AZ,2.037,-0.05012,5695.0,8.24
04013,"Maricopa County, AZ",AZ,0.8468,0.9336,1697000.0,13.83
04015,"Mohave County, AZ",AZ,3.474,-0.1347,76050.0,13.8
04017,"Navajo County, AZ",AZ,2.498,0.5996,35940.0,10.96
04019,"Pima County, AZ",AZ,0.7563,0.8283,405500.0,8.721
04021,"Pinal County, AZ",AZ,5.054,0.3896,147700.0,7.967
04023,"Santa Cruz County, AZ",AZ,0.7804,-0.9671,18600.0,10.49
04025,"Yavapai County, AZ",AZ,3.0,-0.02194,98910.0,24.96
04027,"Yuma County, AZ",AZ,0.9611,-1.021,77770.0,-4.723
05001,"Arkansas County, AR",AR,-0.6171,-0.3089,6275.0,-5.836
05003,"Ashley County, AR",AR,-1.091,1.569,6383.0,-3.155
05005,"Baxter County, AR",AR,2.564,1.544,15680.0,15.47
05007,"Benton County, AR",AR,2.541,0.4942,105700.0,-2.13
05009,"Boone County, AR",AR,1.232,0.0816,13360.0,2.187
05011,"Bradley County, AR",AR,-0.8904,-0.7999,3402.0,-1.641
05013,"Calhoun County, AR",AR,0.9416,-0.867,1612.0,2.672
05015,"Carroll County, AR",AR,0.8477,-0.8334,10370.0,11.66
05017,"Chicot County, AR",AR,-0.5125,-0.7417,3174.0,6.13
05019,"Clark County, AR",AR,-0.8168,1.201,6961.0,3.234
05021,"Clay County, AR",AR,-0.3371,-1.058,4818.0,-2.164
05023,"Cleburne County, AR",AR,2.253,1.374,8965.0,20.9
05025,"Cleveland County, AR",AR,0.4836,0.9567,2578.0,2.239
05027,"Columbia County, AR",AR,-0.9116,-0.6167,7414.0,-1.518
05029,"Conway County, AR",AR,1.479,1.158,7119.0,2.421
05031,"Craighead County, AR",AR,0.3976,-0.1129,37280.0,-4.116
05033,"Crawford County, AR",AR,0.779,0.05022,20630.0,4.056
05035,"Crittenden County, AR",AR,-0.8012,-0.04673,16750.0,-10.31
05037,"Cross County, AR",AR,-0.6178,0.0002297,5739.0,-5.232
05039,"Dallas County, AR",AR,-1.346,-2.777,2218.0,1.745
05041,"Desha County, AR",AR,-2.022,-0.2466,3951.0,-6.914
05043,"Drew County, AR",AR,-1.35,0.9421,5864.0,-0.03972
05045,"Faulkner County, AR",AR,0.5071,0.3582,43370.0,2.007
05047,"Franklin County, AR",AR,1.718,0.5261,5683.0,3.929
05049,"Fulton County, AR",AR,2.806,-0.6953,3828.0,6.501
05051,"Garland County, AR",AR,0.8386,0.2425,37110.0,14.11
05053,"Grant County, AR",AR,1.076,-1.701,6284.0,7.312
05055,"Greene County, AR",AR,0.7441,0.4558,15010.0,0.6091
05057,"Hempstead County, AR",AR,-0.5263,2.068,7046.0,-0.1481
05059,"Hot Spring County, AR",AR,0.9069,1.263,10490.0,5.314
05061,"Howard County, AR",AR,-0.4026,1.989,4545.0,-3.197
05063,"Independence County, AR",AR,0.0702,-0.2189,12690.0,5.056
05065,"Izard County, AR",AR,3.226,1.674,4201.0,6.658
05067,"Jackson County, AR",AR,0.9275,0.5142,4881.0,-3.996
05069,"Jefferson County, AR",AR,-1.568,0.8385,22790.0,-4.304
05071,"Johnson County, AR",AR,0.449,1.662,8456.0,7.19
05073,"Lafayette County, AR",AR,-0.5165,0.05302,2071.0,2.867
05075,"Lawrence County, AR",AR,0.8994,0.1289,5179.0,1.26
05077,"Lee County, AR",AR,-0.05459,0.6714,2294.0,-2.419
05079,"Lincoln County, AR",AR,0.3538,-2.158,3278.0,-7.451
05081,"Little River County, AR",AR,-0.1614,0.4126,4089.0,0.8868
05083,"Logan County, AR",AR,0.9513,-1.043,7134.0,8.926
05085,"Lonoke County, AR",AR,0.7935,0.3409,26080.0,-0.9167
05087,"Madison County, AR",AR,2.852,-1.409,5744.0,9.143
05089,"Marion County, AR",AR,2.796,-1.617,5721.0,16.53
05091,"Miller County, AR",AR,-0.04077,-0.3514,14860.0,-1.014
05093,"Mississippi County, AR",AR,-1.718,-1.048,13150.0,-6.767
05095,"Monroe County, AR",AR,-2.337,0.09519,2341.0,-3.05
05097,"Montgomery County, AR",AR,3.068,-2.347,2727.0,15.48
05099,"Nevada County, AR",AR,-0.7223,-0.3806,2782.0,0.1027
05101,"Newton County, AR",AR,1.931,3.227,2470.0,16.21
05103,"Ouachita County, AR",AR,-0.3457,1.619,7970.0,-0.6597
05105,"Perry County, AR",AR,0.9693,-1.698,3325.0,3.751
05107,"Phillips County, AR",AR,-2.542,2.349,5490.0,-8.334
05109,"Pike County, AR",AR,-0.2491,0.9095,3412.0,4.51
05111,"Poinsett County, AR",AR,-0.6455,2.033,7372.0,-2.382
05113,"Polk County, AR",AR,1.238,0.4493,6361.0,6.403
05115,"Pope County, AR",AR,0.1095,-0.6793,21630.0,3.048
05117,"Prairie County, AR",AR,-0.0475,-0.8829,2772.0,2.894
05119,"Pulaski County, AR",AR,-0.3127,1.009,149200.0,-8.381
05121,"Randolph County, AR",AR,0.8499,1.651,6062.0,0.8924
05123,"St. Francis County, AR",AR,-1.11,0.7807,6886.0,-0.2801
05125,"Saline County, AR",AR,1.909,-0.5756,44740.0,4.272
05127,"Scott County, AR",AR,0.4889,-1.597,3248.0,4.04
05129,"Searcy County, AR",AR,2.978,1.265,2512.0,12.46
05131,"Sebastian County, AR",AR,0.1981,0.4003,45360.0,-2.751
05133,"Sevier County, AR",AR,-0.505,2.428,5185.0,0.4338
05135,"Sharp County, AR",AR,2.745,1.536,5555.0,5.842
05137,"Stone County, AR",AR,2.028,1.011,4000.0,12.12
05139,"Union County, AR",AR,-1.062,-0.3514,14000.0,-15.58
05141,"Van Buren County, AR",AR,2.44,-0.8302,5358.0,14.27
05143,"Washington County, AR",AR,0.377,-0.00259,86800.0,2.661
05145,"White County, AR",AR,0.7815,0.5154,25680.0,4.597
05147,"Woodruff County, AR",AR,-1.551,0.06607,2047.0,2.245
05149,"Yell County, AR",AR,-0.1373,-1.02,7004.0,2.746
06001,"Alameda County, CA",CA,-1.829,1.347,684300.0,-8.435
06003,"Alpine County, CA",CA,-1.584,-1.477,406.7,27.95
06005,"Amador County, CA",CA,2.363,-0.4451,15830.0,17.05
06007,"Butte County, CA",CA,-1.158,0.5908,75750.0,-1.297
06009,"Calaveras County, CA",CA,1.939,-0.9792,17890.0,12.99
06011,"Colusa County, CA",CA,-0.2321,0.6906,8561.0,2.747
06013,"Contra Costa County, CA",CA,-0.7063,0.9737,471500.0,7.119
06015,"Del Norte County, CA",CA,0.2915,-0.2264,9020.0,4.733
06017,"El Dorado County, CA",CA,0.5174,0.4659,78790.0,19.23
06019,"Fresno County, CA",CA,-0.3651,0.03762,357200.0,-10.39
06021,"Glenn County, CA",CA,-0.9381,-1.081,10870.0,-1.603
06023,"Humboldt County, CA",CA,-0.4671,0.7364,50020.0,1.505
06025,"Imperial County, CA",CA,-0.3999,-0.6152,70670.0,-7.031
06027,"Inyo County, CA",CA,-0.1755,-1.26,7310.0,6.397
06029,"Kern County, CA",CA,-0.04055,-0.5665,306100.0,-12.98
06031,"Kings County, CA",CA,-0.5906,-0.5597,50180.0,-11.35
06033,"Lake County, CA",CA,0.757,1.435,22110.0,2.216
06035,"Lassen County, CA",CA,-0.785,1.894,9354.0,-6.623
06037,"Los Angeles County, CA",CA,-1.489,1.266,4023000.0,-8.906
06039,"Madera County, CA",CA,0.9332,-1.65,53700.0,6.832
06041,"Marin County, CA",CA,-0.8251,0.8926,110500.0,57.25
06043,"Mariposa County, CA",CA,0.1549,-0.4156,6489.0,4.801
06045,"Mendocino County, CA",CA,-0.3963,-0.3748,33680.0,-0.117
06047,"Merced County, CA",CA,0.4178,-0.3931,95350.0,-0.1548
06049,"Modoc County, CA",CA,0.3483,1.009,2929.0,-6.4
06051,"Mono County, CA",CA,-0.6116,-2.054,5541.0,11.82
06053,"Monterey County, CA",CA,-1.275,-1.943,167800.0,54.23
06055,"Napa County, CA",CA,-0.9606,-0.6778,56980.0,57.07
06057,"Nevada County, CA",CA,0.7724,0.4116,43180.0,21.87
06059,"Orange County, CA",CA,-0.879,0.9909,1310000.0,-1.9
06061,"Placer County, CA",CA,1.312,0.5096,163100.0,9.165
06063,"Plumas County, CA",CA,-0.4423,0.1996,7692.0,12.95
06065,"Riverside County, CA",CA,0.7958,-0.06895,897000.0,7.123
06067,"Sacramento County, CA",CA,-0.3803,1.056,619700.0,-1.574
06069,"San Benito County, CA",CA,1.698,-2.111,25680.0,12.21
06071,"San Bernardino County, CA",CA,-0.06233,0.202,809400.0,-4.157
06073,"San Diego County, CA",CA,-0.5732,1.176,1386000.0,6.969
06075,"San Francisco County, CA",CA,-3.915,2.381,405000.0,-93.44
06077,"San Joaquin County, CA",CA,0.4154,-0.3389,284000.0,9.27
06079,"San Luis Obispo County, CA",CA,0.08079,-0.166,113500.0,25.32
06081,"San Mateo County, CA",CA,-2.201,1.647,330000.0,-41.34
06083,"Santa Barbara County, CA",CA,-1.206,0.2667,174400.0,44.23
06085,"Santa Clara County, CA",CA,-2.011,2.247,809800.0,-54.31
06087,"Santa Cruz County, CA",CA,-1.177,0.6708,109900.0,20.89
06089,"Shasta County, CA",CA,0.1268,0.6255,67160.0,-1.706
06091,"Sierra County, CA",CA,0.9426,1.745,1070.0,8.397
06093,"Siskiyou County, CA",CA,0.3291,-0.5224,16420.0,8.188
06095,"Solano County, CA",CA,-0.4714,0.5571,182100.0,-0.8337
06097,"Sonoma County, CA",CA,-0.2788,0.3735,208100.0,22.41
06099,"Stanislaus County, CA",CA,-0.5421,-0.03402,200900.0,-5.291
06101,"Sutter County, CA",CA,-0.9006,-0.732,36230.0,-4.423
06103,"Tehama County, CA",CA,-0.08105,-0.597,22580.0,1.304
06105,"Trinity County, CA",CA,0.1089,0.2206,3808.0,1.3
06107,"Tulare County, CA",CA,-0.09846,-1.033,160900.0,-4.673
06109,"Tuolumne County, CA",CA,0.425,-0.7763,21180.0,10.84
06111,"Ventura County, CA",CA,-0.5918,0.8192,345700.0,14.61
06113,"Yolo County, CA",CA,-0.7369,-0.1517,79730.0,2.897
06115,"Yuba County, CA",CA,1.432,0.9921,27550.0,1.62
08001,"Adams County, CO",CO,0.589,-0.6085,206400.0,-1.91
08003,"Alamosa County, CO",CO,-0.5426,0.1445,5974.0,-7.886
08005,"Arapahoe County, CO",CO,-0.3889,1.613,273100.0,-2.102
08007,"Archuleta County, CO",CO,3.186,-0.6524,5816.0,41.91
08009,"Baca County, CO",CO,0.7081,-1.467,1222.0,4.582
08011,"Bent County, CO",CO,3.019,1.322,1415.0,-2.214
08013,"Boulder County, CO",CO,-1.059,1.937,136400.0,16.07
08014,"Broomfield County, CO",CO,0.9031,1.98,31650.0,-5.915
08015,"Chaffee County, CO",CO,3.215,-0.397,8718.0,38.09
08017,"Cheyenne County, CO",CO,0.9283,-0.6419,642.7,14.53
08019,"Clear Creek County, CO",CO,0.6055,-2.186,4041.0,9.778
08021,"Conejos County, CO",CO,0.673,2.586,2672.0,6.027
08023,"Costilla County, CO",CO,3.738,-1.163,1211.0,7.395
08025,"Crowley County, CO",CO,2.611,-3.617,1082.0,1.926
08027,"Custer County, CO",CO,5.739,-2.089,2006.0,23.05
08029,"Delta County, CO",CO,2.325,-0.2072,11840.0,13.65
08031,"Denver County, CO",CO,-0.4793,1.129,319400.0,-5.276
08033,"Dolores County, CO",CO,6.513,-1.611,716.0,10.62
08035,"Douglas County, CO",CO,2.147,1.312,143900.0,10.58
08037,"Eagle County, CO",CO,-1.054,-1.386,24270.0,62.97
08039,"Elbert County, CO",CO,2.688,0.2529,10680.0,14.94
08041,"El Paso County, CO",CO,0.2557,1.155,290800.0,2.594
08043,"Fremont County, CO",CO,2.197,-0.6509,16480.0,7.935
08045,"Garfield County, CO",CO,0.3592,-0.04197,23600.0,27.02
08047,"Gilpin County, CO",CO,0.7482,-2.64,2477.0,7.083
08049,"Grand County, CO",CO,0.3767,-1.977,6660.0,23.16
08051,"Gunnison County, CO",CO,0.03871,-1.549,7123.0,58.37
08055,"Huerfano County, CO",CO,3.66,0.2117,2423.0,21.14
08057,"Jackson County, CO",CO,-1.188,-2.674,530.0,18.33
08059,"Jefferson County, CO",CO,0.02868,0.6857,257500.0,3.847
08063,"Kit Carson County, CO",CO,-0.3373,-0.8104,2764.0,-1.67
08065,"Lake County, CO",CO,-0.2695,-2.599,3073.0,8.208
08067,"La Plata County, CO",CO,0.4721,-0.0697,23300.0,31.02
08069,"Larimer County, CO",CO,0.3545,0.4841,149700.0,8.658
08071,"Las Animas County, CO",CO,1.458,0.787,5274.0,3.652
08073,"Lincoln County, CO",CO,-0.4885,-0.2292,1792.0,4.244
08075,"Logan County, CO",CO,-0.1316,0.2543,7413.0,-7.655
08077,"Mesa County, CO",CO,1.035,-0.2439,61900.0,9.348
08081,"Moffat County, CO",CO,-0.1497,-0.9336,4945.0,-10.2
08083,"Montezuma County, CO",CO,1.788,0.21,10360.0,12.05
08085,"Montrose County, CO",CO,2.217,-0.293,17070.0,15.48
08087,"Morgan County, CO",CO,-0.3988,-1.283,11200.0,-0.7765
08089,"Otero County, CO",CO,0.1384,1.195,6478.0,-3.942
08091,"Ouray County, CO",CO,3.069,-1.531,2334.0,38.14
08093,"Park County, CO",CO,2.619,-1.156,6874.0,16.28
08095,"Phillips County, CO",CO,0.1377,-2.19,1692.0,-4.459
08097,"Pitkin County, CO",CO,-0.8528,-1.347,8466.0,278.1
08099,"Prowers County, CO",CO,-0.7404,-1.233,4188.0,0.6685
08101,"Pueblo County, CO",CO,0.6502,0.3095,63460.0,-0.4268
08103,"Rio Blanco County, CO",CO,0.9352,-2.576,2288.0,-4.351
08105,"Rio Grande County, CO",CO,0.7727,0.982,5034.0,5.381
08107,"Routt County, CO",CO,0.5341,-1.203,11260.0,98.22
08109,"Saguache County, CO",CO,2.232,3.246,1836.0,13.96
08111,"San Juan County, CO",CO,2.213,-2.38,307.0,26.13
08113,"San Miguel County, CO",CO,-0.9808,-1.726,3657.0,164.9
08115,"Sedgwick County, CO",CO,-0.9335,-2.979,883.0,3.483
08117,"Summit County, CO",CO,-0.8329,-1.458,14650.0,35.26
08119,"Teller County, CO",CO,0.9952,-0.7945,10670.0,14.14
08121,"Washington County, CO",CO,-0.01127,-1.235,1652.0,-0.259
08123,"Weld County, CO",CO,2.491,-1.115,126000.0,2.665
08125,"Yuma County, CO",CO,-0.2167,-1.113,3643.0,-1.197
09001,"Fairfield County, CT",CT,-0.2525,1.241,377900.0,14.94
09003,"Hartford County, CT",CT,-0.3142,1.53,378700.0,-19.75
09005,"Litchfield County, CT",CT,0.7106,0.5799,79030.0,37.2
09007,"Middlesex County, CT",CT,0.6247,0.4801,70860.0,-3.417
09009,"New Haven County, CT",CT,-0.2315,1.227,350300.0,-1.59
09011,"New London County, CT",CT,0.1061,0.6994,114900.0,6.766
09013,"Tolland County, CT",CT,0.0589,0.7502,58310.0,-11.67
09015,"Windham County, CT",CT,0.2079,0.7643,47490.0,-3.001
10001,"Kent County, DE",DE,1.091,1.739,70720.0,2.133
10003,"New Castle County, DE",DE,0.1531,1.574,226000.0,-12.31
10005,"Sussex County, DE",DE,4.154,-0.979,100600.0,42.79
11001,"District of Columbia, DC",DC,-2.075,2.339,296400.0,-24.37
12001,"Alachua County, FL",FL,-1.027,0.3858,99040.0,3.076
12003,"Baker County, FL",FL,1.839,-1.49,9598.0,7.782
12005,"Bay County, FL",FL,2.143,-0.2841,68760.0,12.42
12007,"Bradford County, FL",FL,2.347,-1.682,8795.0,3.393
12009,"Brevard County, FL",FL,2.348,0.6841,253800.0,12.42
12011,"Broward County, FL",FL,-0.3816,0.8255,811100.0,19.33
12013,"Calhoun County, FL",FL,1.3,-2.189,4068.0,1.021
12015,"Charlotte County, FL",FL,4.869,-0.2878,79230.0,32.36
12017,"Citrus County, FL",FL,4.343,-0.633,60700.0,14.31
12019,"Clay County, FL",FL,1.885,-0.1282,88080.0,4.558
12021,"Collier County, FL",FL,2.54,-0.7158,164800.0,221.2
12023,"Columbia County, FL",FL,2.034,-0.4537,24340.0,1.878
12027,"DeSoto County, FL",FL,2.903,-2.302,11060.0,-6.897
12029,"Dixie County, FL",FL,4.094,-2.253,4486.0,8.769
12031,"Duval County, FL",FL,0.7317,0.6444,396000.0,0.08015
12033,"Escambia County, FL",FL,-0.009142,0.09127,125500.0,12.53
12035,"Flagler County, FL",FL,5.003,-1.234,49490.0,30.6
12037,"Franklin County, FL",FL,4.134,-1.926,3915.0,35.0
12039,"Gadsden County, FL",FL,0.6728,-1.137,16950.0,2.412
12041,"Gilchrist County, FL",FL,3.494,-2.738,5989.0,13.1
12043,"Glades County, FL",FL,4.325,-1.744,3619.0,-5.648
12045,"Gulf County, FL",FL,3.501,-0.5379,4942.0,33.86
12047,"Hamilton County, FL",FL,1.195,-1.242,4075.0,6.406
12049,"Hardee County, FL",FL,1.042,-0.9959,8384.0,9.083
12051,"Hendry County, FL",FL,1.704,-0.9563,14140.0,4.694
12053,"Hernando County, FL",FL,3.93,-0.2706,75540.0,10.28
12055,"Highlands County, FL",FL,3.091,-0.7021,37450.0,11.78
12057,"Hillsborough County, FL",FL,0.7465,1.071,586200.0,5.189
12059,"Holmes County, FL",FL,1.649,-1.561,5812.0,4.722
12061,"Indian River County, FL",FL,3.125,-0.2972,68800.0,102.4
12063,"Jackson County, FL",FL,1.86,-0.6481,15630.0,-1.277
12065,"Jefferson County, FL",FL,2.621,-0.6057,5095.0,7.221
12067,"Lafayette County, FL",FL,1.703,-2.528,2229.0,7.463
12069,"Lake County, FL",FL,3.424,-0.4388,152300.0,11.9
12071,"Lee County, FL",FL,3.191,-0.2848,315200.0,46.0
12073,"Leon County, FL",FL,-0.6568,0.5593,111300.0,0.665
12075,"Levy County, FL",FL,3.803,-1.136,15360.0,13.27
12077,"Liberty County, FL",FL,0.7739,-1.302,2230.0,1.28
12079,"Madison County, FL",FL,2.361,0.2003,6064.0,7.213
12081,"Manatee County, FL",FL,3.479,-0.4648,163800.0,28.55
12083,"Marion County, FL",FL,3.727,-0.2616,147000.0,9.676
12085,"Martin County, FL",FL,2.015,-0.2912,67300.0,76.51
12086,"Miami-Dade County, FL",FL,-1.317,0.7301,1147000.0,97.36
12087,"Monroe County, FL",FL,-0.53,-1.297,36820.0,136.9
12089,"Nassau County, FL",FL,4.236,-0.7949,37630.0,61.98
12091,"Okaloosa County, FL",FL,0.65,0.2058,88950.0,7.176
12093,"Okeechobee County, FL",FL,1.638,-0.4174,13360.0,8.182
12095,"Orange County, FL",FL,-0.6041,0.292,570700.0,8.535
12097,"Osceola County, FL",FL,2.377,-0.06829,158600.0,7.568
12099,"Palm Beach County, FL",FL,0.6987,0.4982,621300.0,115.9
12101,"Pasco County, FL",FL,4.221,0.01713,219100.0,11.97
12103,"Pinellas County, FL",FL,0.992,0.8875,415400.0,27.1
12105,"Polk County, FL",FL,3.751,-0.02968,278900.0,5.73
12107,"Putnam County, FL",FL,2.049,-0.7893,25520.0,7.332
12109,"St. Johns County, FL",FL,4.966,-0.431,109600.0,38.68
12111,"St. Lucie County, FL",FL,4.237,-0.06526,134400.0,15.41
12113,"Santa Rosa County, FL",FL,2.947,-0.7121,70490.0,9.142
12115,"Sarasota County, FL",FL,3.392,0.2634,190800.0,75.93
12117,"Seminole County, FL",FL,0.2281,0.6811,194300.0,-2.47
12119,"Sumter County, FL",FL,7.277,-0.8978,59000.0,30.33
12121,"Suwannee County, FL",FL,3.017,-1.527,14690.0,11.06
12123,"Taylor County, FL",FL,2.2,-0.8941,6764.0,4.336
12125,"Union County, FL",FL,0.869,-1.242,4251.0,4.753
12127,"Volusia County, FL",FL,2.665,0.04868,227600.0,17.68
12129,"Wakulla County, FL",FL,3.583,-1.882,12140.0,7.305
12131,"Walton County, FL",FL,4.56,-0.9433,28990.0,87.56
12133,"Washington County, FL",FL,1.905,-0.07488,8325.0,8.139
13001,"Appling County, GA",GA,0.2717,-0.1706,5939.0,1.291
13003,"Atkinson County, GA",GA,0.09914,3.121,2441.0,0.6183
13005,"Bacon County, GA",GA,-0.02959,-0.4509,3452.0,-2.95
13007,"Baker County, GA",GA,-1.38,-6.108,937.0,7.149
13009,"Baldwin County, GA",GA,0.455,0.8925,14350.0,9.881
13011,"Banks County, GA",GA,2.708,1.862,6245.0,8.173
13013,"Barrow County, GA",GA,3.139,0.2794,31050.0,4.303
13015,"Bartow County, GA",GA,1.815,-0.7769,38990.0,6.665
13017,"Ben Hill County, GA",GA,-0.02008,0.1537,5347.0,3.404
13019,"Berrien County, GA",GA,0.8293,-1.955,5727.0,2.594
13021,"Bibb County, GA",GA,-0.1381,0.4704,54500.0,-10.47
13023,"Bleckley County, GA",GA,0.6105,-2.706,4011.0,6.603
13025,"Brantley County, GA",GA,1.108,2.149,5582.0,4.348
13027,"Brooks County, GA",GA,-0.03215,1.685,5150.0,2.568
13029,"Bryan County, GA",GA,3.058,0.3826,15560.0,10.88
13031,"Bulloch County, GA",GA,0.3678,0.07333,23300.0,4.49
13033,"Burke County, GA",GA,0.6939,1.278,7954.0,3.273
13035,"Butts County, GA",GA,2.402,0.001455,8280.0,3.136
13037,"Calhoun County, GA",GA,-0.3088,1.913,1591.0,-0.3537
13039,"Camden County, GA",GA,1.513,0.6813,19570.0,5.053
13043,"Candler County, GA",GA,0.6628,0.201,3472.0,6.209
13045,"Carroll County, GA",GA,1.449,-0.2864,41000.0,2.835
13047,"Catoosa County, GA",GA,0.8917,1.749,23560.0,2.198
13049,"Charlton County, GA",GA,1.687,0.4636,3070.0,2.608
13051,"Chatham County, GA",GA,0.7659,-0.3133,106700.0,3.926
13053,"Chattahoochee County, GA",GA,-7.121,2.6,2649.0,-3.232
13055,"Chattooga County, GA",GA,1.091,0.8958,7795.0,4.678
13057,"Cherokee County, GA",GA,2.301,0.05488,100600.0,8.214
13059,"Clarke County, GA",GA,-1.71,0.5653,40430.0,8.701
13061,"Clay County, GA",GA,-0.1726,1.725,998.3,14.35
13063,"Clayton County, GA",GA,-0.7226,-0.04227,107100.0,-1.24
13065,"Clinch County, GA",GA,0.1747,-1.547,2005.0,-1.716
13067,"Cobb County, GA",GA,-0.3158,0.7758,292700.0,-6.499
13069,"Coffee County, GA",GA,0.3478,0.2239,13110.0,-4.655
13071,"Colquitt County, GA",GA,-0.1742,-1.549,14060.0,2.132
13073,"Columbia County, GA",GA,1.576,0.2747,56650.0,-4.771
13075,"Cook County, GA",GA,0.2281,-0.09351,5445.0,0.01713
13077,"Coweta County, GA",GA,1.952,0.1935,55200.0,-6.948
13079,"Crawford County, GA",GA,0.8697,-2.823,4217.0,3.369
13081,"Crisp County, GA",GA,-0.6012,1.822,6664.0,9.837
13083,"Dade County, GA",GA,1.099,1.246,5114.0,6.251
13085,"Dawson County, GA",GA,5.32,0.4801,9955.0,12.36
13087,"Decatur County, GA",GA,-0.1505,0.6206,9028.0,2.631
13089,"DeKalb County, GA",GA,-0.6674,1.197,289500.0,-5.283
13091,"Dodge County, GA",GA,0.06445,-0.385,5995.0,0.2582
13093,"Dooly County, GA",GA,-0.4042,0.08751,3033.0,2.178
13095,"Dougherty County, GA",GA,-1.393,0.07368,29230.0,-8.344
13097,"Douglas County, GA",GA,0.5666,-0.2146,53400.0,-6.413
13099,"Early County, GA",GA,-0.6783,0.3187,3417.0,-1.174
13101,"Echols County, GA",GA,0.1015,-3.617,1108.0,1.364
13103,"Effingham County, GA",GA,2.947,-1.192,23130.0,2.746
13105,"Elbert County, GA",GA,1.564,-0.6882,6788.0,5.307
13107,"Emanuel County, GA",GA,0.2175,-0.4603,7296.0,1.632
13109,"Evans County, GA",GA,-0.05776,1.343,3470.0,0.4436
13111,"Fannin County, GA",GA,3.114,1.139,9368.0,31.01
13113,"Fayette County, GA",GA,0.9562,0.5311,45290.0,-0.9598
13115,"Floyd County, GA",GA,0.743,0.2612,33600.0,-4.883
13117,"Forsyth County, GA",GA,2.047,0.726,89360.0,-0.2825
13119,"Franklin County, GA",GA,2.129,0.7384,7992.0,1.079
13121,"Fulton County, GA",GA,-0.3915,1.626,440400.0,-7.691
13123,"Gilmer County, GA",GA,2.727,1.409,11150.0,23.49
13125,"Glascock County, GA",GA,1.565,-3.617,893.0,9.849
13127,"Glynn County, GA",GA,0.776,-0.6004,31690.0,39.75
13129,"Gordon County, GA",GA,1.581,0.2301,19580.0,6.828
13131,"Grady County, GA",GA,-0.07009,1.207,7961.0,-4.484
13133,"Greene County, GA",GA,4.839,-0.03253,7224.0,138.7
13135,"Gwinnett County, GA",GA,-0.277,1.07,350500.0,-9.579
13137,"Habersham County, GA",GA,2.426,0.2845,15760.0,8.929
13139,"Hall County, GA",GA,1.769,-0.2918,76510.0,9.419
13141,"Hancock County, GA",GA,1.059,-1.732,2605.0,18.58
13143,"Haralson County, GA",GA,2.47,0.6279,9959.0,4.746
13145,"Harris County, GA",GA,2.294,1.101,12610.0,10.11
13147,"Hart County, GA",GA,3.236,1.692,9130.0,18.66
13149,"Heard County, GA",GA,1.979,2.79,3597.0,7.291
13151,"Henry County, GA",GA,1.475,-0.2425,89680.0,-7.379
13153,"Houston County, GA",GA,1.192,0.8388,60910.0,-2.582
13155,"Irwin County, GA",GA,0.3989,-0.09046,2952.0,2.887
13157,"Jackson County, GA",GA,4.609,-0.4409,27520.0,13.09
13159,"Jasper County, GA",GA,3.414,-0.339,5051.0,14.32
13161,"Jeff Davis County, GA",GA,0.4181,-0.769,4527.0,3.655
13163,"Jefferson County, GA",GA,-0.4783,-1.636,5548.0,0.4047
13165,"Jenkins County, GA",GA,0.244,-2.382,2468.0,1.146
13167,"Johnson County, GA",GA,1.121,1.36,2475.0,1.269
13169,"Jones County, GA",GA,0.7039,-1.302,10100.0,-0.7566
13171,"Lamar County, GA",GA,3.381,2.27,6269.0,7.128
13173,"Lanier County, GA",GA,1.309,-3.271,2920.0,-3.944
13175,"Laurens County, GA",GA,0.4301,0.3943,16840.0,-1.588
13177,"Lee County, GA",GA,0.8439,0.09973,11580.0,-3.081
13179,"Liberty County, GA",GA,0.3474,-0.6046,23350.0,-1.869
13181,"Lincoln County, GA",GA,1.684,-1.844,2851.0,22.69
13183,"Long County, GA",GA,4.807,-2.483,5204.0,1.796
13185,"Lowndes County, GA",GA,-0.03149,-0.2881,39050.0,0.5912
13187,"Lumpkin County, GA",GA,2.168,-1.447,10970.0,9.944
13189,"McDuffie County, GA",GA,0.715,1.643,7810.0,0.2428
13191,"McIntosh County, GA",GA,3.381,-2.347,4211.0,5.954
13193,"Macon County, GA",GA,0.4194,0.874,3572.0,-1.059
13195,"Madison County, GA",GA,2.744,1.05,10770.0,5.31
13197,"Marion County, GA",GA,1.008,2.796,2252.0,7.052
13199,"Meriwether County, GA",GA,2.032,0.5755,7487.0,13.83
13201,"Miller County, GA",GA,0.2239,-1.424,1842.0,-1.321
13205,"Mitchell County, GA",GA,-0.1116,1.725,6699.0,0.3188
13207,"Monroe County, GA",GA,2.98,-0.473,9780.0,14.51
13209,"Montgomery County, GA",GA,1.042,-0.1277,2551.0,1.403
13211,"Morgan County, GA",GA,2.15,0.4853,7441.0,23.27
13213,"Murray County, GA",GA,0.967,-0.9651,13060.0,2.662
13215,"Muscogee County, GA",GA,-1.045,0.8189,70860.0,-11.4
13217,"Newton County, GA",GA,1.909,0.06374,41050.0,-2.09
13219,"Oconee County, GA",GA,1.558,0.8424,14790.0,26.88
13221,"Oglethorpe County, GA",GA,2.702,1.412,5339.0,5.213
13223,"Paulding County, GA",GA,2.329,0.1353,61540.0,-0.3027
13225,"Peach County, GA",GA,1.091,0.2112,9740.0,-6.003
13227,"Pickens County, GA",GA,3.43,-0.747,13040.0,26.96
13229,"Pierce County, GA",GA,1.343,-2.244,6479.0,2.836
13231,"Pike County, GA",GA,2.281,0.2301,6701.0,5.322
13233,"Polk County, GA",GA,1.158,1.141,14140.0,10.42
13235,"Pulaski County, GA",GA,0.6558,0.1339,3047.0,-2.512
13237,"Putnam County, GA",GA,2.744,-2.065,8268.0,28.32
13239,"Quitman County, GA",GA,4.865,-3.617,688.7,3.21
13241,"Rabun County, GA",GA,2.605,0.4709,6396.0,29.69
13243,"Randolph County, GA",GA,0.5235,1.565,2100.0,5.46
13245,"Richmond County, GA",GA,-0.6807,0.6453,72250.0,-3.661
13247,"Rockdale County, GA",GA,0.6734,0.4486,33190.0,-3.837
13249,"Schley County, GA",GA,-0.4686,-3.617,1447.0,10.26
13251,"Screven County, GA",GA,0.4906,-0.82,4590.0,6.231
13253,"Seminole County, GA",GA,0.9343,-0.2928,2708.0,-0.7539
13255,"Spalding County, GA",GA,1.86,0.3448,23800.0,3.078
13257,"Stephens County, GA",GA,1.639,1.894,9132.0,11.93
13259,"Stewart County, GA",GA,0.908,3.579,1251.0,2.774
13261,"Sumter County, GA",GA,-0.8892,0.3704,9513.0,-1.049
13263,"Talbot County, GA",GA,0.7136,-4.121,2075.0,-1.854
13265,"Taliaferro County, GA",GA,1.389,-3.617,530.7,6.82
13267,"Tattnall County, GA",GA,0.8111,1.406,6620.0,-6.546
13269,"Taylor County, GA",GA,0.02204,3.129,2657.0,7.276
13271,"Telfair County, GA",GA,0.179,2.212,3192.0,-1.072
13273,"Terrell County, GA",GA,-0.7831,-2.065,3100.0,3.077
13275,"Thomas County, GA",GA,0.2413,0.07901,15680.0,10.64
13277,"Tift County, GA",GA,0.02786,-0.6661,13910.0,-5.435
13279,"Toombs County, GA",GA,0.04347,0.4051,8871.0,-8.267
13281,"Towns County, GA",GA,4.679,-0.1254,4837.0,40.07
13283,"Treutlen County, GA",GA,0.272,2.217,1985.0,5.048
13285,"Troup County, GA",GA,0.5675,-0.4514,23870.0,-1.317
13287,"Turner County, GA",GA,0.03389,-0.2733,2848.0,2.159
13289,"Twiggs County, GA",GA,-0.3388,3.071,2855.0,2.319
13291,"Union County, GA",GA,4.762,1.882,9586.0,29.2
13293,"Upson County, GA",GA,1.435,1.76,9212.0,1.543
13295,"Walker County, GA",GA,1.492,0.6879,22280.0,0.1483
13297,"Walton County, GA",GA,3.345,0.1848,35080.0,6.715
13299,"Ware County, GA",GA,0.3132,0.3101,11520.0,-2.594
13301,"Warren County, GA",GA,0.1515,1.218,1864.0,2.409
13303,"Washington County, GA",GA,0.1051,1.293,6584.0,2.0
13305,"Wayne County, GA",GA,1.975,-0.2536,9216.0,5.223
13307,"Webster County, GA",GA,0.7675,-3.617,765.0,5.191
13309,"Wheeler County, GA",GA,0.1898,-1.482,1519.0,3.431
13311,"White County, GA",GA,2.175,-1.065,10280.0,0.3902
13313,"Whitfield County, GA",GA,-0.05879,-0.6419,35680.0,-3.669
13315,"Wilcox County, GA",GA,0.3221,3.005,2170.0,0.8866
13317,"Wilkes County, GA",GA,1.151,-2.224,3322.0,7.005
13319,"Wilkinson County, GA",GA,-0.1423,0.631,3239.0,2.065
13321,"Worth County, GA",GA,-0.04237,1.587,6799.0,-1.91
15001,"Hawaii County, HI",HI,1.145,0.03435,78170.0,20.82
15003,"Honolulu County, HI",HI,-1.045,0.4759,412900.0,5.308
15007,"Kauai County, HI",HI,0.08321,-0.07671,30740.0,32.91
15009,"Maui County, HI",HI,-0.1692,-0.0318,70590.0,55.19
16001,"Ada County, ID",ID,1.677,0.8809,197400.0,19.75
16003,"Adams County, ID",ID,3.962,-0.02628,1635.0,42.18
16005,"Bannock County, ID",ID,0.5903,0.8583,31300.0,1.733
16007,"Bear Lake County, ID",ID,1.308,-1.216,2267.0,8.491
16009,"Benewah County, ID",ID,3.963,-1.316,3569.0,15.28
16011,"Bingham County, ID",ID,1.246,-1.139,16500.0,7.562
16013,"Blaine County, ID",ID,1.662,-0.6059,10670.0,249.1
16015,"Boise County, ID",ID,5.043,-1.485,3039.0,31.02
16017,"Bonner County, ID",ID,4.026,-0.5599,18390.0,38.77
16019,"Bonneville County, ID",ID,1.269,0.3864,44120.0,1.345
16021,"Boundary County, ID",ID,3.521,-0.8681,4775.0,22.33
16023,"Butte County, ID",ID,5.268,1.364,871.7,4.697
16025,"Camas County, ID",ID,3.178,0.5341,402.3,-0.6313
16027,"Canyon County, ID",ID,3.275,-1.02,83930.0,14.67
16029,"Caribou County, ID",ID,1.317,-1.057,2474.0,11.24
16031,"Cassia County, ID",ID,0.3466,0.2308,8346.0,5.009
16035,"Clearwater County, ID",ID,2.471,0.9199,3043.0,12.65
16037,"Custer County, ID",ID,2.667,-1.564,1715.0,20.22
16039,"Elmore County, ID",ID,0.3742,0.4823,10490.0,2.519
16041,"Franklin County, ID",ID,2.372,-0.411,4852.0,16.63
16043,"Fremont County, ID",ID,1.589,-0.2541,4749.0,17.45
16045,"Gem County, ID",ID,3.359,-1.314,7115.0,26.52
16047,"Gooding County, ID",ID,0.969,0.4606,5461.0,5.84
16049,"Idaho County, ID",ID,3.73,-1.452,5758.0,13.51
16051,"Jefferson County, ID",ID,2.129,-0.8792,10070.0,13.2
16053,"Jerome County, ID",ID,0.7427,-0.1315,8179.0,5.424
16055,"Kootenai County, ID",ID,2.753,0.2163,69520.0,31.4
16057,"Latah County, ID",ID,-1.192,0.558,14240.0,9.43
16059,"Lemhi County, ID",ID,3.205,-0.5826,3198.0,26.22
16061,"Lewis County, ID",ID,3.68,0.1656,1501.0,22.06
16063,"Lincoln County, ID",ID,1.09,0.9192,1705.0,-1.512
16065,"Madison County, ID",ID,-4.986,0.8384,12180.0,5.52
16067,"Minidoka County, ID",ID,1.201,-1.398,7756.0,7.528
16069,"Nez Perce County, ID",ID,0.5515,-0.5893,16140.0,3.346
16071,"Oneida County, ID",ID,2.915,-2.098,1613.0,13.6
16073,"Owyhee County, ID",ID,2.322,0.9559,4228.0,8.131
16075,"Payette County, ID",ID,2.801,1.101,9094.0,8.571
16077,"Power County, ID",ID,0.247,-1.295,2810.0,4.007
16079,"Shoshone County, ID",ID,2.764,-1.312,4742.0,13.06
16081,"Teton County, ID",ID,4.449,-1.137,4560.0,37.98
16083,"Twin Falls County, ID",ID,1.525,-0.6496,32730.0,8.742
16085,"Valley County, ID",ID,3.139,-2.061,4962.0,11.08
16087,"Washington County, ID",ID,3.355,-1.976,3798.0,6.437
17001,"Adams County, IL",IL,-0.6266,-0.156,26730.0,-14.44
17003,"Alexander County, IL",IL,-3.166,-2.618,1921.0,-1.083
17005,"Bond County, IL",IL,-0.513,-1.991,5877.0,2.004
17007,"Boone County, IL",IL,-0.3108,-1.057,21420.0,-0.8122
17009,"Brown County, IL",IL,1.518,-1.256,2130.0,-0.4062
17011,"Bureau County, IL",IL,-0.16,-0.9969,14060.0,-3.386
17013,"Calhoun County, IL",IL,-0.1581,1.095,1748.0,3.246
17015,"Carroll County, IL",IL,0.2252,0.8556,6379.0,2.372
17017,"Cass County, IL",IL,-2.05,1.152,5241.0,-1.483
17019,"Champaign County, IL",IL,-1.722,0.3999,74270.0,-8.503
17021,"Christian County, IL",IL,-0.2991,-1.067,12920.0,0.8027
17023,"Clark County, IL",IL,-0.2161,1.58,6101.0,-1.868
17025,"Clay County, IL",IL,-0.569,-1.499,5271.0,-0.4137
17027,"Clinton County, IL",IL,-0.09137,-0.5343,14780.0,-0.1766
17029,"Coles County, IL",IL,-1.087,-0.7067,17720.0,-5.375
17031,"Cook County, IL",IL,-1.647,1.275,2104000.0,-33.48
17033,"Crawford County, IL",IL,0.2298,0.6105,7237.0,-7.869
17035,"Cumberland County, IL",IL,-0.257,-0.05843,4145.0,2.504
17037,"DeKalb County, IL",IL,-1.02,0.3562,39530.0,-7.672
17039,"De Witt County, IL",IL,-0.4,-1.199,6362.0,4.17
17041,"Douglas County, IL",IL,-0.7934,-0.546,8316.0,-5.826
17043,"DuPage County, IL",IL,-0.9672,1.311,386600.0,-12.81
17045,"Edgar County, IL",IL,-0.5444,0.738,6681.0,-3.623
17047,"Edwards County, IL",IL,-0.8903,-2.639,2425.0,0.5613
17049,"Effingham County, IL",IL,-0.4681,-0.2217,14640.0,1.691
17051,"Fayette County, IL",IL,0.1268,-1.387,7705.0,1.738
17053,"Ford County, IL",IL,-0.9058,0.9715,5479.0,-12.24
17055,"Franklin County, IL",IL,-0.04389,-1.307,13890.0,-2.952
17057,"Fulton County, IL",IL,-0.1955,-0.3499,13060.0,-2.274
17059,"Gallatin County, IL",IL,-0.8434,-0.3681,1802.0,-3.64
17061,"Greene County, IL",IL,-0.9652,1.205,4735.0,-1.732
17063,"Grundy County, IL",IL,0.4404,-0.964,21530.0,-1.401
17065,"Hamilton County, IL",IL,-0.1798,0.1668,3070.0,6.412
17067,"Hancock County, IL",IL,-0.938,-1.747,7211.0,-1.978
17069,"Hardin County, IL",IL,-0.7224,-1.342,1275.0,14.84
17071,"Henderson County, IL",IL,-0.6155,1.01,2618.0,-5.916
17073,"Henry County, IL",IL,-0.3221,0.3784,20260.0,-1.556
17075,"Iroquois County, IL",IL,-0.4794,-0.5411,11100.0,-2.7
17077,"Jackson County, IL",IL,-1.812,0.4869,18660.0,-4.551
17079,"Jasper County, IL",IL,-0.5704,-2.067,3919.0,1.383
17081,"Jefferson County, IL",IL,-0.2669,-0.08232,14110.0,-7.217
17083,"Jersey County, IL",IL,-0.1817,-1.587,8643.0,1.647
17085,"Jo Daviess County, IL",IL,0.4921,-1.008,9805.0,23.85
17087,"Johnson County, IL",IL,1.051,1.926,4475.0,3.545
17089,"Kane County, IL",IL,-0.3562,0.28,207700.0,-7.882
17091,"Kankakee County, IL",IL,-0.5583,0.135,42170.0,-6.145
17093,"Kendall County, IL",IL,1.613,-0.9205,51030.0,-5.439
17095,"Knox County, IL",IL,-0.8729,-0.1724,19680.0,-2.334
17097,"Lake County, IL",IL,-0.7684,0.9946,281700.0,-32.86
17099,"LaSalle County, IL",IL,-0.3785,0.06304,46130.0,-0.4377
17101,"Lawrence County, IL",IL,-0.6705,1.826,5396.0,-5.228
17103,"Lee County, IL",IL,0.1886,0.5744,13960.0,-5.846
17105,"Livingston County, IL",IL,0.0023,-1.002,14460.0,-7.857
17107,"Logan County, IL",IL,0.01895,0.137,10660.0,-4.726
17109,"McDonough County, IL",IL,-1.258,-0.87,9908.0,-14.72
17111,"McHenry County, IL",IL,0.02315,0.02257,129500.0,-7.06
17113,"McLean County, IL",IL,-0.6731,0.1686,65130.0,-13.39
17115,"Macon County, IL",IL,-0.9712,-0.7465,40370.0,-15.87
17117,"Macoupin County, IL",IL,-0.1756,-1.213,17910.0,0.1616
17119,"Madison County, IL",IL,-0.244,-0.2018,106000.0,-6.233
17121,"Marion County, IL",IL,-0.5683,0.01851,14880.0,-2.694
17123,"Marshall County, IL",IL,0.5278,0.3033,4956.0,1.906
17125,"Mason County, IL",IL,-0.4483,-0.9513,5283.0,0.3933
17127,"Massac County, IL",IL,-0.2906,-1.353,5150.0,-6.758
17129,"Menard County, IL",IL,-0.7846,-1.446,5158.0,-1.164
17131,"Mercer County, IL",IL,-0.3484,-1.893,6531.0,-5.179
17133,"Monroe County, IL",IL,0.493,-0.953,14570.0,-12.37
17135,"Montgomery County, IL",IL,0.362,-0.8771,10770.0,-2.323
17137,"Morgan County, IL",IL,-0.4229,0.07253,13090.0,-4.989
17139,"Moultrie County, IL",IL,0.1321,-0.7915,5558.0,2.021
17141,"Ogle County, IL",IL,-0.2001,-0.3369,21440.0,-2.79
17143,"Peoria County, IL",IL,-1.258,1.213,72760.0,-11.85
17145,"Perry County, IL",IL,0.1456,-0.7174,7461.0,-2.865
17147,"Piatt County, IL",IL,0.07142,-0.2454,6876.0,-1.239
17149,"Pike County, IL",IL,-0.6671,-1.343,5731.0,-11.64
17151,"Pope County, IL",IL,-0.01644,1.141,1356.0,11.16
17153,"Pulaski County, IL",IL,-1.828,-0.5033,1912.0,-2.764
17155,"Putnam County, IL",IL,0.05186,-2.471,2480.0,7.119
17157,"Randolph County, IL",IL,0.1774,-0.2935,11540.0,-5.343
17159,"Richland County, IL",IL,-0.02853,-1.101,6183.0,1.448
17161,"Rock Island County, IL",IL,-0.8665,1.227,58880.0,-10.3
17163,"St. Clair County, IL",IL,-0.6242,0.6465,100400.0,-10.14
17165,"Saline County, IL",IL,-0.6714,-1.103,8452.0,-3.2
17167,"Sangamon County, IL",IL,-0.6234,1.086,83650.0,-11.55
17169,"Schuyler County, IL",IL,-0.1689,-1.925,2790.0,5.648
17171,"Scott County, IL",IL,-0.4884,-1.484,2046.0,-5.408
17173,"Shelby County, IL",IL,-0.3444,0.09688,8642.0,4.213
17175,"Stark County, IL",IL,0.5626,-2.864,2187.0,-9.838
17177,"Stephenson County, IL",IL,-0.8582,0.1846,18610.0,-7.668
17179,"Tazewell County, IL",IL,-0.09299,-0.3313,53920.0,-8.039
17181,"Union County, IL",IL,-0.6933,-0.266,6347.0,-3.148
17183,"Vermilion County, IL",IL,-0.6878,0.6414,27810.0,-7.872
17185,"Wabash County, IL",IL,-0.8522,2.046,4265.0,-2.74
17187,"Warren County, IL",IL,-1.103,-1.283,6602.0,-1.839
17189,"Washington County, IL",IL,-0.2348,-0.8896,5809.0,-0.4946
17191,"Wayne County, IL",IL,-0.1937,-1.382,6187.0,-0.521
17193,"White County, IL",IL,0.1091,0.1276,5196.0,-3.539
17195,"Whiteside County, IL",IL,-0.6583,-0.6501,23390.0,-4.59
17197,"Will County, IL",IL,-0.2517,-0.1547,278100.0,-5.949
17199,"Williamson County, IL",IL,0.2168,0.272,25680.0,-2.952
17201,"Winnebago County, IL",IL,-0.5852,0.4062,114800.0,-11.23
17203,"Woodford County, IL",IL,-0.08736,-1.687,15100.0,-5.221
18001,"Adams County, IN",IN,-0.1549,-0.9284,13020.0,0.834
18003,"Allen County, IN",IN,0.137,0.4777,155000.0,-7.569
18005,"Bartholomew County, IN",IN,-0.1985,0.1818,33690.0,-14.14
18007,"Benton County, IN",IN,0.5137,1.669,3501.0,-4.715
18009,"Blackford County, IN",IN,-0.6101,-1.684,4901.0,-0.5624
18011,"Boone County, IN",IN,2.285,-0.7976,27690.0,-6.878
18013,"Brown County, IN",IN,1.002,-1.529,6567.0,14.47
18015,"Carroll County, IN",IN,0.676,-2.202,8355.0,2.75
18017,"Cass County, IN",IN,-0.5306,-1.068,15200.0,-2.309
18019,"Clark County, IN",IN,1.409,-0.1573,49560.0,1.901
18021,"Clay County, IN",IN,0.07215,-1.693,10260.0,3.388
18023,"Clinton County, IN",IN,-0.2186,-1.332,12970.0,-0.456
18025,"Crawford County, IN",IN,0.4221,-1.159,3994.0,6.97
18027,"Daviess County, IN",IN,-0.6016,-1.029,12410.0,5.86
18029,"Dearborn County, IN",IN,0.4887,0.05497,20970.0,6.847
18031,"Decatur County, IN",IN,0.1006,-1.065,10920.0,-1.094
18033,"DeKalb County, IN",IN,0.3651,-1.012,17830.0,-1.238
18035,"Delaware County, IN",IN,-0.5222,0.2849,40570.0,-2.699
18037,"Dubois County, IN",IN,-0.1811,0.4456,18730.0,2.445
18039,"Elkhart County, IN",IN,-0.5688,-0.7939,80500.0,-7.55
18041,"Fayette County, IN",IN,0.5299,0.541,8815.0,-7.253
18043,"Floyd County, IN",IN,-0.06716,-0.1903,32540.0,-6.546
18045,"Fountain County, IN",IN,1.022,0.5072,6669.0,2.8
18047,"Franklin County, IN",IN,0.5845,0.4694,9019.0,5.434
18049,"Fulton County, IN",IN,-0.06348,-1.291,8053.0,2.887
18051,"Gibson County, IN",IN,0.2763,-0.8998,13580.0,-2.258
18053,"Grant County, IN",IN,-0.1497,-0.7486,24660.0,-2.142
18055,"Greene County, IN",IN,1.074,-0.6506,12350.0,3.044
18057,"Hamilton County, IN",IN,1.807,1.07,135400.0,-4.539
18059,"Hancock County, IN",IN,2.05,-1.436,32870.0,-0.272
18061,"Harrison County, IN",IN,0.5349,-1.103,15910.0,9.579
18063,"Hendricks County, IN",IN,1.706,-1.533,70060.0,-5.143
18065,"Henry County, IN",IN,0.7284,-0.6194,18980.0,-3.409
18067,"Howard County, IN",IN,0.1023,-0.418,34730.0,-3.244
18069,"Huntington County, IN",IN,0.03977,-1.325,15090.0,-1.853
18071,"Jackson County, IN",IN,-0.4813,-0.8916,18010.0,-0.764
18073,"Jasper County, IN",IN,0.8341,-1.069,13240.0,0.9233
18075,"Jay County, IN",IN,-0.6697,1.682,7813.0,-0.8986
18077,"Jefferson County, IN",IN,0.06568,-1.182,12580.0,2.539
18079,"Jennings County, IN",IN,0.1245,0.0888,10900.0,3.94
18081,"Johnson County, IN",IN,0.9392,-0.1952,64790.0,-1.877
18083,"Knox County, IN",IN,-0.2578,0.04983,13940.0,-1.504
18085,"Kosciusko County, IN",IN,-0.1767,-0.3294,32880.0,-3.317
18087,"LaGrange County, IN",IN,-0.5136,-1.189,14700.0,-0.08829
18089,"Lake County, IN",IN,0.03355,0.03798,193700.0,-0.3542
18091,"LaPorte County, IN",IN,0.2683,-0.1102,44000.0,8.601
18093,"Lawrence County, IN",IN,0.7586,0.7354,18290.0,0.05173
18095,"Madison County, IN",IN,0.955,-0.3228,50910.0,-0.6299
18097,"Marion County, IN",IN,-1.176,0.9747,385900.0,-10.72
18099,"Marshall County, IN",IN,0.1657,-0.1162,18530.0,14.21
18101,"Martin County, IN",IN,0.213,2.747,3981.0,4.215
18103,"Miami County, IN",IN,-0.1247,0.1555,13290.0,-1.382
18105,"Monroe County, IN",IN,-2.136,0.31,49150.0,1.072
18107,"Montgomery County, IN",IN,0.4249,-0.7802,15350.0,0.6398
18109,"Morgan County, IN",IN,0.836,-0.2639,29010.0,3.442
18111,"Newton County, IN",IN,0.5103,-1.651,5665.0,3.645
18113,"Noble County, IN",IN,-0.4812,-0.583,18900.0,5.545
18115,"Ohio County, IN",IN,0.4289,-3.617,2384.0,10.83
18117,"Orange County, IN",IN,0.02456,0.1928,7454.0,7.848
18119,"Owen County, IN",IN,1.146,1.907,8311.0,6.395
18121,"Parke County, IN",IN,0.3742,0.8653,5884.0,3.097
18123,"Perry County, IN",IN,0.6761,-1.475,7313.0,-4.486
18125,"Pike County, IN",IN,0.02843,-2.493,4779.0,1.934
18127,"Porter County, IN",IN,0.4888,-0.241,70870.0,2.252
18129,"Posey County, IN",IN,0.1478,-1.432,10280.0,2.534
18131,"Pulaski County, IN",IN,0.1958,-0.8249,4980.0,0.6398
18133,"Putnam County, IN",IN,1.327,-1.436,13710.0,5.969
18135,"Randolph County, IN",IN,0.02159,0.4031,9712.0,-2.819
18137,"Ripley County, IN",IN,0.2904,0.8224,11640.0,3.046
18139,"Rush County, IN",IN,0.4169,-0.9571,6764.0,-0.585
18141,"St. Joseph County, IN",IN,-0.4655,0.729,107000.0,-8.083
18143,"Scott County, IN",IN,1.077,0.5386,9093.0,-0.039
18145,"Shelby County, IN",IN,0.2591,-1.365,18150.0,0.05782
18147,"Spencer County, IN",IN,0.6041,0.1625,8125.0,3.799
18149,"Starke County, IN",IN,0.6844,1.342,8945.0,7.438
18151,"Steuben County, IN",IN,0.5579,-0.4586,14070.0,14.16
18153,"Sullivan County, IN",IN,0.6349,-0.7709,7431.0,-0.2869
18155,"Switzerland County, IN",IN,1.408,-1.178,3614.0,9.698
18157,"Tippecanoe County, IN",IN,-1.533,-0.3468,66330.0,-2.713
18159,"Tipton County, IN",IN,0.7415,0.1648,6454.0,-3.305
18161,"Union County, IN",IN,-1.094,-2.011,2808.0,-1.748
18163,"Vanderburgh County, IN",IN,-0.1647,0.4927,73180.0,-4.229
18165,"Vermillion County, IN",IN,0.2726,-1.854,6253.0,0.5255
18167,"Vigo County, IN",IN,-0.6523,-0.1049,39200.0,-5.083
18169,"Wabash County, IN",IN,-0.008467,0.3456,12620.0,-0.07368
18171,"Warren County, IN",IN,0.2994,2.171,3365.0,8.595
18173,"Warrick County, IN",IN,1.16,-0.1483,25840.0,-8.434
18175,"Washington County, IN",IN,0.332,0.4134,10750.0,3.792
18177,"Wayne County, IN",IN,-0.22,-0.2405,25720.0,-8.983
18179,"Wells County, IN",IN,0.5755,-0.02194,11340.0,-0.3353
18181,"White County, IN",IN,-0.04107,0.257,10110.0,11.49
18183,"Whitley County, IN",IN,0.3706,-0.1159,14450.0,8.725
19001,"Adair County, IA",IA,0.09353,-1.133,3005.0,0.5225
19003,"Adams County, IA",IA,-1.446,-2.082,1505.0,-10.95
19005,"Allamakee County, IA",IA,-0.5754,-0.4026,5700.0,10.12
19007,"Appanoose County, IA",IA,0.1135,-0.3601,4654.0,12.59
19009,"Audubon County, IA",IA,-0.1455,0.2115,2279.0,2.888
19011,"Benton County, IA",IA,0.3934,-0.5808,10170.0,1.594
19013,"Black Hawk County, IA",IA,-1.184,0.2624,50620.0,-6.253
19015,"Boone County, IA",IA,0.3049,0.407,10750.0,-4.35
19017,"Bremer County, IA",IA,0.2786,-0.5351,9644.0,-0.7785
19019,"Buchanan County, IA",IA,0.2727,0.2877,8058.0,-0.3282
19021,"Buena Vista County, IA",IA,-1.701,0.4856,8171.0,-7.241
19023,"Butler County, IA",IA,-0.1631,-0.2961,5783.0,0.375
19025,"Calhoun County, IA",IA,-0.2193,0.7249,3801.0,0.9487
19027,"Carroll County, IA",IA,-0.3752,0.1221,8537.0,-1.676
19029,"Cass County, IA",IA,0.6452,0.7109,5229.0,-1.631
19031,"Cedar County, IA",IA,0.1225,-0.5097,7700.0,2.463
19033,"Cerro Gordo County, IA",IA,-0.2072,0.4394,17440.0,4.626
19035,"Cherokee County, IA",IA,-0.2928,0.485,4833.0,-6.484
19037,"Chickasaw County, IA",IA,-0.6893,-0.6668,4834.0,-5.129
19039,"Clarke County, IA",IA,-0.6994,0.1026,3654.0,1.154
19041,"Clay County, IA",IA,-0.1593,0.4065,6804.0,-1.135
19043,"Clayton County, IA",IA,0.06653,-0.1997,7265.0,6.557
19045,"Clinton County, IA",IA,-0.04785,-0.3082,18860.0,-2.43
19047,"Crawford County, IA",IA,-1.729,0.2464,6572.0,-5.453
19049,"Dallas County, IA",IA,2.918,1.467,39870.0,-0.7761
19051,"Davis County, IA",IA,-0.4173,-1.245,3069.0,-7.143
19053,"Decatur County, IA",IA,-0.1488,-2.257,2571.0,3.506
19055,"Delaware County, IA",IA,0.3272,-0.9816,7034.0,12.05
19057,"Des Moines County, IA",IA,-0.4043,0.1744,16040.0,-2.234
19059,"Dickinson County, IA",IA,1.105,-0.003843,7713.0,20.58
19061,"Dubuque County, IA",IA,-0.5469,0.7272,40250.0,-4.05
19063,"Emmet County, IA",IA,-0.1283,-1.2,3660.0,-3.611
19065,"Fayette County, IA",IA,-0.5988,-0.4013,7537.0,0.7373
19067,"Floyd County, IA",IA,-0.1694,0.8929,6189.0,-1.083
19069,"Franklin County, IA",IA,-0.3096,0.6581,3689.0,-1.671
19071,"Fremont County, IA",IA,-0.1916,1.684,2660.0,0.7927
19073,"Greene County, IA",IA,0.5092,0.7668,3498.0,1.093
19075,"Grundy County, IA",IA,-0.1705,-1.199,4902.0,-4.49
19077,"Guthrie County, IA",IA,0.6071,1.343,4390.0,16.12
19079,"Hamilton County, IA",IA,-0.7123,-0.2379,5943.0,-5.96
19081,"Hancock County, IA",IA,0.1078,0.262,4311.0,-3.373
19083,"Hardin County, IA",IA,-0.1969,0.5211,6593.0,0.05095
19085,"Harrison County, IA",IA,0.6705,-0.576,5702.0,1.936
19087,"Henry County, IA",IA,-0.268,0.3174,7489.0,-2.395
19089,"Howard County, IA",IA,0.0226,0.7537,3868.0,0.7196
19091,"Humboldt County, IA",IA,0.495,0.3783,3809.0,-1.215
19093,"Ida County, IA",IA,-0.237,1.263,2793.0,2.058
19095,"Iowa County, IA",IA,-0.02019,0.2053,6794.0,3.166
19097,"Jackson County, IA",IA,0.06647,0.3249,8074.0,4.656
19099,"Jasper County, IA",IA,0.08936,0.4069,14460.0,1.216
19101,"Jefferson County, IA",IA,-0.9822,0.676,6267.0,-8.019
19103,"Johnson County, IA",IA,-1.357,0.9298,57520.0,-0.9299
19105,"Jones County, IA",IA,0.3334,-0.9097,7861.0,7.031
19107,"Keokuk County, IA",IA,-0.04616,-0.7546,3831.0,-1.379
19109,"Kossuth County, IA",IA,-0.7939,0.775,6256.0,-3.289
19111,"Lee County, IA",IA,-0.7504,-1.079,13130.0,-3.056
19113,"Linn County, IA",IA,-0.6455,0.9633,92890.0,-7.743
19115,"Louisa County, IA",IA,-1.25,0.8896,4279.0,1.951
19117,"Lucas County, IA",IA,0.7435,-0.1714,3319.0,4.889
19119,"Lyon County, IA",IA,0.3586,0.6206,4439.0,-3.231
19121,"Madison County, IA",IA,0.8898,-0.9521,6370.0,12.04
19123,"Mahaska County, IA",IA,-0.568,-0.9813,8170.0,-0.05913
19125,"Marion County, IA",IA,0.3751,0.6483,12850.0,-0.02544
19127,"Marshall County, IA",IA,-0.7216,0.4019,15240.0,-2.537
19129,"Mills County, IA",IA,0.1889,-0.7116,5628.0,3.201
19131,"Mitchell County, IA",IA,-0.1919,-1.091,4141.0,0.7174
19133,"Monona County, IA",IA,-0.0376,0.6023,3438.0,-1.899
19135,"Monroe County, IA",IA,0.7977,1.214,2920.0,7.134
19137,"Montgomery County, IA",IA,0.306,0.3632,4001.0,-0.2581
19139,"Muscatine County, IA",IA,-0.8202,0.6798,17520.0,-4.797
19141,"O'Brien County, IA",IA,-0.2251,0.6375,5639.0,-12.88
19143,"Osceola County, IA",IA,-0.2303,0.5851,2422.0,-3.219
19145,"Page County, IA",IA,0.4586,0.3708,5570.0,-5.06
19147,"Palo Alto County, IA",IA,-0.2157,0.7698,3556.0,1.554
19149,"Plymouth County, IA",IA,-0.2283,-0.7522,10350.0,-3.717
19151,"Pocahontas County, IA",IA,0.1916,1.11,2723.0,-6.225
19153,"Polk County, IA",IA,0.2565,1.414,200400.0,-9.399
19155,"Pottawattamie County, IA",IA,-0.2337,-0.376,36390.0,-1.469
19157,"Poweshiek County, IA",IA,-0.4468,-1.061,7166.0,5.746
19159,"Ringgold County, IA",IA,0.6463,-1.783,1704.0,17.98
19161,"Sac County, IA",IA,0.1657,1.115,4087.0,4.647
19163,"Scott County, IA",IA,-0.2787,0.4961,69700.0,-7.46
19165,"Shelby County, IA",IA,0.2303,1.091,4849.0,0.4546
19167,"Sioux County, IA",IA,-0.939,-1.081,12280.0,-8.22
19169,"Story County, IA",IA,-1.965,0.52,32700.0,-1.202
19171,"Tama County, IA",IA,-0.4321,0.7509,6925.0,-1.952
19173,"Taylor County, IA",IA,-0.3994,0.2586,2307.0,1.637
19175,"Union County, IA",IA,-0.7908,0.3534,4651.0,1.798
19177,"Van Buren County, IA",IA,1.043,1.875,2639.0,7.033
19179,"Wapello County, IA",IA,-0.9566,0.3108,13250.0,-2.527
19181,"Warren County, IA",IA,1.522,0.2331,20690.0,15.42
19183,"Washington County, IA",IA,-0.1651,0.3748,8898.0,1.736
19185,"Wayne County, IA",IA,0.1995,-1.212,2329.0,-0.1112
19187,"Webster County, IA",IA,0.3242,0.2266,13860.0,-21.18
19189,"Winnebago County, IA",IA,-0.5499,0.704,4309.0,3.118
19191,"Winneshiek County, IA",IA,-0.3116,0.1383,8176.0,0.9771
19193,"Woodbury County, IA",IA,-0.8967,-0.3886,40430.0,-9.297
19195,"Worth County, IA",IA,-0.4053,0.8675,3035.0,-0.1657
19197,"Wright County, IA",IA,-1.383,1.158,4890.0,-7.013
20001,"Allen County, KS",KS,0.4009,-0.8244,4977.0,-0.1957
20003,"Anderson County, KS",KS,0.7683,-2.757,2944.0,5.099
20005,"Atchison County, KS",KS,-0.7581,-0.5359,5782.0,1.824
20007,"Barber County, KS",KS,-1.008,-0.8424,1718.0,-6.033
20009,"Barton County, KS",KS,-0.6825,0.1625,10070.0,-3.16
20011,"Bourbon County, KS",KS,-0.4829,-0.01468,5240.0,3.125
20013,"Brown County, KS",KS,-0.04222,1.175,3717.0,-0.1808
20015,"Butler County, KS",KS,0.608,-0.5067,24860.0,-2.918
20017,"Chase County, KS",KS,0.5821,-0.03604,966.3,-4.436
20019,"Chautauqua County, KS",KS,0.6727,-0.8239,1182.0,2.534
20021,"Cherokee County, KS",KS,0.0821,1.103,7022.0,4.373
20023,"Cheyenne County, KS",KS,1.564,-1.246,998.7,-10.79
20025,"Clark County, KS",KS,-0.5419,2.934,731.7,-5.236
20027,"Clay County, KS",KS,0.793,-0.1087,3288.0,2.245
20029,"Cloud County, KS",KS,-0.1613,0.1104,3404.0,7.655
20031,"Coffey County, KS",KS,-0.8161,-1.014,3332.0,-1.123
20035,"Cowley County, KS",KS,-0.3895,0.559,12570.0,0.005234
20037,"Crawford County, KS",KS,-0.4198,-0.3144,13550.0,-3.485
20039,"Decatur County, KS",KS,-1.09,-1.509,1147.0,4.967
20041,"Dickinson County, KS",KS,0.2427,0.8249,7511.0,1.898
20043,"Doniphan County, KS",KS,-0.1621,2.524,2791.0,-5.574
20045,"Douglas County, KS",KS,-1.003,0.5299,44290.0,-1.598
20047,"Edwards County, KS",KS,-0.741,1.497,1116.0,-13.24
20049,"Elk County, KS",KS,0.1376,-1.743,915.7,0.7663
20051,"Ellis County, KS",KS,-1.181,0.002099,11070.0,1.214
20053,"Ellsworth County, KS",KS,1.376,-1.373,2198.0,-1.004
20055,"Finney County, KS",KS,-2.053,-0.7098,14410.0,-8.95
20057,"Ford County, KS",KS,-1.787,-1.225,12470.0,-4.181
20059,"Franklin County, KS",KS,0.2902,0.6472,10050.0,4.535
20061,"Geary County, KS",KS,-3.06,-0.2865,14630.0,-4.17
20063,"Gove County, KS",KS,-0.005473,-2.544,1090.0,6.221
20065,"Graham County, KS",KS,-0.3352,-1.348,985.7,-7.359
20067,"Grant County, KS",KS,-2.04,-0.8339,2549.0,-10.34
20069,"Gray County, KS",KS,-0.3101,-0.7331,2226.0,-14.32
20071,"Greeley County, KS",KS,-0.6452,-3.1,465.0,7.827
20073,"Greenwood County, KS",KS,0.3361,0.8627,2279.0,-5.693
20075,"Hamilton County, KS",KS,-0.9744,-3.227,805.7,-2.768
20077,"Harper County, KS",KS,0.4689,0.3366,2060.0,8.349
20079,"Harvey County, KS",KS,-0.2882,1.001,13350.0,1.21
20081,"Haskell County, KS",KS,-3.025,2.839,1409.0,-9.184
20083,"Hodgeman County, KS",KS,-0.101,2.148,694.7,0.2501
20085,"Jackson County, KS",KS,0.02951,2.025,5208.0,5.124
20087,"Jefferson County, KS",KS,0.7216,1.075,7408.0,4.217
20089,"Jewell County, KS",KS,-0.1069,-1.802,1223.0,5.941
20091,"Johnson County, KS",KS,0.2353,1.496,247600.0,-11.57
20093,"Kearny County, KS",KS,-0.8338,-0.6361,1401.0,-4.862
20095,"Kingman County, KS",KS,0.2766,0.783,2951.0,7.054
20097,"Kiowa County, KS",KS,-1.8,-3.617,867.0,-5.393
20099,"Labette County, KS",KS,-0.6676,1.411,7539.0,0.01531
20101,"Lane County, KS",KS,-0.04587,-2.698,659.7,-8.675
20103,"Leavenworth County, KS",KS,0.6465,0.1382,29430.0,6.311
20105,"Lincoln County, KS",KS,-0.2,2.731,1163.0,0.1055
20107,"Linn County, KS",KS,0.8355,1.724,3751.0,8.908
20109,"Logan County, KS",KS,-0.7466,-1.356,1114.0,-6.527
20111,"Lyon County, KS",KS,-1.337,0.4276,12480.0,-0.8945
20113,"McPherson County, KS",KS,-0.0854,0.03278,11810.0,0.2756
20115,"Marion County, KS",KS,-0.1463,0.684,4460.0,4.377
20117,"Marshall County, KS",KS,-0.08318,-0.3767,4172.0,1.507
20119,"Meade County, KS",KS,-1.406,-1.162,1566.0,1.233
20121,"Miami County, KS",KS,0.9985,0.8744,13170.0,12.62
20123,"Mitchell County, KS",KS,-0.5799,-1.548,2418.0,0.7032
20125,"Montgomery County, KS",KS,-0.4087,0.928,11170.0,-1.397
20127,"Morris County, KS",KS,-0.2538,0.5669,2161.0,43.14
20129,"Morton County, KS",KS,-1.661,1.624,1017.0,-13.76
20131,"Nemaha County, KS",KS,-0.6026,0.308,4153.0,-2.335
20133,"Neosho County, KS",KS,-0.4534,-0.4863,5924.0,-5.624
20135,"Ness County, KS",KS,-0.8545,-2.13,1134.0,20.98
20137,"Norton County, KS",KS,-0.9125,-1.98,1899.0,-4.751
20139,"Osage County, KS",KS,0.3955,-0.5261,6293.0,6.765
20141,"Osborne County, KS",KS,-0.5597,-0.08727,1444.0,4.388
20143,"Ottawa County, KS",KS,0.02532,-0.618,2302.0,18.55
20145,"Pawnee County, KS",KS,0.5928,-1.911,2348.0,-7.784
20147,"Phillips County, KS",KS,-0.6792,0.07156,2146.0,-2.317
20149,"Pottawatomie County, KS",KS,0.69,-0.3939,9556.0,4.105
20151,"Pratt County, KS",KS,-0.3057,-1.724,3496.0,0.5485
20153,"Rawlins County, KS",KS,0.001641,-0.6511,1018.0,2.217
20155,"Reno County, KS",KS,-0.06639,0.7261,23770.0,-3.674
20157,"Republic County, KS",KS,-0.09372,0.603,1973.0,4.575
20159,"Rice County, KS",KS,-0.6194,-0.661,3455.0,1.445
20161,"Riley County, KS",KS,-2.377,-0.0979,21940.0,-1.025
20163,"Rooks County, KS",KS,-0.2826,-1.065,1951.0,-4.811
20165,"Rush County, KS",KS,0.1799,-1.877,1249.0,3.251
20167,"Russell County, KS",KS,0.7786,-0.6395,2638.0,1.977
20169,"Saline County, KS",KS,-0.704,0.7737,22400.0,-1.886
20171,"Scott County, KS",KS,-1.64,-1.654,1914.0,-22.01
20173,"Sedgwick County, KS",KS,-0.1771,0.8685,203200.0,-1.909
20175,"Seward County, KS",KS,-2.461,0.3009,7616.0,-10.63
20177,"Shawnee County, KS",KS,-0.398,1.191,71500.0,-4.086
20179,"Sheridan County, KS",KS,0.1988,-0.9762,1036.0,8.047
20181,"Sherman County, KS",KS,-2.414,0.7493,2247.0,3.998
20183,"Smith County, KS",KS,0.9385,0.007651,1530.0,-5.106
20185,"Stafford County, KS",KS,-0.4658,-0.8858,1568.0,4.611
20187,"Stanton County, KS",KS,-2.411,-1.629,705.0,-1.471
20189,"Stevens County, KS",KS,-1.297,-0.9526,1824.0,-9.441
20191,"Sumner County, KS",KS,0.2606,1.357,8614.0,4.546
20193,"Thomas County, KS",KS,-1.461,-0.1697,3071.0,-5.808
20195,"Trego County, KS",KS,-0.2691,0.837,1205.0,-1.079
20197,"Wabaunsee County, KS",KS,1.166,-3.108,2704.0,4.236
20199,"Wallace County, KS",KS,0.0,2.833,551.0,-1.905
20201,"Washington County, KS",KS,-0.4684,1.022,2293.0,4.955
20203,"Wichita County, KS",KS,-0.7517,-4.306,834.3,-2.212
20205,"Wilson County, KS",KS,-0.1503,0.08907,3138.0,2.872
20207,"Woodson County, KS",KS,-0.1438,-0.7382,1165.0,-8.157
20209,"Wyandotte County, KS",KS,-1.443,-0.6443,59350.0,-2.74
21001,"Adair County, KY",KY,1.119,-0.2236,6113.0,7.33
21003,"Allen County, KY",KY,1.872,-1.301,6765.0,-0.4206
21005,"Anderson County, KY",KY,1.281,-1.498,9164.0,2.568
21007,"Ballard County, KY",KY,0.1769,-0.7181,2855.0,3.738
21009,"Barren County, KY",KY,0.7432,-0.4365,15840.0,4.642
21011,"Bath County, KY",KY,1.067,-2.605,3994.0,0.6122
21013,"Bell County, KY",KY,-0.3468,-1.123,7278.0,-4.47
21015,"Boone County, KY",KY,0.2277,-0.817,52970.0,-2.478
21017,"Bourbon County, KY",KY,1.089,-1.088,7412.0,10.51
21019,"Boyd County, KY",KY,0.083,0.7375,16150.0,-5.001
21021,"Boyle County, KY",KY,0.8412,-0.2061,10480.0,5.377
21023,"Bracken County, KY",KY,0.5224,-1.575,3195.0,4.006
21025,"Breathitt County, KY",KY,-0.9535,0.5394,3790.0,-2.194
21027,"Breckinridge County, KY",KY,1.683,0.04834,7077.0,9.491
21029,"Bullitt County, KY",KY,0.8857,-2.8,32620.0,1.953
21031,"Butler County, KY",KY,0.1011,-1.372,4230.0,4.231
21033,"Caldwell County, KY",KY,0.5995,-1.37,4599.0,0.9025
21035,"Calloway County, KY",KY,0.7457,0.2361,12780.0,4.866
21037,"Campbell County, KY",KY,0.09742,-0.2753,37210.0,-1.145
21039,"Carlisle County, KY",KY,0.2741,-1.465,1754.0,3.918
21041,"Carroll County, KY",KY,0.5784,-0.368,3902.0,-1.966
21043,"Carter County, KY",KY,0.006691,0.2706,8775.0,-1.514
21045,"Casey County, KY",KY,0.94,0.8213,5024.0,7.334
21047,"Christian County, KY",KY,-1.719,0.1143,25080.0,-3.379
21049,"Clark County, KY",KY,0.7762,1.297,13720.0,4.529
21051,"Clay County, KY",KY,-0.8744,1.353,5396.0,0.3436
21053,"Clinton County, KY",KY,0.2561,0.8426,3186.0,3.424
21055,"Crittenden County, KY",KY,0.4587,0.777,3013.0,0.5927
21057,"Cumberland County, KY",KY,1.409,-1.869,2156.0,12.28
21059,"Daviess County, KY",KY,-0.06,-0.3001,38720.0,-2.372
21061,"Edmonson County, KY",KY,1.353,0.3423,4154.0,10.07
21063,"Elliott County, KY",KY,1.429,-3.237,1929.0,-6.879
21065,"Estill County, KY",KY,0.4533,-0.861,4608.0,-0.4114
21067,"Fayette County, KY",KY,-0.9528,0.3701,120500.0,-4.535
21069,"Fleming County, KY",KY,0.9037,0.7402,5200.0,6.221
21071,"Floyd County, KY",KY,-0.6406,0.6693,10790.0,-2.647
21073,"Franklin County, KY",KY,0.05436,-0.0829,21210.0,-5.243
21075,"Fulton County, KY",KY,-0.527,-1.148,1931.0,-2.473
21077,"Gallatin County, KY",KY,0.3077,-1.346,3096.0,7.122
21079,"Garrard County, KY",KY,2.396,-1.027,6024.0,9.011
21081,"Grant County, KY",KY,1.014,0.6405,9075.0,1.575
21083,"Graves County, KY",KY,-0.2165,-0.486,12930.0,4.48
21085,"Grayson County, KY",KY,1.159,-0.2416,9051.0,8.228
21087,"Green County, KY",KY,1.387,-0.5599,3803.0,-6.033
21089,"Greenup County, KY",KY,0.2619,0.4394,12530.0,-4.318
21091,"Hancock County, KY",KY,0.5375,-0.589,3238.0,0.6864
21093,"Hardin County, KY",KY,0.06622,0.2671,42310.0,0.0371
21095,"Harlan County, KY",KY,-1.074,0.8057,7394.0,-3.243
21097,"Harrison County, KY",KY,1.277,-0.822,6829.0,7.113
21099,"Hart County, KY",KY,1.021,-1.808,6355.0,5.657
21101,"Henderson County, KY",KY,-0.6373,-0.9064,16730.0,-2.044
21103,"Henry County, KY",KY,0.6624,-0.1463,5948.0,9.637
21105,"Hickman County, KY",KY,0.2523,-3.617,1555.0,-2.909
21107,"Hopkins County, KY",KY,-0.1065,-0.1853,16180.0,-6.556
21109,"Jackson County, KY",KY,0.4629,0.6702,3920.0,1.579
21111,"Jefferson County, KY",KY,-0.5435,0.5961,313100.0,-18.45
21113,"Jessamine County, KY",KY,1.195,-1.044,19200.0,12.29
21115,"Johnson County, KY",KY,-0.01693,1.326,6607.0,-2.067
21117,"Kenton County, KY",KY,0.2634,0.2008,66920.0,-0.6655
21119,"Knott County, KY",KY,-0.6608,-0.1502,4094.0,-2.486
21121,"Knox County, KY",KY,-0.2306,1.063,9354.0,0.6617
21123,"Larue County, KY",KY,0.9398,-1.13,5435.0,2.384
21125,"Laurel County, KY",KY,0.8256,0.6656,20370.0,5.008
21127,"Lawrence County, KY",KY,0.3528,-1.296,4745.0,4.139
21129,"Lee County, KY",KY,0.5782,1.47,1839.0,-5.357
21131,"Leslie County, KY",KY,-0.9244,-1.224,2793.0,-6.213
21133,"Letcher County, KY",KY,-0.5956,0.3252,6064.0,-5.324
21135,"Lewis County, KY",KY,-0.08765,-0.2295,4148.0,1.027
21137,"Lincoln County, KY",KY,0.752,-1.435,8208.0,6.294
21139,"Livingston County, KY",KY,1.181,-1.661,3289.0,11.21
21141,"Logan County, KY",KY,0.6737,-0.4513,9815.0,0.7528
21143,"Lyon County, KY",KY,2.523,0.3417,2799.0,24.73
21145,"McCracken County, KY",KY,0.1519,0.1065,25630.0,-4.918
21147,"McCreary County, KY",KY,0.4451,-0.007129,4215.0,2.268
21149,"McLean County, KY",KY,-0.5442,-1.71,3263.0,4.281
21151,"Madison County, KY",KY,1.273,-0.1108,32190.0,1.91
21153,"Magoffin County, KY",KY,-0.4459,0.3604,3348.0,-2.764
21155,"Marion County, KY",KY,0.7503,-1.121,7184.0,2.858
21157,"Marshall County, KY",KY,1.112,-0.7821,11980.0,10.02
21159,"Martin County, KY",KY,-2.201,-0.1532,2577.0,-2.231
21161,"Mason County, KY",KY,-0.03993,-0.7085,6271.0,1.659
21163,"Meade County, KY",KY,0.1372,-1.44,11260.0,2.951
21165,"Menifee County, KY",KY,1.994,-0.9077,1985.0,2.528
21167,"Mercer County, KY",KY,1.482,-1.425,8462.0,5.705
21169,"Metcalfe County, KY",KY,1.509,2.309,3423.0,2.646
21171,"Monroe County, KY",KY,-0.1996,-1.632,3618.0,6.209
21173,"Montgomery County, KY",KY,0.777,-0.8279,10030.0,0.3481
21175,"Morgan County, KY",KY,1.349,-0.6745,3657.0,1.868
21177,"Muhlenberg County, KY",KY,0.08466,-0.723,10200.0,-0.8817
21179,"Nelson County, KY",KY,0.9274,-1.082,19080.0,3.228
21181,"Nicholas County, KY",KY,0.29,-0.8301,2597.0,0.9544
21183,"Ohio County, KY",KY,0.01784,-0.1138,7998.0,2.065
21185,"Oldham County, KY",KY,0.9697,0.8994,23600.0,-4.64
21187,"Owen County, KY",KY,1.106,-0.9656,3764.0,8.635
21189,"Owsley County, KY",KY,-0.3991,1.202,1131.0,-4.258
21191,"Pendleton County, KY",KY,0.3923,-1.313,5332.0,2.725
21193,"Perry County, KY",KY,-0.8291,0.4989,8372.0,-7.087
21195,"Pike County, KY",KY,-0.8749,0.7957,16620.0,-5.786
21197,"Powell County, KY",KY,0.3054,-1.246,4185.0,2.841
21199,"Pulaski County, KY",KY,1.17,-0.03252,22450.0,5.144
21201,"Robertson County, KY",KY,0.1289,-3.617,716.0,0.007394
21203,"Rockcastle County, KY",KY,1.518,-0.2108,5202.0,3.977
21205,"Rowan County, KY",KY,-0.4089,-0.4407,7553.0,-0.5507
21207,"Russell County, KY",KY,1.076,-0.9837,6141.0,10.15
21209,"Scott County, KY",KY,1.469,-1.275,21670.0,1.738
21211,"Shelby County, KY",KY,1.026,-1.094,18070.0,7.703
21213,"Simpson County, KY",KY,0.9155,-1.384,7172.0,1.94
21215,"Spencer County, KY",KY,1.664,-1.736,7428.0,10.22
21217,"Taylor County, KY",KY,0.2502,-0.3836,8976.0,3.136
21219,"Todd County, KY",KY,-0.00571,-0.402,4106.0,3.485
21221,"Trigg County, KY",KY,1.229,-0.2787,5201.0,11.77
21223,"Trimble County, KY",KY,0.5808,-2.984,3170.0,13.52
21225,"Union County, KY",KY,-0.7153,0.1315,4885.0,-2.444
21227,"Warren County, KY",KY,0.7512,-0.01142,47380.0,0.5198
21229,"Washington County, KY",KY,0.5931,-1.217,4541.0,2.602
21231,"Wayne County, KY",KY,0.8004,-1.229,6431.0,8.258
21233,"Webster County, KY",KY,-0.6688,-1.615,4506.0,-2.914
21235,"Whitley County, KY",KY,0.396,-0.3463,11580.0,0.004097
21237,"Wolfe County, KY",KY,-0.5624,-2.002,2006.0,2.649
21239,"Woodford County, KY",KY,0.5497,-1.042,10540.0,6.255
22001,"Acadia Parish, LA",LA,-0.2316,-0.2554,20660.0,0.05804
22003,"Allen Parish, LA",LA,-0.7637,-0.3116,7190.0,-1.527
22005,"Ascension Parish, LA",LA,1.033,-1.499,45640.0,-7.677
22007,"Assumption Parish, LA",LA,-0.8712,0.5581,7732.0,-2.219
22009,"Avoyelles Parish, LA",LA,-0.5467,-0.08814,13470.0,0.4203
22011,"Beauregard Parish, LA",LA,0.1573,-0.3453,11830.0,4.446
22013,"Bienville Parish, LA",LA,-0.9387,-0.5026,4578.0,2.698
22015,"Bossier Parish, LA",LA,-0.3612,-0.3084,46600.0,-4.189
22017,"Caddo Parish, LA",LA,-1.293,0.3333,87990.0,-4.666
22019,"Calcasieu Parish, LA",LA,-2.631,-0.3207,70050.0,-1.592
22021,"Caldwell Parish, LA",LA,-0.2098,-0.2383,3142.0,0.7692
22023,"Cameron Parish, LA",LA,-4.619,-1.529,2290.0,4.912
22025,"Catahoula Parish, LA",LA,-1.241,-0.7885,2828.0,-4.661
22027,"Claiborne Parish, LA",LA,0.117,-0.9826,4492.0,1.247
22029,"Concordia Parish, LA",LA,-0.7426,0.51,5836.0,0.07736
22031,"De Soto Parish, LA",LA,0.3811,-1.397,10030.0,6.161
22033,"East Baton Rouge Parish, LA",LA,-1.431,0.8161,159200.0,-3.215
22035,"East Carroll Parish, LA",LA,-1.655,0.2009,1998.0,0.434
22037,"East Feliciana Parish, LA",LA,-0.06141,0.04457,6636.0,11.91
22039,"Evangeline Parish, LA",LA,-0.4571,1.521,10750.0,-0.1045
22041,"Franklin Parish, LA",LA,-0.2753,0.06199,6531.0,-0.9575
22043,"Grant Parish, LA",LA,0.07026,-0.9024,6658.0,-0.9817
22045,"Iberia Parish, LA",LA,-1.238,-0.7461,25160.0,-3.711
22047,"Iberville Parish, LA",LA,-0.3489,-1.561,11000.0,0.8849
22049,"Jackson Parish, LA",LA,-0.04149,0.1034,5034.0,5.301
22051,"Jefferson Parish, LA",LA,-1.648,0.3194,165200.0,-2.486
22053,"Jefferson Davis Parish, LA",LA,-0.2769,0.9063,11080.0,0.5732
22055,"Lafayette Parish, LA",LA,0.1467,0.4443,91290.0,-1.982
22057,"Lafourche Parish, LA",LA,-0.9094,-0.7794,33770.0,1.642
22059,"LaSalle Parish, LA",LA,0.1373,-1.298,4438.0,5.066
22061,"Lincoln Parish, LA",LA,-1.855,-0.1847,14450.0,9.207
22063,"Livingston Parish, LA",LA,1.772,-0.8575,48760.0,-3.499
22065,"Madison Parish, LA",LA,-1.514,0.5242,3193.0,-8.015
22067,"Morehouse Parish, LA",LA,-1.361,0.9394,8610.0,-1.961
22069,"Natchitoches Parish, LA",LA,-1.339,0.007421,12460.0,1.554
22071,"Orleans Parish, LA",LA,-1.908,0.9329,131100.0,2.443
22073,"Ouachita Parish, LA",LA,-0.9863,0.708,53780.0,-6.326
22075,"Plaquemines Parish, LA",LA,-2.126,-1.293,8281.0,3.173
22077,"Pointe Coupee Parish, LA",LA,-0.7886,-0.3376,8088.0,7.644
22079,"Rapides Parish, LA",LA,-0.9957,0.6257,45740.0,-1.071
22081,"Red River Parish, LA",LA,-0.7937,-0.9862,2774.0,-4.413
22083,"Richland Parish, LA",LA,-0.5681,1.372,6850.0,-3.419
22085,"Sabine Parish, LA",LA,0.1866,-0.03528,7510.0,5.842
22087,"St. Bernard Parish, LA",LA,0.7375,-0.6485,14680.0,-0.02463
22089,"St. Charles Parish, LA",LA,-1.327,-0.313,19780.0,-6.777
22091,"St. Helena Parish, LA",LA,-0.3887,-1.392,4404.0,4.392
22093,"St. James Parish, LA",LA,-1.595,-1.566,7964.0,-2.996
22095,"St. John the Baptist Parish, LA",LA,-2.025,-1.146,15570.0,-8.472
22097,"St. Landry Parish, LA",LA,-0.5153,0.2824,29650.0,-0.4646
22099,"St. Martin Parish, LA",LA,-0.7386,-0.2652,19140.0,2.803
22101,"St. Mary Parish, LA",LA,-1.375,-1.151,17290.0,-4.822
22103,"St. Tammany Parish, LA",LA,1.243,0.3228,96540.0,4.394
22105,"Tangipahoa Parish, LA",LA,0.9742,-0.2707,44270.0,-1.402
22107,"Tensas Parish, LA",LA,-2.346,-3.142,1379.0,8.998
22109,"Terrebonne Parish, LA",LA,-1.828,-0.272,38140.0,-1.879
22111,"Union Parish, LA",LA,0.1747,-1.271,7400.0,8.44
22113,"Vermilion Parish, LA",LA,-0.09213,-0.6314,20740.0,0.7143
22115,"Vernon Parish, LA",LA,-2.207,-0.1893,16650.0,-3.145
22117,"Washington Parish, LA",LA,0.09244,0.4505,13980.0,2.218
22119,"Webster Parish, LA",LA,-0.6299,-0.5904,13160.0,-2.968
22121,"West Baton Rouge Parish, LA",LA,1.046,-1.746,10040.0,-1.219
22123,"West Carroll Parish, LA",LA,-0.7904,-0.6878,3493.0,-0.4946
22125,"West Feliciana Parish, LA",LA,1.399,-1.533,4213.0,18.81
22127,"Winn Parish, LA",LA,-1.161,0.1104,4061.0,1.659
23001,"Androscoggin County, ME",ME,0.5043,0.9346,44460.0,-5.07
23003,"Aroostook County, ME",ME,0.6775,0.4409,25740.0,1.397
23005,"Cumberland County, ME",ME,0.6152,1.207,134800.0,14.95
23007,"Franklin County, ME",ME,1.317,-0.1136,11510.0,9.118
23009,"Hancock County, ME",ME,1.451,-0.714,23820.0,18.11
23011,"Kennebec County, ME",ME,1.227,0.8602,51960.0,0.2989
23013,"Knox County, ME",ME,1.367,-0.414,17440.0,15.09
23015,"Lincoln County, ME",ME,2.044,-0.6083,15710.0,30.8
23017,"Oxford County, ME",ME,2.119,-0.2431,23200.0,19.14
23019,"Penobscot County, ME",ME,0.5146,0.4158,59680.0,-3.475
23021,"Piscataquis County, ME",ME,2.768,-1.016,6500.0,21.66
23023,"Sagadahoc County, ME",ME,1.253,-0.7136,16440.0,11.18
23025,"Somerset County, ME",ME,1.321,0.7459,19590.0,1.831
23027,"Waldo County, ME",ME,1.64,0.4252,16330.0,18.04
23029,"Washington County, ME",ME,1.66,-0.1353,12090.0,14.35
23031,"York County, ME",ME,1.6,-0.5664,94210.0,18.85
24001,"Allegany County, MD",MD,0.01208,0.1514,24540.0,-6.177
24003,"Anne Arundel County, MD",MD,0.003575,0.5646,243600.0,-5.137
24005,"Baltimore County, MD",MD,-0.5877,1.018,341700.0,-10.31
24009,"Calvert County, MD",MD,0.3379,-0.7976,37890.0,-3.492
24011,"Caroline County, MD",MD,0.209,-0.01545,12990.0,-1.219
24013,"Carroll County, MD",MD,0.366,-0.6002,70490.0,-8.255
24015,"Cecil County, MD",MD,0.6943,-0.925,39960.0,2.107
24017,"Charles County, MD",MD,0.5765,-0.4556,68470.0,-5.259
24019,"Dorchester County, MD",MD,0.6528,0.1169,13010.0,17.31
24021,"Frederick County, MD",MD,1.671,0.4982,110900.0,4.863
24023,"Garrett County, MD",MD,0.4658,-1.072,11570.0,19.57
24025,"Harford County, MD",MD,0.3486,-0.06673,107400.0,-4.021
24027,"Howard County, MD",MD,-0.4091,1.8,131500.0,-14.65
24029,"Kent County, MD",MD,1.159,-0.167,7804.0,23.23
24031,"Montgomery County, MD",MD,-1.295,1.686,437900.0,-10.28
24033,"Prince George's County, MD",MD,-1.58,0.4455,387200.0,-2.484
24035,"Queen Anne's County, MD",MD,1.672,-0.3045,20650.0,26.76
24037,"St. Mary's County, MD",MD,-0.04392,1.728,45080.0,-9.597
24039,"Somerset County, MD",MD,-0.5981,1.648,7567.0,8.813
24041,"Talbot County, MD",MD,0.8114,0.001627,16060.0,65.09
24043,"Washington County, MD",MD,0.2798,0.1469,60240.0,-1.222
24045,"Wicomico County, MD",MD,-0.02746,0.755,39220.0,-4.735
24047,"Worcester County, MD",MD,1.135,-0.9525,23750.0,31.66
24510,"Baltimore city, MD",MD,-1.437,1.375,209300.0,-17.68
25001,"Barnstable County, MA",MA,1.329,-0.03212,107200.0,67.38
25003,"Berkshire County, MA",MA,0.157,0.2491,54620.0,40.04
25005,"Bristol County, MA",MA,0.1549,0.2369,236300.0,-2.877
25007,"Dukes County, MA",MA,0.6961,-0.8303,9126.0,53.87
25009,"Essex County, MA",MA,-0.4074,1.029,339600.0,-0.01915
25011,"Franklin County, MA",MA,0.39,0.4395,30950.0,4.648
25013,"Hampden County, MA",MA,-0.6104,0.6677,188800.0,-8.422
25015,"Hampshire County, MA",MA,-0.6703,1.171,62640.0,8.397
25017,"Middlesex County, MA",MA,-1.298,2.002,677500.0,-12.55
25019,"Nantucket County, MA",MA,0.441,-2.087,6050.0,196.5
25021,"Norfolk County, MA",MA,-0.5773,1.251,299600.0,-2.646
25023,"Plymouth County, MA",MA,0.247,0.6864,221600.0,7.267
25025,"Suffolk County, MA",MA,-3.698,2.108,330500.0,-22.02
25027,"Worcester County, MA",MA,-0.2061,1.077,344600.0,-8.152
26001,"Alcona County, MI",MI,3.532,-1.71,4332.0,19.98
26003,"Alger County, MI",MI,1.412,-2.248,3498.0,7.864
26005,"Allegan County, MI",MI,0.5659,-0.8208,48580.0,16.54
26007,"Alpena County, MI",MI,0.3809,-0.5813,12230.0,3.15
26009,"Antrim County, MI",MI,1.736,-1.848,10040.0,29.09
26011,"Arenac County, MI",MI,1.349,-1.571,6237.0,11.07
26013,"Baraga County, MI",MI,1.772,0.276,2984.0,7.663
26015,"Barry County, MI",MI,1.058,-1.302,25160.0,11.89
26017,"Bay County, MI",MI,-0.02942,-0.01196,45460.0,-3.078
26019,"Benzie County, MI",MI,1.932,-1.985,7899.0,29.03
26021,"Berrien County, MI",MI,-0.1626,-0.3675,61780.0,27.06
26023,"Branch County, MI",MI,-0.02725,-1.005,16250.0,5.67
26025,"Calhoun County, MI",MI,-0.1243,0.2897,51280.0,-4.772
26027,"Cass County, MI",MI,0.4246,-1.382,20090.0,20.37
26029,"Charlevoix County, MI",MI,0.9033,-0.2421,11620.0,55.29
26031,"Cheboygan County, MI",MI,2.02,-1.26,10910.0,18.33
26033,"Chippewa County, MI",MI,0.7944,0.3648,13730.0,12.5
26035,"Clare County, MI",MI,1.521,0.1732,11560.0,9.186
26037,"Clinton County, MI",MI,-0.1047,-0.8163,32330.0,-0.0254
26039,"Crawford County, MI",MI,2.497,-0.8777,5278.0,8.905
26041,"Delta County, MI",MI,0.5886,0.4328,14920.0,5.033
26043,"Dickinson County, MI",MI,0.3041,0.06271,11060.0,-4.586
26045,"Eaton County, MI",MI,-0.2747,0.6435,46300.0,-3.219
26047,"Emmet County, MI",MI,0.4642,-0.9546,15120.0,42.08
26049,"Genesee County, MI",MI,-0.298,0.6138,161600.0,-5.055
26051,"Gladwin County, MI",MI,1.603,-0.7392,9906.0,13.03
26053,"Gogebic County, MI",MI,0.7914,-0.4715,5733.0,14.01
26055,"Grand Traverse County, MI",MI,0.7189,0.4067,41840.0,24.27
26057,"Gratiot County, MI",MI,0.2334,-0.2325,14580.0,-5.615
26059,"Hillsdale County, MI",MI,0.0568,0.2443,17100.0,4.33
26061,"Houghton County, MI",MI,-1.292,-0.17,12780.0,15.47
26063,"Huron County, MI",MI,0.3612,0.01769,14110.0,3.257
26065,"Ingham County, MI",MI,-0.9426,1.152,106000.0,-9.397
26067,"Ionia County, MI",MI,0.5966,-1.754,24250.0,-0.7571
26069,"Iosco County, MI",MI,1.381,-1.115,10490.0,13.08
26071,"Iron County, MI",MI,2.076,-0.9337,4819.0,14.51
26073,"Isabella County, MI",MI,-0.6656,-0.7234,22990.0,1.645
26075,"Jackson County, MI",MI,0.1727,0.1711,61050.0,-0.4481
26077,"Kalamazoo County, MI",MI,-0.7272,0.4907,103900.0,-6.764
26079,"Kalkaska County, MI",MI,1.859,-1.768,7187.0,-2.038
26081,"Kent County, MI",MI,-0.537,0.3916,267100.0,7.206
26083,"Keweenaw County, MI",MI,2.489,-2.175,876.3,21.59
26085,"Lake County, MI",MI,3.974,-2.341,3960.0,18.91
26087,"Lapeer County, MI",MI,0.4869,-1.2,36390.0,0.04019
26089,"Leelanau County, MI",MI,1.795,-1.027,10150.0,58.48
26091,"Lenawee County, MI",MI,0.06791,0.01815,39050.0,5.765
26093,"Livingston County, MI",MI,0.6572,0.2138,81550.0,10.44
26095,"Luce County, MI",MI,0.9797,-2.073,2095.0,-3.095
26097,"Mackinac County, MI",MI,1.157,-1.701,5011.0,18.18
26099,"Macomb County, MI",MI,-0.2872,0.4107,379900.0,-13.79
26101,"Manistee County, MI",MI,1.626,-1.466,10200.0,13.37
26103,"Marquette County, MI",MI,0.2229,-0.1711,26380.0,8.669
26105,"Mason County, MI",MI,0.9752,-0.7638,12240.0,13.98
26107,"Mecosta County, MI",MI,0.6401,-0.7645,14740.0,10.39
26109,"Menominee County, MI",MI,0.0254,-0.2265,9561.0,3.369
26111,"Midland County, MI",MI,0.1305,0.889,34500.0,-13.87
26113,"Missaukee County, MI",MI,1.513,-0.7022,5780.0,8.244
26115,"Monroe County, MI",MI,0.1707,-0.6988,63930.0,-0.8077
26117,"Montcalm County, MI",MI,1.106,-1.33,24300.0,0.1553
26119,"Montmorency County, MI",MI,3.422,-2.873,3861.0,15.62
26121,"Muskegon County, MI",MI,0.505,-0.595,67700.0,2.724
26123,"Newaygo County, MI",MI,1.151,-0.726,19110.0,8.609
26125,"Oakland County, MI",MI,-0.4097,1.419,533500.0,-15.5
26127,"Oceana County, MI",MI,0.7391,-0.1978,10440.0,16.05
26129,"Ogemaw County, MI",MI,1.998,-1.062,8250.0,18.63
26131,"Ontonagon County, MI",MI,2.476,0.345,2340.0,13.26
26133,"Osceola County, MI",MI,0.9075,0.00557,8761.0,3.132
26135,"Oscoda County, MI",MI,2.228,-1.62,3150.0,7.407
26137,"Otsego County, MI",MI,1.14,-0.7027,10580.0,13.36
26139,"Ottawa County, MI",MI,0.3724,-0.9085,115600.0,-2.045
26141,"Presque Isle County, MI",MI,2.407,-0.75,5660.0,8.954
26143,"Roscommon County, MI",MI,1.94,-1.206,9999.0,20.41
26145,"Saginaw County, MI",MI,-0.2202,-0.2461,76220.0,-5.286
26147,"St. Clair County, MI",MI,0.2475,-0.4229,67380.0,4.956
26149,"St. Joseph County, MI",MI,-0.08415,-0.5167,23640.0,6.677
26151,"Sanilac County, MI",MI,-0.02228,-0.3888,16570.0,9.913
26153,"Schoolcraft County, MI",MI,1.057,-1.445,3361.0,14.7
26155,"Shiawassee County, MI",MI,0.3691,-0.4571,28470.0,-0.8169
26157,"Tuscola County, MI",MI,0.0755,-1.159,21710.0,0.4392
26159,"Van Buren County, MI",MI,0.3808,-0.6816,29780.0,11.22
26161,"Washtenaw County, MI",MI,-1.435,1.264,142500.0,-0.3714
26163,"Wayne County, MI",MI,-0.9342,0.8454,660200.0,-9.998
26165,"Wexford County, MI",MI,0.975,-0.1025,13470.0,5.934
27001,"Aitkin County, MN",MN,2.931,0.2029,6444.0,23.46
27003,"Anoka County, MN",MN,0.1476,0.5702,152700.0,-8.169
27005,"Becker County, MN",MN,0.3764,-0.4344,13710.0,-1.497
27007,"Beltrami County, MN",MN,-0.2769,0.5173,17190.0,5.072
27009,"Benton County, MN",MN,-0.2599,-0.0571,16910.0,-1.015
27011,"Big Stone County, MN",MN,-0.6399,-0.9205,2074.0,4.282
27013,"Blue Earth County, MN",MN,-1.573,-0.1559,26580.0,1.882
27015,"Brown County, MN",MN,-0.3353,-0.5034,11180.0,-6.786
27017,"Carlton County, MN",MN,0.7581,0.6518,14040.0,0.5714
27019,"Carver County, MN",MN,1.029,-0.4154,42840.0,-1.771
27021,"Cass County, MN",MN,2.345,-0.228,12300.0,26.43
27023,"Chippewa County, MN",MN,-0.9577,0.01921,5041.0,-3.85
27025,"Chisago County, MN",MN,1.177,0.2947,23560.0,3.372
27027,"Clay County, MN",MN,-0.4724,0.3577,24450.0,-4.287
27029,"Clearwater County, MN",MN,1.331,-2.322,3201.0,10.26
27031,"Cook County, MN",MN,2.169,-1.097,2588.0,15.87
27033,"Cottonwood County, MN",MN,-0.4033,-0.9944,4643.0,-4.081
27035,"Crow Wing County, MN",MN,1.557,-0.02666,27520.0,27.85
27037,"Dakota County, MN",MN,-0.05716,1.054,186500.0,-10.88
27039,"Dodge County, MN",MN,-0.1542,-1.676,8606.0,-0.982
27041,"Douglas County, MN",MN,0.7164,-0.1802,16820.0,9.439
27043,"Faribault County, MN",MN,0.2337,0.4673,5704.0,0.6599
27045,"Fillmore County, MN",MN,0.6179,-0.4074,8542.0,0.004476
27047,"Freeborn County, MN",MN,-0.1159,-0.1489,12700.0,-7.603
27049,"Goodhue County, MN",MN,0.6942,-0.2028,20210.0,1.57
27051,"Grant County, MN",MN,0.6413,1.123,2489.0,5.58
27053,"Hennepin County, MN",MN,-1.388,1.734,548600.0,-18.53
27055,"Houston County, MN",MN,-0.2192,-1.376,8161.0,0.1122
27057,"Hubbard County, MN",MN,1.646,-1.22,8494.0,16.89
27059,"Isanti County, MN",MN,1.725,0.8118,17220.0,-0.3351
27061,"Itasca County, MN",MN,0.9457,0.4957,17890.0,19.11
27063,"Jackson County, MN",MN,-0.2343,-1.884,4287.0,2.533
27065,"Kanabec County, MN",MN,1.3,-1.53,6399.0,6.328
27067,"Kandiyohi County, MN",MN,-0.7459,1.02,18050.0,3.765
27069,"Kittson County, MN",MN,-0.2907,0.8952,1791.0,-13.9
27071,"Koochiching County, MN",MN,0.4209,0.2827,4877.0,6.487
27073,"Lac qui Parle County, MN",MN,-0.258,-1.57,2777.0,-5.146
27075,"Lake County, MN",MN,0.7488,-0.1059,4569.0,8.567
27077,"Lake of the Woods County, MN",MN,-0.132,-2.041,1698.0,9.01
27079,"Le Sueur County, MN",MN,0.472,0.1735,12280.0,2.943
27081,"Lincoln County, MN",MN,-0.1774,0.4264,2260.0,-3.627
27083,"Lyon County, MN",MN,-1.374,0.1788,10010.0,-5.925
27085,"McLeod County, MN",MN,0.07871,0.2261,15860.0,-1.323
27087,"Mahnomen County, MN",MN,-0.4228,-2.046,1888.0,0.2109
27089,"Marshall County, MN",MN,-0.336,1.265,3745.0,-0.3534
27091,"Martin County, MN",MN,-0.3335,1.036,8474.0,-5.762
27093,"Meeker County, MN",MN,-0.09986,-0.8434,9583.0,2.42
27095,"Mille Lacs County, MN",MN,1.395,0.6952,10500.0,9.59
27097,"Morrison County, MN",MN,0.4104,-0.7281,13800.0,7.533
27099,"Mower County, MN",MN,-0.5506,-0.5777,16070.0,-9.825
27101,"Murray County, MN",MN,-0.2746,-1.821,3469.0,2.574
27103,"Nicollet County, MN",MN,-0.5264,0.2679,13710.0,-9.087
27105,"Nobles County, MN",MN,-2.294,0.4232,8520.0,-2.726
27107,"Norman County, MN",MN,-0.8414,1.673,2577.0,-1.329
27109,"Olmsted County, MN",MN,-0.4368,0.1706,68880.0,-9.972
27111,"Otter Tail County, MN",MN,0.691,-0.4514,24840.0,15.27
27113,"Pennington County, MN",MN,-0.778,-0.2771,5835.0,-6.49
27115,"Pine County, MN",MN,2.077,-0.319,11210.0,10.94
27117,"Pipestone County, MN",MN,-0.2466,-0.3308,3719.0,-6.933
27119,"Polk County, MN",MN,-1.121,-0.3899,12110.0,-3.55
27121,"Pope County, MN",MN,1.099,-0.9963,4901.0,14.6
27123,"Ramsey County, MN",MN,-1.725,1.614,229100.0,-8.629
27125,"Red Lake County, MN",MN,-0.141,1.649,1601.0,0.7224
27127,"Redwood County, MN",MN,-0.4787,-1.383,6351.0,-5.217
27129,"Renville County, MN",MN,-0.0163,-0.6977,6154.0,-2.407
27131,"Rice County, MN",MN,-0.1317,-0.414,25600.0,3.861
27133,"Rock County, MN",MN,-0.329,0.1853,3814.0,-0.3824
27135,"Roseau County, MN",MN,-0.05852,0.9005,6364.0,-5.669
27137,"St. Louis County, MN",MN,-0.1555,0.6443,80610.0,1.556
27139,"Scott County, MN",MN,0.5946,-0.2716,60870.0,-4.216
27141,"Sherburne County, MN",MN,0.9174,-0.1481,38780.0,-3.996
27143,"Sibley County, MN",MN,0.06927,-0.1802,6442.0,-1.846
27145,"Stearns County, MN",MN,-0.3965,0.6775,64390.0,-2.961
27147,"Steele County, MN",MN,-0.1502,-0.8365,15790.0,-7.391
27149,"Stevens County, MN",MN,-1.564,-1.334,3831.0,-4.966
27151,"Swift County, MN",MN,-0.6318,-0.9336,3833.0,-1.362
27153,"Todd County, MN",MN,-0.01337,-2.512,9745.0,9.88
27155,"Traverse County, MN",MN,-1.286,-2.147,1343.0,1.612
27157,"Wabasha County, MN",MN,0.4229,0.6447,9469.0,8.276
27159,"Wadena County, MN",MN,0.537,-0.8884,5372.0,5.029
27161,"Waseca County, MN",MN,-0.1861,-0.4195,7727.0,0.5654
27163,"Washington County, MN",MN,0.9395,0.7331,112600.0,0.6206
27165,"Watonwan County, MN",MN,-1.674,0.1791,4298.0,-3.293
27167,"Wilkin County, MN",MN,-0.4513,1.133,2665.0,-10.0
27169,"Winona County, MN",MN,-0.6685,-0.0017,19250.0,-2.65
27171,"Wright County, MN",MN,1.561,-0.6896,56320.0,2.823
27173,"Yellow Medicine County, MN",MN,-0.5027,-1.426,3978.0,-1.383
28001,"Adams County, MS",MS,-1.121,-0.02024,9782.0,-0.188
28003,"Alcorn County, MS",MS,-0.2775,-0.5136,11460.0,-0.6236
28005,"Amite County, MS",MS,0.6984,1.081,4060.0,3.467
28007,"Attala County, MS",MS,-0.4604,1.5,6249.0,1.051
28009,"Benton County, MS",MS,0.2159,1.859,2822.0,6.748
28011,"Bolivar County, MS",MS,-2.07,0.5172,10840.0,-1.689
28013,"Calhoun County, MS",MS,-0.8345,-2.092,4932.0,-0.2963
28015,"Carroll County, MS",MS,0.3212,1.373,3502.0,0.2421
28017,"Chickasaw County, MS",MS,-0.7062,-0.3393,6180.0,-4.935
28019,"Choctaw County, MS",MS,0.03315,-0.45,2792.0,-2.277
28021,"Claiborne County, MS",MS,-0.9109,-0.585,2894.0,0.4416
28023,"Clarke County, MS",MS,-0.138,-0.5719,5500.0,-2.08
28025,"Clay County, MS",MS,-0.4104,0.4641,7148.0,4.177
28027,"Coahoma County, MS",MS,-2.074,-0.2474,7550.0,-0.5421
28029,"Copiah County, MS",MS,-0.9821,2.433,9607.0,3.1
28031,"Covington County, MS",MS,0.02058,0.2179,6602.0,-0.7682
28033,"DeSoto County, MS",MS,1.38,-1.496,70770.0,-1.083
28035,"Forrest County, MS",MS,-0.8467,0.6343,25730.0,2.1
28037,"Franklin County, MS",MS,-0.06862,-1.176,2659.0,4.113
28039,"George County, MS",MS,1.455,-0.3318,7712.0,3.725
28041,"Greene County, MS",MS,2.106,1.809,3582.0,-2.97
28043,"Grenada County, MS",MS,-0.8869,0.08402,7872.0,-1.765
28045,"Hancock County, MS",MS,1.207,0.6291,15690.0,11.37
28047,"Harrison County, MS",MS,0.3826,-0.8894,74510.0,5.764
28049,"Hinds County, MS",MS,-2.204,1.242,83200.0,-6.237
28051,"Holmes County, MS",MS,-1.618,1.904,5874.0,1.717
28053,"Humphreys County, MS",MS,-2.333,-1.05,2715.0,0.4163
28055,"Issaquena County, MS",MS,-0.1871,2.997,341.5,-13.75
28057,"Itawamba County, MS",MS,0.4332,-1.297,8073.0,1.885
28059,"Jackson County, MS",MS,0.4894,-0.5257,51870.0,4.497
28061,"Jasper County, MS",MS,0.02735,-1.228,5941.0,-4.787
28063,"Jefferson County, MS",MS,-0.66,1.477,2531.0,-3.081
28065,"Jefferson Davis County, MS",MS,-0.2101,0.08826,3966.0,4.306
28067,"Jones County, MS",MS,-0.3711,0.05415,22150.0,5.162
28069,"Kemper County, MS",MS,-0.8905,-0.1756,3210.0,1.09
28071,"Lafayette County, MS",MS,-0.2539,-0.09415,17780.0,10.53
28073,"Lamar County, MS",MS,0.2929,1.101,21410.0,4.739
28075,"Lauderdale County, MS",MS,-0.7484,-0.1288,25610.0,-4.127
28077,"Lawrence County, MS",MS,-0.5246,-1.309,4070.0,2.17
28079,"Leake County, MS",MS,-0.05119,-1.05,7046.0,-4.353
28081,"Lee County, MS",MS,-0.1878,0.3415,31530.0,-2.253
28083,"Leflore County, MS",MS,-2.001,0.3011,9780.0,-1.787
28085,"Lincoln County, MS",MS,0.3256,0.9045,11600.0,0.505
28087,"Lowndes County, MS",MS,-1.033,-0.6905,21170.0,-7.144
28089,"Madison County, MS",MS,0.828,0.661,41450.0,9.446
28091,"Marion County, MS",MS,0.04234,-0.206,7962.0,2.115
28093,"Marshall County, MS",MS,0.9644,-2.484,12720.0,4.906
28095,"Monroe County, MS",MS,0.2569,0.3366,12410.0,0.703
28097,"Montgomery County, MS",MS,-0.4655,-2.144,3517.0,0.3611
28099,"Neshoba County, MS",MS,-0.1721,-0.8656,9815.0,4.11
28101,"Newton County, MS",MS,-0.08643,1.785,7478.0,6.005
28103,"Noxubee County, MS",MS,-1.083,-2.512,3813.0,-5.1
28105,"Oktibbeha County, MS",MS,-2.453,-0.9254,15600.0,2.429
28107,"Panola County, MS",MS,-0.2485,0.2742,12080.0,0.9639
28109,"Pearl River County, MS",MS,1.362,1.734,18300.0,8.335
28111,"Perry County, MS",MS,0.5272,-1.635,3779.0,-0.7874
28113,"Pike County, MS",MS,-0.4657,0.2692,13390.0,-1.664
28115,"Pontotoc County, MS",MS,0.4269,-1.549,11070.0,-2.837
28117,"Prentiss County, MS",MS,0.2258,-0.8397,8047.0,0.7806
28119,"Quitman County, MS",MS,-2.087,1.577,2236.0,-3.553
28121,"Rankin County, MS",MS,0.6239,0.218,56530.0,-6.025
28123,"Scott County, MS",MS,-1.081,-3.871,9292.0,0.08009
28125,"Sharkey County, MS",MS,-3.696,0.452,1459.0,-0.3046
28127,"Simpson County, MS",MS,-0.4229,2.305,8687.0,-1.678
28129,"Smith County, MS",MS,-0.1703,-1.088,5108.0,4.408
28131,"Stone County, MS",MS,1.594,-1.767,5770.0,3.842
28133,"Sunflower County, MS",MS,-1.781,1.314,7763.0,-3.358
28135,"Tallahatchie County, MS",MS,-1.627,-0.8349,4013.0,2.685
28137,"Tate County, MS",MS,1.126,1.082,9998.0,2.264
28139,"Tippah County, MS",MS,-0.3829,0.2614,7447.0,1.986
28141,"Tishomingo County, MS",MS,0.9293,0.1475,6227.0,8.464
28143,"Tunica County, MS",MS,-1.393,-2.558,3675.0,-4.515
28145,"Union County, MS",MS,0.43,0.3391,9901.0,5.385
28147,"Walthall County, MS",MS,0.4452,-0.736,4648.0,-1.319
28149,"Warren County, MS",MS,-1.528,0.4616,16820.0,2.567
28151,"Washington County, MS",MS,-1.928,0.5476,15860.0,-4.723
28153,"Wayne County, MS",MS,-0.1957,-0.5987,6975.0,-5.433
28155,"Webster County, MS",MS,0.5216,1.106,3363.0,7.091
28157,"Wilkinson County, MS",MS,-2.112,1.85,2686.0,2.66
28159,"Winston County, MS",MS,0.2175,1.071,6282.0,0.2722
28161,"Yalobusha County, MS",MS,0.3275,-1.511,4462.0,8.871
28163,"Yazoo County, MS",MS,-1.267,0.8406,7950.0,-1.954
29001,"Adair County, MO",MO,-1.76,0.5067,8343.0,2.297
29003,"Andrew County, MO",MO,0.1394,1.658,7280.0,2.934
29005,"Atchison County, MO",MO,-0.1465,-1.869,2081.0,-10.18
29007,"Audrain County, MO",MO,0.3352,-0.06557,8825.0,-3.54
29009,"Barry County, MO",MO,0.8957,-1.816,12530.0,4.245
29011,"Barton County, MO",MO,0.4058,1.032,4236.0,4.734
29013,"Bates County, MO",MO,1.018,0.296,6008.0,2.454
29015,"Benton County, MO",MO,3.41,0.581,7221.0,15.05
29017,"Bollinger County, MO",MO,0.5358,0.04728,4083.0,4.371
29019,"Boone County, MO",MO,-0.4582,0.709,67220.0,-4.062
29021,"Buchanan County, MO",MO,-0.8943,-0.4144,32760.0,-8.152
29023,"Butler County, MO",MO,0.1357,0.2783,14820.0,-2.172
29025,"Caldwell County, MO",MO,0.7588,1.818,3290.0,3.243
29027,"Callaway County, MO",MO,0.5718,-0.9148,16840.0,0.7944
29029,"Camden County, MO",MO,2.33,-0.3219,17280.0,26.72
29031,"Cape Girardeau County, MO",MO,0.2085,0.2025,30200.0,4.529
29033,"Carroll County, MO",MO,-0.055,-0.7889,3345.0,-0.7752
29035,"Carter County, MO",MO,1.931,0.8103,1990.0,10.54
29037,"Cass County, MO",MO,1.348,-0.4933,42470.0,4.023
29039,"Cedar County, MO",MO,1.856,-0.9968,4847.0,7.663
29041,"Chariton County, MO",MO,0.07279,-0.7272,2859.0,5.471
29043,"Christian County, MO",MO,1.671,-0.6521,33320.0,6.025
29045,"Clark County, MO",MO,-0.08281,0.7937,2486.0,2.209
29047,"Clay County, MO",MO,0.3864,0.7318,102200.0,-1.994
29049,"Clinton County, MO",MO,0.8863,1.64,8330.0,5.755
29051,"Cole County, MO",MO,0.1512,0.8762,31060.0,-3.414
29053,"Cooper County, MO",MO,0.6807,-1.675,6465.0,4.711
29055,"Crawford County, MO",MO,-0.1393,0.5151,8668.0,6.818
29057,"Dade County, MO",MO,1.215,0.9775,2686.0,7.725
29059,"Dallas County, MO",MO,2.048,-0.09491,5877.0,3.826
29061,"Daviess County, MO",MO,0.7699,-1.237,2995.0,4.939
29063,"DeKalb County, MO",MO,0.7413,-0.2957,3553.0,1.569
29065,"Dent County, MO",MO,1.36,0.625,5017.0,12.04
29067,"Douglas County, MO",MO,2.741,-0.9907,4396.0,6.897
29069,"Dunklin County, MO",MO,-0.5241,1.177,9011.0,-4.074
29071,"Franklin County, MO",MO,0.8242,0.04589,42610.0,-2.341
29073,"Gasconade County, MO",MO,0.729,0.2673,5981.0,5.636
29075,"Gentry County, MO",MO,0.6826,1.628,2357.0,12.95
29077,"Greene County, MO",MO,0.1085,0.6301,113900.0,-2.702
29079,"Grundy County, MO",MO,-0.03852,1.737,3417.0,-1.644
29081,"Harrison County, MO",MO,-0.5198,-0.9703,3030.0,7.896
29083,"Henry County, MO",MO,1.108,0.3127,8307.0,3.162
29085,"Hickory County, MO",MO,4.671,-0.9584,3158.0,20.31
29087,"Holt County, MO",MO,0.641,-0.09712,1727.0,3.4
29089,"Howard County, MO",MO,0.1185,0.4965,3604.0,6.732
29091,"Howell County, MO",MO,1.121,0.3091,13870.0,6.666
29093,"Iron County, MO",MO,0.945,1.989,3303.0,3.086
29095,"Jackson County, MO",MO,-0.3411,1.397,278400.0,-10.47
29097,"Jasper County, MO",MO,0.1401,0.2417,44130.0,-2.692
29099,"Jefferson County, MO",MO,0.8173,0.06559,90710.0,0.2058
29101,"Johnson County, MO",MO,-0.8573,-0.7205,19560.0,2.058
29103,"Knox County, MO",MO,0.3207,-1.541,1426.0,-6.36
29105,"Laclede County, MO",MO,0.6403,-0.4302,13010.0,4.642
29107,"Lafayette County, MO",MO,0.5468,-0.7042,12590.0,3.995
29109,"Lawrence County, MO",MO,0.9673,0.573,13740.0,0.8647
29111,"Lewis County, MO",MO,0.2955,1.039,3509.0,6.108
29113,"Lincoln County, MO",MO,2.734,0.1043,23100.0,7.483
29115,"Linn County, MO",MO,0.6287,-1.175,4617.0,4.886
29117,"Livingston County, MO",MO,0.8088,-0.922,5410.0,3.549
29119,"McDonald County, MO",MO,0.5594,-0.8249,7717.0,5.155
29121,"Macon County, MO",MO,-0.1379,0.1675,6009.0,1.749
29123,"Madison County, MO",MO,1.286,2.106,4276.0,5.318
29125,"Maries County, MO",MO,0.4929,-0.3608,3183.0,12.65
29127,"Marion County, MO",MO,-0.009262,0.3336,10900.0,1.518
29129,"Mercer County, MO",MO,-1.019,-1.703,1309.0,-1.561
29131,"Miller County, MO",MO,1.248,-1.38,9016.0,0.9377
29133,"Mississippi County, MO",MO,0.09312,0.576,4012.0,1.791
29135,"Moniteau County, MO",MO,0.1272,0.8736,5748.0,0.9928
29137,"Monroe County, MO",MO,0.783,1.006,3305.0,4.861
29139,"Montgomery County, MO",MO,1.733,0.00487,4351.0,6.246
29141,"Morgan County, MO",MO,2.038,-1.67,7411.0,14.53
29143,"New Madrid County, MO",MO,-1.113,-0.3428,5748.0,-3.317
29145,"Newton County, MO",MO,1.105,-0.696,20970.0,0.7414
29147,"Nodaway County, MO",MO,-2.022,0.5459,7450.0,-1.101
29149,"Oregon County, MO",MO,2.212,1.011,3249.0,2.014
29151,"Osage County, MO",MO,-0.6023,-1.609,5241.0,7.064
29153,"Ozark County, MO",MO,3.789,-1.696,3157.0,19.59
29155,"Pemiscot County, MO",MO,-1.286,1.451,5016.0,-3.876
29157,"Perry County, MO",MO,0.1589,-0.2328,7655.0,3.503
29159,"Pettis County, MO",MO,-0.1175,-0.01575,15720.0,-0.3884
29161,"Phelps County, MO",MO,-0.369,0.4028,15490.0,0.9015
29163,"Pike County, MO",MO,1.153,-0.009846,6081.0,8.101
29165,"Platte County, MO",MO,1.167,0.5322,42800.0,-10.31
29167,"Polk County, MO",MO,1.428,-0.5161,11010.0,4.916
29169,"Pulaski County, MO",MO,-0.5739,-0.4862,16030.0,-5.459
29171,"Putnam County, MO",MO,0.2173,-0.5257,1707.0,11.77
29173,"Ralls County, MO",MO,0.8517,-2.176,4025.0,10.08
29175,"Randolph County, MO",MO,0.5141,0.2956,8922.0,-5.563
29177,"Ray County, MO",MO,0.7254,-0.8218,8926.0,7.568
29179,"Reynolds County, MO",MO,0.7506,-0.8162,2053.0,3.454
29181,"Ripley County, MO",MO,0.7432,1.675,4098.0,5.703
29183,"St. Charles County, MO",MO,0.7176,0.4137,165300.0,-1.924
29185,"St. Clair County, MO",MO,3.245,1.035,3163.0,5.243
29186,"Ste. Genevieve County, MO",MO,0.5565,-1.22,7125.0,20.09
29187,"St. Francois County, MO",MO,0.9032,0.9581,22750.0,-0.7885
29189,"St. Louis County, MO",MO,-0.6283,1.378,409300.0,-6.132
29195,"Saline County, MO",MO,-0.7187,0.1582,8270.0,-1.466
29197,"Schuyler County, MO",MO,-0.8373,-0.831,1467.0,0.05934
29199,"Scotland County, MO",MO,-0.8718,-0.5142,1682.0,-2.943
29201,"Scott County, MO",MO,-0.2064,-0.03511,14190.0,-1.614
29203,"Shannon County, MO",MO,2.46,-2.502,2585.0,7.418
29205,"Shelby County, MO",MO,-0.1899,1.693,2372.0,0.06813
29207,"Stoddard County, MO",MO,0.2207,0.8561,10170.0,1.932
29209,"Stone County, MO",MO,2.214,0.003784,12190.0,22.21
29211,"Sullivan County, MO",MO,-1.954,-1.998,2253.0,4.657
29213,"Taney County, MO",MO,0.6228,-0.5062,21370.0,12.49
29215,"Texas County, MO",MO,2.622,1.014,8116.0,3.199
29217,"Vernon County, MO",MO,-0.06352,-0.981,7228.0,3.233
29219,"Warren County, MO",MO,2.623,-1.32,14180.0,8.944
29221,"Washington County, MO",MO,0.6758,1.78,7636.0,12.75
29223,"Wayne County, MO",MO,0.8794,2.332,3853.0,5.483
29225,"Webster County, MO",MO,1.709,-0.2793,13510.0,13.48
29227,"Worth County, MO",MO,-0.4416,-3.617,754.7,-5.929
29229,"Wright County, MO",MO,1.549,-0.3535,6097.0,6.947
29510,"St. Louis city, MO",MO,-2.207,1.474,115900.0,-17.33
30001,"Beaverhead County, MT",MT,1.17,-0.02922,3723.0,14.71
30003,"Big Horn County, MT",MT,-0.6153,1.752,3554.0,3.066
30005,"Blaine County, MT",MT,-0.2264,0.6511,2116.0,3.784
30007,"Broadwater County, MT",MT,6.878,-2.127,2529.0,17.14
30009,"Carbon County, MT",MT,3.413,0.1733,4423.0,13.58
30013,"Cascade County, MT",MT,0.1048,0.626,34080.0,1.222
30015,"Chouteau County, MT",MT,1.311,-1.319,1872.0,-4.311
30017,"Custer County, MT",MT,0.1605,-0.4252,4548.0,0.8153
30021,"Dawson County, MT",MT,-0.8537,-0.5326,3422.0,-8.744
30023,"Deer Lodge County, MT",MT,1.08,-0.6178,3639.0,7.409
30025,"Fallon County, MT",MT,-0.08889,-1.835,1088.0,-9.32
30027,"Fergus County, MT",MT,1.456,0.0998,4709.0,10.76
30029,"Flathead County, MT",MT,2.818,-0.002465,44840.0,39.39
30031,"Gallatin County, MT",MT,0.4141,0.2097,50420.0,53.82
30035,"Glacier County, MT",MT,-0.183,1.967,4314.0,-1.862
30037,"Golden Valley County, MT",MT,-0.4183,-2.895,370.0,-3.586
30039,"Granite County, MT",MT,2.345,0.7983,1224.0,21.76
30041,"Hill County, MT",MT,-0.8729,0.6632,6230.0,-9.912
30043,"Jefferson County, MT",MT,3.384,0.05819,4988.0,21.81
30045,"Judith Basin County, MT",MT,1.225,2.284,809.0,8.468
30047,"Lake County, MT",MT,2.867,-0.5836,11290.0,37.07
30049,"Lewis and Clark County, MT",MT,1.891,1.092,30200.0,4.278
30051,"Liberty County, MT",MT,-1.228,-5.678,737.0,4.2
30053,"Lincoln County, MT",MT,5.021,0.2635,7421.0,21.7
30055,"McCone County, MT",MT,0.2367,-5.059,699.3,6.444
30057,"Madison County, MT",MT,4.346,-1.978,3621.0,49.51
30059,"Meagher County, MT",MT,2.404,-3.391,807.3,13.03
30061,"Mineral County, MT",MT,5.999,0.333,1739.0,18.59
30063,"Missoula County, MT",MT,0.5141,0.5356,51090.0,13.75
30065,"Musselshell County, MT",MT,4.379,-2.041,1709.0,13.94
30067,"Park County, MT",MT,2.297,-0.5269,7891.0,7.674
30071,"Phillips County, MT",MT,0.9706,1.389,1575.0,6.836
30073,"Pondera County, MT",MT,1.249,0.849,2355.0,-1.869
30077,"Powell County, MT",MT,3.538,0.9321,2323.0,12.28
30079,"Prairie County, MT",MT,0.7177,-3.617,418.0,-12.5
30081,"Ravalli County, MT",MT,3.38,-0.3124,18450.0,35.98
30083,"Richland County, MT",MT,-1.189,-0.7542,4662.0,-8.202
30085,"Roosevelt County, MT",MT,-1.118,-1.127,3226.0,-12.62
30087,"Rosebud County, MT",MT,-0.8614,0.8631,3037.0,-10.1
30089,"Sanders County, MT",MT,4.76,-0.1078,4577.0,26.8
30091,"Sheridan County, MT",MT,0.3383,-0.7634,1470.0,1.697
30093,"Silver Bow County, MT",MT,1.138,0.2283,14090.0,6.167
30095,"Stillwater County, MT",MT,2.16,-1.303,3858.0,17.38
30097,"Sweet Grass County, MT",MT,2.501,-1.168,1424.0,16.05
30099,"Teton County, MT",MT,0.8154,-0.4171,2580.0,0.5712
30101,"Toole County, MT",MT,2.019,-1.133,1878.0,-12.65
30103,"Treasure County, MT",MT,0.3534,-3.617,283.0,18.44
30105,"Valley County, MT",MT,0.07015,0.5599,2941.0,9.962
30107,"Wheatland County, MT",MT,0.1041,-1.419,765.3,1.543
30111,"Yellowstone County, MT",MT,1.072,-0.03621,67790.0,1.125
31001,"Adams County, NE",NE,-0.7522,0.03341,12180.0,-4.233
31003,"Antelope County, NE",NE,-0.4503,1.577,2525.0,0.1994
31011,"Boone County, NE",NE,0.07262,-0.6391,2211.0,-0.8812
31013,"Box Butte County, NE",NE,-1.016,-0.9271,4341.0,-9.129
31015,"Boyd County, NE",NE,0.4808,-3.331,728.0,7.88
31017,"Brown County, NE",NE,-0.3882,-0.8732,1203.0,6.346
31019,"Buffalo County, NE",NE,-0.3582,0.02133,19200.0,-1.981
31021,"Burt County, NE",NE,0.632,-1.262,2639.0,3.805
31023,"Butler County, NE",NE,0.102,-1.184,3348.0,10.08
31025,"Cass County, NE",NE,0.9388,0.3422,10890.0,9.336
31027,"Cedar County, NE",NE,-0.1024,0.9628,3326.0,3.676
31029,"Chase County, NE",NE,0.2053,-1.5,1429.0,-11.1
31031,"Cherry County, NE",NE,0.2499,0.4853,2240.0,-4.742
31033,"Cheyenne County, NE",NE,0.3897,1.473,3789.0,-4.682
31035,"Clay County, NE",NE,0.09859,2.166,2418.0,3.979
31037,"Colfax County, NE",NE,-2.056,1.443,4269.0,-3.087
31039,"Cuming County, NE",NE,-0.2329,-0.8251,3597.0,-8.688
31041,"Custer County, NE",NE,0.1072,0.4328,4291.0,-3.943
31043,"Dakota County, NE",NE,-1.923,-0.1694,8649.0,-1.635
31045,"Dawes County, NE",NE,-2.095,0.6233,2938.0,2.871
31047,"Dawson County, NE",NE,-1.232,-0.5691,9662.0,1.405
31049,"Deuel County, NE",NE,5.151,-0.3875,698.3,1.631
31051,"Dixon County, NE",NE,-0.3596,-3.601,2227.0,2.584
31053,"Dodge County, NE",NE,-0.4286,-0.8876,14850.0,-3.168
31055,"Douglas County, NE",NE,-0.5286,1.372,231800.0,-16.22
31057,"Dundy County, NE",NE,0.866,-3.274,641.0,-17.08
31059,"Fillmore County, NE",NE,0.1256,-1.565,2301.0,-18.88
31061,"Franklin County, NE",NE,-0.6446,-0.6092,1183.0,6.409
31063,"Frontier County, NE",NE,-0.009014,3.512,930.0,-3.933
31065,"Furnas County, NE",NE,-0.6194,0.6017,1855.0,2.695
31067,"Gage County, NE",NE,0.3502,0.07789,8751.0,-1.247
31069,"Garden County, NE",NE,2.954,-3.617,712.0,5.244
31071,"Garfield County, NE",NE,0.5577,-1.972,692.3,8.199
31073,"Gosper County, NE",NE,0.4701,-2.839,773.7,3.835
31077,"Greeley County, NE",NE,-0.08421,-0.04284,907.0,8.897
31079,"Hall County, NE",NE,-1.199,0.2436,25210.0,-8.666
31081,"Hamilton County, NE",NE,0.1329,1.21,3821.0,6.994
31083,"Harlan County, NE",NE,0.348,0.8247,1236.0,6.309
31085,"Hayes County, NE",NE,0.0,3.178,343.0,17.1
31087,"Hitchcock County, NE",NE,0.03684,1.071,1001.0,7.835
31089,"Holt County, NE",NE,-0.3676,0.4584,4077.0,6.11
31093,"Howard County, NE",NE,0.6059,-0.89,2568.0,3.395
31095,"Jefferson County, NE",NE,0.2154,-1.308,2871.0,-3.004
31097,"Johnson County, NE",NE,0.9832,-1.429,1727.0,-3.374
31099,"Kearney County, NE",NE,0.5417,-0.9798,2711.0,2.984
31101,"Keith County, NE",NE,-0.5979,-1.406,3289.0,6.338
31105,"Kimball County, NE",NE,0.5657,-2.102,1319.0,7.59
31107,"Knox County, NE",NE,-0.3521,1.437,3270.0,-7.636
31109,"Lancaster County, NE",NE,-0.4384,0.7995,127000.0,-1.499
31111,"Lincoln County, NE",NE,-0.989,0.5753,13670.0,-3.511
31119,"Madison County, NE",NE,-0.8765,0.1625,14160.0,-1.566
31121,"Merrick County, NE",NE,0.7727,-0.4167,3016.0,5.239
31123,"Morrill County, NE",NE,-0.0107,-1.443,1769.0,5.434
31125,"Nance County, NE",NE,-0.7086,-1.442,1335.0,-1.319
31127,"Nemaha County, NE",NE,0.956,-0.7917,2518.0,-0.8599
31129,"Nuckolls County, NE",NE,0.986,-1.688,1701.0,8.498
31131,"Otoe County, NE",NE,0.7364,-0.7501,6481.0,5.865
31133,"Pawnee County, NE",NE,0.2683,-2.51,1017.0,0.5764
31135,"Perkins County, NE",NE,0.6369,0.6352,1095.0,13.6
31137,"Phelps County, NE",NE,0.795,0.2781,3648.0,-5.444
31139,"Pierce County, NE",NE,0.1037,0.9383,2866.0,-3.476
31141,"Platte County, NE",NE,-0.3883,-0.06814,14380.0,-1.724
31143,"Polk County, NE",NE,0.5327,-1.704,2152.0,4.921
31145,"Red Willow County, NE",NE,-0.6455,0.2894,4138.0,0.9373
31147,"Richardson County, NE",NE,-0.1928,1.214,3115.0,3.575
31149,"Rock County, NE",NE,-0.615,-3.617,555.0,-18.41
31151,"Saline County, NE",NE,-1.274,1.73,5550.0,0.4928
31153,"Sarpy County, NE",NE,1.018,0.1452,76160.0,0.09588
31155,"Saunders County, NE",NE,1.493,0.1099,8806.0,33.66
31157,"Scotts Bluff County, NE",NE,-0.4357,0.9036,13710.0,-5.008
31159,"Seward County, NE",NE,0.1347,0.01021,6535.0,2.424
31161,"Sheridan County, NE",NE,-0.391,2.91,1948.0,-4.739
31163,"Sherman County, NE",NE,0.01127,1.14,1217.0,9.294
31165,"Sioux County, NE",NE,-0.2304,0.9808,434.0,-30.27
31167,"Stanton County, NE",NE,-0.2971,-1.033,2273.0,-2.349
31169,"Thayer County, NE",NE,-0.6001,-0.6374,2025.0,-7.956
31173,"Thurston County, NE",NE,-1.393,3.754,2273.0,8.635
31175,"Valley County, NE",NE,0.2105,0.02467,1611.0,6.67
31177,"Washington County, NE",NE,1.128,-0.5242,8365.0,3.666
31179,"Wayne County, NE",NE,-2.139,0.773,3162.0,0.9691
31181,"Webster County, NE",NE,-0.2023,-1.147,1309.0,-0.1478
31183,"Wheeler County, NE",NE,-1.807,-3.399,332.0,-10.3
31185,"York County, NE",NE,0.7393,-0.6815,5596.0,-4.151
32001,"Churchill County, NV",NV,1.383,-0.7687,10090.0,0.4382
32003,"Clark County, NV",NV,1.015,-0.2982,915800.0,29.71
32005,"Douglas County, NV",NV,1.43,-0.7311,23360.0,67.9
32007,"Elko County, NV",NV,0.2863,-1.196,20040.0,-14.99
32011,"Eureka County, NV",NV,0.6904,-3.617,653.0,-7.107
32013,"Humboldt County, NV",NV,0.1344,-1.719,6663.0,-15.88
32015,"Lander County, NV",NV,-0.3176,-2.252,2014.0,-4.034
32017,"Lincoln County, NV",NV,1.767,-1.954,1447.0,8.045
32019,"Lyon County, NV",NV,2.732,-1.133,24880.0,8.947
32021,"Mineral County, NV",NV,0.9859,-2.381,1673.0,-8.231
32023,"Nye County, NV",NV,4.618,-1.049,17720.0,11.37
32027,"Pershing County, NV",NV,2.299,-2.044,1787.0,-6.107
32029,"Storey County, NV",NV,2.323,-4.156,1785.0,1.669
32031,"Washoe County, NV",NV,0.6671,-0.1715,206800.0,50.75
32033,"White Pine County, NV",NV,0.9315,-1.768,3470.0,-7.957
32510,"Carson City, NV",NV,1.003,0.3634,24900.0,15.33
33001,"Belknap County, NH",NH,1.572,-0.3167,28810.0,43.71
33003,"Carroll County, NH",NH,2.618,-0.761,22690.0,55.18
33005,"Cheshire County, NH",NH,1.146,0.2616,32520.0,9.934
33007,"Coos County, NH",NH,1.444,-0.3624,12830.0,9.864
33009,"Grafton County, NH",NH,0.7739,0.7907,38370.0,26.64
33011,"Hillsborough County, NH",NH,0.2083,1.073,185000.0,0.9168
33013,"Merrimack County, NH",NH,1.06,1.286,65520.0,10.23
33015,"Rockingham County, NH",NH,0.8398,0.6346,142600.0,21.43
33017,"Strafford County, NH",NH,0.7995,0.6486,54620.0,6.458
33019,"Sullivan County, NH",NH,1.337,-0.5538,18610.0,30.26
34001,"Atlantic County, NJ",NJ,0.1548,-0.2044,112900.0,13.68
34003,"Bergen County, NJ",NJ,-0.499,1.205,394000.0,-8.127
34005,"Burlington County, NJ",NJ,0.3391,1.078,190600.0,-14.89
34007,"Camden County, NJ",NJ,0.0006245,0.9368,207300.0,-17.2
34009,"Cape May County, NJ",NJ,0.7077,-0.5323,41190.0,30.08
34011,"Cumberland County, NJ",NJ,-0.2993,-0.4669,55470.0,-5.126
34013,"Essex County, NJ",NJ,-1.24,1.144,315100.0,0.6007
34015,"Gloucester County, NJ",NJ,0.4722,-0.1602,120000.0,-4.307
34017,"Hudson County, NJ",NJ,-1.468,1.155,297300.0,-26.69
34019,"Hunterdon County, NJ",NJ,0.3946,0.1888,53480.0,-39.2
34021,"Mercer County, NJ",NJ,-0.9176,1.488,148900.0,-6.576
34023,"Middlesex County, NJ",NJ,-0.7952,0.5818,349700.0,-13.26
34025,"Monmouth County, NJ",NJ,-0.1334,0.935,265000.0,12.23
34027,"Morris County, NJ",NJ,-0.07524,1.666,211900.0,-10.56
34029,"Ocean County, NJ",NJ,1.016,0.7842,245900.0,10.19
34031,"Passaic County, NJ",NJ,-1.418,0.8024,213900.0,-3.153
34033,"Salem County, NJ",NJ,0.4886,0.3382,25520.0,-2.24
34035,"Somerset County, NJ",NJ,-0.1846,1.845,142300.0,-28.64
34037,"Sussex County, NJ",NJ,0.6188,0.1588,60990.0,-2.484
34039,"Union County, NJ",NJ,-0.9536,0.9525,231700.0,-3.578
34041,"Warren County, NJ",NJ,0.6759,1.075,45960.0,-12.12
35001,"Bernalillo County, NM",NM,-0.2754,0.9884,272100.0,-1.169
35003,"Catron County, NM",NM,6.034,1.597,1154.0,21.12
35005,"Chaves County, NM",NM,-0.7837,0.3224,21780.0,-7.232
35006,"Cibola County, NM",NM,0.2533,0.7925,8167.0,-5.567
35007,"Colfax County, NM",NM,1.201,-1.227,4631.0,14.32
35009,"Curry County, NM",NM,-1.649,-0.3509,17610.0,-6.08
35011,"De Baca County, NM",NM,-0.513,-2.966,611.0,2.862
35013,"Do??a Ana County, NM",NM,0.3959,0.37,81620.0,5.332
35015,"Eddy County, NM",NM,-1.337,-0.873,20630.0,-4.781
35017,"Grant County, NM",NM,0.5888,-0.3499,10580.0,-0.9999
35019,"Guadalupe County, NM",NM,-0.2934,-1.696,1485.0,-0.8829
35023,"Hidalgo County, NM",NM,-0.5643,-1.237,1459.0,-0.1329
35025,"Lea County, NM",NM,-1.72,-1.541,23830.0,-12.84
35027,"Lincoln County, NM",NM,0.9621,-1.393,7751.0,17.59
35028,"Los Alamos County, NM",NM,-0.1505,1.471,8309.0,-23.28
35029,"Luna County, NM",NM,0.3402,-1.004,9166.0,-0.8313
35031,"McKinley County, NM",NM,-2.932,1.224,25540.0,-2.93
35033,"Mora County, NM",NM,1.002,1.624,1619.0,-1.47
35035,"Otero County, NM",NM,0.2298,-0.2942,24080.0,-5.166
35037,"Quay County, NM",NM,0.5856,-1.696,2957.0,5.79
35039,"Rio Arriba County, NM",NM,-0.01845,0.02686,14180.0,5.598
35041,"Roosevelt County, NM",NM,-1.734,-1.254,6158.0,-5.959
35043,"Sandoval County, NM",NM,1.926,1.379,58970.0,6.01
35045,"San Juan County, NM",NM,0.6362,-0.4209,41820.0,-8.788
35047,"San Miguel County, NM",NM,-0.1524,1.559,9651.0,3.114
35049,"Santa Fe County, NM",NM,0.7171,0.3488,67230.0,18.59
35051,"Sierra County, NM",NM,1.817,0.5813,4173.0,9.508
35053,"Socorro County, NM",NM,-0.9632,0.28,5723.0,1.266
35055,"Taos County, NM",NM,1.13,-0.3731,13260.0,18.68
35057,"Torrance County, NM",NM,1.713,-0.4992,5042.0,0.6766
35059,"Union County, NM",NM,-0.1651,-1.113,1321.0,-1.721
35061,"Valencia County, NM",NM,1.254,0.3293,27360.0,3.593
36001,"Albany County, NY",NY,-0.4851,1.776,131800.0,83.74
36003,"Allegany County, NY",NY,-0.3925,1.037,15990.0,-0.957
36005,"Bronx County, NY",NY,-3.416,1.72,571500.0,-7.769
36007,"Broome County, NY",NY,-0.9822,0.8343,76330.0,-6.907
36009,"Cattaraugus County, NY",NY,-0.3714,0.8365,29170.0,0.3137
36011,"Cayuga County, NY",NY,-0.3037,0.56,30260.0,-2.345
36013,"Chautauqua County, NY",NY,-0.3882,0.5408,48260.0,3.361
36015,"Chemung County, NY",NY,-0.6955,-0.2998,33440.0,-7.517
36017,"Chenango County, NY",NY,-0.3564,-0.2131,19350.0,0.5578
36019,"Clinton County, NY",NY,-0.2836,0.7236,32130.0,3.651
36021,"Columbia County, NY",NY,0.6606,-0.1867,26100.0,58.59
36023,"Cortland County, NY",NY,-0.6351,-0.2475,17670.0,-2.387
36025,"Delaware County, NY",NY,0.9085,0.09197,17200.0,20.66
36027,"Dutchess County, NY",NY,0.1789,1.207,122700.0,25.83
36029,"Erie County, NY",NY,-0.5321,1.309,387600.0,-8.614
36031,"Essex County, NY",NY,0.2532,0.1704,15390.0,15.22
36033,"Franklin County, NY",NY,0.1482,1.46,17680.0,1.0
36035,"Fulton County, NY",NY,0.1138,1.095,21570.0,4.158
36037,"Genesee County, NY",NY,-0.2868,0.6381,24190.0,-2.877
36039,"Greene County, NY",NY,0.9028,0.04082,19530.0,32.46
36041,"Hamilton County, NY",NY,0.7602,-1.111,2195.0,26.2
36043,"Herkimer County, NY",NY,-0.1041,0.6298,24300.0,-7.95
36045,"Jefferson County, NY",NY,-1.469,1.053,43320.0,0.1944
36047,"Kings County, NY",NY,-2.715,1.547,1070000.0,-7.177
36049,"Lewis County, NY",NY,0.2524,0.6749,10250.0,4.324
36051,"Livingston County, NY",NY,-0.3777,0.1379,24120.0,1.472
36053,"Madison County, NY",NY,-0.05757,-0.5321,27030.0,0.3641
36055,"Monroe County, NY",NY,-0.7376,1.543,315100.0,-8.28
36057,"Montgomery County, NY",NY,-0.1319,0.9491,19780.0,-4.375
36059,"Nassau County, NY",NY,-0.8582,1.307,607600.0,5.884
36061,"New York County, NY",NY,-3.694,2.208,743700.0,-82.19
36063,"Niagara County, NY",NY,-0.2291,0.6119,89760.0,-0.4441
36065,"Oneida County, NY",NY,-0.547,1.244,91080.0,-9.888
36067,"Onondaga County, NY",NY,-0.9029,1.119,193500.0,-12.53
36069,"Ontario County, NY",NY,0.2659,0.6341,47620.0,15.63
36071,"Orange County, NY",NY,-0.5387,1.028,156500.0,3.601
36073,"Orleans County, NY",NY,-0.2323,0.803,16020.0,3.661
36075,"Oswego County, NY",NY,-0.02955,0.7592,45810.0,0.505
36077,"Otsego County, NY",NY,-0.1329,0.6803,22860.0,13.88
36079,"Putnam County, NY",NY,0.005125,0.1129,42640.0,9.537
36081,"Queens County, NY",NY,-2.532,0.8584,1022000.0,-12.13
36083,"Rensselaer County, NY",NY,-0.5219,1.102,67720.0,-4.52
36085,"Richmond County, NY",NY,-0.9604,1.061,200000.0,-23.86
36087,"Rockland County, NY",NY,-1.428,1.143,123100.0,-15.08
36089,"St. Lawrence County, NY",NY,-0.2833,1.129,37730.0,-3.962
36091,"Saratoga County, NY",NY,0.7078,0.2133,102100.0,-82.06
36093,"Schenectady County, NY",NY,-0.2104,0.8449,66720.0,-11.58
36095,"Schoharie County, NY",NY,0.9357,0.8217,12140.0,4.276
36097,"Schuyler County, NY",NY,-0.1133,-1.129,7409.0,3.997
36099,"Seneca County, NY",NY,-0.7136,-0.2076,13270.0,5.437
36101,"Steuben County, NY",NY,-0.2795,1.473,37580.0,-4.935
36103,"Suffolk County, NY",NY,-0.3686,0.862,670400.0,48.84
36105,"Sullivan County, NY",NY,0.8664,1.089,29630.0,19.34
36107,"Tioga County, NY",NY,-0.2409,0.9496,19950.0,-4.372
36109,"Tompkins County, NY",NY,-1.701,1.044,36080.0,-0.9837
36111,"Ulster County, NY",NY,0.5218,0.6563,75150.0,33.94
36113,"Warren County, NY",NY,0.3152,0.343,28870.0,2.407
36115,"Washington County, NY",NY,0.1999,-0.7149,24610.0,6.915
36117,"Wayne County, NY",NY,0.09063,1.06,38220.0,2.527
36119,"Westchester County, NY",NY,-0.8307,1.143,410900.0,-5.161
36121,"Wyoming County, NY",NY,-0.2433,1.434,15900.0,-1.869
36123,"Yates County, NY",NY,-0.2505,-1.225,9424.0,24.36
37001,"Alamance County, NC",NC,1.454,-0.6218,64260.0,0.4893
37003,"Alexander County, NC",NC,1.092,0.7599,13520.0,4.371
37005,"Alleghany County, NC",NC,1.888,-0.4122,3981.0,23.71
37007,"Anson County, NC",NC,0.2567,-0.4021,8019.0,2.526
37009,"Ashe County, NC",NC,2.317,1.176,9804.0,27.58
37011,"Avery County, NC",NC,1.718,-0.5998,6143.0,30.56
37013,"Beaufort County, NC",NC,0.6807,-0.09016,17330.0,13.89
37015,"Bertie County, NC",NC,-0.6866,-0.2342,6389.0,4.294
37017,"Bladen County, NC",NC,0.9636,-2.517,10420.0,3.904
37019,"Brunswick County, NC",NC,6.295,-0.8241,59250.0,28.69
37021,"Buncombe County, NC",NC,1.188,0.3388,110700.0,19.58
37023,"Burke County, NC",NC,0.8122,-0.2284,32530.0,9.018
37025,"Cabarrus County, NC",NC,1.722,0.1754,83390.0,0.8864
37027,"Caldwell County, NC",NC,0.7048,0.8698,29440.0,7.313
37029,"Camden County, NC",NC,3.341,-1.98,4024.0,1.605
37031,"Carteret County, NC",NC,1.929,-0.6989,27720.0,39.57
37033,"Caswell County, NC",NC,1.091,1.09,7867.0,7.326
37035,"Catawba County, NC",NC,1.021,0.08976,62710.0,6.452
37037,"Chatham County, NC",NC,2.442,-0.0706,30640.0,35.58
37039,"Cherokee County, NC",NC,3.434,-0.08492,10370.0,14.1
37041,"Chowan County, NC",NC,1.321,-0.07064,5314.0,9.459
37043,"Clay County, NC",NC,3.854,0.1965,4153.0,15.42
37045,"Cleveland County, NC",NC,0.9327,0.2041,36130.0,3.642
37047,"Columbus County, NC",NC,0.532,0.4215,17620.0,1.581
37049,"Craven County, NC",NC,0.6876,0.5571,39750.0,4.962
37051,"Cumberland County, NC",NC,-0.5127,0.2378,121400.0,-5.935
37053,"Currituck County, NC",NC,3.833,-0.3024,11130.0,16.25
37055,"Dare County, NC",NC,1.48,-1.607,16770.0,34.48
37057,"Davidson County, NC",NC,1.474,-1.077,64350.0,6.258
37059,"Davie County, NC",NC,1.92,0.542,16830.0,10.85
37061,"Duplin County, NC",NC,0.4436,-3.043,17560.0,2.332
37063,"Durham County, NC",NC,-0.02361,1.553,127400.0,-1.86
37065,"Edgecombe County, NC",NC,0.06487,0.3029,17700.0,3.66
37067,"Forsyth County, NC",NC,0.4782,0.865,146500.0,-5.247
37069,"Franklin County, NC",NC,3.922,-0.4166,25120.0,7.648
37071,"Gaston County, NC",NC,1.731,-0.6462,85050.0,5.436
37073,"Gates County, NC",NC,0.2345,2.224,3857.0,-1.181
37075,"Graham County, NC",NC,0.5948,-0.1929,2853.0,13.41
37077,"Granville County, NC",NC,1.511,-0.9161,22230.0,-1.447
37079,"Greene County, NC",NC,0.4803,-0.6487,6301.0,-2.151
37081,"Guilford County, NC",NC,-0.1273,0.2688,204700.0,-2.48
37083,"Halifax County, NC",NC,-0.3763,0.003253,17360.0,3.214
37085,"Harnett County, NC",NC,1.918,0.1737,45620.0,3.019
37087,"Haywood County, NC",NC,1.849,-0.2625,24770.0,16.53
37089,"Henderson County, NC",NC,1.843,-0.1322,46970.0,17.02
37091,"Hertford County, NC",NC,-0.6753,0.5794,6936.0,-1.512
37093,"Hoke County, NC",NC,1.571,-0.1936,18070.0,-2.123
37095,"Hyde County, NC",NC,0.331,1.259,1683.0,0.9335
37097,"Iredell County, NC",NC,2.139,-0.4371,72060.0,3.333
37099,"Jackson County, NC",NC,0.8445,-0.6269,13700.0,18.74
37101,"Johnston County, NC",NC,3.68,-0.3136,78790.0,2.578
37103,"Jones County, NC",NC,0.9795,-2.18,3480.0,4.772
37105,"Lee County, NC",NC,1.874,0.1584,23130.0,6.959
37107,"Lenoir County, NC",NC,-0.03687,-0.1942,20090.0,-2.571
37109,"Lincoln County, NC",NC,3.209,-0.17,33660.0,15.57
37111,"McDowell County, NC",NC,1.286,-0.02248,16230.0,16.27
37113,"Macon County, NC",NC,2.256,-0.376,13770.0,28.77
37115,"Madison County, NC",NC,2.452,0.4311,7876.0,13.71
37117,"Martin County, NC",NC,-0.2799,1.63,8274.0,0.7749
37119,"Mecklenburg County, NC",NC,0.2617,0.9888,434600.0,-5.388
37121,"Mitchell County, NC",NC,1.79,1.15,5269.0,14.92
37123,"Montgomery County, NC",NC,0.9914,-1.813,9377.0,10.69
37125,"Moore County, NC",NC,2.652,0.1041,39640.0,28.33
37127,"Nash County, NC",NC,0.7715,-0.2706,36540.0,-2.381
37129,"New Hanover County, NC",NC,1.523,0.1449,89900.0,19.13
37131,"Northampton County, NC",NC,-0.08367,-2.023,6468.0,8.599
37133,"Onslow County, NC",NC,0.5128,-0.1874,69910.0,3.104
37135,"Orange County, NC",NC,-0.3636,1.004,52660.0,3.017
37137,"Pamlico County, NC",NC,3.255,0.6113,4723.0,29.96
37139,"Pasquotank County, NC",NC,1.02,-0.1876,15110.0,0.5129
37141,"Pender County, NC",NC,4.153,-0.9519,22390.0,20.94
37143,"Perquimans County, NC",NC,2.11,1.558,4998.0,12.37
37145,"Person County, NC",NC,1.364,1.045,14730.0,11.32
37147,"Pitt County, NC",NC,0.1148,-0.02873,61460.0,-6.782
37149,"Polk County, NC",NC,2.95,-0.1313,7835.0,28.55
37151,"Randolph County, NC",NC,0.9615,-0.3555,53560.0,0.666
37153,"Richmond County, NC",NC,0.02297,-0.5117,15250.0,0.9519
37155,"Robeson County, NC",NC,-0.01866,0.4383,39960.0,-4.387
37157,"Rockingham County, NC",NC,1.241,-0.2885,34260.0,2.486
37159,"Rowan County, NC",NC,1.395,0.04496,54160.0,6.338
37161,"Rutherford County, NC",NC,1.423,-0.1178,22680.0,9.729
37163,"Sampson County, NC",NC,0.1243,-1.146,21400.0,3.173
37165,"Scotland County, NC",NC,0.5619,0.4695,11460.0,-0.717
37167,"Stanly County, NC",NC,2.037,-0.1408,23100.0,6.969
37169,"Stokes County, NC",NC,1.512,-1.868,17000.0,5.896
37171,"Surry County, NC",NC,0.5989,0.09458,25960.0,6.955
37173,"Swain County, NC",NC,-0.2291,-0.5688,6771.0,10.15
37175,"Transylvania County, NC",NC,1.56,-0.2004,12700.0,25.17
37177,"Tyrrell County, NC",NC,1.073,3.346,1314.0,-0.003119
37179,"Union County, NC",NC,1.823,-0.1988,84970.0,6.577
37181,"Vance County, NC",NC,-0.09691,0.6784,15770.0,-0.9716
37183,"Wake County, NC",NC,0.7924,1.232,438900.0,1.596
37185,"Warren County, NC",NC,1.473,0.1597,6499.0,15.37
37187,"Washington County, NC",NC,-0.1423,1.57,4195.0,3.04
37189,"Watauga County, NC",NC,-1.057,-0.6562,16620.0,32.73
37191,"Wayne County, NC",NC,0.03058,0.1014,43830.0,-2.669
37193,"Wilkes County, NC",NC,0.5305,0.04213,23790.0,6.185
37195,"Wilson County, NC",NC,0.2429,0.4368,29570.0,-3.04
37197,"Yadkin County, NC",NC,1.186,0.02308,14040.0,2.88
37199,"Yancey County, NC",NC,2.192,-1.337,6570.0,12.59
38001,"Adams County, ND",ND,-0.558,-0.796,896.0,-4.118
38003,"Barnes County, ND",ND,-0.4578,0.4928,4317.0,-4.262
38005,"Benson County, ND",ND,-0.7395,2.693,1944.0,0.9961
38009,"Bottineau County, ND",ND,0.2562,-1.25,2632.0,0.7172
38011,"Bowman County, ND",ND,-0.7913,0.5504,1204.0,-5.919
38013,"Burke County, ND",ND,-0.9615,-0.4378,903.3,4.683
38015,"Burleigh County, ND",ND,-0.1289,0.2685,40050.0,-0.3167
38017,"Cass County, ND",ND,0.1265,0.6683,77620.0,-8.343
38019,"Cavalier County, ND",ND,-0.8091,-2.111,1560.0,-16.6
38021,"Dickey County, ND",ND,-1.132,-0.2573,1936.0,-4.222
38023,"Divide County, ND",ND,-0.3923,-2.315,894.5,-30.51
38025,"Dunn County, ND",ND,-2.63,-0.589,1680.0,-6.636
38027,"Eddy County, ND",ND,-0.295,-0.4625,902.0,2.501
38029,"Emmons County, ND",ND,-0.06795,-0.5168,1349.0,8.271
38031,"Foster County, ND",ND,-1.201,-0.5108,1386.0,-8.804
38035,"Grand Forks County, ND",ND,-2.03,0.176,28070.0,-3.544
38037,"Grant County, ND",ND,-0.6345,-1.958,939.0,23.66
38039,"Griggs County, ND",ND,-0.4365,-3.252,919.7,-5.165
38041,"Hettinger County, ND",ND,-0.5315,0.9043,953.0,-0.02544
38043,"Kidder County, ND",ND,-0.5157,-2.42,975.7,-4.557
38045,"LaMoure County, ND",ND,0.157,1.596,1626.0,12.37
38047,"Logan County, ND",ND,-1.202,0.7314,747.7,2.75
38049,"McHenry County, ND",ND,0.04287,1.722,2227.0,-4.106
38051,"McIntosh County, ND",ND,-0.7216,-2.12,1060.0,-12.95
38053,"McKenzie County, ND",ND,-2.388,-1.731,4715.0,-10.3
38055,"McLean County, ND",ND,0.58,1.761,3894.0,11.78
38057,"Mercer County, ND",ND,0.4261,-1.149,3360.0,-8.548
38059,"Morton County, ND",ND,0.4767,-0.1418,13610.0,-2.396
38061,"Mountrail County, ND",ND,-2.881,-1.413,3663.0,-4.157
38063,"Nelson County, ND",ND,0.1084,-1.504,1215.0,-2.558
38065,"Oliver County, ND",ND,-0.1922,-3.617,733.7,1.141
38067,"Pembina County, ND",ND,-0.1264,-1.437,2862.0,-6.851
38069,"Pierce County, ND",ND,-0.6356,-1.179,1623.0,-1.729
38071,"Ramsey County, ND",ND,-1.177,-0.6482,4756.0,3.109
38073,"Ransom County, ND",ND,-1.006,0.7659,2253.0,-2.015
38075,"Renville County, ND",ND,-2.249,-0.2025,979.0,-8.277
38077,"Richland County, ND",ND,-0.2169,0.2761,6687.0,-5.177
38079,"Rolette County, ND",ND,-0.9178,2.281,4259.0,-3.313
38081,"Sargent County, ND",ND,-0.3423,-1.655,1735.0,-8.204
38085,"Sioux County, ND",ND,-0.7381,2.527,967.0,-0.8628
38089,"Stark County, ND",ND,-1.729,-0.807,13240.0,-4.6
38091,"Steele County, ND",ND,-0.6735,-2.726,780.0,6.191
38093,"Stutsman County, ND",ND,-0.4997,-0.6662,8620.0,-5.32
38095,"Towner County, ND",ND,-1.822,0.2133,910.3,-6.989
38097,"Traill County, ND",ND,-0.6773,-1.445,3161.0,-5.145
38099,"Walsh County, ND",ND,-0.6374,1.399,4417.0,-2.793
38101,"Ward County, ND",ND,-2.122,-0.378,28210.0,-6.078
38103,"Wells County, ND",ND,0.3215,-1.847,1660.0,-0.02972
38105,"Williams County, ND",ND,-3.533,-1.156,15280.0,-10.06
39001,"Adams County, OH",OH,0.194,0.9177,9428.0,11.96
39003,"Allen County, OH",OH,-0.6243,-0.07131,40460.0,-4.842
39005,"Ashland County, OH",OH,0.2033,-0.02983,21290.0,3.929
39007,"Ashtabula County, OH",OH,0.201,-0.4206,38220.0,3.335
39009,"Athens County, OH",OH,-1.551,0.4546,19170.0,-1.733
39011,"Auglaize County, OH",OH,-0.1348,-0.03119,19730.0,-3.163
39013,"Belmont County, OH",OH,0.03787,-0.7362,26090.0,-3.356
39015,"Brown County, OH",OH,0.4018,0.9447,16580.0,5.166
39017,"Butler County, OH",OH,-0.2026,0.2903,149200.0,-6.364
39019,"Carroll County, OH",OH,0.6447,0.4049,10730.0,6.655
39021,"Champaign County, OH",OH,0.437,-0.9318,15970.0,3.125
39023,"Clark County, OH",OH,0.03165,0.09428,53490.0,-1.893
39025,"Clermont County, OH",OH,0.528,-0.2207,84680.0,0.2448
39027,"Clinton County, OH",OH,0.3767,0.6736,16530.0,0.9703
39029,"Columbiana County, OH",OH,0.034,-0.0699,39880.0,2.887
39031,"Coshocton County, OH",OH,0.4034,0.6419,13870.0,4.075
39033,"Crawford County, OH",OH,0.1294,-0.1181,17500.0,2.021
39035,"Cuyahoga County, OH",OH,-0.817,1.341,520900.0,-18.45
39037,"Darke County, OH",OH,-0.05765,-0.6728,21200.0,0.2551
39039,"Defiance County, OH",OH,-0.08803,0.1249,16100.0,-4.091
39041,"Delaware County, OH",OH,2.183,1.112,84140.0,-6.124
39043,"Erie County, OH",OH,-0.04268,-0.6992,32940.0,7.707
39045,"Fairfield County, OH",OH,1.018,-0.9416,62760.0,-3.654
39047,"Fayette County, OH",OH,0.1719,-0.9917,11310.0,-1.279
39049,"Franklin County, OH",OH,-1.008,1.234,541900.0,-13.14
39051,"Fulton County, OH",OH,-0.4276,-0.6285,17930.0,0.9548
39053,"Gallia County, OH",OH,0.01277,0.5019,10260.0,1.98
39055,"Geauga County, OH",OH,-0.006434,-0.1047,38900.0,4.176
39057,"Greene County, OH",OH,-0.1478,1.36,66920.0,-2.029
39059,"Guernsey County, OH",OH,0.06839,0.1413,15430.0,0.8186
39061,"Hamilton County, OH",OH,-0.8846,1.226,337600.0,-15.13
39063,"Hancock County, OH",OH,-0.3133,0.2778,31590.0,-18.17
39065,"Hardin County, OH",OH,-0.585,0.6584,11350.0,-0.2727
39067,"Harrison County, OH",OH,0.06156,1.598,5600.0,4.577
39069,"Henry County, OH",OH,-0.07848,-1.487,11910.0,-0.966
39071,"Highland County, OH",OH,0.2673,-0.8266,16110.0,1.77
39073,"Hocking County, OH",OH,0.2574,0.767,10700.0,8.51
39075,"Holmes County, OH",OH,-0.4392,-1.414,15080.0,1.449
39077,"Huron County, OH",OH,-0.2382,-0.5041,24450.0,-2.247
39079,"Jackson County, OH",OH,0.4637,0.2414,11780.0,8.18
39081,"Jefferson County, OH",OH,-0.06438,0.1575,25690.0,-1.561
39083,"Knox County, OH",OH,0.5099,-0.7207,23500.0,12.46
39085,"Lake County, OH",OH,0.2573,0.01208,105200.0,-4.563
39087,"Lawrence County, OH",OH,-0.2207,0.03162,21720.0,0.7215
39089,"Licking County, OH",OH,0.892,0.391,72090.0,-0.8242
39091,"Logan County, OH",OH,0.1059,-1.886,19440.0,6.554
39093,"Lorain County, OH",OH,0.9239,0.09254,130500.0,-4.48
39095,"Lucas County, OH",OH,-0.4607,0.7105,170300.0,-9.424
39097,"Madison County, OH",OH,1.114,-1.48,16260.0,2.469
39099,"Mahoning County, OH",OH,-0.03776,0.3579,93990.0,-4.224
39101,"Marion County, OH",OH,0.2508,-0.7788,24220.0,-4.255
39103,"Medina County, OH",OH,0.2744,-0.1605,78600.0,2.33
39105,"Meigs County, OH",OH,0.03057,0.2948,7997.0,4.168
39107,"Mercer County, OH",OH,-0.5713,-0.7297,17760.0,8.161
39109,"Miami County, OH",OH,0.6285,-0.5865,44790.0,-2.709
39111,"Monroe County, OH",OH,-0.09444,0.08231,5321.0,1.759
39113,"Montgomery County, OH",OH,-0.2162,1.066,217400.0,-7.425
39115,"Morgan County, OH",OH,0.25,-0.7554,5265.0,6.186
39117,"Morrow County, OH",OH,0.9743,1.064,13590.0,8.59
39119,"Muskingum County, OH",OH,-0.008001,-0.1734,34290.0,3.233
39121,"Noble County, OH",OH,0.4416,-0.1546,4764.0,-0.5616
39123,"Ottawa County, OH",OH,0.4057,-0.7687,18360.0,25.75
39125,"Paulding County, OH",OH,-0.4088,-1.581,7782.0,0.4999
39127,"Perry County, OH",OH,0.3933,1.252,13240.0,5.993
39129,"Pickaway County, OH",OH,1.749,-0.9377,21880.0,0.3657
39131,"Pike County, OH",OH,0.4645,0.9847,9565.0,1.918
39133,"Portage County, OH",OH,0.01861,-0.01965,64820.0,2.276
39135,"Preble County, OH",OH,0.2136,-0.8747,16430.0,6.211
39137,"Putnam County, OH",OH,-0.4406,-1.164,14330.0,11.75
39139,"Richland County, OH",OH,0.4129,0.2531,49350.0,-2.245
39141,"Ross County, OH",OH,0.4652,-0.2859,28250.0,-1.539
39143,"Sandusky County, OH",OH,0.02757,-0.2045,25240.0,-0.04939
39145,"Scioto County, OH",OH,-0.1315,0.2189,25140.0,-6.879
39147,"Seneca County, OH",OH,-0.5116,-0.8103,22660.0,-1.165
39149,"Shelby County, OH",OH,-0.6431,-0.8575,20090.0,-1.173
39151,"Stark County, OH",OH,-0.002401,0.5675,156300.0,-1.911
39153,"Summit County, OH",OH,-0.1164,1.026,227200.0,2.648
39155,"Trumbull County, OH",OH,0.08751,0.2433,84490.0,-2.532
39157,"Tuscarawas County, OH",OH,-0.4018,-0.8381,37690.0,0.809
39159,"Union County, OH",OH,3.0,-0.8459,24110.0,5.677
39161,"Van Wert County, OH",OH,0.03068,-0.6821,11970.0,-4.663
39163,"Vinton County, OH",OH,-0.001522,3.131,4508.0,0.2622
39165,"Warren County, OH",OH,1.232,0.8434,95860.0,-5.573
39167,"Washington County, OH",OH,-0.0971,-0.3564,24540.0,0.3626
39169,"Wayne County, OH",OH,-0.2266,-0.4677,45750.0,-4.147
39171,"Williams County, OH",OH,-0.2432,-0.4119,15600.0,-12.51
39173,"Wood County, OH",OH,-0.4849,-0.5792,52600.0,8.827
39175,"Wyandot County, OH",OH,-0.1783,-0.4137,9451.0,-1.603
40001,"Adair County, OK",OK,0.9598,-0.8653,6469.0,2.786
40003,"Alfalfa County, OK",OK,1.252,1.966,1689.0,-12.18
40005,"Atoka County, OK",OK,2.064,0.1646,4296.0,4.886
40007,"Beaver County, OK",OK,-0.9733,-2.816,1772.0,-4.384
40009,"Beckham County, OK",OK,-0.6598,-0.8862,6851.0,1.395
40011,"Blaine County, OK",OK,-0.9612,-0.4841,3116.0,-4.95
40013,"Bryan County, OK",OK,2.095,1.257,15550.0,6.672
40015,"Caddo County, OK",OK,-0.4163,-0.5727,8634.0,-3.375
40017,"Canadian County, OK",OK,4.022,-0.007101,56470.0,2.187
40019,"Carter County, OK",OK,0.4771,-0.4056,17300.0,1.75
40021,"Cherokee County, OK",OK,0.8386,0.5957,14920.0,6.906
40023,"Choctaw County, OK",OK,1.426,2.517,4590.0,-0.2047
40027,"Cleveland County, OK",OK,0.1718,0.3525,105500.0,-3.472
40029,"Coal County, OK",OK,1.383,1.608,1663.0,2.259
40031,"Comanche County, OK",OK,-0.07532,0.8247,40150.0,-5.944
40033,"Cotton County, OK",OK,0.04898,1.639,1930.0,5.231
40035,"Craig County, OK",OK,0.9564,0.4516,4485.0,-3.063
40037,"Creek County, OK",OK,1.063,0.005118,24650.0,-5.709
40039,"Custer County, OK",OK,-2.061,-0.4151,9363.0,-1.212
40041,"Delaware County, OK",OK,2.23,-0.1019,13600.0,21.12
40043,"Dewey County, OK",OK,-0.3769,-2.025,1683.0,16.94
40045,"Ellis County, OK",OK,0.1339,-0.5669,1337.0,-2.02
40047,"Garfield County, OK",OK,-0.7766,-0.4377,22180.0,-2.211
40049,"Garvin County, OK",OK,0.4595,-0.01763,8977.0,-1.988
40051,"Grady County, OK",OK,1.791,-0.7655,18480.0,3.051
40053,"Grant County, OK",OK,-0.3985,0.232,1511.0,-1.751
40055,"Greer County, OK",OK,2.769,-2.338,1447.0,-4.295
40057,"Harmon County, OK",OK,0.6658,-0.2376,751.0,-4.992
40059,"Harper County, OK",OK,-0.5305,-0.1479,1185.0,-0.6286
40061,"Haskell County, OK",OK,1.424,0.7877,3671.0,4.424
40063,"Hughes County, OK",OK,1.326,-1.014,3924.0,-2.079
40065,"Jackson County, OK",OK,-1.226,-0.9378,8750.0,-2.821
40067,"Jefferson County, OK",OK,1.203,-1.446,1763.0,0.6529
40069,"Johnston County, OK",OK,0.6686,-0.9469,3415.0,2.377
40071,"Kay County, OK",OK,0.3185,0.148,15370.0,-1.621
40073,"Kingfisher County, OK",OK,0.3566,-1.132,5576.0,3.563
40075,"Kiowa County, OK",OK,-0.1692,-1.255,2734.0,1.7
40077,"Latimer County, OK",OK,1.299,0.7557,3358.0,0.2468
40079,"Le Flore County, OK",OK,1.36,-0.4751,14860.0,5.394
40081,"Lincoln County, OK",OK,1.489,-0.6922,11580.0,4.257
40083,"Logan County, OK",OK,2.196,-0.466,16590.0,7.143
40085,"Love County, OK",OK,1.534,-0.04917,3628.0,7.434
40087,"McClain County, OK",OK,3.574,0.009122,15140.0,9.744
40089,"McCurtain County, OK",OK,0.3064,0.4439,10120.0,2.871
40091,"McIntosh County, OK",OK,2.267,-0.721,6195.0,10.43
40093,"Major County, OK",OK,-0.4504,-1.192,2669.0,5.64
40095,"Marshall County, OK",OK,2.475,-1.847,5499.0,8.006
40097,"Mayes County, OK",OK,1.193,0.1514,13670.0,3.634
40099,"Murray County, OK",OK,0.6713,0.1309,4773.0,5.226
40101,"Muskogee County, OK",OK,0.4933,0.08381,21980.0,-7.141
40103,"Noble County, OK",OK,0.5848,1.201,3911.0,3.293
40105,"Nowata County, OK",OK,0.8423,1.601,3376.0,-4.371
40107,"Okfuskee County, OK",OK,0.3281,-1.401,3281.0,-2.055
40109,"Oklahoma County, OK",OK,-0.1464,0.8273,288600.0,-7.266
40111,"Okmulgee County, OK",OK,1.021,0.8399,12210.0,5.936
40113,"Osage County, OK",OK,1.197,0.8952,14950.0,4.711
40115,"Ottawa County, OK",OK,0.1412,0.5139,10520.0,7.814
40117,"Pawnee County, OK",OK,1.778,-0.7175,5252.0,-2.131
40119,"Payne County, OK",OK,-1.436,-0.6196,25090.0,4.063
40121,"Pittsburg County, OK",OK,0.5508,0.1039,14870.0,6.428
40123,"Pontotoc County, OK",OK,-0.2514,0.09608,13560.0,-3.835
40125,"Pottawatomie County, OK",OK,0.9144,0.2774,24520.0,2.688
40127,"Pushmataha County, OK",OK,1.567,2.405,3404.0,2.878
40129,"Roger Mills County, OK",OK,-0.2286,-0.8936,1163.0,-4.672
40131,"Rogers County, OK",OK,1.741,-0.3172,34420.0,6.212
40133,"Seminole County, OK",OK,0.5263,-1.478,7523.0,-0.02135
40135,"Sequoyah County, OK",OK,1.194,1.333,13260.0,3.201
40137,"Stephens County, OK",OK,1.159,-0.915,14580.0,2.703
40139,"Texas County, OK",OK,-3.003,-1.031,7451.0,-5.684
40141,"Tillman County, OK",OK,-0.03922,-1.651,2259.0,-3.396
40143,"Tulsa County, OK",OK,0.1594,0.856,241500.0,-2.96
40145,"Wagoner County, OK",OK,3.491,-1.363,28950.0,7.629
40147,"Washington County, OK",OK,0.7579,-0.6278,18930.0,-8.042
40149,"Washita County, OK",OK,0.08243,-1.034,3658.0,4.055
40151,"Woods County, OK",OK,-1.064,1.255,2914.0,-3.196
40153,"Woodward County, OK",OK,-0.8483,-0.6304,6824.0,-3.86
41001,"Baker County, OR",OR,1.962,0.535,6166.0,10.73
41003,"Benton County, OR",OR,-0.6195,0.6087,34910.0,14.8
41005,"Clackamas County, OR",OR,0.3734,0.4998,172400.0,12.65
41007,"Clatsop County, OR",OR,1.152,-0.9614,16480.0,28.87
41009,"Columbia County, OR",OR,1.109,-0.5014,20850.0,0.2385
41011,"Coos County, OR",OR,1.31,-0.05732,24480.0,8.407
41013,"Crook County, OR",OR,3.583,-0.6516,9741.0,20.95
41015,"Curry County, OR",OR,1.912,-0.2421,9574.0,10.73
41017,"Deschutes County, OR",OR,2.305,0.3983,85330.0,31.91
41019,"Douglas County, OR",OR,1.471,0.09839,41040.0,1.186
41021,"Gilliam County, OR",OR,3.666,-0.601,698.7,-5.611
41023,"Grant County, OR",OR,1.139,0.1395,2660.0,-1.257
41025,"Harney County, OR",OR,0.5707,0.7559,2606.0,1.382
41027,"Hood River County, OR",OR,0.3762,-0.2375,10150.0,19.79
41029,"Jackson County, OR",OR,0.05555,0.4379,89110.0,6.745
41031,"Jefferson County, OR",OR,1.301,-0.6984,8771.0,13.9
41033,"Josephine County, OR",OR,0.8409,0.5559,32970.0,7.405
41035,"Klamath County, OR",OR,0.9097,0.6361,25070.0,0.5278
41037,"Lake County, OR",OR,1.301,-1.232,2751.0,-5.242
41039,"Lane County, OR",OR,-0.01818,0.5323,150000.0,1.82
41041,"Lincoln County, OR",OR,1.643,-0.7666,19920.0,16.46
41043,"Linn County, OR",OR,1.078,-0.8849,49350.0,-10.86
41045,"Malheur County, OR",OR,0.6636,0.2034,9578.0,-3.7
41047,"Marion County, OR",OR,0.1764,0.1734,130800.0,-1.689
41049,"Morrow County, OR",OR,-0.1053,-1.86,4125.0,-5.362
41051,"Multnomah County, OR",OR,-0.9751,1.145,351200.0,-19.59
41053,"Polk County, OR",OR,1.007,0.2431,32400.0,4.248
41055,"Sherman County, OR",OR,1.518,0.9127,724.0,9.027
41057,"Tillamook County, OR",OR,1.441,-1.064,10870.0,42.22
41059,"Umatilla County, OR",OR,-0.2962,-0.6898,28010.0,-1.649
41061,"Union County, OR",OR,-0.2279,0.5946,9951.0,0.3639
41063,"Wallowa County, OR",OR,2.117,-0.1906,3031.0,20.5
41065,"Wasco County, OR",OR,0.5297,0.2124,10090.0,1.775
41067,"Washington County, OR",OR,-0.2751,1.092,246100.0,-14.91
41069,"Wheeler County, OR",OR,0.6065,2.733,466.0,7.237
41071,"Yamhill County, OR",OR,0.6374,-0.4977,40460.0,3.329
42001,"Adams County, PA",PA,0.6363,-0.5815,44400.0,11.42
42003,"Allegheny County, PA",PA,-0.8452,1.611,531400.0,-12.82
42005,"Armstrong County, PA",PA,0.01685,0.1725,27460.0,1.84
42007,"Beaver County, PA",PA,-0.04663,0.234,71840.0,-3.723
42009,"Bedford County, PA",PA,0.2919,-0.6909,19860.0,5.453
42011,"Berks County, PA",PA,-0.07358,0.5689,177000.0,-4.288
42013,"Blair County, PA",PA,-0.2674,0.2506,50660.0,-0.0946
42015,"Bradford County, PA",PA,0.06003,0.3704,24660.0,-0.8876
42017,"Bucks County, PA",PA,-0.07642,0.5256,275300.0,4.97
42019,"Butler County, PA",PA,0.8436,0.6061,81000.0,5.875
42021,"Cambria County, PA",PA,-0.179,1.088,53950.0,-2.862
42023,"Cameron County, PA",PA,-0.08558,-1.95,1931.0,4.029
42025,"Carbon County, PA",PA,0.9001,-0.06013,27260.0,3.663
42027,"Centre County, PA",PA,-1.109,0.4582,52060.0,9.876
42029,"Chester County, PA",PA,0.5546,1.526,213100.0,-7.55
42031,"Clarion County, PA",PA,0.02935,0.1699,14520.0,1.275
42033,"Clearfield County, PA",PA,-0.08946,0.666,31480.0,-1.915
42035,"Clinton County, PA",PA,0.09779,-1.445,14690.0,0.4657
42037,"Columbia County, PA",PA,0.4006,0.06275,25500.0,-1.293
42039,"Crawford County, PA",PA,-0.1343,-0.2264,32470.0,3.252
42041,"Cumberland County, PA",PA,0.8832,0.7229,110400.0,-8.908
42043,"Dauphin County, PA",PA,-0.1641,1.143,122600.0,-7.805
42045,"Delaware County, PA",PA,-0.4242,1.293,231100.0,-2.731
42047,"Elk County, PA",PA,-0.2947,-0.2871,13630.0,0.5945
42049,"Erie County, PA",PA,-0.4468,0.1112,108100.0,-7.995
42051,"Fayette County, PA",PA,-0.3741,0.2348,52340.0,-2.159
42053,"Forest County, PA",PA,2.106,1.06,2089.0,3.835
42055,"Franklin County, PA",PA,0.2911,-0.8303,66490.0,1.01
42057,"Fulton County, PA",PA,0.4038,0.2052,6118.0,-0.1008
42059,"Greene County, PA",PA,-0.7348,-0.7425,13290.0,-4.993
42061,"Huntingdon County, PA",PA,0.04248,0.4374,16720.0,6.434
42063,"Indiana County, PA",PA,0.005394,0.5878,30750.0,-7.182
42065,"Jefferson County, PA",PA,-0.07436,-0.2283,17780.0,1.768
42067,"Juniata County, PA",PA,-0.2129,-1.076,9730.0,1.56
42069,"Lackawanna County, PA",PA,0.1097,0.9084,88040.0,-2.838
42071,"Lancaster County, PA",PA,-0.08813,0.2195,230000.0,3.061
42073,"Lawrence County, PA",PA,0.09617,0.08105,35250.0,-0.3769
42075,"Lebanon County, PA",PA,0.196,-0.8727,60630.0,2.564
42077,"Lehigh County, PA",PA,-0.06573,0.4138,158800.0,-5.953
42079,"Luzerne County, PA",PA,0.2578,0.1756,137000.0,-4.839
42081,"Lycoming County, PA",PA,-0.15,0.4239,46160.0,-9.553
42083,"McKean County, PA",PA,-0.2613,0.3532,16100.0,-0.7908
42085,"Mercer County, PA",PA,0.08589,0.3677,44150.0,2.935
42087,"Mifflin County, PA",PA,-0.02241,0.3203,18750.0,-0.4383
42089,"Monroe County, PA",PA,0.01433,-0.05877,66900.0,5.093
42091,"Montgomery County, PA",PA,0.3066,1.338,352600.0,-6.589
42093,"Montour County, PA",PA,-0.1995,0.4109,7682.0,-15.58
42095,"Northampton County, PA",PA,0.2548,0.1649,131200.0,0.9923
42097,"Northumberland County, PA",PA,-0.02876,0.4261,37220.0,-1.976
42099,"Perry County, PA",PA,0.4457,0.5022,19660.0,2.227
42101,"Philadelphia County, PA",PA,-1.681,1.808,587300.0,-15.81
42103,"Pike County, PA",PA,2.194,0.9062,23450.0,15.81
42105,"Potter County, PA",PA,0.01485,-0.6399,6410.0,2.865
42107,"Schuylkill County, PA",PA,0.7178,-0.771,58290.0,0.4082
42109,"Snyder County, PA",PA,-0.1469,-0.1832,15650.0,0.2496
42111,"Somerset County, PA",PA,0.2176,-0.4198,29560.0,4.436
42113,"Sullivan County, PA",PA,0.9844,-0.4958,2470.0,11.15
42115,"Susquehanna County, PA",PA,0.1054,-0.7496,16610.0,27.0
42117,"Tioga County, PA",PA,0.1795,0.3274,16050.0,5.611
42119,"Union County, PA",PA,0.145,-0.1429,14730.0,7.454
42121,"Venango County, PA",PA,-0.04172,0.04635,20730.0,3.264
42123,"Warren County, PA",PA,-0.1037,1.033,15790.0,-1.791
42125,"Washington County, PA",PA,0.6221,0.4877,87790.0,0.6019
42127,"Wayne County, PA",PA,0.9482,-0.1355,21090.0,15.9
42129,"Westmoreland County, PA",PA,0.3217,0.2446,153600.0,1.295
42131,"Wyoming County, PA",PA,0.0721,-0.223,11230.0,9.832
42133,"York County, PA",PA,0.5039,0.1987,192800.0,-5.45
44001,"Bristol County, RI",RI,0.4628,-0.7052,20630.0,15.14
44003,"Kent County, RI",RI,0.6303,0.7464,76640.0,-4.623
44005,"Newport County, RI",RI,-0.2799,0.3848,36120.0,41.78
44007,"Providence County, RI",RI,-0.4376,1.248,271300.0,-6.771
44009,"Washington County, RI",RI,0.6469,-0.1815,55250.0,29.38
45001,"Abbeville County, SC",SC,1.455,-1.962,8209.0,6.959
45003,"Aiken County, SC",SC,1.549,-0.5721,64680.0,4.291
45005,"Allendale County, SC",SC,-1.876,-0.8485,2695.0,-1.16
45007,"Anderson County, SC",SC,1.754,-0.1946,75070.0,3.906
45009,"Bamberg County, SC",SC,-0.4635,-0.4357,4368.0,-0.3393
45011,"Barnwell County, SC",SC,-0.2217,0.4329,7195.0,-5.238
45013,"Beaufort County, SC",SC,2.363,-0.3123,75720.0,64.87
45015,"Berkeley County, SC",SC,2.373,0.1487,87480.0,10.72
45017,"Calhoun County, SC",SC,1.322,-0.8739,5243.0,9.319
45019,"Charleston County, SC",SC,0.7148,0.4847,163000.0,38.64
45021,"Cherokee County, SC",SC,0.4362,-1.446,19890.0,2.184
45023,"Chester County, SC",SC,0.725,-0.5701,11740.0,11.08
45025,"Chesterfield County, SC",SC,0.7038,-0.3946,15150.0,2.222
45027,"Clarendon County, SC",SC,1.172,1.46,11160.0,9.924
45029,"Colleton County, SC",SC,0.7449,-0.7417,14270.0,16.63
45031,"Darlington County, SC",SC,0.2608,-0.5657,23260.0,-3.246
45033,"Dillon County, SC",SC,-0.167,1.573,10230.0,-5.219
45035,"Dorchester County, SC",SC,1.396,-0.7426,61360.0,-0.3636
45037,"Edgefield County, SC",SC,3.497,-2.039,9026.0,15.64
45039,"Fairfield County, SC",SC,0.6272,0.3296,8154.0,20.73
45041,"Florence County, SC",SC,0.08237,0.358,49900.0,-12.07
45043,"Georgetown County, SC",SC,2.225,-0.03491,25890.0,43.9
45045,"Greenville County, SC",SC,1.454,0.6773,200400.0,6.526
45047,"Greenwood County, SC",SC,0.3918,0.03492,24420.0,8.308
45049,"Hampton County, SC",SC,-0.208,-1.955,6373.0,0.2931
45051,"Horry County, SC",SC,4.393,-0.7733,145900.0,25.91
45053,"Jasper County, SC",SC,5.934,-1.362,11070.0,27.17
45055,"Kershaw County, SC",SC,2.335,-0.6023,24700.0,4.246
45057,"Lancaster County, SC",SC,4.184,0.5196,37060.0,14.47
45059,"Laurens County, SC",SC,1.231,-0.8276,23260.0,6.777
45061,"Lee County, SC",SC,0.263,2.298,5727.0,7.855
45063,"Lexington County, SC",SC,1.458,0.1685,113700.0,4.032
45065,"McCormick County, SC",SC,5.617,-0.1496,3541.0,31.71
45067,"Marion County, SC",SC,0.01752,-0.4379,10810.0,2.19
45069,"Marlboro County, SC",SC,-0.1102,0.8844,8765.0,-1.31
45071,"Newberry County, SC",SC,0.9686,-1.199,13810.0,9.432
45073,"Oconee County, SC",SC,1.594,-0.1656,29270.0,38.53
45075,"Orangeburg County, SC",SC,-0.2645,-0.922,29860.0,3.854
45077,"Pickens County, SC",SC,0.6972,-1.178,43560.0,20.91
45079,"Richland County, SC",SC,-0.1978,1.444,152300.0,-6.48
45081,"Saluda County, SC",SC,0.1394,-0.5957,6713.0,6.499
45083,"Spartanburg County, SC",SC,2.422,-0.04327,120900.0,2.736
45085,"Sumter County, SC",SC,-0.3973,-0.1659,39820.0,-1.886
45087,"Union County, SC",SC,0.1357,-1.278,9324.0,-3.273
45089,"Williamsburg County, SC",SC,-0.1477,-0.626,10390.0,1.615
45091,"York County, SC",SC,1.77,0.2643,107600.0,8.814
46003,"Aurora County, SD",SD,0.2879,-0.9806,1063.0,7.562
46005,"Beadle County, SD",SD,-1.109,0.6392,7344.0,-5.017
46007,"Bennett County, SD",SD,1.071,-0.1666,956.7,-0.6626
46009,"Bon Homme County, SD",SD,0.5334,1.614,2337.0,4.533
46011,"Brookings County, SD",SD,-0.844,-0.7172,12290.0,4.872
46013,"Brown County, SD",SD,-0.9467,-0.344,15880.0,-3.524
46015,"Brule County, SD",SD,1.73,-1.486,1955.0,6.956
46017,"Buffalo County, SD",SD,-0.07285,3.879,493.0,3.519
46019,"Butte County, SD",SD,1.894,-1.466,4124.0,2.324
46023,"Charles Mix County, SD",SD,-0.3589,1.41,2934.0,1.172
46025,"Clark County, SD",SD,-0.2258,-1.79,1362.0,-11.94
46027,"Clay County, SD",SD,-1.132,-1.327,4581.0,2.151
46029,"Codington County, SD",SD,0.0907,-0.3091,11720.0,4.548
46031,"Corson County, SD",SD,-1.102,3.281,1005.0,-1.046
46033,"Custer County, SD",SD,3.734,-1.015,3757.0,25.61
46035,"Davison County, SD",SD,-0.5105,-0.005079,8183.0,-0.5335
46037,"Day County, SD",SD,0.5912,0.3487,2183.0,12.28
46039,"Deuel County, SD",SD,-0.03685,-2.884,1752.0,-2.197
46041,"Dewey County, SD",SD,-1.028,2.505,2021.0,-3.598
46043,"Douglas County, SD",SD,-0.1503,-1.887,1113.0,-7.891
46045,"Edmunds County, SD",SD,1.17,-1.757,1431.0,14.42
46047,"Fall River County, SD",SD,3.407,1.459,3000.0,15.54
46049,"Faulk County, SD",SD,-1.028,-2.148,760.0,5.127
46051,"Grant County, SD",SD,0.1328,-1.778,3025.0,13.11
46053,"Gregory County, SD",SD,1.052,1.095,1650.0,4.01
46055,"Haakon County, SD",SD,0.1503,-1.429,801.3,-19.69
46057,"Hamlin County, SD",SD,0.7994,-2.274,2209.0,9.497
46059,"Hand County, SD",SD,-1.364,1.475,1293.0,-28.05
46061,"Hanson County, SD",SD,-2.309,-1.59,1684.0,16.81
46065,"Hughes County, SD",SD,-0.4987,0.3797,7359.0,-4.058
46067,"Hutchinson County, SD",SD,0.4656,-0.5883,2807.0,-2.434
46069,"Hyde County, SD",SD,-2.041,-3.617,539.0,-43.99
46071,"Jackson County, SD",SD,-0.7328,-0.6776,858.7,-3.75
46073,"Jerauld County, SD",SD,-0.9845,-2.008,707.0,2.478
46077,"Kingsbury County, SD",SD,0.9193,0.186,2165.0,2.135
46079,"Lake County, SD",SD,-1.06,0.08813,4531.0,10.21
46081,"Lawrence County, SD",SD,2.35,-1.125,10980.0,40.29
46083,"Lincoln County, SD",SD,3.161,0.2083,26630.0,-1.774
46085,"Lyman County, SD",SD,0.0979,-1.285,1283.0,4.213
46087,"McCook County, SD",SD,-0.09643,1.725,2217.0,4.018
46089,"McPherson County, SD",SD,0.7715,3.723,847.0,-6.661
46091,"Marshall County, SD",SD,0.1229,-1.194,1670.0,18.64
46093,"Meade County, SD",SD,1.075,-0.4873,12280.0,8.994
46095,"Mellette County, SD",SD,-1.328,-3.617,576.7,6.432
46097,"Miner County, SD",SD,-0.3692,-1.914,901.0,-4.52
46099,"Minnehaha County, SD",SD,0.6598,0.7974,86020.0,9.72
46101,"Moody County, SD",SD,0.5279,1.019,2466.0,7.93
46102,"Oglala Lakota County, SD",SD,-0.8473,3.474,3560.0,-1.32
46103,"Pennington County, SD",SD,1.816,0.4783,49670.0,11.92
46105,"Perkins County, SD",SD,-1.132,1.34,1144.0,5.459
46107,"Potter County, SD",SD,-0.5632,-1.606,947.3,5.485
46109,"Roberts County, SD",SD,-0.6349,-0.5068,3822.0,21.42
46111,"Sanborn County, SD",SD,0.0883,-2.546,920.7,7.826
46115,"Spink County, SD",SD,-0.2178,-1.328,2436.0,2.444
46117,"Stanley County, SD",SD,0.3427,-2.141,1342.0,0.2687
46119,"Sully County, SD",SD,1.612,-2.232,583.0,-6.966
46121,"Todd County, SD",SD,-1.224,1.017,2487.0,-6.409
46123,"Tripp County, SD",SD,-0.4262,-0.5786,2146.0,-9.778
46125,"Turner County, SD",SD,1.149,0.7297,3330.0,5.519
46127,"Union County, SD",SD,0.5254,2.246,6919.0,0.1525
46129,"Walworth County, SD",SD,-0.437,1.992,2186.0,-5.4
46135,"Yankton County, SD",SD,-0.01705,0.09444,9270.0,3.585
46137,"Ziebach County, SD",SD,-0.3348,-3.617,440.0,-1.342
47001,"Anderson County, TN",TN,1.727,0.5916,30050.0,0.3662
47003,"Bedford County, TN",TN,1.673,-0.4295,18210.0,11.63
47005,"Benton County, TN",TN,2.274,2.03,5764.0,12.41
47007,"Bledsoe County, TN",TN,3.392,1.496,4214.0,7.236
47009,"Blount County, TN",TN,1.864,0.3891,53390.0,17.05
47011,"Bradley County, TN",TN,1.145,-0.9139,39810.0,6.269
47013,"Campbell County, TN",TN,1.782,-0.3883,12900.0,20.59
47015,"Cannon County, TN",TN,1.87,-0.8866,5388.0,6.911
47017,"Carroll County, TN",TN,1.21,0.8721,9834.0,9.451
47019,"Carter County, TN",TN,1.143,-0.8342,19810.0,10.71
47021,"Cheatham County, TN",TN,1.696,-1.513,16780.0,6.613
47023,"Chester County, TN",TN,0.8329,-1.15,5856.0,5.111
47025,"Claiborne County, TN",TN,1.728,0.6487,10610.0,6.332
47027,"Clay County, TN",TN,2.022,-0.1956,2537.0,10.69
47029,"Cocke County, TN",TN,2.639,-1.334,13210.0,8.822
47031,"Coffee County, TN",TN,1.739,0.5613,21730.0,7.775
47033,"Crockett County, TN",TN,0.4322,2.122,5167.0,-1.222
47035,"Cumberland County, TN",TN,3.483,-1.013,24230.0,21.58
47037,"Davidson County, TN",TN,-0.7603,1.07,293700.0,9.925
47039,"Decatur County, TN",TN,2.163,-1.98,3900.0,10.3
47041,"DeKalb County, TN",TN,2.787,-1.344,7209.0,16.16
47043,"Dickson County, TN",TN,1.742,-0.7156,20650.0,10.41
47045,"Dyer County, TN",TN,-0.05865,0.1776,13350.0,-3.559
47047,"Fayette County, TN",TN,2.819,-1.827,17120.0,16.8
47049,"Fentress County, TN",TN,4.267,-1.061,6274.0,23.33
47051,"Franklin County, TN",TN,1.768,-0.58,15940.0,11.66
47053,"Gibson County, TN",TN,1.246,-0.6986,18000.0,3.911
47055,"Giles County, TN",TN,1.097,-1.03,11070.0,12.1
47057,"Grainger County, TN",TN,2.789,-2.234,8253.0,17.7
47059,"Greene County, TN",TN,1.944,-0.6109,25630.0,13.08
47061,"Grundy County, TN",TN,2.231,-2.679,4894.0,18.04
47063,"Hamblen County, TN",TN,1.196,0.8212,23030.0,6.605
47065,"Hamilton County, TN",TN,1.003,0.5109,141900.0,15.55
47067,"Hancock County, TN",TN,2.031,-0.1003,2026.0,7.989
47069,"Hardeman County, TN",TN,1.622,-1.26,8409.0,-0.2228
47071,"Hardin County, TN",TN,1.719,-0.587,9237.0,12.26
47073,"Hawkins County, TN",TN,2.071,-1.043,20390.0,12.25
47075,"Haywood County, TN",TN,-0.2982,-0.2108,6694.0,2.582
47077,"Henderson County, TN",TN,0.9096,-1.194,10010.0,4.234
47079,"Henry County, TN",TN,1.538,-0.3849,12250.0,10.65
47081,"Hickman County, TN",TN,2.044,-1.007,8457.0,6.595
47083,"Houston County, TN",TN,2.024,-2.62,2876.0,11.97
47085,"Humphreys County, TN",TN,1.425,-1.246,6951.0,16.52
47087,"Jackson County, TN",TN,3.291,-2.48,3988.0,14.08
47089,"Jefferson County, TN",TN,2.489,-0.1122,20070.0,12.71
47091,"Johnson County, TN",TN,3.544,0.5143,5616.0,29.64
47093,"Knox County, TN",TN,1.152,0.4818,183300.0,6.738
47095,"Lake County, TN",TN,0.3599,3.413,1824.0,-6.158
47097,"Lauderdale County, TN",TN,0.1621,0.1101,8068.0,-2.062
47099,"Lawrence County, TN",TN,1.904,-0.8675,15010.0,11.68
47101,"Lewis County, TN",TN,2.314,-1.519,4332.0,9.447
47103,"Lincoln County, TN",TN,1.016,-1.221,13100.0,12.14
47105,"Loudon County, TN",TN,3.587,-1.211,22470.0,53.62
47107,"McMinn County, TN",TN,2.03,0.7813,19380.0,6.126
47109,"McNairy County, TN",TN,1.232,-0.9825,8753.0,6.108
47111,"Macon County, TN",TN,2.165,-1.182,8480.0,5.753
47113,"Madison County, TN",TN,0.2319,0.1372,37280.0,-1.164
47115,"Marion County, TN",TN,1.948,-1.736,10650.0,18.63
47117,"Marshall County, TN",TN,2.34,-1.066,13210.0,19.4
47119,"Maury County, TN",TN,3.535,-0.4418,40240.0,12.93
47121,"Meigs County, TN",TN,4.185,-1.646,4484.0,15.72
47123,"Monroe County, TN",TN,2.564,-1.28,16630.0,21.01
47125,"Montgomery County, TN",TN,2.305,-0.2585,81210.0,-0.3069
47127,"Moore County, TN",TN,1.532,-5.312,2480.0,15.46
47129,"Morgan County, TN",TN,2.476,0.8438,6662.0,5.236
47131,"Obion County, TN",TN,0.0822,-1.945,11590.0,9.503
47133,"Overton County, TN",TN,2.446,-1.277,7983.0,15.02
47135,"Perry County, TN",TN,2.681,-1.686,2740.0,9.802
47137,"Pickett County, TN",TN,1.812,-2.384,1868.0,15.23
47139,"Polk County, TN",TN,3.045,0.1115,5960.0,19.64
47141,"Putnam County, TN",TN,0.9539,-0.4416,28800.0,7.362
47143,"Rhea County, TN",TN,1.747,0.4611,11460.0,14.89
47145,"Roane County, TN",TN,2.344,0.5934,20360.0,10.75
47147,"Robertson County, TN",TN,1.598,-0.2837,28890.0,0.7909
47149,"Rutherford County, TN",TN,1.465,-0.3934,130700.0,3.393
47151,"Scott County, TN",TN,0.8544,-0.5605,6910.0,11.43
47153,"Sequatchie County, TN",TN,3.943,0.6788,5504.0,10.97
47155,"Sevier County, TN",TN,0.5854,-1.249,39000.0,9.774
47157,"Shelby County, TN",TN,-0.9458,0.3936,353900.0,-9.275
47159,"Smith County, TN",TN,1.529,-0.8681,7488.0,0.6369
47161,"Stewart County, TN",TN,1.821,-0.08984,4897.0,10.56
47163,"Sullivan County, TN",TN,1.493,-0.02649,61150.0,2.923
47165,"Sumner County, TN",TN,2.128,-0.1794,75840.0,7.55
47167,"Tipton County, TN",TN,0.7975,-1.376,22880.0,1.407
47169,"Trousdale County, TN",TN,4.61,-0.03231,3512.0,2.187
47171,"Unicoi County, TN",TN,1.434,-1.321,6359.0,9.869
47173,"Union County, TN",TN,2.773,-1.431,6813.0,19.93
47175,"Van Buren County, TN",TN,2.884,-3.7,2036.0,12.77
47177,"Warren County, TN",TN,1.626,-0.2088,14630.0,9.658
47179,"Washington County, TN",TN,1.439,1.1,49650.0,11.21
47181,"Wayne County, TN",TN,2.349,-1.882,4917.0,6.189
47183,"Weakley County, TN",TN,0.3773,-0.9423,11080.0,-0.5547
47185,"White County, TN",TN,2.516,-1.106,9865.0,11.17
47187,"Williamson County, TN",TN,1.884,2.106,90520.0,59.05
47189,"Wilson County, TN",TN,3.332,-1.098,58790.0,16.71
48001,"Anderson County, TX",TX,1.49,0.6422,17320.0,6.264
48003,"Andrews County, TX",TX,-1.439,-1.657,6246.0,0.3594
48005,"Angelina County, TX",TX,0.4857,0.7908,30810.0,6.787
48007,"Aransas County, TX",TX,3.68,-1.123,9372.0,18.97
48009,"Archer County, TX",TX,1.903,-1.361,3229.0,23.37
48011,"Armstrong County, TX",TX,1.061,-3.617,703.3,-6.276
48013,"Atascosa County, TX",TX,1.705,-1.058,18200.0,-1.673
48015,"Austin County, TX",TX,1.341,0.5355,11890.0,21.09
48017,"Bailey County, TX",TX,-1.561,0.8957,2148.0,-15.14
48019,"Bandera County, TX",TX,3.413,-1.145,8754.0,21.96
48021,"Bastrop County, TX",TX,4.242,0.1017,33750.0,10.9
48023,"Baylor County, TX",TX,0.7814,-0.2416,1184.0,1.432
48025,"Bee County, TX",TX,-0.5268,1.049,9374.0,4.435
48027,"Bell County, TX",TX,1.148,0.6556,136000.0,1.138
48029,"Bexar County, TX",TX,0.5037,1.123,765200.0,-4.831
48031,"Blanco County, TX",TX,5.409,-1.271,4818.0,56.35
48035,"Bosque County, TX",TX,2.452,1.405,6695.0,20.28
48037,"Bowie County, TX",TX,0.04369,-0.1443,34030.0,1.964
48039,"Brazoria County, TX",TX,1.739,-0.7372,134200.0,-5.602
48041,"Brazos County, TX",TX,-0.8178,-0.09925,72380.0,10.72
48043,"Brewster County, TX",TX,-0.6702,-0.3407,3676.0,8.438
48045,"Briscoe County, TX",TX,0.9053,-5.825,491.3,-3.724
48047,"Brooks County, TX",TX,-1.44,-2.181,2405.0,-3.974
48049,"Brown County, TX",TX,0.9617,-0.4162,13650.0,18.97
48051,"Burleson County, TX",TX,3.315,0.1826,6960.0,12.69
48053,"Burnet County, TX",TX,4.091,-0.6894,19870.0,46.88
48055,"Caldwell County, TX",TX,2.183,-1.057,15910.0,4.454
48057,"Calhoun County, TX",TX,-0.5107,-1.159,7800.0,10.48
48059,"Callahan County, TX",TX,2.545,0.7612,5154.0,16.68
48061,"Cameron County, TX",TX,-0.1094,1.374,147500.0,3.537
48063,"Camp County, TX",TX,1.389,-1.609,4485.0,15.09
48065,"Carson County, TX",TX,1.096,1.169,2087.0,0.5529
48067,"Cass County, TX",TX,1.182,-0.2231,10740.0,10.16
48069,"Castro County, TX",TX,-1.343,-1.358,2316.0,4.347
48071,"Chambers County, TX",TX,3.707,1.025,17240.0,5.699
48073,"Cherokee County, TX",TX,1.429,-1.135,17830.0,14.12
48075,"Childress County, TX",TX,0.5578,0.5421,2060.0,1.789
48077,"Clay County, TX",TX,2.55,3.944,3867.0,7.939
48079,"Cochran County, TX",TX,-0.7213,-5.77,923.3,-15.65
48081,"Coke County, TX",TX,1.439,-1.653,1249.0,57.3
48083,"Coleman County, TX",TX,2.488,2.331,2918.0,12.27
48085,"Collin County, TX",TX,2.439,1.795,403700.0,3.321
48087,"Collingsworth County, TX",TX,-1.181,-4.141,961.0,13.8
48089,"Colorado County, TX",TX,1.136,-1.203,8210.0,19.51
48091,"Comal County, TX",TX,5.52,-0.4363,65290.0,24.54
48093,"Comanche County, TX",TX,2.312,-0.9451,4833.0,16.8
48095,"Concho County, TX",TX,2.011,-1.261,870.7,5.385
48097,"Cooke County, TX",TX,1.741,-1.17,15870.0,35.37
48099,"Coryell County, TX",TX,1.529,1.126,25210.0,0.4925
48101,"Cottle County, TX",TX,-0.8869,-1.783,475.0,-5.828
48103,"Crane County, TX",TX,-2.074,-0.1018,1659.0,-7.091
48105,"Crockett County, TX",TX,-1.372,0.5253,1265.0,-13.84
48107,"Crosby County, TX",TX,-0.6501,1.068,1904.0,2.543
48109,"Culberson County, TX",TX,-2.037,-1.237,857.7,-16.52
48111,"Dallam County, TX",TX,-1.472,-0.9465,2599.0,-0.03664
48113,"Dallas County, TX",TX,-1.003,1.263,997400.0,0.9355
48115,"Dawson County, TX",TX,-0.949,-0.3931,4000.0,-11.95
48117,"Deaf Smith County, TX",TX,-1.643,-1.362,6315.0,-3.499
48119,"Delta County, TX",TX,2.324,-0.4404,1808.0,13.29
48121,"Denton County, TX",TX,2.51,0.5667,348200.0,10.97
48123,"DeWitt County, TX",TX,0.8911,0.02355,6992.0,3.185
48125,"Dickens County, TX",TX,-0.3799,-1.774,626.7,-6.607
48127,"Dimmit County, TX",TX,-1.525,-0.7301,3274.0,-14.6
48129,"Donley County, TX",TX,1.052,4.085,1115.0,13.85
48131,"Duval County, TX",TX,-0.7958,0.005208,3762.0,1.691
48133,"Eastland County, TX",TX,1.577,0.3545,6261.0,12.42
48135,"Ector County, TX",TX,-2.028,-1.254,59720.0,-9.619
48137,"Edwards County, TX",TX,1.442,-3.251,636.7,42.59
48139,"Ellis County, TX",TX,4.119,-1.106,72120.0,7.897
48141,"El Paso County, TX",TX,-0.2713,0.9226,326800.0,0.4988
48143,"Erath County, TX",TX,0.4184,-0.9919,13640.0,15.48
48145,"Falls County, TX",TX,2.109,-0.9774,5581.0,6.568
48147,"Fannin County, TX",TX,2.877,-0.3475,12030.0,22.85
48149,"Fayette County, TX",TX,1.762,-0.8521,10050.0,22.8
48151,"Fisher County, TX",TX,0.6684,-3.825,1273.0,0.8318
48153,"Floyd County, TX",TX,-0.9586,-3.467,2000.0,-5.959
48155,"Foard County, TX",TX,-0.877,-4.629,408.0,6.895
48157,"Fort Bend County, TX",TX,2.404,0.564,299800.0,-6.883
48159,"Franklin County, TX",TX,2.629,0.862,3687.0,7.886
48161,"Freestone County, TX",TX,2.136,1.211,6610.0,13.61
48163,"Frio County, TX",TX,-0.4304,-1.612,5465.0,-4.923
48165,"Gaines County, TX",TX,-0.4986,-2.381,6853.0,1.636
48167,"Galveston County, TX",TX,0.9031,-0.8325,129700.0,6.143
48169,"Garza County, TX",TX,0.08216,-2.249,1544.0,6.517
48171,"Gillespie County, TX",TX,2.112,-1.006,11500.0,99.42
48173,"Glasscock County, TX",TX,-0.589,-3.617,498.7,-13.12
48175,"Goliad County, TX",TX,0.9931,-1.273,2735.0,12.09
48177,"Gonzales County, TX",TX,0.4763,-0.9261,7778.0,0.6732
48179,"Gray County, TX",TX,-0.3909,-0.2411,7240.0,-10.28
48181,"Grayson County, TX",TX,2.46,0.5335,51210.0,13.47
48183,"Gregg County, TX",TX,0.03801,-0.2177,46950.0,-0.9651
48185,"Grimes County, TX",TX,3.393,-1.06,10420.0,17.3
48187,"Guadalupe County, TX",TX,2.635,-0.6642,66180.0,-2.45
48189,"Hale County, TX",TX,-0.7317,-1.73,10850.0,-11.0
48191,"Hall County, TX",TX,1.413,-4.476,991.0,16.53
48193,"Hamilton County, TX",TX,1.539,-0.6095,3152.0,11.97
48195,"Hansford County, TX",TX,-0.9723,-2.263,1791.0,-18.96
48197,"Hardeman County, TX",TX,0.4448,-1.585,1326.0,8.505
48199,"Hardin County, TX",TX,1.179,1.094,20840.0,3.251
48201,"Harris County, TX",TX,-0.5186,0.8219,1714000.0,-10.38
48203,"Harrison County, TX",TX,0.8437,-1.096,24370.0,5.683
48205,"Hartley County, TX",TX,-1.448,-3.012,1536.0,-6.987
48207,"Haskell County, TX",TX,0.6256,0.5183,1759.0,1.958
48209,"Hays County, TX",TX,3.825,0.05469,87620.0,25.83
48211,"Hemphill County, TX",TX,-1.572,-0.5797,1243.0,5.233
48213,"Henderson County, TX",TX,2.512,0.4056,29550.0,13.91
48215,"Hidalgo County, TX",TX,0.05312,1.554,285700.0,-1.865
48217,"Hill County, TX",TX,2.478,0.7531,13240.0,9.118
48219,"Hockley County, TX",TX,-0.6624,-1.46,7876.0,-0.2406
48221,"Hood County, TX",TX,3.939,-0.8141,24140.0,21.11
48223,"Hopkins County, TX",TX,1.291,-0.9533,13440.0,11.18
48225,"Houston County, TX",TX,1.596,0.06879,7127.0,15.77
48227,"Howard County, TX",TX,-2.115,-0.134,11120.0,-10.86
48229,"Hudspeth County, TX",TX,1.595,-1.265,1064.0,-3.238
48231,"Hunt County, TX",TX,3.427,-0.353,35540.0,7.316
48233,"Hutchinson County, TX",TX,-0.5032,1.212,7347.0,-13.09
48235,"Irion County, TX",TX,0.9176,-0.4474,605.0,13.53
48237,"Jack County, TX",TX,3.299,-1.648,2778.0,10.22
48239,"Jackson County, TX",TX,0.2297,0.7021,5573.0,16.7
48241,"Jasper County, TX",TX,1.073,-0.003044,11850.0,5.435
48243,"Jeff Davis County, TX",TX,-0.8892,-2.119,819.3,18.96
48245,"Jefferson County, TX",TX,-1.24,-0.2602,87780.0,-8.454
48247,"Jim Hogg County, TX",TX,-0.05665,-1.26,1730.0,-0.3578
48249,"Jim Wells County, TX",TX,0.07203,-0.515,14260.0,4.646
48251,"Johnson County, TX",TX,3.638,-1.073,66870.0,7.885
48253,"Jones County, TX",TX,2.484,1.702,5490.0,0.7794
48255,"Karnes County, TX",TX,0.2268,-0.2934,4820.0,-3.622
48257,"Kaufman County, TX",TX,7.539,0.1561,54220.0,-2.137
48259,"Kendall County, TX",TX,4.215,0.01694,17800.0,42.15
48263,"Kent County, TX",TX,-1.493,-3.617,268.0,34.0
48265,"Kerr County, TX",TX,1.788,-0.371,21350.0,27.78
48267,"Kimble County, TX",TX,1.113,-1.923,1688.0,21.51
48271,"Kinney County, TX",TX,1.252,-3.24,1090.0,-1.608
48273,"Kleberg County, TX",TX,-1.736,-0.005465,10970.0,0.8932
48275,"Knox County, TX",TX,0.8227,-2.552,1177.0,3.308
48277,"Lamar County, TX",TX,0.7172,0.09577,17930.0,4.546
48279,"Lamb County, TX",TX,-0.4321,-1.115,4382.0,-2.308
48281,"Lampasas County, TX",TX,2.767,-1.73,8370.0,16.63
48283,"La Salle County, TX",TX,-0.5845,-1.253,2028.0,-10.04
48285,"Lavaca County, TX",TX,0.6436,-1.689,7995.0,20.62
48287,"Lee County, TX",TX,1.476,-0.87,6732.0,10.74
48289,"Leon County, TX",TX,2.408,0.774,6279.0,19.33
48291,"Liberty County, TX",TX,5.268,0.437,30170.0,-0.1888
48293,"Limestone County, TX",TX,1.117,-0.5311,7790.0,9.919
48295,"Lipscomb County, TX",TX,-2.818,-0.8385,1075.0,6.42
48297,"Live Oak County, TX",TX,1.459,-1.127,3936.0,7.298
48299,"Llano County, TX",TX,4.49,-1.459,8136.0,64.69
48303,"Lubbock County, TX",TX,-0.04836,0.298,111500.0,3.556
48305,"Lynn County, TX",TX,0.6079,-0.9917,2078.0,29.88
48307,"McCulloch County, TX",TX,0.8987,0.9931,2909.0,10.6
48309,"McLennan County, TX",TX,0.4755,0.3253,93150.0,3.396
48311,"McMullen County, TX",TX,0.4715,-3.617,330.5,-19.65
48313,"Madison County, TX",TX,1.799,-0.09681,4433.0,7.266
48315,"Marion County, TX",TX,1.937,-2.386,3364.0,7.473
48317,"Martin County, TX",TX,-0.7839,-3.18,1860.0,-6.414
48319,"Mason County, TX",TX,1.667,-0.786,1650.0,64.62
48321,"Matagorda County, TX",TX,-0.228,-0.8898,13400.0,8.592
48323,"Maverick County, TX",TX,-0.744,0.8657,21810.0,-1.083
48325,"Medina County, TX",TX,2.562,1.664,18430.0,9.107
48327,"Menard County, TX",TX,1.647,-3.617,749.3,11.17
48329,"Midland County, TX",TX,-0.5299,-0.7055,65170.0,-19.97
48331,"Milam County, TX",TX,2.206,-0.9313,8947.0,15.2
48333,"Mills County, TX",TX,1.287,-0.5231,1761.0,24.04
48335,"Mitchell County, TX",TX,1.072,-1.261,2371.0,-2.776
48337,"Montague County, TX",TX,3.037,-0.9892,7377.0,11.75
48339,"Montgomery County, TX",TX,3.414,0.1988,227100.0,-6.331
48341,"Moore County, TX",TX,-1.61,-0.3767,7713.0,-3.584
48343,"Morris County, TX",TX,1.279,1.891,4519.0,6.359
48345,"Motley County, TX",TX,-0.5144,-5.182,395.5,9.668
48347,"Nacogdoches County, TX",TX,-0.4863,-0.9043,21400.0,6.321
48349,"Navarro County, TX",TX,1.917,0.5414,18170.0,11.47
48351,"Newton County, TX",TX,0.7094,-0.2815,4140.0,5.619
48353,"Nolan County, TX",TX,-0.4173,-0.32,5290.0,-3.104
48355,"Nueces County, TX",TX,-0.5239,0.3865,131000.0,-0.5894
48357,"Ochiltree County, TX",TX,-2.319,-1.55,3411.0,-10.06
48359,"Oldham County, TX",TX,-1.229,3.754,756.3,-2.79
48361,"Orange County, TX",TX,0.0866,0.006302,29940.0,0.4399
48363,"Palo Pinto County, TX",TX,1.853,-1.076,10510.0,14.04
48365,"Panola County, TX",TX,0.6481,-0.8852,8349.0,6.03
48367,"Parker County, TX",TX,4.81,0.06499,56200.0,19.8
48369,"Parmer County, TX",TX,-1.991,1.457,3311.0,-0.1157
48371,"Pecos County, TX",TX,-1.501,-1.881,5199.0,-5.245
48373,"Polk County, TX",TX,3.68,0.4211,22140.0,16.03
48375,"Potter County, TX",TX,-1.361,0.2638,41820.0,-3.472
48377,"Presidio County, TX",TX,-1.272,-1.191,2940.0,5.566
48379,"Rains County, TX",TX,4.416,-0.03336,4115.0,15.32
48381,"Randall County, TX",TX,1.007,-0.5559,53660.0,4.653
48383,"Reagan County, TX",TX,-2.521,-2.255,1231.0,-11.22
48385,"Real County, TX",TX,2.847,-1.366,1339.0,23.62
48387,"Red River County, TX",TX,1.458,0.6514,4368.0,1.564
48389,"Reeves County, TX",TX,-2.389,-2.419,4549.0,0.2278
48391,"Refugio County, TX",TX,0.2217,-2.869,2625.0,-2.427
48395,"Robertson County, TX",TX,1.341,-0.9468,6252.0,12.14
48397,"Rockwall County, TX",TX,5.403,-0.4805,40100.0,8.781
48399,"Runnels County, TX",TX,0.8292,-0.8421,3804.0,3.912
48401,"Rusk County, TX",TX,1.176,-0.8734,17540.0,2.785
48403,"Sabine County, TX",TX,2.603,0.01517,3564.0,17.34
48405,"San Augustine County, TX",TX,0.9488,-1.689,2695.0,12.51
48407,"San Jacinto County, TX",TX,3.341,-0.07368,9275.0,16.26
48409,"San Patricio County, TX",TX,0.662,-0.04471,26310.0,0.5752
48411,"San Saba County, TX",TX,2.013,-2.111,2075.0,5.833
48413,"Schleicher County, TX",TX,-0.8798,2.1,919.7,7.885
48415,"Scurry County, TX",TX,-0.4674,-0.5536,5531.0,-3.508
48417,"Shackelford County, TX",TX,0.7027,-2.323,1212.0,6.381
48419,"Shelby County, TX",TX,0.464,-0.5824,8457.0,5.083
48421,"Sherman County, TX",TX,1.271,-6.062,885.3,-0.8222
48423,"Smith County, TX",TX,1.149,0.233,87290.0,8.408
48425,"Somervell County, TX",TX,2.906,0.3105,3305.0,31.71
48427,"Starr County, TX",TX,-0.6315,2.293,22780.0,-3.684
48429,"Stephens County, TX",TX,1.629,0.03407,2986.0,7.064
48431,"Sterling County, TX",TX,-0.6439,1.496,468.7,3.114
48433,"Stonewall County, TX",TX,-0.1343,-2.751,484.0,-9.138
48435,"Sutton County, TX",TX,-1.023,-2.424,1389.0,-7.351
48437,"Swisher County, TX",TX,-0.7049,-3.818,2385.0,-1.646
48439,"Tarrant County, TX",TX,0.2668,0.5876,806000.0,-1.039
48441,"Taylor County, TX",TX,-0.08515,0.6807,52760.0,0.8026
48445,"Terry County, TX",TX,-0.4951,1.401,3823.0,-5.322
48447,"Throckmorton County, TX",TX,1.681,-0.5563,536.7,11.14
48449,"Titus County, TX",TX,0.08891,0.373,11560.0,8.376
48451,"Tom Green County, TX",TX,-1.101,-0.01177,45010.0,3.779
48453,"Travis County, TX",TX,0.1272,1.498,519700.0,23.12
48455,"Trinity County, TX",TX,3.718,0.8421,4938.0,14.68
48457,"Tyler County, TX",TX,2.279,-1.391,6536.0,13.59
48459,"Upshur County, TX",TX,2.344,1.516,14270.0,6.165
48461,"Upton County, TX",TX,-1.84,2.121,1177.0,-1.567
48463,"Uvalde County, TX",TX,0.3431,-0.08634,9877.0,19.58
48465,"Val Verde County, TX",TX,-0.6779,-0.1815,18300.0,-3.29
48467,"Van Zandt County, TX",TX,2.982,-0.865,19800.0,17.95
48469,"Victoria County, TX",TX,-0.3297,-0.2429,34940.0,-0.4141
48471,"Walker County, TX",TX,0.1226,1.1,21180.0,15.34
48473,"Waller County, TX",TX,3.954,-1.351,18240.0,16.02
48475,"Ward County, TX",TX,-2.011,-1.781,4274.0,-4.564
48477,"Washington County, TX",TX,1.073,-0.6417,13660.0,36.31
48479,"Webb County, TX",TX,-0.866,0.3976,97640.0,0.8987
48481,"Wharton County, TX",TX,-0.002192,0.02029,16320.0,4.916
48483,"Wheeler County, TX",TX,-0.9443,-2.232,1756.0,-2.806
48485,"Wichita County, TX",TX,-0.1116,0.06761,46680.0,-0.6379
48487,"Wilbarger County, TX",TX,-0.889,0.8063,4696.0,0.8539
48489,"Willacy County, TX",TX,0.5741,-0.9991,6378.0,-2.624
48491,"Williamson County, TX",TX,3.94,0.4585,240200.0,11.84
48493,"Wilson County, TX",TX,2.72,-1.351,18860.0,8.334
48495,"Winkler County, TX",TX,-3.402,-1.399,2661.0,-3.195
48497,"Wise County, TX",TX,3.877,-0.8467,25630.0,16.67
48499,"Wood County, TX",TX,3.282,0.2009,16750.0,20.05
48501,"Yoakum County, TX",TX,-1.956,-2.662,2961.0,-19.55
48503,"Young County, TX",TX,0.7043,1.445,6494.0,6.753
48505,"Zapata County, TX",TX,-0.5301,-1.475,4462.0,-0.6571
48507,"Zavala County, TX",TX,-1.015,3.151,3561.0,-1.064
49001,"Beaver County, UT",UT,1.554,0.9811,2470.0,1.76
49003,"Box Elder County, UT",UT,1.676,-1.302,20550.0,7.056
49005,"Cache County, UT",UT,-0.6044,0.9365,44360.0,8.666
49007,"Carbon County, UT",UT,1.089,0.2896,7030.0,-3.479
49011,"Davis County, UT",UT,0.2528,0.7515,127300.0,-1.66
49013,"Duchesne County, UT",UT,1.031,0.1182,6298.0,2.892
49015,"Emery County, UT",UT,1.162,-0.2904,3362.0,4.731
49017,"Garfield County, UT",UT,1.331,-1.344,1821.0,21.37
49019,"Grand County, UT",UT,1.47,-1.57,4303.0,5.038
49021,"Iron County, UT",UT,2.214,0.003828,18770.0,14.07
49023,"Juab County, UT",UT,1.349,0.114,3894.0,11.13
49025,"Kane County, UT",UT,3.307,-1.759,2865.0,23.49
49027,"Millard County, UT",UT,0.4123,-1.282,4358.0,7.26
49029,"Morgan County, UT",UT,0.4905,-1.21,4131.0,13.87
49031,"Piute County, UT",UT,1.729,-3.617,469.0,17.81
49033,"Rich County, UT",UT,1.365,-2.403,805.7,22.61
49035,"Salt Lake County, UT",UT,-0.4402,1.331,452100.0,-4.926
49037,"San Juan County, UT",UT,0.4726,1.415,4134.0,3.285
49039,"Sanpete County, UT",UT,1.657,-1.303,8730.0,12.82
49041,"Sevier County, UT",UT,0.8626,-0.1121,7271.0,7.321
49043,"Summit County, UT",UT,0.5932,-0.6503,18760.0,240.7
49045,"Tooele County, UT",UT,3.16,-0.5795,25790.0,2.541
49047,"Uintah County, UT",UT,1.248,-0.4301,11260.0,-1.671
49049,"Utah County, UT",UT,0.6783,0.8748,207700.0,7.475
49051,"Wasatch County, UT",UT,2.062,-0.2987,12330.0,93.8
49053,"Washington County, UT",UT,3.524,-0.4771,65290.0,40.05
49055,"Wayne County, UT",UT,5.021,1.818,968.3,27.24
49057,"Weber County, UT",UT,0.7054,0.0185,98980.0,5.593
50001,"Addison County, VT",VT,0.437,0.6829,16120.0,12.18
50003,"Bennington County, VT",VT,0.5304,0.7602,15890.0,45.59
50005,"Caledonia County, VT",VT,0.8079,0.9095,12870.0,20.48
50007,"Chittenden County, VT",VT,-0.5086,1.154,73530.0,8.852
50009,"Essex County, VT",VT,1.05,-3.428,2481.0,8.464
50011,"Franklin County, VT",VT,1.092,-1.215,21900.0,3.005
50013,"Grand Isle County, VT",VT,2.197,1.2,3438.0,42.16
50015,"Lamoille County, VT",VT,0.2109,-0.08461,11830.0,25.53
50017,"Orange County, VT",VT,1.251,1.354,12940.0,11.82
50019,"Orleans County, VT",VT,1.127,0.6488,12150.0,14.91
50021,"Rutland County, VT",VT,0.2947,-0.3596,26930.0,13.18
50023,"Washington County, VT",VT,0.5094,1.57,26900.0,8.76
50025,"Windham County, VT",VT,0.7142,0.4228,19600.0,16.63
50027,"Windsor County, VT",VT,0.827,0.3058,25980.0,27.17
51001,"Accomack County, VA",VA,0.5654,0.3898,13230.0,10.84
51003,"Albemarle County, VA",VA,0.6729,1.109,43540.0,18.15
51005,"Alleghany County, VA",VA,-0.175,0.8803,5859.0,2.872
51007,"Amelia County, VA",VA,1.171,-1.867,5197.0,7.616
51009,"Amherst County, VA",VA,0.7983,-0.2338,11950.0,8.252
51011,"Appomattox County, VA",VA,1.729,-2.245,6126.0,4.662
51013,"Arlington County, VA",VA,-3.183,2.695,108700.0,-25.06
51015,"Augusta County, VA",VA,1.101,-1.26,30640.0,9.073
51017,"Bath County, VA",VA,-0.3105,-1.215,1834.0,15.68
51019,"Bedford County, VA",VA,1.411,-0.03039,31070.0,18.82
51021,"Bland County, VA",VA,0.5442,-0.4168,2109.0,12.12
51023,"Botetourt County, VA",VA,1.472,-0.948,13740.0,7.371
51025,"Brunswick County, VA",VA,1.148,-1.93,5384.0,7.787
51027,"Buchanan County, VA",VA,-1.15,-0.6586,5991.0,-9.843
51029,"Buckingham County, VA",VA,1.848,-0.8539,5438.0,-1.293
51031,"Campbell County, VA",VA,0.4095,-0.3518,21370.0,0.03974
51033,"Caroline County, VA",VA,1.929,-0.8709,12200.0,1.658
51035,"Carroll County, VA",VA,1.575,0.7879,10530.0,9.08
51036,"Charles City County, VA",VA,0.00201,-3.066,2854.0,16.59
51037,"Charlotte County, VA",VA,-0.002902,-2.318,4169.0,3.817
51041,"Chesterfield County, VA",VA,1.354,0.3521,143900.0,1.289
51043,"Clarke County, VA",VA,2.208,-1.036,6072.0,16.24
51045,"Craig County, VA",VA,0.614,-4.067,1932.0,2.526
51047,"Culpeper County, VA",VA,1.174,-0.4424,19860.0,4.017
51049,"Cumberland County, VA",VA,0.5073,-4.251,3651.0,2.629
51051,"Dickenson County, VA",VA,-0.08458,-0.5576,4030.0,-2.168
51053,"Dinwiddie County, VA",VA,1.223,-3.738,10780.0,1.716
51057,"Essex County, VA",VA,0.6423,0.277,4430.0,8.408
51059,"Fairfax County, VA",VA,-1.338,2.447,467400.0,-8.275
51061,"Fauquier County, VA",VA,0.5911,-0.02942,28960.0,11.49
51063,"Floyd County, VA",VA,1.599,0.2347,5783.0,15.09
51065,"Fluvanna County, VA",VA,2.271,-1.238,10890.0,7.881
51067,"Franklin County, VA",VA,1.326,-0.6001,20750.0,36.16
51069,"Frederick County, VA",VA,1.648,-1.493,37270.0,7.445
51071,"Giles County, VA",VA,0.4844,-0.5403,6320.0,2.842
51073,"Gloucester County, VA",VA,1.155,0.3091,15690.0,3.921
51075,"Goochland County, VA",VA,3.645,1.15,10280.0,30.27
51077,"Grayson County, VA",VA,1.135,1.441,5379.0,6.765
51079,"Greene County, VA",VA,1.189,-1.963,8036.0,5.362
51081,"Greensville County, VA",VA,-0.0529,-2.277,3017.0,-3.535
51083,"Halifax County, VA",VA,0.1528,-0.0734,12540.0,1.264
51085,"Hanover County, VA",VA,1.301,-0.4306,44600.0,4.864
51087,"Henrico County, VA",VA,-0.1273,1.422,138200.0,-4.745
51089,"Henry County, VA",VA,0.6738,-1.973,18220.0,-2.052
51091,"Highland County, VA",VA,1.84,-1.108,883.7,20.13
51093,"Isle of Wight County, VA",VA,1.902,-0.3176,15420.0,3.683
51095,"James City County, VA",VA,1.625,0.05223,32340.0,10.37
51097,"King and Queen County, VA",VA,1.282,-2.262,2678.0,-2.334
51099,"King George County, VA",VA,1.72,2.252,10270.0,-0.1528
51101,"King William County, VA",VA,2.167,-1.242,7295.0,3.855
51103,"Lancaster County, VA",VA,1.363,-0.1634,4845.0,62.61
51105,"Lee County, VA",VA,0.4148,0.3675,6509.0,0.5409
51107,"Loudoun County, VA",VA,0.2826,0.731,162700.0,-10.25
51109,"Louisa County, VA",VA,3.5,-1.203,14780.0,19.91
51111,"Lunenburg County, VA",VA,0.8181,-0.01938,4000.0,1.671
51113,"Madison County, VA",VA,1.141,-0.8854,5338.0,13.03
51115,"Mathews County, VA",VA,1.203,-0.9336,3594.0,34.73
51117,"Mecklenburg County, VA",VA,1.449,0.8307,11580.0,10.49
51119,"Middlesex County, VA",VA,2.393,-1.085,4365.0,28.39
51121,"Montgomery County, VA",VA,-2.164,-0.07325,30020.0,-7.446
51125,"Nelson County, VA",VA,1.156,-1.564,6291.0,32.78
51127,"New Kent County, VA",VA,4.03,-1.722,10020.0,6.226
51131,"Northampton County, VA",VA,0.1968,-0.318,4833.0,43.73
51133,"Northumberland County, VA",VA,2.932,-1.586,5032.0,38.8
51135,"Nottoway County, VA",VA,0.1927,1.337,5027.0,2.1
51137,"Orange County, VA",VA,2.084,-1.127,15060.0,3.052
51139,"Page County, VA",VA,0.9403,-0.6564,9212.0,7.602
51141,"Patrick County, VA",VA,1.07,-1.782,6291.0,9.952
51143,"Pittsylvania County, VA",VA,0.4484,-0.1285,22570.0,2.164
51145,"Powhatan County, VA",VA,2.153,-1.568,11830.0,10.36
51147,"Prince Edward County, VA",VA,0.2663,0.6314,6676.0,1.745
51149,"Prince George County, VA",VA,0.3321,0.2131,13220.0,-3.181
51153,"Prince William County, VA",VA,-0.6714,-0.204,188500.0,-7.85
51155,"Pulaski County, VA",VA,0.9742,-1.155,12350.0,5.924
51157,"Rappahannock County, VA",VA,1.608,-1.1,2971.0,71.51
51159,"Richmond County, VA",VA,1.635,-1.453,2994.0,15.52
51161,"Roanoke County, VA",VA,0.4944,0.4939,39430.0,-10.59
51163,"Rockbridge County, VA",VA,1.563,-0.8932,8622.0,19.39
51165,"Rockingham County, VA",VA,0.6124,-2.111,33090.0,4.836
51167,"Russell County, VA",VA,0.1521,1.299,8250.0,-1.411
51169,"Scott County, VA",VA,0.2072,0.413,6907.0,5.464
51171,"Shenandoah County, VA",VA,1.328,-0.7447,18170.0,9.542
51173,"Smyth County, VA",VA,0.5578,-0.1172,10460.0,1.439
51175,"Southampton County, VA",VA,1.097,-1.658,6358.0,-0.2623
51177,"Spotsylvania County, VA",VA,1.557,1.088,54820.0,4.595
51179,"Stafford County, VA",VA,1.013,0.2141,58510.0,-6.767
51181,"Surry County, VA",VA,0.717,-0.3348,2591.0,2.029
51183,"Sussex County, VA",VA,0.7834,-0.7812,3550.0,-2.144
51185,"Tazewell County, VA",VA,0.2177,1.257,13040.0,-0.8378
51187,"Warren County, VA",VA,0.94,-0.03469,16310.0,5.458
51191,"Washington County, VA",VA,1.06,0.6608,19100.0,4.106
51193,"Westmoreland County, VA",VA,1.243,-0.2014,7395.0,19.53
51195,"Wise County, VA",VA,-0.03227,1.769,11160.0,-5.53
51197,"Wythe County, VA",VA,1.063,-0.9426,10670.0,-2.217
51199,"York County, VA",VA,0.5165,0.1949,27310.0,-2.702
51510,"Alexandria city, VA",VA,-1.329,2.049,74290.0,-13.09
51520,"Bristol city, VA",VA,0.8636,-0.5026,6028.0,-3.644
51530,"Buena Vista city, VA",VA,-1.065,-2.83,2261.0,2.119
51540,"Charlottesville city, VA",VA,-3.458,0.6574,16960.0,15.27
51550,"Chesapeake city, VA",VA,0.3508,0.2173,95070.0,-2.72
51570,"Colonial Heights city, VA",VA,-0.006494,0.9767,7475.0,-3.181
51580,"Covington city, VA",VA,-0.5838,-1.258,2343.0,-1.875
51590,"Danville city, VA",VA,-0.1782,-0.2009,14860.0,-8.165
51595,"Emporia city, VA",VA,-1.033,1.384,1992.0,-3.91
51600,"Fairfax city, VA",VA,-1.858,2.052,10740.0,1.396
51610,"Falls Church city, VA",VA,-0.9507,1.331,5808.0,-26.53
51620,"Franklin city, VA",VA,-0.2841,2.38,3058.0,-7.401
51630,"Fredericksburg city, VA",VA,0.1309,0.3435,10960.0,-6.774
51640,"Galax city, VA",VA,-0.3542,1.824,2451.0,0.6747
51650,"Hampton city, VA",VA,-0.1265,0.8573,53620.0,-5.924
51660,"Harrisonburg city, VA",VA,-3.146,1.035,15050.0,-3.412
51670,"Hopewell city, VA",VA,-0.05945,-0.1539,8838.0,-2.613
51678,"Lexington city, VA",VA,-1.274,0.379,1963.0,2.439
51680,"Lynchburg city, VA",VA,-1.305,0.9153,26820.0,-9.37
51683,"Manassas city, VA",VA,-1.017,0.8501,17640.0,-5.827
51685,"Manassas Park city, VA",VA,-1.342,-2.959,6996.0,-11.45
51690,"Martinsville city, VA",VA,-0.2973,1.509,4979.0,-1.065
51700,"Newport News city, VA",VA,-1.104,0.3503,70350.0,-5.975
51710,"Norfolk city, VA",VA,-1.496,0.6091,85010.0,-9.115
51720,"Norton city, VA",VA,0.05376,2.674,1377.0,-8.042
51730,"Petersburg city, VA",VA,-0.9785,-0.02839,12490.0,-4.214
51735,"Poquoson city, VA",VA,0.6377,-2.118,4922.0,-0.8782
51740,"Portsmouth city, VA",VA,-0.1148,-0.5058,36650.0,-5.056
51750,"Radford city, VA",VA,-0.9655,-0.9012,4477.0,-2.24
51760,"Richmond city, VA",VA,-0.7855,1.485,86830.0,-5.704
51770,"Roanoke city, VA",VA,-0.9461,0.724,39200.0,-4.907
51775,"Salem city, VA",VA,0.386,0.07501,10010.0,0.3057
51790,"Staunton city, VA",VA,0.4596,0.06311,10430.0,2.934
51800,"Suffolk city, VA",VA,2.142,-0.2893,35890.0,-2.975
51810,"Virginia Beach city, VA",VA,-0.6721,0.4541,184000.0,0.1795
51820,"Waynesboro city, VA",VA,1.616,1.132,9372.0,-4.939
51830,"Williamsburg city, VA",VA,-0.4741,-0.2895,4690.0,4.892
51840,"Winchester city, VA",VA,-1.08,0.901,11460.0,-1.756
53001,"Adams County, WA",WA,-0.7615,-2.107,7285.0,-1.876
53003,"Asotin County, WA",WA,0.9278,-0.8209,8647.0,3.267
53005,"Benton County, WA",WA,0.7557,-0.05665,79280.0,-0.4438
53007,"Chelan County, WA",WA,0.6693,-0.5179,33470.0,21.63
53009,"Clallam County, WA",WA,1.689,0.1609,32610.0,22.23
53011,"Clark County, WA",WA,1.413,0.4533,204200.0,6.705
53013,"Columbia County, WA",WA,2.235,1.406,1509.0,4.437
53015,"Cowlitz County, WA",WA,1.171,-0.8784,43100.0,6.73
53017,"Douglas County, WA",WA,1.168,-1.687,17010.0,15.15
53019,"Ferry County, WA",WA,3.264,1.297,2403.0,5.528
53021,"Franklin County, WA",WA,0.1786,-0.9816,34380.0,-0.7203
53023,"Garfield County, WA",WA,0.6824,4.195,778.0,6.388
53025,"Grant County, WA",WA,0.6297,-0.159,36980.0,6.556
53027,"Grays Harbor County, WA",WA,1.864,-0.9161,28130.0,9.714
53029,"Island County, WA",WA,0.7366,-0.2132,37070.0,20.98
53031,"Jefferson County, WA",WA,2.376,-0.2563,15090.0,25.31
53033,"King County, WA",WA,-0.7641,1.614,979500.0,-23.06
53035,"Kitsap County, WA",WA,0.304,0.21,113400.0,11.3
53037,"Kittitas County, WA",WA,0.7906,-1.34,17170.0,37.47
53039,"Klickitat County, WA",WA,2.2,-0.4119,9154.0,28.65
53041,"Lewis County, WA",WA,1.816,-0.9869,31490.0,7.251
53043,"Lincoln County, WA",WA,3.293,1.924,4248.0,9.012
53045,"Mason County, WA",WA,2.305,-0.4541,25600.0,17.79
53047,"Okanogan County, WA",WA,1.53,0.08475,15960.0,17.83
53049,"Pacific County, WA",WA,2.729,-1.199,9086.0,23.04
53051,"Pend Oreille County, WA",WA,3.564,-2.071,4998.0,1.138
53053,"Pierce County, WA",WA,0.2458,0.01068,366900.0,2.603
53055,"San Juan County, WA",WA,2.458,-0.8836,8018.0,56.26
53057,"Skagit County, WA",WA,0.8676,0.1488,53190.0,32.43
53059,"Skamania County, WA",WA,2.303,-1.38,4500.0,30.95
53061,"Snohomish County, WA",WA,0.3574,0.4754,338000.0,6.76
53063,"Spokane County, WA",WA,0.6945,0.9176,213200.0,8.175
53065,"Stevens County, WA",WA,2.657,0.7759,16970.0,14.75
53067,"Thurston County, WA",WA,0.6781,0.833,123100.0,0.9368
53069,"Wahkiakum County, WA",WA,3.981,-1.876,1709.0,24.53
53071,"Walla Walla County, WA",WA,0.1449,0.6352,22970.0,11.62
53073,"Whatcom County, WA",WA,0.4048,-0.1664,92610.0,14.04
53075,"Whitman County, WA",WA,-2.444,0.197,14840.0,-2.312
53077,"Yakima County, WA",WA,-0.5767,-1.237,96190.0,-0.7791
54001,"Barbour County, WV",WV,0.6159,0.2784,5513.0,5.405
54003,"Berkeley County, WV",WV,2.731,0.873,49680.0,1.164
54005,"Boone County, WV",WV,-1.127,0.2961,6670.0,-5.236
54007,"Braxton County, WV",WV,-0.06145,-1.064,4386.0,2.262
54009,"Brooke County, WV",WV,-0.4133,-0.8043,9145.0,-5.928
54011,"Cabell County, WV",WV,-0.8158,0.8125,33320.0,-5.387
54013,"Calhoun County, WV",WV,-0.1352,-2.712,2046.0,-1.372
54015,"Clay County, WV",WV,-1.214,-0.3762,2608.0,-1.239
54017,"Doddridge County, WV",WV,0.1004,0.7443,2396.0,-3.461
54019,"Fayette County, WV",WV,-0.06585,0.2536,14120.0,-1.352
54021,"Gilmer County, WV",WV,-0.05569,-2.177,2116.0,6.063
54023,"Grant County, WV",WV,0.796,0.7597,4435.0,9.808
54025,"Greenbrier County, WV",WV,0.3072,0.7087,12650.0,12.81
54027,"Hampshire County, WV",WV,1.51,-1.103,8542.0,12.48
54029,"Hancock County, WV",WV,-0.09083,-0.278,12230.0,-1.792
54031,"Hardy County, WV",WV,0.3537,-0.9173,5594.0,17.04
54033,"Harrison County, WV",WV,-0.4237,0.4567,26120.0,-3.951
54035,"Jackson County, WV",WV,0.1983,-0.2722,10350.0,1.654
54037,"Jefferson County, WV",WV,1.138,-0.4943,22650.0,9.602
54039,"Kanawha County, WV",WV,-0.4709,1.21,69520.0,-15.54
54041,"Lewis County, WV",WV,-0.1102,-0.6286,6357.0,-1.713
54043,"Lincoln County, WV",WV,-0.5403,2.617,6273.0,-7.812
54045,"Logan County, WV",WV,-0.7272,0.7486,9707.0,-8.727
54047,"McDowell County, WV",WV,-2.175,-0.169,4460.0,-8.371
54049,"Marion County, WV",WV,0.1366,0.1294,22020.0,-2.391
54051,"Marshall County, WV",WV,-0.3448,0.8444,12190.0,-2.21
54053,"Mason County, WV",WV,0.2576,-0.3051,9006.0,1.987
54055,"Mercer County, WV",WV,-0.03147,-0.3172,20610.0,-8.9
54057,"Mineral County, WV",WV,0.1815,0.3486,10890.0,4.233
54059,"Mingo County, WV",WV,-1.352,1.344,6620.0,-6.197
54061,"Monongalia County, WV",WV,-1.222,0.9044,36380.0,-4.172
54063,"Monroe County, WV",WV,0.2608,1.644,4553.0,8.201
54065,"Morgan County, WV",WV,1.925,2.253,6976.0,18.09
54067,"Nicholas County, WV",WV,0.1838,0.8348,8364.0,0.8601
54069,"Ohio County, WV",WV,-0.7285,0.6572,16920.0,-9.452
54071,"Pendleton County, WV",WV,0.1794,1.763,2771.0,5.564
54073,"Pleasants County, WV",WV,0.1958,-1.559,2738.0,7.201
54075,"Pocahontas County, WV",WV,-0.104,-1.369,3166.0,12.15
54077,"Preston County, WV",WV,0.7166,-1.23,12050.0,1.827
54079,"Putnam County, WV",WV,0.02422,-0.6374,21920.0,-0.9109
54081,"Raleigh County, WV",WV,-0.1828,0.3479,25650.0,-3.553
54083,"Randolph County, WV",WV,0.1801,0.2505,10320.0,5.442
54085,"Ritchie County, WV",WV,-0.6767,-1.846,3422.0,6.065
54087,"Roane County, WV",WV,-0.07819,0.8523,4481.0,2.873
54089,"Summers County, WV",WV,0.2879,1.888,3707.0,10.81
54091,"Taylor County, WV",WV,0.07916,-1.258,6171.0,3.509
54093,"Tucker County, WV",WV,0.1078,-1.256,2716.0,8.345
54095,"Tyler County, WV",WV,-0.4836,-0.008715,3204.0,0.4933
54097,"Upshur County, WV",WV,-0.04411,0.3457,8571.0,4.468
54099,"Wayne County, WV",WV,-0.4306,1.64,13100.0,0.7989
54101,"Webster County, WV",WV,0.009473,-2.879,2480.0,5.82
54103,"Wetzel County, WV",WV,-0.919,-1.097,5716.0,-15.89
54105,"Wirt County, WV",WV,-0.5527,2.93,1963.0,-0.4882
54107,"Wood County, WV",WV,-0.09069,-0.272,32570.0,-3.696
54109,"Wyoming County, WV",WV,-0.6843,0.2904,5895.0,-7.506
55001,"Adams County, WI",WI,2.662,-1.217,8340.0,18.11
55003,"Ashland County, WI",WI,0.2087,0.6535,6189.0,7.757
55005,"Barron County, WI",WI,0.3222,-0.4317,19990.0,5.323
55007,"Bayfield County, WI",WI,2.491,-2.198,6892.0,24.06
55009,"Brown County, WI",WI,-0.04094,0.7392,113500.0,-2.619
55011,"Buffalo County, WI",WI,0.7053,0.4858,5741.0,4.119
55013,"Burnett County, WI",WI,2.146,-1.313,6881.0,15.61
55015,"Calumet County, WI",WI,0.4365,-0.8491,21810.0,-6.187
55017,"Chippewa County, WI",WI,0.7677,-0.5878,27510.0,3.82
55019,"Clark County, WI",WI,-0.6122,-0.2934,12880.0,-0.6565
55021,"Columbia County, WI",WI,0.08453,-0.5852,26040.0,7.437
55023,"Crawford County, WI",WI,0.3309,-0.426,6722.0,14.7
55025,"Dane County, WI",WI,-0.7244,1.556,240200.0,-7.16
55027,"Dodge County, WI",WI,0.4949,-0.485,37230.0,0.392
55029,"Door County, WI",WI,1.429,-0.6539,13970.0,50.75
55031,"Douglas County, WI",WI,0.5209,0.4611,18030.0,3.959
55033,"Dunn County, WI",WI,-0.1824,-1.425,17300.0,2.516
55035,"Eau Claire County, WI",WI,-0.003345,1.285,42230.0,-0.275
55037,"Florence County, WI",WI,2.979,-2.967,1932.0,9.791
55039,"Fond du Lac County, WI",WI,0.05887,-0.2028,44210.0,-2.929
55041,"Forest County, WI",WI,1.415,0.653,3626.0,3.111
55043,"Grant County, WI",WI,-0.2731,0.5064,19510.0,-4.239
55045,"Green County, WI",WI,0.1117,-0.01919,16430.0,2.083
55047,"Green Lake County, WI",WI,0.622,-1.247,8166.0,17.59
55049,"Iowa County, WI",WI,0.6415,-1.085,10410.0,14.58
55051,"Iron County, WI",WI,2.589,-1.772,2700.0,31.6
55053,"Jackson County, WI",WI,0.2761,-1.079,7942.0,-9.616
55055,"Jefferson County, WI",WI,0.3446,-0.02513,35600.0,5.839
55057,"Juneau County, WI",WI,1.061,0.2735,10870.0,6.851
55059,"Kenosha County, WI",WI,-0.1984,-0.556,69890.0,2.581
55061,"Kewaunee County, WI",WI,0.2876,0.7304,8735.0,19.89
55063,"La Crosse County, WI",WI,-0.5652,0.4713,49060.0,4.316
55065,"Lafayette County, WI",WI,0.02564,-0.8917,6983.0,-7.952
55067,"Langlade County, WI",WI,0.8626,-0.2402,8241.0,7.149
55069,"Lincoln County, WI",WI,0.6793,-1.114,12250.0,7.542
55071,"Manitowoc County, WI",WI,0.2592,-0.1033,34610.0,-0.8829
55073,"Marathon County, WI",WI,0.0891,0.598,59320.0,-4.908
55075,"Marinette County, WI",WI,1.016,-0.7443,17530.0,8.813
55077,"Marquette County, WI",WI,1.497,0.2737,6848.0,13.92
55078,"Menominee County, WI",WI,0.0001808,3.285,1563.0,31.16
55079,"Milwaukee County, WI",WI,-1.375,1.291,373700.0,-21.37
55081,"Monroe County, WI",WI,-0.001452,0.1791,18730.0,-1.376
55083,"Oconto County, WI",WI,1.318,0.3825,16590.0,10.48
55085,"Oneida County, WI",WI,1.349,0.1639,17260.0,19.16
55087,"Outagamie County, WI",WI,0.2346,0.06844,81310.0,-5.486
55089,"Ozaukee County, WI",WI,0.7856,0.1615,39300.0,-6.509
55091,"Pepin County, WI",WI,-0.05847,0.2844,3092.0,15.44
55093,"Pierce County, WI",WI,0.3571,-1.249,16600.0,1.215
55095,"Polk County, WI",WI,1.159,0.332,19160.0,14.1
55097,"Portage County, WI",WI,-0.2918,-0.6178,29630.0,1.587
55099,"Price County, WI",WI,1.501,0.1494,6038.0,16.29
55101,"Racine County, WI",WI,-0.09151,-0.1086,82510.0,-5.252
55103,"Richland County, WI",WI,0.5674,-0.2602,6727.0,10.93
55105,"Rock County, WI",WI,0.2564,0.4171,69100.0,-6.052
55107,"Rusk County, WI",WI,1.031,0.209,5711.0,13.34
55109,"St. Croix County, WI",WI,1.23,-0.4314,38720.0,7.401
55111,"Sauk County, WI",WI,0.02728,-0.3923,28680.0,14.15
55113,"Sawyer County, WI",WI,2.397,-0.002753,7317.0,29.02
55115,"Shawano County, WI",WI,0.507,-0.933,17160.0,5.434
55117,"Sheboygan County, WI",WI,0.03014,-0.3177,50580.0,-7.484
55119,"Taylor County, WI",WI,0.1419,-1.057,8081.0,5.496
55121,"Trempealeau County, WI",WI,-0.3572,0.2481,12480.0,7.859
55123,"Vernon County, WI",WI,0.2578,0.2937,11680.0,10.74
55125,"Vilas County, WI",WI,2.349,-0.7441,10260.0,39.7
55127,"Walworth County, WI",WI,0.2579,-0.8766,43000.0,27.57
55129,"Washburn County, WI",WI,1.635,0.459,7296.0,16.45
55131,"Washington County, WI",WI,0.5726,-0.1241,60300.0,-3.284
55133,"Waukesha County, WI",WI,0.5279,0.7661,177300.0,8.674
55135,"Waupaca County, WI",WI,0.427,-0.1197,22000.0,10.97
55137,"Waushara County, WI",WI,1.439,0.05908,9992.0,6.145
55139,"Winnebago County, WI",WI,-0.1121,0.3822,72750.0,-6.909
55141,"Wood County, WI",WI,0.0001835,-0.03399,32310.0,-7.511
56001,"Albany County, WY",WY,-2.083,-0.06399,13790.0,12.18
56003,"Big Horn County, WY",WY,1.884,-1.76,4246.0,20.39
56005,"Campbell County, WY",WY,-0.2492,-0.8202,18090.0,-5.808
56007,"Carbon County, WY",WY,0.3288,-0.9538,5816.0,6.268
56009,"Converse County, WY",WY,-0.03459,-2.16,5393.0,-0.4402
56011,"Crook County, WY",WY,2.105,-0.8669,2865.0,10.36
56013,"Fremont County, WY",WY,1.075,0.7368,14700.0,14.29
56015,"Goshen County, WY",WY,0.8065,0.0006351,4736.0,11.97
56017,"Hot Springs County, WY",WY,2.568,-1.025,1715.0,21.14
56019,"Johnson County, WY",WY,1.705,-0.8781,3612.0,18.67
56021,"Laramie County, WY",WY,0.1738,-0.3646,41950.0,1.079
56023,"Lincoln County, WY",WY,2.761,-0.6816,7472.0,42.13
56025,"Natrona County, WY",WY,-0.02347,-0.3052,32280.0,12.03
56027,"Niobrara County, WY",WY,0.6234,2.378,860.7,-0.183
56029,"Park County, WY",WY,1.441,0.02576,12900.0,34.87
56031,"Platte County, WY",WY,1.454,-1.629,3544.0,10.41
56033,"Sheridan County, WY",WY,1.738,0.342,13260.0,36.94
56035,"Sublette County, WY",WY,1.131,-1.503,3510.0,25.35
56037,"Sweetwater County, WY",WY,-0.9227,-0.2256,16520.0,-10.9
56039,"Teton County, WY",WY,0.3822,-1.23,12080.0,449.6
56041,"Uinta County, WY",WY,0.3443,-0.5617,7739.0,8.753
56043,"Washakie County, WY",WY,0.8982,-0.5978,3101.0,-6.352
56045,"Weston County, WY",WY,0.4827,-0.1581,2659.0,-7.721
