employer,group,class,avg_rep_share,change_pp,workers
"Amazon.com, Inc.",Other,Stable (within 5 points),0.3013,-2.409,97890.0
Wells Fargo & Co.,Finance & insurance,Stable (within 5 points),0.4386,-3.839,65610.0
The United States Army (District of Columbia),Military & federal,Stable (within 5 points),0.5047,-3.789,64620.0
"Walmart, Inc.",Retail & hospitality,Stable (within 5 points),0.4441,-3.112,63870.0
US Department of Veterans Affairs (District of Columbia),Military & federal,Stable (within 5 points),0.423,-1.754,52450.0
US Air Force,Military & federal,Stable (within 5 points),0.5864,-1.035,49140.0
Microsoft Corp.,AI & big tech,Stable (within 5 points),0.2763,-1.079,47680.0
Bank of America Corp.,Finance & insurance,Stable (within 5 points),0.4032,-3.378,45170.0
The Boeing Co.,Defense & aerospace,Stable (within 5 points),0.4674,-3.963,42230.0
Google LLC,AI & big tech,Stable (within 5 points),0.2005,0.9776,42130.0
"Apple, Inc.",AI & big tech,Stable (within 5 points),0.2578,-4.678,42110.0
U.S. Navy,Military & federal,Stable (within 5 points),0.5012,-3.157,40750.0
Deloitte LLP (New York),Consulting & accounting,Stable (within 5 points),0.3627,-3.515,40320.0
"AT&T, Inc.",Other,Stable (within 5 points),0.4549,-1.028,39980.0
"Kaiser Permanente, Inc.",Health care,Stable (within 5 points),0.2896,-3.67,39490.0
Lockheed Martin Corp.,Defense & aerospace,Stable (within 5 points),0.5371,-3.702,37480.0
"The Home Depot, Inc.",Retail & hospitality,Stable (within 5 points),0.4194,-4.244,31680.0
The United States Postal Service,Military & federal,Stable (within 5 points),0.4083,-3.989,31410.0
Northrop Grumman Corp.,Defense & aerospace,Stable (within 5 points),0.5012,-4.382,31290.0
Starbucks Corp.,Retail & hospitality,Stable (within 5 points),0.2724,-4.853,30660.0
"United Parcel Service, Inc.",Other,Stable (within 5 points),0.4627,-4.608,29010.0
"Verizon Communications, Inc.",Other,Stable (within 5 points),0.4326,-3.676,28310.0
State Farm Mutual Automobile Insurance Co.,Finance & insurance,Stable (within 5 points),0.5061,-4.541,28180.0
"Citigroup, Inc.",Finance & insurance,Stable (within 5 points),0.4128,-3.255,28160.0
FMR LLC,Finance & insurance,Stable (within 5 points),0.4529,-4.52,27740.0
International Business Machines Corp.,AI & big tech,Stable (within 5 points),0.4436,-3.947,27470.0
PricewaterhouseCoopers LLP,Other,Stable (within 5 points),0.3828,-3.94,26400.0
"Lowe's Companies, Inc.",Retail & hospitality,Stable (within 5 points),0.4973,-4.516,26380.0
"Amazon Web Services, Inc.",AI & big tech,Stable (within 5 points),0.2799,4.374,25990.0
"UnitedHealth Group, Inc.",Other,Stable (within 5 points),0.4612,-4.976,24390.0
"Meta Platforms, Inc.",AI & big tech,Stable (within 5 points),0.1997,-0.2863,23880.0
Oracle Corp.,AI & big tech,Stable (within 5 points),0.3895,-1.555,22440.0
Intel Corp.,AI & big tech,Stable (within 5 points),0.3667,-3.95,21800.0
Morgan Stanley,Finance & insurance,Stable (within 5 points),0.4549,-4.794,21520.0
United States Marine Corps,Military & federal,Stable (within 5 points),0.5568,-2.328,20570.0
FedEx Corp.,Other,Stable (within 5 points),0.4565,-2.853,20020.0
KPMG LLP,Consulting & accounting,Stable (within 5 points),0.4047,-4.997,19470.0
"Dell, Inc.",AI & big tech,Stable (within 5 points),0.4687,-1.603,19350.0
US Department of Defense (District of Columbia),Military & federal,Stable (within 5 points),0.4791,-2.456,18200.0
"T-Mobile US, Inc.",Other,Stable (within 5 points),0.3488,-0.9113,18190.0
"Cisco Systems, Inc.",AI & big tech,Stable (within 5 points),0.3751,-0.5746,17010.0
The New York City Department of Education,Military & federal,Stable (within 5 points),0.1971,-1.157,16940.0
"Salesforce, Inc.",AI & big tech,Stable (within 5 points),0.2973,-1.881,16260.0
The Allstate Corp.,Finance & insurance,Stable (within 5 points),0.4681,-3.631,16070.0
McDonald's Corp.,Retail & hospitality,Stable (within 5 points),0.3139,-1.906,15900.0
Booz Allen Hamilton Holding Corp.,Defense & aerospace,Stable (within 5 points),0.4072,-3.787,15270.0
"Best Buy Co., Inc.",Other,Stable (within 5 points),0.3892,-2.474,15040.0
Abbott Laboratories,Other,Stable (within 5 points),0.4524,-4.768,14780.0
The Kroger Co.,Retail & hospitality,Stable (within 5 points),0.4414,-1.644,14680.0
"United Airlines, Inc.",Other,Stable (within 5 points),0.4225,-3.987,14590.0
"American Airlines Group, Inc.",Other,Stable (within 5 points),0.5025,-4.997,14510.0
"Tesla, Inc.",AI & big tech,Stable (within 5 points),0.3279,3.773,14280.0
Providence Health & Services,Health care,Stable (within 5 points),0.3374,-3.728,14270.0
"Humana, Inc.",Other,Stable (within 5 points),0.4689,-4.791,14230.0
University of Michigan,Higher education,Stable (within 5 points),0.2082,-4.81,13950.0
The Cleveland Clinic Foundation,Health care,Stable (within 5 points),0.3781,-4.827,13820.0
Farmers Insurance Exchange,Finance & insurance,Stable (within 5 points),0.5187,-3.897,13370.0
Costco Wholesale Corp.,Retail & hospitality,Stable (within 5 points),0.3967,-3.296,13190.0
The Charles Schwab Corp.,Finance & insurance,Stable (within 5 points),0.4452,-2.031,12940.0
"Publix Super Markets, Inc.",Other,Stable (within 5 points),0.4862,0.2397,12870.0
"Chick-fil-A, Inc.",Other,Stable (within 5 points),0.4991,-2.153,12770.0
"Jones Lang LaSalle, Inc.",Other,Stable (within 5 points),0.4524,-4.631,12560.0
"Aetna, Inc.",Other,Stable (within 5 points),0.4213,-4.249,12520.0
"Marriott International, Inc.",Retail & hospitality,Stable (within 5 points),0.3632,-3.865,12380.0
"Uber Technologies, Inc.",AI & big tech,Stable (within 5 points),0.296,4.685,12240.0
Conscience Vc,Other,Stable (within 5 points),0.4223,2.591,12080.0
University of Wisconsin,Higher education,Stable (within 5 points),0.295,-1.302,12070.0
University of Pittsburgh Medical Center,Higher education,Stable (within 5 points),0.4461,-2.819,11930.0
"Macy's, Inc.",Other,Stable (within 5 points),0.3141,-0.986,11860.0
BAE Systems Plc,Defense & aerospace,Stable (within 5 points),0.5582,-2.429,11750.0
Merrill Lynch International,Other,Stable (within 5 points),0.5474,-1.703,11630.0
The Ohio State University,Higher education,Stable (within 5 points),0.3043,-3.36,11530.0
"Nordstrom, Inc.",Other,Stable (within 5 points),0.2584,-3.02,11440.0
"Compass, Inc. (New York)",Other,Stable (within 5 points),0.3419,0.06591,11420.0
The University of Texas at Austin,Higher education,Stable (within 5 points),0.2336,-4.43,11330.0
Coldwell Banker Residential Brokerage (Arizona),Other,Stable (within 5 points),0.5025,-2.062,11290.0
"DoorDash, Inc.",Other,Stable (within 5 points),0.3188,1.769,11240.0
The Cigna Group,Other,Stable (within 5 points),0.4416,-3.341,11130.0
Hewlett Packard Enterprise Development LP,AI & big tech,Stable (within 5 points),0.5088,0.8492,10900.0
"Caterpillar, Inc.",Other,Stable (within 5 points),0.6127,-4.302,10710.0
"The Goldman Sachs Group, Inc.",Finance & insurance,Stable (within 5 points),0.346,-0.964,10680.0
UBS AG,Other,Stable (within 5 points),0.4968,-2.542,10380.0
University of Florida,Higher education,Stable (within 5 points),0.3233,-1.808,10110.0
University of Minnesota,Higher education,Stable (within 5 points),0.325,-4.274,10100.0
"Kohl's Department Stores, Inc.",Retail & hospitality,Stable (within 5 points),0.4293,-2.203,10040.0
"Whole Foods Market, Inc.",Other,Stable (within 5 points),0.234,-1.761,9989.0
University of Washington,Higher education,Stable (within 5 points),0.141,-2.832,9862.0
Internal Revenue Service,Other,Stable (within 5 points),0.3739,-4.435,9801.0
"JPMorgan Investment Management, Inc.",Finance & insurance,Stable (within 5 points),0.387,-2.522,9733.0
Federal Aviation Administration,Military & federal,Stable (within 5 points),0.5325,-3.835,9677.0
The Toronto-Dominion Bank,Finance & insurance,Stable (within 5 points),0.387,-3.343,9471.0
The Bank of New York Mellon SA,Finance & insurance,Stable (within 5 points),0.4066,-2.679,9311.0
"Lumen Technologies, Inc. (Louisiana)",Other,Stable (within 5 points),0.5477,-3.624,9291.0
"Northwell Health, Inc.",Health care,Stable (within 5 points),0.334,-4.374,9290.0
Banner Health,Health care,Stable (within 5 points),0.5025,-4.555,9231.0
The Pennsylvania State University,Higher education,Stable (within 5 points),0.3594,1.124,9216.0
"H&R Block, Inc.",Other,Stable (within 5 points),0.4332,-1.615,9206.0
"The TJX Cos., Inc.",Other,Stable (within 5 points),0.3039,-0.6336,9180.0
Purdue University,Higher education,Stable (within 5 points),0.4067,-2.269,9165.0
Texas A&M University,Higher education,Stable (within 5 points),0.5205,0.05281,9141.0
Arizona State University,Higher education,Stable (within 5 points),0.3444,-2.39,9085.0
The University of North Carolina at Chapel Hill,Higher education,Stable (within 5 points),0.2015,-2.264,9044.0
"Robert Half, Inc.",Other,Stable (within 5 points),0.3863,-3.035,8817.0
Social Security Administration,Other,Stable (within 5 points),0.3252,-2.294,8810.0
Chicago Public Schools,State & local government,Stable (within 5 points),0.1275,-3.341,8775.0
Johnson Controls International Plc,Other,Stable (within 5 points),0.5975,-3.296,8747.0
Coldwell Banker Residential Brokerage Co.,Other,Stable (within 5 points),0.5341,-2.731,8741.0
Army National Guard,Military & federal,Stable (within 5 points),0.5258,-3.714,8678.0
Siemens AG,Other,Stable (within 5 points),0.534,-2.143,8613.0
US Department of State (District of columbia),Military & federal,Stable (within 5 points),0.2736,-3.611,8604.0
GE Aviation Systems LLC,Other,Stable (within 5 points),0.575,-1.047,8587.0
Exxon Mobil Corp.,Other,Stable (within 5 points),0.5731,1.493,8566.0
Chevron Corp.,Other,Stable (within 5 points),0.5458,0.5482,8555.0
"Sam's West, Inc.",Other,Stable (within 5 points),0.4409,-3.381,8519.0
"Ameriprise Financial, Inc.",Finance & insurance,Stable (within 5 points),0.579,-1.627,8103.0
Walt Disney World Co.,Other,Stable (within 5 points),0.3695,-2.918,8101.0
Sodexo SA,Other,Stable (within 5 points),0.3881,-1.887,8078.0
"Alvin V. Shoemaker Investments, Inc.",Other,Stable (within 5 points),0.412,1.314,8074.0
Deere & Co.,Other,Stable (within 5 points),0.5836,-4.494,8035.0
NBCUniversal Media LLC,Other,Stable (within 5 points),0.2547,-2.314,7985.0
"Aflac, Inc.",Other,Stable (within 5 points),0.543,-4.772,7893.0
"GE Healthcare Technologies, Inc.",Health care,Stable (within 5 points),0.5739,-0.8883,7868.0
North Carolina State University,Higher education,Stable (within 5 points),0.2721,-3.154,7808.0
University of Pennsylvania,Higher education,Stable (within 5 points),0.1977,-1.937,7772.0
"Amgen, Inc.",Other,Stable (within 5 points),0.4012,-0.5322,7741.0
GEICO Corp.,Other,Stable (within 5 points),0.3864,-4.054,7713.0
"University of California, Berkeley",Higher education,Stable (within 5 points),0.1228,-0.2669,7561.0
"General Dynamics Information Technology, Inc.",Defense & aerospace,Stable (within 5 points),0.4484,-3.281,7523.0
Vanderbilt University Medical Center,Higher education,Stable (within 5 points),0.4411,-2.864,7518.0
"Adobe, Inc.",AI & big tech,Stable (within 5 points),0.3289,-2.972,7487.0
NYU Langone Health,Health care,Stable (within 5 points),0.2079,-0.1389,7430.0
University of Pittsburgh,Higher education,Stable (within 5 points),0.2635,-4.162,7383.0
U.S. Army Corps of Engineers,Military & federal,Stable (within 5 points),0.5001,-4.029,7374.0
NewYork-Presbyterian Hospital,Health care,Stable (within 5 points),0.2056,-3.478,7286.0
The American National Red Cross,Other,Stable (within 5 points),0.3833,-1.681,7189.0
Bayer AG,Other,Stable (within 5 points),0.5256,3.386,7152.0
Navy Federal Credit Union,Military & federal,Stable (within 5 points),0.4682,0.8688,7091.0
University of Maryland,Higher education,Stable (within 5 points),0.1803,-2.233,7088.0
"Fidelity National Information Services, Inc.",Finance & insurance,Stable (within 5 points),0.5305,-4.133,7068.0
"University of California, Los Angeles",Higher education,Stable (within 5 points),0.1901,-0.3366,7063.0
Koninklijke Philips NV,Other,Stable (within 5 points),0.4829,-1.691,7050.0
Fresenius Medical Care AG,Health care,Stable (within 5 points),0.4351,-3.597,7038.0
Los Angeles Unified School District (California),State & local government,Stable (within 5 points),0.2148,-3.021,7036.0
Chase,Other,Stable (within 5 points),0.3778,-4.576,7016.0
Oregon Health & Science University,Higher education,Stable (within 5 points),0.1726,-3.97,6920.0
"CACI International, Inc.",Defense & aerospace,Stable (within 5 points),0.4748,-4.223,6910.0
"The Hartford Insurance Group, Inc.",Finance & insurance,Stable (within 5 points),0.4251,-4.732,6888.0
University of California San Diego,Higher education,Stable (within 5 points),0.2128,-0.7981,6858.0
Trustees of the University of Pennsylvania,Higher education,Stable (within 5 points),0.2702,-3.069,6849.0
Dollar General Corp.,Other,Stable (within 5 points),0.4599,-2.19,6846.0
Stanford University,Higher education,Stable (within 5 points),0.1602,0.1951,6814.0
Pacific Gas & Electric Co.,Other,Stable (within 5 points),0.3934,1.25,6808.0
"Citizens Bank, NA (Investment Management)",Finance & insurance,Stable (within 5 points),0.39,-3.193,6724.0
Wells Fargo Clearing Services LLC,Finance & insurance,Stable (within 5 points),0.6012,-1.847,6689.0
Aon Plc,Other,Stable (within 5 points),0.3994,-1.286,6671.0
University of Illinois,Higher education,Stable (within 5 points),0.1884,-3.295,6665.0
McKesson Corp.,Other,Stable (within 5 points),0.4895,-2.13,6659.0
"Intuit, Inc.",Other,Stable (within 5 points),0.3479,-2.588,6658.0
The University of Arizona Foundation,Higher education,Stable (within 5 points),0.2663,-2.269,6583.0
"Becton Dickinson Philippines, Inc.",Other,Stable (within 5 points),0.439,-2.257,6582.0
"Prudential Financial, Inc.",Finance & insurance,Stable (within 5 points),0.4453,-3.765,6560.0
Indiana University,Higher education,Stable (within 5 points),0.2788,-0.6857,6546.0
"Aya Healthcare, Inc.",Health care,Stable (within 5 points),0.3822,-4.991,6518.0
"HP, Inc.",Other,Stable (within 5 points),0.4778,-3.267,6473.0
"Mary Kay, Inc.",Other,Stable (within 5 points),0.5222,-1.797,6454.0
Epic Systems Corp.,Other,Stable (within 5 points),0.3912,0.1717,6423.0
"Genentech, Inc.",Other,Stable (within 5 points),0.2657,-3.36,6420.0
Panera Bread Co.,Other,Stable (within 5 points),0.3336,-3.578,6398.0
NVIDIA Corp.,AI & big tech,Stable (within 5 points),0.2603,0.1546,6365.0
National Aeronautics & Space Administration,Other,Stable (within 5 points),0.4836,-4.898,6327.0
"University of California, Davis",Higher education,Stable (within 5 points),0.2127,-1.261,6309.0
Cognizant Technology Solutions Corp.,Other,Stable (within 5 points),0.3581,-0.1718,6284.0
"McKinsey & Co., Inc.",Consulting & accounting,Stable (within 5 points),0.2667,-1.927,6242.0
The Trustees of Columbia University in The City of New York,Higher education,Stable (within 5 points),0.1629,-1.659,6220.0
New York University,Higher education,Stable (within 5 points),0.1599,-1.995,6187.0
US Department of Justice,Military & federal,Stable (within 5 points),0.3161,-2.268,6186.0
Duke University,Higher education,Stable (within 5 points),0.2015,-2.368,6175.0
Shell Plc,Other,Stable (within 5 points),0.549,0.1347,6172.0
Novartis AG,Other,Stable (within 5 points),0.4134,0.6398,6159.0
Aramark,Other,Stable (within 5 points),0.3676,-3.037,6138.0
The University of Texas M.D. Anderson Cancer Center,Higher education,Stable (within 5 points),0.3667,-1.598,6115.0
University of Southern California,Higher education,Stable (within 5 points),0.2278,-1.068,6062.0
United States Army Reserve,Military & federal,Stable (within 5 points),0.4775,-2.77,6025.0
"Gartner, Inc.",Other,Stable (within 5 points),0.435,-3.033,6024.0
State of Massachusetts,State & local government,Stable (within 5 points),0.2253,-2.617,6008.0
University of South Florida,Higher education,Stable (within 5 points),0.3519,-0.9295,6005.0
US Department of Agriculture,Military & federal,Stable (within 5 points),0.4116,-0.2174,6003.0
Southern Glazer's Wine & Spirits LLC,Other,Stable (within 5 points),0.5055,-2.847,6000.0
The General Hospital Corp.,Health care,Stable (within 5 points),0.1557,-3.135,5997.0
Memorial Sloan Kettering Cancer Center,Other,Stable (within 5 points),0.2076,-0.9647,5987.0
"The University of California, San Francisco",Higher education,Stable (within 5 points),0.1265,0.2574,5946.0
"Staples, Inc.",Other,Stable (within 5 points),0.3851,-3.483,5930.0
Arthur J. Gallagher & Co.,Other,Stable (within 5 points),0.5345,-4.307,5911.0
Rodan & Fields LLC,Other,Stable (within 5 points),0.5926,-0.1108,5885.0
Washington University in St. Louis,Higher education,Stable (within 5 points),0.3949,-4.276,5883.0
"Workday, Inc.",AI & big tech,Stable (within 5 points),0.3185,-4.974,5881.0
"Hilton Worldwide Holdings, Inc.",Retail & hospitality,Stable (within 5 points),0.3662,-4.963,5880.0
Harvard University,Higher education,Stable (within 5 points),0.1365,-2.155,5858.0
"Copper Sub Corp., Inc.",Other,Stable (within 5 points),0.3914,-2.026,5856.0
The Children's Hospital of Philadelphia Foundation,Health care,Stable (within 5 points),0.2553,-4.971,5839.0
University of Kentucky,Higher education,Stable (within 5 points),0.3538,-1.803,5830.0
"QUALCOMM, Inc.",AI & big tech,Stable (within 5 points),0.3293,-2.146,5802.0
LinkedIn Corp.,AI & big tech,Stable (within 5 points),0.2211,-2.223,5790.0
Cincinnati Children's Hospital Medical Center,Health care,Stable (within 5 points),0.4838,-4.397,5780.0
US Coast Guard,Military & federal,Stable (within 5 points),0.5488,-4.86,5751.0
SAP SE,Other,Stable (within 5 points),0.4089,-2.577,5751.0
Environmental Protection Agency,Other,Stable (within 5 points),0.2264,-2.648,5726.0
Boston University,Higher education,Stable (within 5 points),0.138,-0.7979,5724.0
Colorado State University,Higher education,Stable (within 5 points),0.2916,-4.476,5701.0
Bloomberg LP,Other,Stable (within 5 points),0.2725,-4.557,5689.0
Cornell University,Higher education,Stable (within 5 points),0.2047,-1.4,5680.0
"Regeneron Pharmaceuticals, Inc.",Other,Stable (within 5 points),0.3392,-1.379,5678.0
University of Colorado Boulder,Higher education,Stable (within 5 points),0.1891,-1.547,5660.0
US Food & Drug Administration,Other,Stable (within 5 points),0.2364,-1.908,5644.0
"Trader Joe's Co., Inc.",Other,Stable (within 5 points),0.2591,-4.805,5631.0
"Chipotle Mexican Grill, Inc.",Other,Stable (within 5 points),0.2605,-1.005,5620.0
Sedgwick Pte Ltd.,Other,Stable (within 5 points),0.4421,-3.539,5607.0
YMCA of the USA,Other,Stable (within 5 points),0.3606,-2.747,5588.0
Willis Towers Watson (New York),Other,Stable (within 5 points),0.4229,-4.45,5576.0
State of Michigan,State & local government,Stable (within 5 points),0.3456,-3.971,5549.0
"Ross Stores, Inc.",Retail & hospitality,Stable (within 5 points),0.2879,-3.456,5519.0
"LPL Financial Holdings, Inc.",Finance & insurance,Stable (within 5 points),0.4966,-4.362,5502.0
The Johns Hopkins University,Higher education,Stable (within 5 points),0.2214,-2.668,5488.0
American Family Insurance Mutual Holding Co.,Finance & insurance,Stable (within 5 points),0.5859,-4.826,5480.0
"Duke University Health System, Inc.",Higher education,Stable (within 5 points),0.2886,-3.52,5446.0
Space Exploration Technologies Corp.,Other,Stable (within 5 points),0.3902,-3.966,5443.0
The University of Chicago,Higher education,Stable (within 5 points),0.1502,-2.609,5434.0
Yale University,Higher education,Stable (within 5 points),0.2011,-2.057,5428.0
Chubb Ltd.,Other,Stable (within 5 points),0.4266,-2.675,5409.0
Texas Instruments Incorporated,AI & big tech,Stable (within 5 points),0.5155,0.8561,5399.0
"Safeway, Inc.",Other,Stable (within 5 points),0.3601,-1.938,5385.0
"Securitas Security Services USA, Inc.",Other,Stable (within 5 points),0.3849,-3.552,5382.0
"Wegmans Food Markets, Inc.",Other,Stable (within 5 points),0.3711,-1.1,5377.0
Regions Bank,Finance & insurance,Stable (within 5 points),0.5633,-2.964,5354.0
BP Plc,Other,Stable (within 5 points),0.5461,-3.707,5349.0
The University of Texas Southwestern Medical Center,Higher education,Stable (within 5 points),0.4076,-2.785,5335.0
"Waste Management, Inc.",Other,Stable (within 5 points),0.5442,-1.801,5315.0
"Cummins, Inc.",Other,Stable (within 5 points),0.5516,-2.046,5296.0
University of Utah,Higher education,Stable (within 5 points),0.4754,-1.71,5285.0
University of Central Florida,Higher education,Stable (within 5 points),0.3343,-2.384,5281.0
"Dow, Inc.",Other,Stable (within 5 points),0.5417,-0.0862,5270.0
Sephora SASU,Other,Stable (within 5 points),0.2271,-4.049,5270.0
University of Cincinnati (Ohio),Higher education,Stable (within 5 points),0.4009,-2.712,5228.0
Florida State University,Higher education,Stable (within 5 points),0.3141,-3.466,5221.0
Rutgers State University of New Jersey,Higher education,Stable (within 5 points),0.2159,0.8572,5219.0
"MAXIMUS, Inc.",Other,Stable (within 5 points),0.3036,-3.051,5205.0
PetSmart LLC,Other,Stable (within 5 points),0.3944,-4.861,5183.0
Rite Aid Corp.,Other,Stable (within 5 points),0.3864,-2.64,5181.0
Ochsner Health,Health care,Stable (within 5 points),0.4957,-4.876,5172.0
"Domino's Pizza, Inc.",Other,Stable (within 5 points),0.387,-2.292,5104.0
University of Iowa,Higher education,Stable (within 5 points),0.2148,-4.087,5094.0
Tata Consultancy Services Ltd.,Other,Stable (within 5 points),0.3605,3.599,5077.0
"Dollar Tree, Inc.",Other,Stable (within 5 points),0.3658,-2.366,5071.0
"WSP USA, Inc.",Other,Stable (within 5 points),0.3919,-4.936,5070.0
Northeastern University,Higher education,Stable (within 5 points),0.1525,-1.056,5065.0
Massachusetts Institute of Technology,Higher education,Stable (within 5 points),0.1548,-2.178,5045.0
Dignity Health,Health care,Stable (within 5 points),0.4436,-3.543,5036.0
Siemens Healthineers AG,Other,Stable (within 5 points),0.4573,-2.975,5020.0
US Forest Service,Other,Stable (within 5 points),0.4121,-2.828,4985.0
"Cox Communications, Inc.",Other,Stable (within 5 points),0.4908,-2.844,4982.0
"Toyota Motor North America, Inc.",Other,Stable (within 5 points),0.4804,1.864,4972.0
Victoria's Secret & Co.,Other,Stable (within 5 points),0.2931,-3.626,4960.0
Clark County School District (Nevada),State & local government,Stable (within 5 points),0.3991,-3.923,4943.0
Memorial Hermann Health System,Health care,Stable (within 5 points),0.4247,-4.859,4935.0
"Visa, Inc.",Finance & insurance,Stable (within 5 points),0.315,-2.615,4902.0
Old Navy LLC,Military & federal,Stable (within 5 points),0.2679,-0.8323,4896.0
Xerox Corp.,Other,Stable (within 5 points),0.4532,2.209,4889.0
"CGI, Inc.",Other,Stable (within 5 points),0.426,-4.826,4883.0
"AutoZone, Inc.",Other,Stable (within 5 points),0.4611,-4.298,4835.0
"Lululemon USA, Inc.",Other,Stable (within 5 points),0.2998,1.265,4835.0
Northwestern University,Higher education,Stable (within 5 points),0.1638,-3.364,4830.0
"RE/MAX Holdings, Inc.",Other,Stable (within 5 points),0.5938,-3.222,4820.0
The Children's Hospital Corp.,Health care,Stable (within 5 points),0.1546,-1.79,4812.0
"The Boston Consulting Group, Inc.",Consulting & accounting,Stable (within 5 points),0.2408,-2.614,4802.0
Houston Methodist Hospital Foundation,Health care,Stable (within 5 points),0.4086,-4.737,4758.0
Thomson Reuters Corp.,Other,Stable (within 5 points),0.4471,-2.866,4731.0
Fiat Chrysler Automobiles NV,Other,Stable (within 5 points),0.497,-2.358,4721.0
"Albertsons Cos., Inc.",Other,Stable (within 5 points),0.4738,-4.177,4720.0
CDW Corp.,Other,Stable (within 5 points),0.4159,-3.041,4694.0
University of Illinois At Urbana–Champaign,Higher education,Stable (within 5 points),0.2623,-1.449,4693.0
Subway IP LLC,Other,Stable (within 5 points),0.3601,-0.2814,4673.0
City of New York (New York),State & local government,Stable (within 5 points),0.1801,-2.405,4624.0
"Kelly Services, Inc.",Other,Stable (within 5 points),0.4155,-2.701,4615.0
Bank of America Europe DAC,Finance & insurance,Stable (within 5 points),0.401,-2.345,4597.0
Northern Trust Corp.,Other,Stable (within 5 points),0.3435,-1.302,4564.0
"University of California, Irvine",Higher education,Stable (within 5 points),0.2302,0.8665,4557.0
BASF SE,Other,Stable (within 5 points),0.5128,-4.122,4556.0
"Century 21, Inc.",Other,Stable (within 5 points),0.5447,-3.757,4511.0
The University of Arkansas,Higher education,Stable (within 5 points),0.4225,0.8234,4445.0
"Hackensack Meridian Health, Inc.",Health care,Stable (within 5 points),0.3841,-2.375,4431.0
State Street Corp.,Other,Stable (within 5 points),0.3313,-2.633,4421.0
"Tyson Foods, Inc.",Other,Stable (within 5 points),0.5921,-2.916,4400.0
International Paper Co.,Other,Stable (within 5 points),0.5675,-1.548,4380.0
Teachers Insurance & Annuity Association of America,Finance & insurance,Stable (within 5 points),0.4027,-3.391,4374.0
Schlumberger Ltd.,Other,Stable (within 5 points),0.5512,-2.241,4353.0
University of South Carolina,Higher education,Stable (within 5 points),0.4111,-1.795,4350.0
UCLA Health Systems,Health care,Stable (within 5 points),0.2249,-2.612,4350.0
Massachusetts Mutual Life Insurance Co.,Finance & insurance,Stable (within 5 points),0.4328,-4.842,4340.0
Fairfax County Public Schools (Virginia),State & local government,Stable (within 5 points),0.2987,-3.888,4333.0
"Molina Healthcare, Inc.",Health care,Stable (within 5 points),0.346,-2.75,4329.0
University of Tennessee,Higher education,Stable (within 5 points),0.4796,2.841,4323.0
"Ricoh USA, Inc.",Other,Stable (within 5 points),0.493,-3.821,4315.0
Taco Bell Corp.,Other,Stable (within 5 points),0.3089,-2.795,4269.0
Halliburton Co.,Other,Stable (within 5 points),0.6303,-1.567,4251.0
"Gap, Inc.",Other,Stable (within 5 points),0.2569,0.1028,4248.0
Verizon Enterprise Solutions,Other,Stable (within 5 points),0.4857,-3.072,4234.0
Oregon State University,Higher education,Stable (within 5 points),0.209,-4.862,4220.0
GE Aerospace,Other,Stable (within 5 points),0.5332,0.9525,4219.0
State of Tennessee,State & local government,Stable (within 5 points),0.5192,-1.323,4205.0
Centers for Disease Control & Prevention,Other,Stable (within 5 points),0.2361,-3.25,4190.0
Baker Hughes Co.,Other,Stable (within 5 points),0.6258,-3.233,4183.0
The University of New Mexico,Higher education,Stable (within 5 points),0.2567,-3.632,4178.0
"Advanced Micro Devices, Inc.",AI & big tech,Stable (within 5 points),0.3658,-3.937,4166.0
Allegheny Health Network,Health care,Stable (within 5 points),0.4519,-4.165,4165.0
L'Oréal SA,Other,Stable (within 5 points),0.3383,-3.172,4159.0
University of Notre Dame,Higher education,Stable (within 5 points),0.3559,1.294,4156.0
Wake County Public School System,Other,Stable (within 5 points),0.3116,-3.015,4147.0
"The Brigham & Women's Hospital, Inc.",Health care,Stable (within 5 points),0.1511,-2.367,4139.0
"Aerotek Affiliated Services, Inc.",Other,Stable (within 5 points),0.4293,-4.52,4138.0
Brown University,Higher education,Stable (within 5 points),0.1606,-1.782,4131.0
UNC Health Care System,Health care,Stable (within 5 points),0.2854,-1.566,4094.0
Transportation Security Administration,Other,Stable (within 5 points),0.4093,-4.598,4091.0
US Air Force Reserve,Military & federal,Stable (within 5 points),0.5432,-0.3243,4086.0
"Avon Products, Inc.",Other,Stable (within 5 points),0.4482,1.899,4078.0
Vanderbilt University,Higher education,Stable (within 5 points),0.3445,-3.906,4076.0
"Motorola Solutions, Inc.",Other,Stable (within 5 points),0.4898,-0.1936,4065.0
National Institutes of Health,Health care,Stable (within 5 points),0.177,-0.468,4060.0
Temple University (Pennsylvania),Higher education,Stable (within 5 points),0.206,-2.338,4058.0
"Slalom, Inc.",Other,Stable (within 5 points),0.2805,-2.141,4057.0
YouTube LLC,Other,Stable (within 5 points),0.2756,-2.875,4055.0
Houston Independent School District (Texas),State & local government,Stable (within 5 points),0.2384,-4.358,4055.0
Universal Orlando Resort,Other,Stable (within 5 points),0.3306,-3.924,4044.0
Charlotte Mecklenburg Schools,Other,Stable (within 5 points),0.2867,-4.103,4037.0
"American Eagle Outfitters, Inc.",Other,Stable (within 5 points),0.3166,-4.497,4037.0
USI Insurance Services LLC,Finance & insurance,Stable (within 5 points),0.5495,-4.551,4031.0
"Syneos Health, Inc.",Health care,Stable (within 5 points),0.4095,2.082,4028.0
Cedars-Sinai Health System,Health care,Stable (within 5 points),0.2303,-3.065,4007.0
Express Scripts Holding Co.,Other,Stable (within 5 points),0.5106,-0.8945,4007.0
UC San Diego Health System,Health care,Stable (within 5 points),0.2725,-3.537,4002.0
Pearson Plc,Other,Stable (within 5 points),0.3553,-4.928,3998.0
Union Pacific Railroad Co.,Other,Stable (within 5 points),0.5763,-2.409,3988.0
ADT LLC,Other,Stable (within 5 points),0.4777,-4.265,3976.0
"Caesars Entertainment, Inc.",Other,Stable (within 5 points),0.4445,-1.48,3967.0
"Aurora Health Care, Inc.",Health care,Stable (within 5 points),0.6095,-3.764,3966.0
Rochester Christian University,Higher education,Stable (within 5 points),0.2934,-1.811,3951.0
The Church of Jesus Christ of Latter-Day Saints,Other,Stable (within 5 points),0.803,4.038,3950.0
"BlackRock Finance, Inc.",Other,Stable (within 5 points),0.3076,-3.606,3946.0
Georgia Institute of Technology,Higher education,Stable (within 5 points),0.2723,-2.524,3943.0
"HomeServices of America, Inc.",Other,Stable (within 5 points),0.5541,-3.075,3938.0
Stanford Health Care,Health care,Stable (within 5 points),0.2028,-3.332,3936.0
"S&P Global, Inc.",Other,Stable (within 5 points),0.3403,-1.054,3935.0
"The Mount Sinai Health System, Inc.",Health care,Stable (within 5 points),0.198,-3.329,3933.0
NYC Health + Hospitals (Bellevue),Health care,Stable (within 5 points),0.1735,-4.176,3924.0
"Ben R Shull, Cpa LLC",Other,Stable (within 5 points),0.4079,-1.13,3915.0
The University of Alabama,Higher education,Stable (within 5 points),0.5176,3.48,3913.0
"Baptist Health South Florida, Inc.",Health care,Stable (within 5 points),0.4107,-4.086,3910.0
Private,Other,Stable (within 5 points),0.4274,1.516,3903.0
US General Services Administration,Other,Stable (within 5 points),0.3641,1.426,3883.0
Sprint Corp.,Other,Stable (within 5 points),0.45,-2.778,3859.0
"Dillard's, Inc.",Other,Stable (within 5 points),0.4319,-1.618,3859.0
"Baxter International, Inc.",Other,Stable (within 5 points),0.4573,-1.445,3856.0
"D.R. Horton, Inc.",Other,Stable (within 5 points),0.6197,-0.765,3850.0
"Red Hat, Inc.",Other,Stable (within 5 points),0.3551,0.347,3845.0
AIG,Other,Stable (within 5 points),0.4264,-1.215,3820.0
Georgia-Pacific LLC,Other,Stable (within 5 points),0.5754,-2.155,3817.0
"Indeed, Inc.",Other,Stable (within 5 points),0.2682,-1.339,3808.0
"O'Reilly Automotive Stores, Inc.",Retail & hospitality,Stable (within 5 points),0.5575,-0.7389,3785.0
"Advance Auto Parts, Inc.",Other,Stable (within 5 points),0.5245,-2.825,3776.0
"Texas Health Resources, Inc.",Health care,Stable (within 5 points),0.5382,-2.69,3775.0
"Rockwell Automation, Inc.",Other,Stable (within 5 points),0.6003,-3.779,3769.0
"KBR, Inc.",Other,Stable (within 5 points),0.5547,-4.95,3768.0
Capgemini SE,Other,Stable (within 5 points),0.3965,-2.626,3768.0
"7-Eleven, Inc.",Other,Stable (within 5 points),0.4211,1.986,3751.0
Iowa State University,Higher education,Stable (within 5 points),0.3077,-1.229,3732.0
BNSF Railway Co.,Other,Stable (within 5 points),0.6293,-1.313,3723.0
State of Minnesota,State & local government,Stable (within 5 points),0.5138,-4.248,3720.0
University of Oregon,Higher education,Stable (within 5 points),0.1716,-2.35,3711.0
Texas Tech University,Higher education,Stable (within 5 points),0.5134,-2.067,3705.0
HCL Technologies Ltd.,Other,Stable (within 5 points),0.3941,4.095,3675.0
University of Oklahoma,Higher education,Stable (within 5 points),0.4242,2.124,3668.0
U.S. Department of the Treasury,Military & federal,Stable (within 5 points),0.3369,-0.5909,3665.0
"Palo Alto Networks, Inc.",Other,Stable (within 5 points),0.387,-3.821,3659.0
"Petco Animal Supplies, Inc.",Other,Stable (within 5 points),0.3778,-4.501,3646.0
Texas Children's Hospital,Health care,Stable (within 5 points),0.4096,-2.266,3640.0
Unum Group,Other,Stable (within 5 points),0.4929,-4.874,3635.0
"FedEx Services, Inc.",Other,Stable (within 5 points),0.5195,-3.184,3634.0
Carnegie Mellon University,Higher education,Stable (within 5 points),0.2232,-3.954,3622.0
Fastenal Co.,Other,Stable (within 5 points),0.6055,-4.503,3619.0
Liberty University,Higher education,Stable (within 5 points),0.6877,-2.016,3612.0
"Brookdale Senior Living, Inc.",Other,Stable (within 5 points),0.4451,-4.0,3602.0
Nokia Oyj,Other,Stable (within 5 points),0.4687,1.617,3601.0
"Barnes & Noble, Inc.",Other,Stable (within 5 points),0.277,-4.078,3583.0
"Nissan Motor Co., Ltd.",Other,Stable (within 5 points),0.531,-2.469,3575.0
"Menard, Inc.",Other,Stable (within 5 points),0.4869,-3.35,3569.0
"The Johns Hopkins Hospital, Inc.",Health care,Stable (within 5 points),0.2614,-2.375,3569.0
State University of New York at Buffalo,Higher education,Stable (within 5 points),0.2639,-2.363,3563.0
Advantage Sales & Marketing LLC,Other,Stable (within 5 points),0.497,-0.6396,3560.0
University of Miami,Higher education,Stable (within 5 points),0.3089,0.273,3560.0
George Washington University,Higher education,Stable (within 5 points),0.1809,-2.18,3553.0
"Cracker Barrel Old Country Store, Inc.",Other,Stable (within 5 points),0.466,-2.597,3540.0
DXC Technology Co.,Other,Stable (within 5 points),0.4984,-0.2965,3534.0
Transamerica Corp.,Other,Stable (within 5 points),0.4525,-2.352,3532.0
Montgomery County Public Schools (Maryland),State & local government,Stable (within 5 points),0.2096,-4.028,3532.0
Federal National Mortgage Association,Military & federal,Stable (within 5 points),0.303,-3.355,3517.0
The Wendy's Co.,Other,Stable (within 5 points),0.3127,-2.839,3500.0
Princeton University,Higher education,Stable (within 5 points),0.1988,-2.805,3499.0
"Live Nation Entertainment, Inc.",Other,Stable (within 5 points),0.2798,-3.233,3498.0
Southern California Edison Co.,Other,Stable (within 5 points),0.44,-2.625,3495.0
"St. Luke's Health Network, Inc.",Health care,Stable (within 5 points),0.4997,-4.448,3494.0
Sanford Health Corp.,Health care,Stable (within 5 points),0.5602,-4.547,3491.0
"iHeartMedia, Inc.",Other,Stable (within 5 points),0.4371,-4.875,3485.0
"DuPont de Nemours, Inc.",Other,Stable (within 5 points),0.5013,-3.463,3479.0
Baylor College of Medicine,Higher education,Stable (within 5 points),0.3639,-2.534,3475.0
"Recreational Equipment, Inc.",Other,Stable (within 5 points),0.256,-3.727,3473.0
University of Connecticut,Higher education,Stable (within 5 points),0.2033,-4.246,3448.0
State of Pennsylvania,State & local government,Stable (within 5 points),0.4298,-2.766,3445.0
Seattle Children's Hospital,Health care,Stable (within 5 points),0.1575,-2.797,3439.0
"eBay, Inc.",Other,Stable (within 5 points),0.3625,-0.7022,3439.0
"ABM Industries, Inc.",Other,Stable (within 5 points),0.4025,-0.819,3428.0
Louisiana State University,Higher education,Stable (within 5 points),0.4686,-0.1112,3428.0
Clemson University,Higher education,Stable (within 5 points),0.5418,0.7338,3417.0
"Cencora, Inc.",Other,Stable (within 5 points),0.4303,-2.18,3417.0
University of Houston,Higher education,Stable (within 5 points),0.3424,-3.525,3416.0
Massage Envy Franchising LLC,Other,Stable (within 5 points),0.3524,-3.144,3413.0
US Department of Health & Human Services,Military & federal,Stable (within 5 points),0.2759,-2.277,3412.0
"Hy-Vee, Inc.",Other,Stable (within 5 points),0.4322,2.272,3409.0
Comerica Bank (Investment Management Texas),Finance & insurance,Stable (within 5 points),0.43,-4.451,3404.0
George Mason University,Higher education,Stable (within 5 points),0.2484,-4.251,3397.0
ABB Ltd.,Other,Stable (within 5 points),0.5798,-3.335,3395.0
US Defense Logistics Agency,Other,Stable (within 5 points),0.4892,-1.446,3387.0
EMD Millipore Corp.,Other,Stable (within 5 points),0.4463,-4.215,3382.0
University of North Texas,Higher education,Stable (within 5 points),0.3766,-2.071,3371.0
"Alaska Airlines, Inc.",Other,Stable (within 5 points),0.3828,-3.251,3368.0
National Park Service National Capital Region,Other,Stable (within 5 points),0.3185,1.34,3355.0
Deutsche Bank AG,Finance & insurance,Stable (within 5 points),0.3902,-0.7522,3353.0
Palm Beach County School District (Florida),State & local government,Stable (within 5 points),0.3175,-2.906,3349.0
Pizza Hut LLC,Other,Stable (within 5 points),0.394,1.083,3349.0
"Gilead Sciences, Inc.",Other,Stable (within 5 points),0.2868,-3.324,3343.0
Freddie Mac,Other,Stable (within 5 points),0.2815,-3.984,3341.0
UC Davis Health System,Health care,Stable (within 5 points),0.2895,-4.694,3330.0
Tennessee Valley Authority,Other,Stable (within 5 points),0.6944,-3.445,3330.0
Air National Guard,Military & federal,Stable (within 5 points),0.5887,-3.615,3319.0
R.R. Donnelley & Sons Co.,Other,Stable (within 5 points),0.5395,-1.292,3315.0
Entergy Corp.,Other,Stable (within 5 points),0.6219,-3.589,3300.0
University of Rochester Medical Center,Higher education,Stable (within 5 points),0.3163,-3.773,3299.0
Tractor Supply Co.,Other,Stable (within 5 points),0.6341,-4.36,3295.0
Comcast Business,Other,Stable (within 5 points),0.4203,-4.028,3294.0
Encore Group (USA) LLC,Other,Stable (within 5 points),0.3658,-4.585,3290.0
"BAYADA Home Health Care, Inc.",Health care,Stable (within 5 points),0.3871,-4.184,3288.0
"Airbnb, Inc.",AI & big tech,Stable (within 5 points),0.2358,3.03,3282.0
Fluor Corp.,Other,Stable (within 5 points),0.6134,1.299,3278.0
Parsons Corp.,Other,Stable (within 5 points),0.4989,-4.057,3274.0
The Salvation Army National Corp.,Military & federal,Stable (within 5 points),0.4175,-2.301,3266.0
Randstad NV,Other,Stable (within 5 points),0.362,-3.103,3254.0
University of Wisconsin Hospitals & Clinics Authority,Higher education,Stable (within 5 points),0.4219,0.2527,3248.0
First American Financial Corp.,Finance & insurance,Stable (within 5 points),0.508,-3.787,3248.0
"Realty ONE Group, Inc.",Other,Stable (within 5 points),0.591,-3.242,3248.0
Kimberly-Clark Corp.,Other,Stable (within 5 points),0.6321,-1.003,3239.0
National Railroad Passenger Corp.,Other,Stable (within 5 points),0.3617,-2.126,3239.0
"Norton Healthcare, Inc.",Health care,Stable (within 5 points),0.4551,-2.414,3235.0
Adventist Health Glendale,Health care,Stable (within 5 points),0.4676,-4.609,3228.0
Constellation Energy Corp.,Other,Stable (within 5 points),0.5178,-2.699,3224.0
CU Anschutz Medical Campus,Health care,Stable (within 5 points),0.215,-4.68,3217.0
"Bain & Co., Inc.",Consulting & accounting,Stable (within 5 points),0.2415,1.249,3212.0
HSBC Holdings Plc,Other,Stable (within 5 points),0.3656,-1.935,3189.0
Texas Health & Human Services Commission,Health care,Stable (within 5 points),0.31,0.8048,3176.0
Dade County School District (Florida),State & local government,Stable (within 5 points),0.3058,-2.257,3174.0
The University of North Carolina at Charlotte,Higher education,Stable (within 5 points),0.3091,-4.004,3169.0
"Beth Israel Deaconess Medical Center, Inc.",Health care,Stable (within 5 points),0.14,-1.056,3167.0
Abercrombie & Fitch Co.,Other,Stable (within 5 points),0.2941,-4.209,3161.0
"Colliers International Group, Inc.",Other,Stable (within 5 points),0.5473,-0.7059,3161.0
United States Attorney's Office,Other,Stable (within 5 points),0.3272,1.393,3160.0
Syracuse University,Higher education,Stable (within 5 points),0.2748,0.2563,3160.0
"University of California, Riverside",Higher education,Stable (within 5 points),0.266,-0.7031,3159.0
"ICF International, Inc.",Other,Stable (within 5 points),0.272,-0.8571,3151.0
DISH Network Corp.,Other,Stable (within 5 points),0.4111,-2.265,3147.0
"University of California, Santa Barbara",Higher education,Stable (within 5 points),0.1593,-3.524,3145.0
Florida International University,Higher education,Stable (within 5 points),0.2856,-0.2815,3142.0
Rochester Institute of Technology,Higher education,Stable (within 5 points),0.2982,-0.8023,3141.0
Case Western Reserve University,Higher education,Stable (within 5 points),0.2471,-2.309,3129.0
Kirkland & Ellis LLP,Other,Stable (within 5 points),0.2602,1.138,3128.0
Goodyear Tire & Rubber Co.,Other,Stable (within 5 points),0.5822,-4.496,3127.0
Office Depot LLC,Other,Stable (within 5 points),0.4331,-1.996,3125.0
Occidental Petroleum Corp.,Other,Stable (within 5 points),0.6184,-2.951,3125.0
Emory University,Higher education,Stable (within 5 points),0.2214,-2.067,3115.0
American Mobile Healthcare,Health care,Stable (within 5 points),0.3936,-4.239,3112.0
WellSpan Health,Health care,Stable (within 5 points),0.5813,-0.7569,3098.0
"Harbor Freight Tools USA, Inc.",Other,Stable (within 5 points),0.4701,1.599,3088.0
"World Financial Group, Inc.",Finance & insurance,Stable (within 5 points),0.3625,-2.282,3073.0
"The University of Phoenix, Inc.",Higher education,Stable (within 5 points),0.4547,-0.9069,3072.0
Mercer LLC,Other,Stable (within 5 points),0.3871,-0.4505,3071.0
Dallas Independent School District (Texas),State & local government,Stable (within 5 points),0.273,-3.99,3060.0
IKEA Group,Other,Stable (within 5 points),0.2801,-4.834,3048.0
"Home Instead, Inc.",Other,Stable (within 5 points),0.4635,-1.788,3046.0
US Department of Energy (District of Columbia),Military & federal,Stable (within 5 points),0.3558,-2.795,3044.0
"Mary Kay Cosmetics, Inc.",Other,Stable (within 5 points),0.5375,-2.919,3044.0
"Frontier Communications Parent, Inc.",Other,Stable (within 5 points),0.5441,0.1061,3035.0
San Diego State University,Higher education,Stable (within 5 points),0.2537,-3.311,3029.0
Southern New Hampshire University,Higher education,Stable (within 5 points),0.3731,2.6,3023.0
University of Delaware,Higher education,Stable (within 5 points),0.2723,0.4685,3023.0
Phillips 66,Other,Stable (within 5 points),0.6394,-1.061,3023.0
Sears Holdings Corp.,Other,Stable (within 5 points),0.4202,2.865,3022.0
University of Louisville,Higher education,Stable (within 5 points),0.3358,-1.851,3021.0
Weill Cornell Medicine,Other,Stable (within 5 points),0.1748,-4.37,3015.0
"Dana-Farber Cancer Institute, Inc.",Other,Stable (within 5 points),0.1368,0.2799,3009.0
West Virginia University,Higher education,Stable (within 5 points),0.3952,-0.4288,3008.0
Metropolitan Transportation Authority (New York),Other,Stable (within 5 points),0.2589,-3.449,3008.0
Montefiore Medical Center,Health care,Stable (within 5 points),0.1929,-2.506,2993.0
Grand Canyon University,Higher education,Stable (within 5 points),0.5343,2.495,2988.0
"Wawa, Inc.",Other,Stable (within 5 points),0.3823,-0.5239,2985.0
"Giant Eagle, Inc.",Other,Stable (within 5 points),0.4294,-0.7802,2983.0
"Corning, Inc.",Other,Stable (within 5 points),0.5297,-2.258,2977.0
"Wayfair, Inc.",Other,Stable (within 5 points),0.2673,2.766,2976.0
Baylor University,Higher education,Stable (within 5 points),0.5672,2.408,2971.0
Drexel University,Higher education,Stable (within 5 points),0.2128,-3.119,2954.0
Georgetown University,Higher education,Stable (within 5 points),0.1776,-2.245,2945.0
"Spirit AeroSystems Holdings, Inc.",Other,Stable (within 5 points),0.7321,-2.247,2942.0
University of Texas at San Antonio,Higher education,Stable (within 5 points),0.3382,-4.685,2939.0
MultiCare Health System,Health care,Stable (within 5 points),0.3463,-4.826,2934.0
"NetApp, Inc.",Other,Stable (within 5 points),0.4132,1.526,2934.0
"Alcon Laboratories, Inc.",Other,Stable (within 5 points),0.5467,-4.753,2932.0
"Sprouts Farmers Market, Inc.",Other,Stable (within 5 points),0.4084,-4.355,2921.0
National Oceanic & Atmospheric Administration,Other,Stable (within 5 points),0.2886,-3.196,2917.0
"Hobby Lobby Stores, Inc.",Retail & hospitality,Stable (within 5 points),0.5611,3.659,2915.0
"Block, Inc.",Other,Stable (within 5 points),0.1954,3.745,2909.0
"Hallmark Cards, Inc.",Other,Stable (within 5 points),0.5288,-3.346,2909.0
Arbonne International LLC,Other,Stable (within 5 points),0.5346,-2.111,2895.0
"Weichert Realtors, Inc.",Other,Stable (within 5 points),0.4859,-2.966,2891.0
"Autodesk, Inc.",Other,Stable (within 5 points),0.2718,-4.931,2888.0
"Mondelez International, Inc.",Other,Stable (within 5 points),0.4703,-2.348,2888.0
"Bright Horizons Family Solutions, Inc.",Other,Stable (within 5 points),0.2437,-4.152,2884.0
"CHRISTUS Health, Inc.",Health care,Stable (within 5 points),0.5008,-2.563,2880.0
Hillsborourgh County School District,State & local government,Stable (within 5 points),0.4098,-1.283,2877.0
Eastman Chemical Co.,Other,Stable (within 5 points),0.754,-1.106,2876.0
"Anthem Insurance Cos., Inc.",Finance & insurance,Stable (within 5 points),0.444,-0.7473,2867.0
United States Senate,Other,Stable (within 5 points),0.3454,1.906,2845.0
"Express Services, Inc.",Other,Stable (within 5 points),0.4707,-4.063,2844.0
"W. L. Gore & Associates, Inc.",Other,Stable (within 5 points),0.472,-4.88,2840.0
"The Michaels Cos., Inc.",Other,Stable (within 5 points),0.3682,-4.802,2838.0
University of Texas Medical Branch,Higher education,Stable (within 5 points),0.4715,-1.769,2834.0
WestRock Co.,Other,Stable (within 5 points),0.5767,-4.907,2823.0
University of Utah Health,Higher education,Stable (within 5 points),0.5492,-2.383,2817.0
Food Lion LLC,Other,Stable (within 5 points),0.3949,-0.1938,2814.0
Pacific Northwest National Laboratory,Other,Stable (within 5 points),0.4479,-4.561,2813.0
Jefferson County Public School District (Kentucky),State & local government,Stable (within 5 points),0.3555,-1.678,2810.0
US Department of Labor,Military & federal,Stable (within 5 points),0.3074,0.4137,2807.0
Alight Solutions LLC,Other,Stable (within 5 points),0.3796,-3.435,2806.0
UCSF Medical Center,Health care,Stable (within 5 points),0.1523,-0.1398,2806.0
The University of Nebraska-Lincoln,Higher education,Stable (within 5 points),0.3874,-2.605,2805.0
ManTech International Corp.,Other,Stable (within 5 points),0.4849,-3.493,2803.0
US Patent & Trademark Office,Other,Stable (within 5 points),0.2667,0.03225,2794.0
Young Living Essential Oils LC,Other,Stable (within 5 points),0.6722,-1.086,2788.0
"H. Lee Moffitt Cancer Center & Research Institute, Inc.",Other,Stable (within 5 points),0.4109,-3.304,2785.0
US Geological Survey,Other,Stable (within 5 points),0.3154,-1.837,2785.0
ConocoPhillips,Other,Stable (within 5 points),0.6445,1.688,2783.0
"Circle K Stores, Inc.",Retail & hospitality,Stable (within 5 points),0.4301,-2.154,2780.0
Stifel Financial Corp.,Finance & insurance,Stable (within 5 points),0.5938,-4.528,2779.0
Lenovo Group Ltd.,Other,Stable (within 5 points),0.4249,-1.167,2765.0
The Auto Club Group,Other,Stable (within 5 points),0.4573,-4.265,2763.0
Bechtel Corp.,Other,Stable (within 5 points),0.5254,-2.065,2758.0
"Upwork, Inc.",Other,Stable (within 5 points),0.301,-2.911,2749.0
SHI International Corp.,Other,Stable (within 5 points),0.3882,-3.233,2746.0
"Corteva, Inc.",Other,Stable (within 5 points),0.542,-4.703,2739.0
Paylocity Holding Corp.,Other,Stable (within 5 points),0.3897,-0.1134,2736.0
"The Medical College of Wisconsin, Inc.",Higher education,Stable (within 5 points),0.5543,-4.111,2735.0
"Illumina, Inc.",Other,Stable (within 5 points),0.2688,-2.957,2732.0
State of Indiana,State & local government,Stable (within 5 points),0.5512,-2.394,2731.0
"Acosta, Inc.",Other,Stable (within 5 points),0.5685,-1.225,2724.0
Tulane University (Louisiana),Higher education,Stable (within 5 points),0.2704,-1.688,2711.0
Ivy Tech Community College,Higher education,Stable (within 5 points),0.4849,-0.1093,2710.0
"Howard Hanna Real Estate Services, Inc.",Other,Stable (within 5 points),0.5547,-3.385,2698.0
Lam Research Corp.,Other,Stable (within 5 points),0.3439,-4.914,2697.0
adidas AG,Other,Stable (within 5 points),0.2759,-3.954,2696.0
US Census Bureau,Other,Stable (within 5 points),0.3023,-0.03682,2695.0
City of Los Angeles (California),State & local government,Stable (within 5 points),0.2829,-1.234,2693.0
Harris Teeter LLC,Other,Stable (within 5 points),0.38,-1.463,2688.0
State of Florida,State & local government,Stable (within 5 points),0.4327,-1.063,2685.0
State of Utah,State & local government,Stable (within 5 points),0.7125,-4.942,2677.0
"Zillow Group, Inc.",Other,Stable (within 5 points),0.2697,-4.649,2663.0
The Hertz Corp.,Other,Stable (within 5 points),0.4359,-4.23,2658.0
"Bridgestone Americas, Inc.",Other,Stable (within 5 points),0.57,-4.707,2654.0
"Agilent Technologies, Inc.",Other,Stable (within 5 points),0.3764,-4.818,2652.0
Government of the United States of America,Other,Stable (within 5 points),0.4251,-3.716,2651.0
Academy Ltd.,Other,Stable (within 5 points),0.5007,-2.9,2649.0
University of Texas Health Science Center At San Antonio,Higher education,Stable (within 5 points),0.3948,-2.098,2645.0
Ace Hardware Corp.,Other,Stable (within 5 points),0.492,0.1279,2645.0
"Time Warner Cable, Inc.",Other,Stable (within 5 points),0.4164,2.085,2643.0
Marriott Hotels /50 Courtyard/,Retail & hospitality,Stable (within 5 points),0.3096,-2.66,2638.0
"Zimmer Biomet Holdings, Inc.",Other,Stable (within 5 points),0.6071,-4.015,2636.0
"Care.com, Inc.",Other,Stable (within 5 points),0.316,-1.183,2636.0
"Chili's, Inc.",Other,Stable (within 5 points),0.4081,-3.091,2623.0
Austin Independent School District (Texas),State & local government,Stable (within 5 points),0.2498,-2.396,2623.0
East Carolina University,Higher education,Stable (within 5 points),0.386,-1.233,2621.0
"LyondellBasell Industries, Inc.",Other,Stable (within 5 points),0.614,-4.658,2618.0
"United Natural Foods, Inc.",Other,Stable (within 5 points),0.4725,-1.053,2618.0
Baltimore County Public Schools,State & local government,Stable (within 5 points),0.3026,-4.887,2617.0
Barclays PLC,Other,Stable (within 5 points),0.3367,-2.456,2614.0
State of Missouri,State & local government,Stable (within 5 points),0.6796,-2.482,2599.0
GameStop Corp.,Other,Stable (within 5 points),0.3492,0.9096,2596.0
H&M Foundation,Other,Stable (within 5 points),0.192,-0.4281,2594.0
"American Heart Association, Inc.",Other,Stable (within 5 points),0.4351,-4.615,2585.0
The University of Texas Health Science Center at Houston,Higher education,Stable (within 5 points),0.3723,-2.125,2582.0
Wilmerding Licensing Corp.,Other,Stable (within 5 points),0.6021,-1.543,2570.0
Penn State Health,Health care,Stable (within 5 points),0.5268,-1.964,2567.0
"Windstream Holdings, Inc.",Other,Stable (within 5 points),0.5486,0.1222,2566.0
State of Texas,State & local government,Stable (within 5 points),0.4437,-1.347,2560.0
Tufts University,Higher education,Stable (within 5 points),0.1329,-1.381,2551.0
Teleperformance SE,Other,Stable (within 5 points),0.3032,-4.283,2547.0
"NetSuite, Inc.",Other,Stable (within 5 points),0.3423,-0.01366,2542.0
Fanatics LLC,Other,Stable (within 5 points),0.4012,-4.814,2539.0
"ESPN, Inc.",Other,Stable (within 5 points),0.3301,-2.955,2538.0
Outback Steakhouse of Florida LLC,Other,Stable (within 5 points),0.3984,-4.826,2535.0
Columbia University Medical Center,Higher education,Stable (within 5 points),0.1609,-2.639,2534.0
Adecco Group AG,Other,Stable (within 5 points),0.3948,-4.172,2532.0
University of Kansas,Higher education,Stable (within 5 points),0.3108,0.9219,2529.0
Broward County Public Schools,State & local government,Stable (within 5 points),0.2377,-4.244,2528.0
"NOV, Inc.",Other,Stable (within 5 points),0.6104,-1.535,2526.0
Travel + Leisure Co.,Other,Stable (within 5 points),0.4252,-1.966,2525.0
VMware LLC,AI & big tech,Stable (within 5 points),0.3704,-0.8967,2518.0
Telefonaktiebolaget LM Ericsson,Other,Stable (within 5 points),0.5043,2.976,2516.0
G4S Ltd.,Other,Stable (within 5 points),0.4515,-2.232,2513.0
Stony Brook University,Higher education,Stable (within 5 points),0.2721,-0.3448,2506.0
State of Oregon,State & local government,Stable (within 5 points),0.3536,-0.6561,2496.0
"VCA Animal Hospitals, Inc.",Other,Stable (within 5 points),0.3114,-3.616,2494.0
"Kyndryl, Inc.",Other,Stable (within 5 points),0.4835,1.729,2492.0
Boston Medical Center,Health care,Stable (within 5 points),0.1585,-3.383,2492.0
California Polytechnic State University (San Luis Obispo),Higher education,Stable (within 5 points),0.271,-3.749,2491.0
"Florida Health Sciences Center, Inc.",Health care,Stable (within 5 points),0.445,-4.851,2476.0
Erie Insurance Group (P&C),Finance & insurance,Stable (within 5 points),0.526,-3.206,2473.0
Swedish Health Services,Health care,Stable (within 5 points),0.1969,-4.796,2471.0
"HubSpot, Inc.",Other,Stable (within 5 points),0.187,4.796,2470.0
Boston Public Schools (Massachusetts),State & local government,Stable (within 5 points),0.09954,-2.047,2469.0
"BJ's Wholesale Club Holdings, Inc.",Other,Stable (within 5 points),0.3452,-1.106,2469.0
"The Long & Foster Cos., Inc.",Other,Stable (within 5 points),0.4532,-0.3593,2468.0
US Department of Housing & Urban Development (DC),Military & federal,Stable (within 5 points),0.2861,-1.924,2466.0
The University of Chicago Medical Center,Higher education,Stable (within 5 points),0.1845,-3.114,2461.0
University of Arkansas for Medical Sciences,Higher education,Stable (within 5 points),0.4555,-2.529,2461.0
The Stop & Shop Supermarket Co. LLC,Other,Stable (within 5 points),0.3108,-2.596,2460.0
State Farm Agent,Finance & insurance,Stable (within 5 points),0.617,-0.6969,2458.0
Atlassian Corp. Plc,Other,Stable (within 5 points),0.2152,-1.437,2454.0
Janssen Global Services LLC,Other,Stable (within 5 points),0.4154,-4.713,2453.0
"CoStar Group, Inc.",Other,Stable (within 5 points),0.342,-4.298,2440.0
"Gordon Food Service, Inc.",Other,Stable (within 5 points),0.5578,-4.713,2436.0
"Neiman Marcus Group, Inc.",Other,Stable (within 5 points),0.3803,-3.637,2433.0
Burger King Corp.,Other,Stable (within 5 points),0.2895,0.2884,2433.0
"Stripe, Inc.",Other,Stable (within 5 points),0.1664,1.599,2431.0
The Guardian Life Insurance Company of America,Finance & insurance,Stable (within 5 points),0.4613,-4.574,2426.0
"Robert W. Baird & Co., Inc. (Private Banking)",Other,Stable (within 5 points),0.6446,-2.566,2419.0
Jet Propulsion Laboratory,Other,Stable (within 5 points),0.2818,-2.659,2404.0
State of Ohio,State & local government,Stable (within 5 points),0.4677,-3.051,2403.0
"Belk, Inc.",Other,Stable (within 5 points),0.4712,-2.931,2399.0
FirstEnergy Corp.,Other,Stable (within 5 points),0.603,-4.956,2396.0
The District of Columbia,Other,Stable (within 5 points),0.1107,0.06367,2394.0
Northern Arizona University,Higher education,Stable (within 5 points),0.2949,-3.415,2390.0
"Alliant Insurance Services, Inc.",Finance & insurance,Stable (within 5 points),0.4918,-2.018,2389.0
Colonial Life & Accident Insurance Co.,Finance & insurance,Stable (within 5 points),0.5766,-3.108,2389.0
Valero Energy Corp.,Other,Stable (within 5 points),0.6243,0.6936,2388.0
Blue Cross & Blue Shield of North Carolina,Other,Stable (within 5 points),0.3005,0.5322,2386.0
"Air Products & Chemicals, Inc.",Other,Stable (within 5 points),0.5781,-1.18,2374.0
TE Connectivity Ltd.,Other,Stable (within 5 points),0.5591,-2.097,2373.0
Prince George's County Public Schools,State & local government,Stable (within 5 points),0.1552,-4.148,2371.0
Tenet Healthcare Corp.,Health care,Stable (within 5 points),0.4567,-2.024,2368.0
State of Washington,State & local government,Stable (within 5 points),0.3051,-2.452,2368.0
State of Arizona,State & local government,Stable (within 5 points),0.4697,-3.015,2367.0
"City National Bank (Los Angeles, California)",Finance & insurance,Stable (within 5 points),0.3485,-3.642,2355.0
State of Maryland,State & local government,Stable (within 5 points),0.2666,-2.925,2354.0
Parallon Business Solutions LLC,Other,Stable (within 5 points),0.4744,-3.467,2346.0
Utah State University,Higher education,Stable (within 5 points),0.6895,3.612,2346.0
Four Seasons Hotels Ltd.,Other,Stable (within 5 points),0.3174,-2.832,2342.0
San Diego Unified School District (California),State & local government,Stable (within 5 points),0.2856,-2.502,2340.0
University of Wisconsin-Milwaukee,Higher education,Stable (within 5 points),0.4107,-1.028,2340.0
"Team Health Holdings, Inc.",Health care,Stable (within 5 points),0.5505,-3.001,2338.0
Ralph Lauren Corp.,Other,Stable (within 5 points),0.2972,-2.48,2336.0
Lee Memorial Health System,Health care,Stable (within 5 points),0.6039,-3.414,2336.0
"Brown & Brown Insurance of Nevada, Inc.",Finance & insurance,Stable (within 5 points),0.5626,-4.51,2333.0
City of Seattle (Washington),State & local government,Stable (within 5 points),0.1858,-4.1,2330.0
Loyola University of Chicago,Higher education,Stable (within 5 points),0.1601,-1.338,2330.0
"Disneyland Resort Express, Inc.",Other,Stable (within 5 points),0.311,-1.771,2329.0
The University of Texas at Dallas,Higher education,Stable (within 5 points),0.409,2.024,2321.0
"Huron Consulting Group, Inc.",Other,Stable (within 5 points),0.3481,1.726,2320.0
County of Santa Clara (California),State & local government,Stable (within 5 points),0.2322,-3.508,2318.0
Jimmy John's Franchise LLC,Other,Stable (within 5 points),0.3565,0.4559,2315.0
"Bon Secours Health System, Inc.",Health care,Stable (within 5 points),0.4958,-3.728,2303.0
"West Virginia United Health System, Inc.",Health care,Stable (within 5 points),0.5284,-2.75,2303.0
"Equinox Holdings, Inc.",Other,Stable (within 5 points),0.2506,-1.704,2302.0
Latham & Watkins LLP,Other,Stable (within 5 points),0.2432,-1.64,2299.0
Stanford University School of Medicine,Higher education,Stable (within 5 points),0.1556,1.765,2296.0
Los Alamos National Laboratory,Other,Stable (within 5 points),0.3602,0.6225,2295.0
Levy Restaurants LP,Other,Stable (within 5 points),0.3068,-4.82,2295.0
"A Place for Rover, Inc.",Other,Stable (within 5 points),0.2647,2.774,2293.0
"Kinder Morgan, Inc.",Other,Stable (within 5 points),0.6123,-2.389,2290.0
"Spirit Airlines, Inc.",Other,Stable (within 5 points),0.4314,0.8869,2289.0
"Expeditors International of Washington, Inc.",Other,Stable (within 5 points),0.3592,-4.731,2285.0
DIRECTV LLC,Other,Stable (within 5 points),0.408,-2.256,2276.0
Rencol Components Ltd.,Other,Stable (within 5 points),0.5411,0.8107,2268.0
"Biogen, Inc.",Other,Stable (within 5 points),0.3057,-0.5675,2267.0
"Universal Health Services, Inc.",Health care,Stable (within 5 points),0.4261,-1.728,2265.0
City of Hope National Cancer Institute,State & local government,Stable (within 5 points),0.307,-1.84,2263.0
"Samsung Electronics America, Inc.",Other,Stable (within 5 points),0.3954,-1.57,2260.0
Windermere Real Estate Services Co.,Other,Stable (within 5 points),0.3945,-2.275,2258.0
"Bell Textron, Inc.",Defense & aerospace,Stable (within 5 points),0.6857,-4.786,2251.0
University of Iowa Health Care,Higher education,Stable (within 5 points),0.266,-4.034,2248.0
San Jose State University,Higher education,Stable (within 5 points),0.1825,-3.087,2246.0
"LexisNexis Group, Inc.",Other,Stable (within 5 points),0.4766,-2.321,2242.0
"Parkview Health System, Inc.",Health care,Stable (within 5 points),0.6555,-3.535,2241.0
"Johns Hopkins Medicine, Inc.",Other,Stable (within 5 points),0.2456,-2.12,2240.0
Kettering Medical Center,Health care,Stable (within 5 points),0.6195,-1.583,2239.0
Siemens Energy AG,Other,Stable (within 5 points),0.5406,-3.992,2238.0
NTT Data Services LLC,Other,Stable (within 5 points),0.4664,-1.432,2235.0
Cone Health,Health care,Stable (within 5 points),0.4426,-3.833,2232.0
"Amedisys, Inc.",Other,Stable (within 5 points),0.5768,-2.739,2232.0
CSX Corp.,Other,Stable (within 5 points),0.6307,-0.1864,2229.0
Grifols SA,Other,Stable (within 5 points),0.4013,-0.8918,2221.0
"Papa John's International, Inc.",Other,Stable (within 5 points),0.4123,-2.15,2220.0
"Textron Aviation, Inc.",Defense & aerospace,Stable (within 5 points),0.7121,-3.898,2213.0
Texas Department of Family & Protective Services,Military & federal,Stable (within 5 points),0.3296,-2.12,2212.0
U.S. Navy Reserve,Military & federal,Stable (within 5 points),0.5264,-2.669,2208.0
CNA Insurance Cos.,Finance & insurance,Stable (within 5 points),0.4208,-2.633,2206.0
County of Miami-Dade (Florida),State & local government,Stable (within 5 points),0.3719,-3.01,2202.0
"HD Supply, Inc.",Other,Stable (within 5 points),0.5158,-4.068,2198.0
The Nemours Foundation,Other,Stable (within 5 points),0.3909,-2.438,2196.0
The University of Texas at Arlington,Higher education,Stable (within 5 points),0.4056,-0.6615,2194.0
"FTI Consulting, Inc.",Other,Stable (within 5 points),0.359,-3.758,2191.0
SAG-AFTRA,Other,Stable (within 5 points),0.2698,-2.521,2188.0
Experian Plc,Other,Stable (within 5 points),0.4356,-1.057,2184.0
UC Health,Health care,Stable (within 5 points),0.5077,-4.908,2177.0
"Public Service Enterprise Group, Inc.",Other,Stable (within 5 points),0.5007,-4.903,2175.0
FedEx Freight Corp.,Other,Stable (within 5 points),0.5491,-3.087,2163.0
Boise State University,Higher education,Stable (within 5 points),0.4908,-1.208,2161.0
"The UPS Store, Inc.",Other,Stable (within 5 points),0.4038,-0.4966,2158.0
US Defense Contract Management Agency,Other,Stable (within 5 points),0.5335,-2.183,2152.0
"SunTrust Bank (Atlanta, Georgia)",Finance & insurance,Stable (within 5 points),0.4544,-2.147,2151.0
Harvard Medical School,Health care,Stable (within 5 points),0.123,-1.399,2148.0
"Christiana Care Health System, Inc.",Health care,Stable (within 5 points),0.3327,-2.956,2146.0
"DocuSign, Inc.",Other,Stable (within 5 points),0.2645,-1.983,2143.0
"Hilton Grand Vacations, Inc.",Retail & hospitality,Stable (within 5 points),0.4195,-3.437,2140.0
"Trane, Inc.",Other,Stable (within 5 points),0.6339,-3.027,2138.0
"American Cancer Society South Atlantic Division, Inc.",Other,Stable (within 5 points),0.3658,-1.412,2136.0
"CareFirst of Maryland, Inc.",Other,Stable (within 5 points),0.3208,-3.707,2135.0
Boston College,Higher education,Stable (within 5 points),0.1847,0.4432,2131.0
Baltimore City Public School Systems,Other,Stable (within 5 points),0.1376,-1.579,2128.0
"Analog Devices, Inc.",Other,Stable (within 5 points),0.4113,-4.112,2127.0
"Financial Industry Regulatory Authority, Inc.",Finance & insurance,Stable (within 5 points),0.3335,-2.765,2122.0
MUFG Bank Ltd. (London Branch),Finance & insurance,Stable (within 5 points),0.353,1.166,2122.0
Energy Transfer LP,Other,Stable (within 5 points),0.6448,0.09231,2120.0
Blue Cross & Blue Shield of South Carolina,Other,Stable (within 5 points),0.4574,-3.466,2120.0
"M. Arthur Gensler Jr. & Associates, Inc.",Other,Stable (within 5 points),0.2479,-4.415,2119.0
Sonic Corp.,Other,Stable (within 5 points),0.4217,-0.9266,2118.0
It Works Global,Other,Stable (within 5 points),0.5275,-3.656,2111.0
North Carolina Baptist Hospital,Health care,Stable (within 5 points),0.5248,-0.445,2108.0
Great Outdoors Group LLC (Missouri),Other,Stable (within 5 points),0.6364,-2.363,2108.0
University of Maryland Medical Center,Higher education,Stable (within 5 points),0.2746,-1.832,2107.0
AmeriHealth Caritas Family of Companies,Other,Stable (within 5 points),0.3241,1.368,2107.0
"Yelp, Inc.",Other,Stable (within 5 points),0.2746,0.4164,2105.0
URBN US Retail LLC,Retail & hospitality,Stable (within 5 points),0.2512,0.7439,2104.0
Great American Insurance Group,Finance & insurance,Stable (within 5 points),0.5833,-3.257,2101.0
Naval Nuclear Laboratory,Other,Stable (within 5 points),0.5695,-4.739,2100.0
"Newmark Group, Inc.",Other,Stable (within 5 points),0.4927,0.8611,2098.0
United States Federal Government,Military & federal,Stable (within 5 points),0.4081,-1.927,2096.0
"Infor, Inc.",Other,Stable (within 5 points),0.5138,-1.063,2095.0
"Delaware North Cos., Inc.",Other,Stable (within 5 points),0.3887,-2.392,2094.0
Portland State University,Higher education,Stable (within 5 points),0.1405,-1.645,2094.0
PAREXEL International Corp.,Other,Stable (within 5 points),0.3395,-0.1501,2093.0
"Southern Baptist Hospital of Florida, Inc.",Health care,Stable (within 5 points),0.5396,-4.501,2091.0
"The Nature Conservancy, Inc.",Other,Stable (within 5 points),0.2217,-1.981,2089.0
University of Denver,Higher education,Stable (within 5 points),0.2174,-3.015,2088.0
"The Williams Cos., Inc.",Other,Stable (within 5 points),0.6982,0.4563,2086.0
AdvoCare International LP,Other,Stable (within 5 points),0.6648,-0.6332,2086.0
"Electronic Arts, Inc.",Other,Stable (within 5 points),0.2756,-4.462,2085.0
State of Wisconsin,State & local government,Stable (within 5 points),0.4219,-0.7686,2078.0
InterContinental Hotels Group Plc,Other,Stable (within 5 points),0.362,-2.575,2069.0
Full Sail University (Holdings),Higher education,Stable (within 5 points),0.355,-1.803,2063.0
Continental AG,Other,Stable (within 5 points),0.5178,-1.211,2062.0
The International Brotherhood of Electrical Workers,Other,Stable (within 5 points),0.4537,-1.601,2060.0
Advocate Health Care Network,Health care,Stable (within 5 points),0.2935,-3.619,2060.0
United States Naval Sea Systems Command,Other,Stable (within 5 points),0.4549,-4.931,2059.0
"Iron Mountain, Inc.",Other,Stable (within 5 points),0.4393,-3.846,2059.0
State University of New York at Binghamton,Higher education,Stable (within 5 points),0.2742,-2.994,2058.0
Washington State Department of Social & Health Services,Military & federal,Stable (within 5 points),0.2678,-4.395,2057.0
"MedStar Health, Inc.",Health care,Stable (within 5 points),0.2948,-4.808,2053.0
Milwaukee Public Schools (Wisconsin),State & local government,Stable (within 5 points),0.3324,-2.041,2050.0
"Foot Locker, Inc.",Other,Stable (within 5 points),0.2534,-2.673,2049.0
Fred Hutchinson Cancer Research Center,Other,Stable (within 5 points),0.1341,-3.198,2047.0
General Dynamics Corp.,Defense & aerospace,Stable (within 5 points),0.5312,-1.916,2046.0
"The Hanover Insurance Group, Inc.",Finance & insurance,Stable (within 5 points),0.4591,-4.65,2041.0
Embry-Riddle Aeronautical University,Higher education,Stable (within 5 points),0.5251,3.036,2040.0
City of Chicago (Illinois),State & local government,Stable (within 5 points),0.1706,-2.681,2039.0
Kent State University (Ohio),Higher education,Stable (within 5 points),0.3321,-0.7783,2036.0
Charter Communications Operating LLC,Other,Stable (within 5 points),0.487,-2.125,2036.0
Computer Sciences Corp.,Other,Stable (within 5 points),0.4909,-1.03,2034.0
National General Insurance Co. (New York),Finance & insurance,Stable (within 5 points),0.464,-3.222,2034.0
BB&T Corp.,Other,Stable (within 5 points),0.5301,-1.763,2031.0
Wipro Technologies Ltd.,Other,Stable (within 5 points),0.3674,2.201,2030.0
"The University of Nevada, Reno",Higher education,Stable (within 5 points),0.326,-3.142,2029.0
Georgia State University,Higher education,Stable (within 5 points),0.2103,-3.197,2028.0
"Beckman Coulter, Inc.",Other,Stable (within 5 points),0.4903,-3.887,2027.0
South Broward Hospital District,Health care,Stable (within 5 points),0.3101,-4.646,2027.0
Icahn School of Medicine at Mount Sinai,Higher education,Stable (within 5 points),0.1675,-2.817,2027.0
"In-N-Out Burger, Inc.",Other,Stable (within 5 points),0.3666,-0.4766,2025.0
"Williams-Sonoma, Inc.",Other,Stable (within 5 points),0.3114,-0.9105,2024.0
Grand Valley State University (Michigan),Higher education,Stable (within 5 points),0.3407,-0.5215,2023.0
US Defense Finance & Accounting Service,Other,Stable (within 5 points),0.4781,-2.021,2023.0
"Geek Squad, Inc.",Other,Stable (within 5 points),0.3765,-1.549,2020.0
Big Lots Stores LLC,Retail & hospitality,Stable (within 5 points),0.4548,-3.284,2018.0
Gulfstream Aerospace Corp.,Other,Stable (within 5 points),0.5957,-0.7357,2018.0
"Darden Restaurants, Inc.",Other,Stable (within 5 points),0.4111,-1.244,2017.0
"Children's Healthcare of Atlanta, Inc.",Health care,Stable (within 5 points),0.3268,-4.216,2015.0
The Johns Hopkins University School of Medicine,Higher education,Stable (within 5 points),0.2056,-1.513,2014.0
Teva Pharmaceutical Industries Ltd.,Other,Stable (within 5 points),0.5025,-4.403,2010.0
UW Medicine,Other,Stable (within 5 points),0.1581,-0.4245,2009.0
Pilot Travel Centers LLC,Other,Stable (within 5 points),0.5848,-1.091,2007.0
University of Florida Health Network,Higher education,Stable (within 5 points),0.4015,1.067,2007.0
CNH Industrial NV,Other,Stable (within 5 points),0.6357,-4.946,2005.0
Dairy Queen Canada,Other,Stable (within 5 points),0.3792,0.7222,2004.0
Guild Mortgage Co. LLC,Other,Stable (within 5 points),0.5469,-2.888,2001.0
"Guaranteed Rate, Inc.",Other,Stable (within 5 points),0.4335,2.399,2000.0
"Free Agent, Inc.",Other,Stable (within 5 points),0.4855,-1.402,1999.0
Distribution Trucking Co.,Other,Stable (within 5 points),0.343,-1.291,1995.0
"ViaSat, Inc.",Other,Stable (within 5 points),0.4448,-3.3,1995.0
Caliber Holdings LLC,Other,Stable (within 5 points),0.5604,-2.185,1995.0
Anne Arundel County Public Schools (Maryland),State & local government,Stable (within 5 points),0.3465,-4.453,1992.0
"L3 Technologies, Inc.",Other,Stable (within 5 points),0.6395,1.435,1992.0
Florida Atlantic University,Higher education,Stable (within 5 points),0.2998,-0.7404,1991.0
Marquette University,Higher education,Stable (within 5 points),0.4151,-3.22,1989.0
William Marsh Rice University,Higher education,Stable (within 5 points),0.3313,-0.3434,1986.0
SEI Investments Co.,Other,Stable (within 5 points),0.4726,-3.688,1985.0
Kindred at Home,Other,Stable (within 5 points),0.5456,1.026,1983.0
James Madison University,Higher education,Stable (within 5 points),0.3428,-2.328,1981.0
"Keysight Technologies, Inc.",Other,Stable (within 5 points),0.4109,-2.132,1979.0
"The American Automobile Association, Inc.",Other,Stable (within 5 points),0.4006,-4.643,1978.0
University of Massachusetts Amherst,Higher education,Stable (within 5 points),0.1337,-1.278,1977.0
"Forever 21, Inc.",Other,Stable (within 5 points),0.1862,-2.985,1976.0
"Henry Schein, Inc.",Other,Stable (within 5 points),0.6132,-3.928,1975.0
DHL SA,Other,Stable (within 5 points),0.4507,-2.379,1975.0
American University,Higher education,Stable (within 5 points),0.1555,-1.261,1973.0
California State University-Sacramento,Higher education,Stable (within 5 points),0.2568,-3.57,1973.0
"Veeva Systems, Inc.",Other,Stable (within 5 points),0.2964,-4.447,1971.0
University of Vermont,Higher education,Stable (within 5 points),0.1575,-3.79,1963.0
"Uline, Inc.",Other,Stable (within 5 points),0.5332,-2.132,1963.0
"Harley-Davidson, Inc.",Other,Stable (within 5 points),0.6548,-4.263,1961.0
"Hologic, Inc.",Other,Stable (within 5 points),0.4217,-4.053,1956.0
"Community Health Systems, Inc.",Health care,Stable (within 5 points),0.5537,-4.966,1955.0
Research Triangle Institute,Other,Stable (within 5 points),0.2186,-4.172,1953.0
Neora LLC,Other,Stable (within 5 points),0.6019,-1.462,1953.0
Nielsen Holdings Ltd.,Other,Stable (within 5 points),0.3903,-0.209,1951.0
US Fish & Wildlife Service,Other,Stable (within 5 points),0.3418,-2.244,1949.0
AmeriCorps,Other,Stable (within 5 points),0.2028,-0.4145,1948.0
Open Text KK,Other,Stable (within 5 points),0.4437,0.3869,1948.0
US Agency for International Development,Other,Stable (within 5 points),0.1736,-3.477,1947.0
Herbalife Ltd.,Other,Stable (within 5 points),0.4106,-4.07,1943.0
Beachbody LLC,Other,Stable (within 5 points),0.5004,-0.4662,1940.0
The California State University,Higher education,Stable (within 5 points),0.2392,-0.7186,1940.0
The City of Houston (Texas),State & local government,Stable (within 5 points),0.3211,-3.446,1939.0
"Cleveland-Cliffs, Inc.",Other,Stable (within 5 points),0.5286,-1.178,1938.0
Boys & Girls Clubs of America,Other,Stable (within 5 points),0.2601,-1.816,1937.0
The University of North Carolina at Wilmington,Higher education,Stable (within 5 points),0.368,2.672,1936.0
Toyota Motor Corp.,Other,Stable (within 5 points),0.5375,0.1344,1930.0
Umass Memorial Medical Center,Health care,Stable (within 5 points),0.2632,-4.824,1930.0
"Designer Brands, Inc.",Other,Stable (within 5 points),0.2956,0.9272,1928.0
Indiana University-Purdue University,Higher education,Stable (within 5 points),0.3758,-3.745,1926.0
"The Cooper Health System, Inc.",Health care,Stable (within 5 points),0.3022,-4.379,1925.0
"Little Caesars Pizza, Inc.",Other,Stable (within 5 points),0.326,-3.375,1919.0
"Nova Southeastern University, Inc.",Higher education,Stable (within 5 points),0.3144,-0.7513,1918.0
Oak Ridge National Laboratory,Other,Stable (within 5 points),0.5603,1.47,1914.0
California State Automobile Association,Other,Stable (within 5 points),0.433,-4.955,1914.0
Morgan & Morgan PA,Other,Stable (within 5 points),0.3919,-4.375,1913.0
Serco Group Plc,Other,Stable (within 5 points),0.481,-2.193,1911.0
Towson University,Higher education,Stable (within 5 points),0.2572,-4.741,1909.0
Yale School of Medicine,Higher education,Stable (within 5 points),0.2127,-2.598,1906.0
Florida Power & Light Co.,Other,Stable (within 5 points),0.5589,-1.339,1905.0
Enterprise Products Co.,Other,Stable (within 5 points),0.6936,-1.689,1905.0
"Microchip Technology, Inc.",Other,Stable (within 5 points),0.5145,-2.77,1904.0
Western Michigan University,Higher education,Stable (within 5 points),0.2651,-3.995,1904.0
"Arrow Electronics, Inc.",Other,Stable (within 5 points),0.4834,-4.325,1904.0
TransUnion,Other,Stable (within 5 points),0.3598,-4.174,1899.0
"Leonardo DRS, Inc.",Other,Stable (within 5 points),0.6225,-2.02,1897.0
Thomas Jefferson University,Higher education,Stable (within 5 points),0.2388,-0.7314,1890.0
University of Texas at El Paso,Higher education,Stable (within 5 points),0.1486,-4.093,1887.0
"Sunrise Senior Living, Inc.",Other,Stable (within 5 points),0.3174,-4.08,1886.0
"Juniper Networks, Inc.",Other,Stable (within 5 points),0.3293,3.181,1883.0
"DexCom, Inc.",Other,Stable (within 5 points),0.3846,-1.122,1882.0
"Oak Street Health, Inc.",Health care,Stable (within 5 points),0.1887,0.8294,1880.0
"athenahealth, Inc.",Other,Stable (within 5 points),0.2546,-0.5294,1879.0
"McGraw-Hill Education, Inc.",Other,Stable (within 5 points),0.3462,-1.159,1875.0
The Automobile Club of Southern California,Other,Stable (within 5 points),0.4487,-4.986,1875.0
Signet Jewelers Ltd.,Other,Stable (within 5 points),0.4375,-3.093,1874.0
The Campbell's Co.,Other,Stable (within 5 points),0.42,-3.401,1869.0
"Genesis Healthcare, Inc.",Health care,Stable (within 5 points),0.3925,-1.783,1864.0
"BlueCross BlueShield of Tennessee, Inc.",Other,Stable (within 5 points),0.5972,-4.845,1860.0
Ball State University (Indiana),Higher education,Stable (within 5 points),0.396,2.333,1859.0
QuikTrip Corp.,Other,Stable (within 5 points),0.4853,-1.433,1851.0
"Rockwell Collins, Inc.",Other,Stable (within 5 points),0.5579,1.181,1850.0
Flex Ltd.,Other,Stable (within 5 points),0.4108,-3.454,1850.0
"Toll Brothers, Inc.",Other,Stable (within 5 points),0.5461,-0.8485,1848.0
National University,Higher education,Stable (within 5 points),0.3749,-1.04,1845.0
"Kforce, Inc.",Other,Stable (within 5 points),0.447,-4.047,1844.0
"Sony Pictures Entertainment, Inc.",Other,Stable (within 5 points),0.2349,-2.065,1844.0
"Gannett Co., Inc.",Other,Stable (within 5 points),0.4333,-3.738,1843.0
Air Force Civilian Services,Military & federal,Stable (within 5 points),0.6073,-2.244,1839.0
City University of New York,Higher education,Stable (within 5 points),0.1613,-3.638,1834.0
DePaul University,Higher education,Stable (within 5 points),0.1521,-0.647,1833.0
Virginia Mason Medical Center,Health care,Stable (within 5 points),0.206,-1.109,1831.0
"GLOBALFOUNDRIES, Inc.",Other,Stable (within 5 points),0.4178,-2.313,1829.0
Spotify Technology SA,Other,Stable (within 5 points),0.1821,-3.217,1829.0
The Pampered Chef Ltd.,Other,Stable (within 5 points),0.5875,0.3656,1828.0
NextEra Energy Resources LLC,Other,Stable (within 5 points),0.5615,-4.789,1826.0
Sidley Austin LLP/Private Equity,Other,Stable (within 5 points),0.241,-3.051,1825.0
Rolls-Royce Holdings Plc,Other,Stable (within 5 points),0.6036,-0.07788,1823.0
"Highmark, Inc.",Other,Stable (within 5 points),0.4874,-2.518,1821.0
Centers for Medicare & Medicaid Services (US),Other,Stable (within 5 points),0.2474,-2.114,1819.0
Holland & Knight LLP,Other,Stable (within 5 points),0.3682,3.063,1819.0
"Yahoo, Inc.",Other,Stable (within 5 points),0.2637,3.799,1818.0
"UPS Supply Chain Solutions, Inc.",Other,Stable (within 5 points),0.4363,-0.8786,1814.0
VA Medical Center (District of Columbia),Health care,Stable (within 5 points),0.4361,0.9635,1811.0
Sierra Nevada Co. LLC,Other,Stable (within 5 points),0.5734,-3.558,1807.0
Vector Marketing Corp.,Other,Stable (within 5 points),0.3848,0.05705,1806.0
"UPMC Health Plan, Inc.",Health care,Stable (within 5 points),0.369,-3.147,1806.0
Total Wine & More,Other,Stable (within 5 points),0.3756,1.301,1805.0
"Melaleuca, Inc.",Other,Stable (within 5 points),0.643,-3.385,1805.0
"Morgan, Lewis & Bockius LLP",Other,Stable (within 5 points),0.251,-2.32,1805.0
A Sub Above LLC,Other,Stable (within 5 points),0.4181,-1.187,1802.0
The Charlotte-Mecklenburg Hospital Authority (North Carolina),Health care,Stable (within 5 points),0.4483,-1.288,1801.0
State of Illinois,State & local government,Stable (within 5 points),0.3702,-0.5499,1800.0
University of Dayton,Higher education,Stable (within 5 points),0.4371,3.88,1800.0
Royal Caribbean Group,Other,Stable (within 5 points),0.3607,-3.693,1797.0
The World Bank,Finance & insurance,Stable (within 5 points),0.1498,1.061,1795.0
"Waffle House, Inc.",Other,Stable (within 5 points),0.4077,-1.981,1793.0
Sinclair Broadcast Group LLC,Other,Stable (within 5 points),0.4506,0.3405,1792.0
"AMC Entertainment Holdings, Inc.",Other,Stable (within 5 points),0.2968,3.098,1791.0
"GE Power Systems, Inc.",Other,Stable (within 5 points),0.5867,2.854,1790.0
IDEA Public Schools,State & local government,Stable (within 5 points),0.1842,-4.392,1790.0
The Aerospace Corp.,Other,Stable (within 5 points),0.4132,-4.388,1785.0
Bloomingdale's LLC,Other,Stable (within 5 points),0.2362,-1.566,1782.0
The Reinalt-Thomas Corp.,Other,Stable (within 5 points),0.5676,-3.491,1782.0
"Five Below, Inc.",Other,Stable (within 5 points),0.3042,-1.019,1781.0
Utah Valley University,Higher education,Stable (within 5 points),0.803,-1.329,1780.0
Service Corp. International,Other,Stable (within 5 points),0.5057,-4.915,1780.0
CohnReznick LLP,Other,Stable (within 5 points),0.3808,-2.863,1778.0
"Envoy Air, Inc. (Texas)",Other,Stable (within 5 points),0.494,-3.295,1775.0
City & County of San Francisco (California),State & local government,Stable (within 5 points),0.1523,-2.466,1774.0
"StanCorp Financial Group, Inc.",Finance & insurance,Stable (within 5 points),0.3292,-0.811,1774.0
"Express, Inc.",Other,Stable (within 5 points),0.2869,-1.426,1770.0
bioMérieux SA,Other,Stable (within 5 points),0.506,-0.08609,1770.0
District of Columbia Public Schools,State & local government,Stable (within 5 points),0.1,-2.487,1768.0
"NRG Energy, Inc.",Other,Stable (within 5 points),0.5162,-4.064,1768.0
"Bread Financial Holdings, Inc.",Finance & insurance,Stable (within 5 points),0.4387,-2.969,1768.0
University of New Hampshire,Higher education,Stable (within 5 points),0.2548,1.226,1767.0
"Pre-Paid Legal Services, Inc.",Other,Stable (within 5 points),0.4642,-0.5317,1766.0
ASRC Federal Holding Co. LLC,Military & federal,Stable (within 5 points),0.4516,1.917,1765.0
University of Mississippi Medical Center,Higher education,Stable (within 5 points),0.496,-0.1093,1764.0
University of Hawaii at Manoa,Higher education,Stable (within 5 points),0.2892,-0.01707,1763.0
Worley Ltd.,Other,Stable (within 5 points),0.6087,0.9457,1763.0
Korn Ferry,Other,Stable (within 5 points),0.3933,4.88,1762.0
Dunkin' Donuts LLC,Other,Stable (within 5 points),0.2873,3.565,1762.0
"Berry Global Group, Inc.",Other,Stable (within 5 points),0.6245,-1.734,1759.0
"Konica Minolta Business Solutions U.S.A., Inc.",Other,Stable (within 5 points),0.5321,-2.952,1758.0
The University of North Carolina at Greensboro,Higher education,Stable (within 5 points),0.2808,-3.264,1748.0
Molson Coors Beverage Co.,Other,Stable (within 5 points),0.4909,1.736,1739.0
"Equitable Holdings, Inc.",Other,Stable (within 5 points),0.4276,-0.01902,1735.0
Whataburger Restaurants LLC,Other,Stable (within 5 points),0.3489,-1.445,1733.0
California State University-Fullerton,Higher education,Stable (within 5 points),0.2757,-4.013,1733.0
"Baystate Health, Inc.",Health care,Stable (within 5 points),0.2557,-2.301,1729.0
Syngenta AG,Other,Stable (within 5 points),0.5598,-0.1104,1727.0
"Pitney Bowes, Inc.",Other,Stable (within 5 points),0.4821,0.1907,1726.0
"Saks Fifth Avenue Enterprises, Inc.",Other,Stable (within 5 points),0.3049,-2.773,1725.0
At Home with Hostmaker,Other,Stable (within 5 points),0.5011,-0.1288,1723.0
The University of Alabama at Birmingham,Higher education,Stable (within 5 points),0.4681,1.899,1720.0
AO Globe Life,Other,Stable (within 5 points),0.4208,-3.837,1717.0
"Vail Resorts, Inc.",Other,Stable (within 5 points),0.3637,0.7982,1715.0
"Disney Parks, Experiences & Products, Inc.",Other,Stable (within 5 points),0.3229,-4.632,1710.0
Federal Express Corp.,Military & federal,Stable (within 5 points),0.4795,-3.63,1710.0
United States Space Force,Other,Stable (within 5 points),0.5356,-1.361,1705.0
"Jefferies Financial Group, Inc.",Finance & insurance,Stable (within 5 points),0.405,-4.584,1704.0
"Ann, Inc.",Other,Stable (within 5 points),0.3224,-1.022,1702.0
Wolters Kluwer NV,Other,Stable (within 5 points),0.4052,-3.179,1702.0
United States Steel Corp.,Other,Stable (within 5 points),0.5665,-1.311,1698.0
Penguin Random House LLC,Other,Stable (within 5 points),0.1959,-2.178,1696.0
"Arby's Restaurant Group, Inc.",Retail & hospitality,Stable (within 5 points),0.3902,-2.522,1696.0
Jewel-Osco Co.,Other,Stable (within 5 points),0.2613,-4.213,1695.0
"University of California, Santa Cruz",Higher education,Stable (within 5 points),0.127,2.099,1694.0
"Equinix, Inc.",Other,Stable (within 5 points),0.3705,-0.643,1694.0
Children's National Hospital (District of Columbia),Health care,Stable (within 5 points),0.1758,-2.527,1691.0
"Synopsys, Inc.",Other,Stable (within 5 points),0.269,0.5197,1689.0
Administrative Office of The United States Courts,Other,Stable (within 5 points),0.3874,-0.8662,1689.0
Federal Reserve System,Military & federal,Stable (within 5 points),0.3037,-4.025,1687.0
Miami University,Higher education,Stable (within 5 points),0.3783,2.006,1686.0
Multnomah County School District No. 1J (Oregon),State & local government,Stable (within 5 points),0.1376,-3.113,1686.0
Arch Foundation For The University of Georgia,Higher education,Stable (within 5 points),0.359,4.563,1686.0
"Baptist Healthcare System, Inc.",Health care,Stable (within 5 points),0.5116,-1.112,1684.0
RH,Other,Stable (within 5 points),0.3059,0.477,1682.0
Dallas College,Higher education,Stable (within 5 points),0.3593,-4.121,1681.0
KLA Corp.,Other,Stable (within 5 points),0.3117,-1.396,1678.0
Stony Brook University Hospital,Higher education,Stable (within 5 points),0.3571,-0.626,1675.0
Arizona Public Service Co.,Other,Stable (within 5 points),0.6706,-3.65,1673.0
"Methodist Hospitals of Dallas, Inc.",Other,Stable (within 5 points),0.4624,-4.983,1673.0
Vertiv Co.,Other,Stable (within 5 points),0.5966,-4.927,1671.0
University of Colorado Denver,Higher education,Stable (within 5 points),0.2264,-2.003,1669.0
doTERRA International LLC,Other,Stable (within 5 points),0.6741,-2.551,1668.0
Thirty-One Gifts LLC,Other,Stable (within 5 points),0.62,-0.9761,1668.0
Rowan University,Higher education,Stable (within 5 points),0.2755,-0.4571,1667.0
"Blizzard Entertainment, Inc.",Other,Stable (within 5 points),0.2606,-2.083,1666.0
University of Maryland Baltimore County,Higher education,Stable (within 5 points),0.2047,-3.195,1665.0
Washington State University,Higher education,Stable (within 5 points),0.2816,1.419,1665.0
Aveanna Healthcare LLC,Health care,Stable (within 5 points),0.3598,-1.753,1662.0
"Sheetz, Inc.",Other,Stable (within 5 points),0.4848,-1.485,1662.0
PennyMac Loan Services LLC,Other,Stable (within 5 points),0.4301,-1.284,1661.0
US Securities & Exchange Commission,Other,Stable (within 5 points),0.2532,-1.55,1660.0
Fordham University,Higher education,Stable (within 5 points),0.2218,-1.847,1656.0
Mathnasium LLC,Other,Stable (within 5 points),0.2945,-3.732,1655.0
State of Louisiana,State & local government,Stable (within 5 points),0.4423,-4.738,1650.0
"Jabil, Inc.",Other,Stable (within 5 points),0.4827,-2.417,1649.0
Greenville County School District (South Carolina),State & local government,Stable (within 5 points),0.6906,-4.24,1648.0
New Mexico State University,Higher education,Stable (within 5 points),0.305,-4.973,1648.0
NXP Semiconductors NV,Other,Stable (within 5 points),0.4584,-0.8577,1647.0
Zebra Technologies Corp.,Other,Stable (within 5 points),0.4645,-3.391,1645.0
A.P. Møller-Mærsk A/S,Other,Stable (within 5 points),0.4479,-4.955,1644.0
Defense Health Agency,Health care,Stable (within 5 points),0.4268,-1.208,1641.0
"AARP, Inc. (District of Columbia)",Other,Stable (within 5 points),0.2772,-2.327,1641.0
"Guitar Center, Inc.",Other,Stable (within 5 points),0.3536,-3.445,1636.0
Louis Vuitton Malletier SAS,Other,Stable (within 5 points),0.2616,-4.337,1636.0
"Aerojet Rocketdyne, Inc.",Other,Stable (within 5 points),0.5289,-1.287,1634.0
Space & Naval Warfare Systems Command,Other,Stable (within 5 points),0.5474,-1.251,1633.0
Usda-Ars,Other,Stable (within 5 points),0.3551,-2.749,1630.0
VITAS Healthcare Corp.,Health care,Stable (within 5 points),0.4216,1.512,1630.0
MIT Lincoln Laboratory,Other,Stable (within 5 points),0.304,-3.07,1629.0
Sikorsky Aircraft Corp.,Other,Stable (within 5 points),0.5558,-1.446,1629.0
TJ Maxx (US),Other,Stable (within 5 points),0.3145,2.381,1628.0
"Great Clips, Inc.",Other,Stable (within 5 points),0.4325,-2.387,1624.0
Sony Interactive Entertainment LLC,Other,Stable (within 5 points),0.256,-4.751,1622.0
Southern Methodist University,Higher education,Stable (within 5 points),0.4292,-4.096,1619.0
United Nations (New York),Other,Stable (within 5 points),0.2322,-0.01291,1619.0
"Tufts Medical Center, Inc.",Health care,Stable (within 5 points),0.1622,-2.005,1617.0
"Lexisnexis Risk Solutions, Inc.",Other,Stable (within 5 points),0.4785,-4.928,1615.0
Digital Insurance LLC,Finance & insurance,Stable (within 5 points),0.5158,-4.582,1614.0
The College of William & Mary,Higher education,Stable (within 5 points),0.2915,-4.277,1613.0
"ShopRite Supermarkets, Inc.",Other,Stable (within 5 points),0.3661,-1.031,1613.0
Jones Day LP,Other,Stable (within 5 points),0.3563,-4.427,1611.0
Garda World Security Corp.,Other,Stable (within 5 points),0.4173,-3.885,1610.0
Middle Tennessee State University,Higher education,Stable (within 5 points),0.4745,1.465,1608.0
The Depository Trust & Clearing Corp.,Other,Stable (within 5 points),0.3999,-4.549,1608.0
DLA Piper UK LLP,Other,Stable (within 5 points),0.2976,-1.635,1607.0
Seattle Public Schools,State & local government,Stable (within 5 points),0.1107,-2.692,1604.0
Maine Medical Center,Health care,Stable (within 5 points),0.3357,-4.837,1604.0
Salt River Project,Other,Stable (within 5 points),0.6004,-2.356,1599.0
"Gerson Lehrman Group, Inc.",Other,Stable (within 5 points),0.3601,-3.463,1598.0
Illinois State University,Higher education,Stable (within 5 points),0.3122,-0.6933,1596.0
"Panda Restaurant Group, Inc.",Retail & hospitality,Stable (within 5 points),0.268,1.363,1595.0
Geodis SA,Other,Stable (within 5 points),0.4833,-4.059,1594.0
Nationstar Mortgage LLC,Other,Stable (within 5 points),0.4457,-1.374,1593.0
Howard County Public School System (Maryland),Other,Stable (within 5 points),0.2709,-2.255,1593.0
"Sid Tool Co., Inc.",Other,Stable (within 5 points),0.6024,-3.619,1593.0
Luxottica Group SpA,Other,Stable (within 5 points),0.4181,-2.777,1590.0
The Christ Hospital,Health care,Stable (within 5 points),0.5648,-3.885,1588.0
DENSO Corp.,Other,Stable (within 5 points),0.5537,-0.2862,1587.0
The Bureau of Land Management,Other,Stable (within 5 points),0.4937,-2.087,1586.0
Rady Children's Hospital-San Diego,Health care,Stable (within 5 points),0.3097,-4.431,1586.0
"Chico's FAS, Inc.",Other,Stable (within 5 points),0.4939,-0.4655,1585.0
"Bausch & Lomb, Inc.",Other,Stable (within 5 points),0.5438,-2.729,1580.0
Florida Department of Children & Families,Military & federal,Stable (within 5 points),0.3169,-2.155,1580.0
Sarasota Memorial Hospital,Health care,Stable (within 5 points),0.5889,-0.04043,1573.0
"UMB Bank, NA",Finance & insurance,Stable (within 5 points),0.5919,-4.349,1573.0
Berkshire Hathaway HomeServices California Properties,Other,Stable (within 5 points),0.4799,-1.684,1572.0
"J. Crew Group, Inc.",Other,Stable (within 5 points),0.2844,-1.79,1571.0
"CROSSMARK, Inc.",Other,Stable (within 5 points),0.4904,-1.573,1568.0
"Wolfspeed, Inc.",Other,Stable (within 5 points),0.3999,-4.514,1568.0
"Luxottica of America, Inc.",Other,Stable (within 5 points),0.3538,-1.821,1568.0
"CoreLogic, Inc.",Other,Stable (within 5 points),0.4591,-2.789,1567.0
Portland Community College (Oregon),Higher education,Stable (within 5 points),0.2045,-1.447,1565.0
Texas Christian University,Higher education,Stable (within 5 points),0.4984,0.1244,1562.0
"GXO Logistics, Inc.",Other,Stable (within 5 points),0.4747,-2.915,1560.0
"Teach For America, Inc.",Other,Stable (within 5 points),0.1693,-3.606,1558.0
International Motors LLC (Illinois),Other,Stable (within 5 points),0.5158,-1.311,1558.0
"Constellation Brands, Inc.",Other,Stable (within 5 points),0.4221,-4.175,1558.0
"Magellan Health, Inc.",Health care,Stable (within 5 points),0.438,-3.046,1557.0
The Clorox Co.,Other,Stable (within 5 points),0.3634,-0.4365,1556.0
Pacific Life Insurance Co.,Finance & insurance,Stable (within 5 points),0.4912,-4.458,1556.0
Goosehead Insurance Agency LLC,Finance & insurance,Stable (within 5 points),0.5531,0.1335,1553.0
"Fortinet, Inc.",Other,Stable (within 5 points),0.437,1.293,1553.0
"Akamai Technologies, Inc.",Other,Stable (within 5 points),0.2561,-1.189,1552.0
State of Delaware,State & local government,Stable (within 5 points),0.3584,-4.076,1551.0
Performance Food Group Co.,Other,Stable (within 5 points),0.5656,-4.909,1551.0
Kansas State University,Higher education,Stable (within 5 points),0.4725,2.331,1548.0
New York State Unified Court System,Other,Stable (within 5 points),0.328,-2.782,1546.0
Western Washington University,Higher education,Stable (within 5 points),0.1554,-1.264,1544.0
CDK Global II LLC,Other,Stable (within 5 points),0.4767,0.8625,1540.0
National Institute of Standards & Technology,Other,Stable (within 5 points),0.2517,-3.247,1540.0
Seagate Technology,Other,Stable (within 5 points),0.485,-4.298,1539.0
"Barclays Capital, Inc.",Other,Stable (within 5 points),0.3447,0.4098,1539.0
Red Bull GmbH,Other,Stable (within 5 points),0.3995,0.6885,1537.0
Idaho National Laboratory (United States),Other,Stable (within 5 points),0.7948,-2.343,1537.0
Fort Bend Independent School District (Texas),State & local government,Stable (within 5 points),0.3652,-4.977,1535.0
Valencia College,Higher education,Stable (within 5 points),0.324,-4.303,1533.0
"International Rescue Committee, Inc.",Other,Stable (within 5 points),0.1541,-1.036,1532.0
The Giant Co.,Other,Stable (within 5 points),0.4559,1.803,1531.0
Unisys Corp.,Other,Stable (within 5 points),0.5054,-1.417,1530.0
Norwegian Cruise Line Holdings Ltd.,Other,Stable (within 5 points),0.3868,-4.034,1529.0
Levi Strauss & Co.,Other,Stable (within 5 points),0.2534,-3.862,1528.0
Baptist Memorial Health Care Foundation,Health care,Stable (within 5 points),0.5079,-4.406,1527.0
"Shaw Industries, Inc. (Georgia)",Other,Stable (within 5 points),0.6492,-2.711,1526.0
"Qorvo, Inc.",Other,Stable (within 5 points),0.518,-1.996,1526.0
Independence Blue Cross LLC,Other,Stable (within 5 points),0.2798,-2.845,1524.0
Montclair State University,Higher education,Stable (within 5 points),0.2178,-3.653,1523.0
"Carter's, Inc.",Other,Stable (within 5 points),0.3268,-1.597,1518.0
"WellMed Medical Management, Inc.",Health care,Stable (within 5 points),0.4013,-3.062,1517.0
Lawrence Berkeley National Laboratory,Other,Stable (within 5 points),0.1609,0.2513,1515.0
"INTEGRIS Health, Inc.",Health care,Stable (within 5 points),0.633,-1.494,1514.0
"Volkswagen Group of America, Inc.",Other,Stable (within 5 points),0.4925,-3.222,1514.0
EisnerAmper LLP,Other,Stable (within 5 points),0.4023,-0.5881,1513.0
"Cengage Learning Holdings Ii, Inc.",Other,Stable (within 5 points),0.3973,0.8916,1512.0
Kern High School District (California),State & local government,Stable (within 5 points),0.4268,1.533,1511.0
Genpact Ltd.,Other,Stable (within 5 points),0.3847,-2.622,1510.0
"Crate & Barrel Holdings, Inc.",Other,Stable (within 5 points),0.2511,-0.0006944,1509.0
Feinberg School of Medicine,Higher education,Stable (within 5 points),0.1469,-3.777,1507.0
Carahsoft Technology Corp.,Other,Stable (within 5 points),0.3223,1.051,1507.0
Fort Worth Independent School District (Texas),State & local government,Stable (within 5 points),0.3975,-1.804,1506.0
"WEX, Inc.",Other,Stable (within 5 points),0.4454,-3.709,1505.0
California State University-Northridge,Higher education,Stable (within 5 points),0.2307,-2.624,1504.0
Polk County School Board (Florida),Other,Stable (within 5 points),0.5334,-2.092,1503.0
Niagara Bottling LLC,Other,Stable (within 5 points),0.4567,-4.042,1503.0
"Intercontinental Exchange, Inc.",Other,Stable (within 5 points),0.3982,4.985,1498.0
Cherry Creek Schools Foundation,Other,Stable (within 5 points),0.3039,-3.077,1498.0
Bowling Green State University,Higher education,Stable (within 5 points),0.3397,0.6585,1497.0
Amazon Robotics LLC,Other,Stable (within 5 points),0.3176,-4.845,1496.0
North Carolina A&T State University,Higher education,Stable (within 5 points),0.1728,-4.3,1493.0
The National Collegiate Athletic Association,Other,Stable (within 5 points),0.4477,-1.72,1492.0
"Heartland Payment Systems, Inc.",Other,Stable (within 5 points),0.5505,-1.172,1490.0
Banana Republic LLC,Other,Stable (within 5 points),0.242,-4.902,1490.0
Stewart Title Co.,Other,Stable (within 5 points),0.536,1.714,1488.0
National Automotive Parts Association LLC,Other,Stable (within 5 points),0.5839,0.1325,1484.0
Regal Corp. (Tennessee),Other,Stable (within 5 points),0.3207,-3.036,1482.0
Miami Dade College,Higher education,Stable (within 5 points),0.2988,-1.135,1479.0
EY-Parthenon BV,Other,Stable (within 5 points),0.2386,3.799,1478.0
Pinellas County School District (Florida),State & local government,Stable (within 5 points),0.4438,-3.078,1478.0
Silicon Valley Bank,Finance & insurance,Stable (within 5 points),0.3235,1.464,1475.0
Texas Department of Criminal Justice,Military & federal,Stable (within 5 points),0.4655,-4.578,1474.0
Sonoco Ltd. (United Kingdom),Other,Stable (within 5 points),0.6304,-0.2179,1474.0
University of Rhode Island,Higher education,Stable (within 5 points),0.1942,-1.091,1473.0
"Vans, Inc.",Other,Stable (within 5 points),0.2528,-4.638,1471.0
"Keller Williams Real Estate, Inc.",Other,Stable (within 5 points),0.5434,-0.1169,1470.0
State University of New York at Albany,Higher education,Stable (within 5 points),0.2051,-0.9494,1469.0
"Interim HealthCare, Inc.",Health care,Stable (within 5 points),0.4752,-0.5621,1466.0
"Altice USA, Inc.",Other,Stable (within 5 points),0.4449,-3.636,1466.0
Bank of the West (California),Finance & insurance,Stable (within 5 points),0.4215,-0.07639,1465.0
Texas Tech University Health Sciences Center,Higher education,Stable (within 5 points),0.5721,0.8274,1464.0
Lone Star College System District (Texas),Higher education,Stable (within 5 points),0.4515,-2.53,1464.0
"U-Haul International, Inc.",Other,Stable (within 5 points),0.4707,0.798,1462.0
Dassault Systèmes SE,Other,Stable (within 5 points),0.3709,0.182,1462.0
Courtyard By Marriott (Milwaukee),Retail & hospitality,Stable (within 5 points),0.324,-3.98,1461.0
Educational Testing Service,Other,Stable (within 5 points),0.3007,0.386,1460.0
Detroit Public Schools Community District,State & local government,Stable (within 5 points),0.1464,-4.025,1458.0
Hospital for Special Surgery,Health care,Stable (within 5 points),0.2501,0.1422,1457.0
Turner Industries Ltd.,Other,Stable (within 5 points),0.665,-1.918,1456.0
Hancock Whitney Bank (Mississippi),Finance & insurance,Stable (within 5 points),0.6659,-0.6126,1454.0
Culver Franchising System LLC,Other,Stable (within 5 points),0.4201,0.1779,1453.0
Brown Brothers Harriman & Co.,Other,Stable (within 5 points),0.3403,-1.912,1450.0
Villanova University,Higher education,Stable (within 5 points),0.3168,-1.736,1448.0
"Marsh & McLennan Cos., Inc.",Other,Stable (within 5 points),0.4365,-3.242,1446.0
United States Department of the Air Force,Military & federal,Stable (within 5 points),0.5296,-2.115,1446.0
"Jackson Hewitt Tax Service, Inc.",Other,Stable (within 5 points),0.4094,-1.378,1445.0
City of Detroit (Michigan),State & local government,Stable (within 5 points),0.177,-3.703,1445.0
The Federal Bureau of Prisons,Military & federal,Stable (within 5 points),0.5003,-2.694,1444.0
Smithsonian Institution,Other,Stable (within 5 points),0.1889,0.9027,1444.0
Keller Williams,Other,Stable (within 5 points),0.542,-2.837,1441.0
Columbus City Schools,Other,Stable (within 5 points),0.2899,-2.821,1440.0
University of Akron,Higher education,Stable (within 5 points),0.3786,2.225,1438.0
NFP Corp.,Other,Stable (within 5 points),0.4829,0.07247,1437.0
"Casey's General Stores, Inc.",Retail & hospitality,Stable (within 5 points),0.5213,-3.382,1436.0
Moody's Corp.,Other,Stable (within 5 points),0.3319,2.483,1436.0
Party City Corp.,Other,Stable (within 5 points),0.3212,-3.55,1436.0
Sumitomo Mitsui Banking Corp.,Other,Stable (within 5 points),0.3414,0.2452,1436.0
"Motion Industries, Inc.",Other,Stable (within 5 points),0.6789,-3.13,1436.0
US Department of Education (District of Columbia),Military & federal,Stable (within 5 points),0.1929,-0.361,1436.0
University of Toledo (Ohio),Higher education,Stable (within 5 points),0.3353,-2.221,1435.0
"ONEOK, Inc.",Other,Stable (within 5 points),0.73,1.063,1435.0
University of Maryland University College,Higher education,Stable (within 5 points),0.2872,2.553,1434.0
"Hot Topic, Inc.",Other,Stable (within 5 points),0.2519,-2.478,1431.0
"Solar Turbines, Inc.",Other,Stable (within 5 points),0.4839,-3.703,1431.0
US Citizenship & Immigration Services (District of Columbia),Other,Stable (within 5 points),0.3361,-2.954,1430.0
Sargent & Lundy LLC,Other,Stable (within 5 points),0.4398,2.612,1430.0
Ensemble RCM LLC,Other,Stable (within 5 points),0.4963,0.4501,1430.0
Avery Dennison Corp.,Other,Stable (within 5 points),0.5336,-2.353,1428.0
Florida Hospital,Health care,Stable (within 5 points),0.4508,-1.609,1428.0
"S.C. Johnson & Son, Inc.",Other,Stable (within 5 points),0.5742,-3.996,1423.0
California Institute of Technology,Higher education,Stable (within 5 points),0.2234,-0.161,1421.0
"FlightSafety International, Inc.",Other,Stable (within 5 points),0.6527,-1.841,1420.0
"Saint Francis Health System, Inc.",Health care,Stable (within 5 points),0.6661,-0.6757,1420.0
"CAE, Inc.",Other,Stable (within 5 points),0.6227,-2.187,1419.0
Intertek Group Plc,Other,Stable (within 5 points),0.4843,-2.625,1419.0
Estes Express Lines,Other,Stable (within 5 points),0.5854,-4.607,1418.0
"BJ's Restaurants, Inc.",Other,Stable (within 5 points),0.3783,-3.95,1418.0
California Department of Public Health,Military & federal,Stable (within 5 points),0.238,-0.8944,1417.0
"Herc Rentals, Inc.",Other,Stable (within 5 points),0.6653,-3.877,1416.0
"Marcus & Millichap, Inc.",Other,Stable (within 5 points),0.5176,-3.537,1416.0
"Horizon Healthcare Services, Inc.",Health care,Stable (within 5 points),0.334,-2.123,1416.0
"Republic Airways Holdings, Inc.",Other,Stable (within 5 points),0.522,-4.801,1416.0
Chevron Phillips Chemical Company,Other,Stable (within 5 points),0.6382,-3.263,1415.0
"GNC Holdings, Inc.",Other,Stable (within 5 points),0.4708,-2.349,1415.0
"Concur Technologies, Inc.",Other,Stable (within 5 points),0.3929,-2.132,1413.0
The State of North Carolina,State & local government,Stable (within 5 points),0.3846,-1.957,1411.0
Douglas County School District No. RE-1 (Colorado),State & local government,Stable (within 5 points),0.4645,-1.471,1410.0
"Sun Life Financial, Inc.",Finance & insurance,Stable (within 5 points),0.4011,-2.472,1410.0
"Berkshire Hathaway HomeServices Fox & Roach, REALTORS (R)",Other,Stable (within 5 points),0.4899,1.141,1409.0
"Morrison Management Specialists, Inc.",Other,Stable (within 5 points),0.4486,-4.7,1409.0
"MongoDB, Inc.",Other,Stable (within 5 points),0.2524,1.246,1408.0
"The MathWorks, Inc.",Other,Stable (within 5 points),0.2063,2.72,1406.0
"Healthfirst, Inc.",Other,Stable (within 5 points),0.2661,-2.704,1405.0
Reckitt Benckiser Group Plc,Other,Stable (within 5 points),0.4773,-3.448,1404.0
"Ingersoll Rand, Inc.",Other,Stable (within 5 points),0.5928,0.01963,1404.0
University of San Diego,Higher education,Stable (within 5 points),0.2784,-0.8512,1401.0
Lucile Salter Packard Children's Hospital at Stanford,Health care,Stable (within 5 points),0.181,-1.615,1394.0
"Dave & Buster's Entertainment, Inc.",Other,Stable (within 5 points),0.357,-4.382,1394.0
"Genesys Cloud Services, Inc.",Other,Stable (within 5 points),0.4395,-0.3455,1393.0
Harris Corp.,Other,Stable (within 5 points),0.616,2.928,1392.0
"Samsung Semiconductor, Inc.",Other,Stable (within 5 points),0.3365,-2.907,1391.0
Omni Hotels Corp.,Other,Stable (within 5 points),0.3863,-4.298,1391.0
Publicis Groupe SA,Other,Stable (within 5 points),0.2751,-4.26,1391.0
"CSL Plasma, Inc.",Other,Stable (within 5 points),0.3188,-3.41,1390.0
University of St. Thomas,Higher education,Stable (within 5 points),0.3721,2.208,1389.0
US Department of the Interior (District of Columbia),Military & federal,Stable (within 5 points),0.378,-0.3906,1387.0
University of North Florida,Higher education,Stable (within 5 points),0.4338,-2.083,1387.0
County of Mecklenburg (North Carolina),State & local government,Stable (within 5 points),0.2656,-1.685,1384.0
State of Rhode Island,State & local government,Stable (within 5 points),0.255,-2.762,1383.0
Aramark Facility Services LLC,Other,Stable (within 5 points),0.4119,-3.623,289.0
Mt. Diablo Unified School District (California),State & local government,Stable (within 5 points),0.2517,0.3333,302.0
"Trunk Club, Inc.",Other,Stable (within 5 points),0.2495,1.622,75.0
Transocean Ltd.,Other,Stable (within 5 points),0.6471,-4.734,667.0
Iowa City Community School District (Iowa),State & local government,Stable (within 5 points),0.1646,-1.678,265.0
Entrepreneurs' Organization,Other,Stable (within 5 points),0.4305,-4.755,300.0
My Home SRL,Other,Stable (within 5 points),0.4912,-2.828,228.0
"Salient CRGT, Inc.",Other,Stable (within 5 points),0.4031,0.7367,242.0
City of Miami Beach (Florida),State & local government,Stable (within 5 points),0.3339,-4.891,271.0
Lynchburg City Schools (Virginia),Other,Stable (within 5 points),0.4747,-2.682,275.0
"Performance Contractors, Inc.",Other,Stable (within 5 points),0.6745,-1.864,619.0
Zale Corp.,Other,Stable (within 5 points),0.406,-2.605,535.0
Arup Group Ltd.,Other,Stable (within 5 points),0.2524,0.2143,746.0
"Galen Health Institutes, Inc.",Health care,Stable (within 5 points),0.4764,-4.419,678.0
"Home Care Assistance, Inc.",Other,Stable (within 5 points),0.3444,1.899,323.0
New York Army National Guard,Military & federal,Stable (within 5 points),0.5454,-1.557,330.0
University of Illinois Springfield,Higher education,Stable (within 5 points),0.3656,-4.455,364.0
Instagram LLC,Other,Stable (within 5 points),0.2258,-0.8778,1211.0
Wasserman,Other,Stable (within 5 points),0.2775,-1.69,692.0
Cleveland State University,Higher education,Stable (within 5 points),0.2887,-4.957,1268.0
Bloomington Independent School District No. 271 (Minnesota),State & local government,Stable (within 5 points),0.469,-2.754,301.0
Alaska Native Tribal Health Consortium,Health care,Stable (within 5 points),0.4889,-2.362,649.0
Saint Vincent College,Higher education,Stable (within 5 points),0.4772,-1.319,236.0
Service King Paint & Body LLC,Other,Stable (within 5 points),0.574,2.23,272.0
City of Tucson (Arizona),State & local government,Stable (within 5 points),0.427,-4.299,652.0
City/Parish of Baton Rouge,Other,Stable (within 5 points),0.349,-4.486,249.0
"Sacred Heart Health System, Inc.",Health care,Stable (within 5 points),0.6634,1.714,396.0
Conair Corp.,Other,Stable (within 5 points),0.4265,-1.07,347.0
"American Renal Associates Holdings, Inc.",Other,Stable (within 5 points),0.3751,-1.882,283.0
Alexandria City Public Schools,State & local government,Stable (within 5 points),0.1835,-3.217,319.0
Phoenix College,Higher education,Stable (within 5 points),0.3566,0.3412,273.0
"Ryder Integrated Logistics, Inc.",Other,Stable (within 5 points),0.4941,-4.947,1127.0
Rainbow Apparel Distribution Center Corp.,Other,Stable (within 5 points),0.1641,3.443,392.0
"Kona Grill, Inc.",Other,Stable (within 5 points),0.3657,-1.979,171.0
"Right at Home, Inc.",Other,Stable (within 5 points),0.3984,-1.976,1150.0
The Rawlings Group,Other,Stable (within 5 points),0.4893,-1.7,497.0
"Penn Station, Inc.",Other,Stable (within 5 points),0.4241,0.01382,217.0
"Health Net of California, Inc.",Health care,Stable (within 5 points),0.3487,-4.404,755.0
"Bisk Education, Inc.",Other,Stable (within 5 points),0.4563,-1.992,105.0
The International Alliance of Theatrical Stage Employees,Other,Stable (within 5 points),0.2794,-1.373,634.0
Wynn Las Vegas LLC,Other,Stable (within 5 points),0.4209,-2.994,1325.0
"Leggett & Platt, Inc.",Other,Stable (within 5 points),0.669,-4.71,512.0
Samson Properties Ltd.,Other,Stable (within 5 points),0.2971,-3.532,843.0
IDEX Corp.,Other,Stable (within 5 points),0.4952,-4.66,271.0
Maricopa County Community College District (Arizona),Higher education,Stable (within 5 points),0.4423,-1.888,546.0
Mount Saint Mary's University,Higher education,Stable (within 5 points),0.1795,-4.963,323.0
DSST Public Schools,State & local government,Stable (within 5 points),0.1334,3.39,349.0
Winston-Salem State University,Higher education,Stable (within 5 points),0.1977,-0.4485,260.0
"Labcorp Drug Development, Inc.",Other,Stable (within 5 points),0.4307,-4.649,866.0
"The Container Store Group, Inc.",Other,Stable (within 5 points),0.3635,-4.289,970.0
"Shoe Show, Inc.",Other,Stable (within 5 points),0.4099,1.759,323.0
Triage LLC,Other,Stable (within 5 points),0.4525,2.061,511.0
USDA-NRCS,Other,Stable (within 5 points),0.5155,-4.633,1112.0
"NHS Human Services, Inc.",Other,Stable (within 5 points),0.2955,-2.879,227.0
Lundbeck BV,Other,Stable (within 5 points),0.5,0.5228,545.0
MedStar Union Memorial Hospital,Health care,Stable (within 5 points),0.2749,-4.356,295.0
Curriculum Associates LLC,Other,Stable (within 5 points),0.293,-0.8899,1035.0
George Fox University,Higher education,Stable (within 5 points),0.4442,2.846,632.0
Collette NV,Other,Stable (within 5 points),0.2796,-0.3915,265.0
United States National Guard Bureau,Military & federal,Stable (within 5 points),0.5017,-2.046,500.0
Butler Health System,Health care,Stable (within 5 points),0.6687,0.4281,316.0
Macomb Intermediate School District,State & local government,Stable (within 5 points),0.4934,-1.62,256.0
"Ruby Tuesday, Inc.",Other,Stable (within 5 points),0.4365,-0.6125,809.0
"Crown Holdings, Inc.",Other,Stable (within 5 points),0.6049,0.6101,425.0
US Trust (Private Equity),Other,Stable (within 5 points),0.4859,0.1898,329.0
"Keenan & Associates, Inc.",Other,Stable (within 5 points),0.3894,0.4178,246.0
"The Maryland Association of Administrative Law Judiciary, Inc.",Other,Stable (within 5 points),0.3076,-2.468,430.0
Punahou School,Other,Stable (within 5 points),0.4724,2.411,240.0
Hamline University,Higher education,Stable (within 5 points),0.3395,2.014,393.0
Cantor Fitzgerald LP,Other,Stable (within 5 points),0.4576,-2.933,538.0
"Investors Bank (Short Hills, New Jersey)",Finance & insurance,Stable (within 5 points),0.395,1.796,232.0
"CORE Construction, Inc.",Other,Stable (within 5 points),0.6643,-2.861,343.0
AmeriPride Services LLC,Other,Stable (within 5 points),0.6509,-3.204,109.0
Western Technical College,Higher education,Stable (within 5 points),0.4403,3.861,338.0
"FirstMerit Bank, NA",Finance & insurance,Stable (within 5 points),0.5684,2.098,240.0
Radisson,Other,Stable (within 5 points),0.3411,-4.882,160.0
Lafayette College (Investment Management),Higher education,Stable (within 5 points),0.2803,-4.636,749.0
AVI-SPL LLC (Florida),Other,Stable (within 5 points),0.4963,-2.317,1315.0
Pediatric Associates Holding Co. LLC,Other,Stable (within 5 points),0.3261,2.368,382.0
"Russell Reynolds Associates, Inc.",Other,Stable (within 5 points),0.2606,-3.574,451.0
FUJIFILM Healthcare Americas Corp.,Health care,Stable (within 5 points),0.5643,-0.07095,523.0
Community College of Denver,Higher education,Stable (within 5 points),0.1934,-2.761,282.0
Epicor Software Corp.,Other,Stable (within 5 points),0.5207,-2.776,979.0
Hughes Hubbard & Reed LLP,Other,Stable (within 5 points),0.2812,-0.5379,181.0
Cutco Cutlery Corp.,Other,Stable (within 5 points),0.4138,1.097,430.0
Furman University,Higher education,Stable (within 5 points),0.5539,0.6872,672.0
State University of New York College at New Paltz,Higher education,Stable (within 5 points),0.1737,-1.97,567.0
"Christmas Tree Shops, Inc.",Other,Stable (within 5 points),0.3611,3.223,210.0
"American Public University System, Inc.",Higher education,Stable (within 5 points),0.4748,2.358,415.0
San Francisco State University,Higher education,Stable (within 5 points),0.1229,-1.675,1353.0
"Riverside Community Care, Inc.",Other,Stable (within 5 points),0.1279,-3.811,334.0
Moreno Valley Unified School District (California),State & local government,Stable (within 5 points),0.35,-3.964,511.0
"Metallus, Inc.",Other,Stable (within 5 points),0.7103,1.502,356.0
Union College (New York),Higher education,Stable (within 5 points),0.2438,0.03533,558.0
"Universal Services of America, Inc.",Other,Stable (within 5 points),0.4052,0.2915,423.0
Shred-it USA LLC,Other,Stable (within 5 points),0.5452,-2.314,362.0
"Eastern Bank (Boston, Massachusetts)",Finance & insurance,Stable (within 5 points),0.2946,-0.7891,631.0
Audubon Engineering Co. LLC,Other,Stable (within 5 points),0.7172,-1.038,454.0
Shop.com,Other,Stable (within 5 points),0.4997,0.1782,197.0
Pima Community College,Higher education,Stable (within 5 points),0.3134,0.4284,899.0
Azusa Pacific University,Higher education,Stable (within 5 points),0.4506,-1.944,745.0
"ARAMARK Uniform Services, Inc.",Other,Stable (within 5 points),0.5403,-4.189,816.0
Lodi Unified School District (California),State & local government,Stable (within 5 points),0.4216,-3.501,301.0
City of Salem (Oregon),State & local government,Stable (within 5 points),0.5051,-3.672,266.0
"Edmunds.com, Inc.",Other,Stable (within 5 points),0.2896,-0.2184,224.0
Northwest Natural Gas Co.,Other,Stable (within 5 points),0.3679,-3.53,411.0
First National Bank Texas (Killeen),Finance & insurance,Stable (within 5 points),0.4346,3.531,231.0
"Team National, Inc.",Other,Stable (within 5 points),0.7196,2.449,287.0
CustomInk LLC,Other,Stable (within 5 points),0.2708,0.4415,380.0
Health Net Federal Services LLC,Military & federal,Stable (within 5 points),0.4195,0.62,305.0
New York State Assembly,Other,Stable (within 5 points),0.2354,-2.436,536.0
Brown County Government - Wisconsin,Other,Stable (within 5 points),0.5769,3.65,266.0
"Lumentum Holdings, Inc.",Other,Stable (within 5 points),0.3127,-1.512,238.0
Indiana Wesleyan University,Higher education,Stable (within 5 points),0.6162,3.099,412.0
Tierra Antigua Realty LLC,Other,Stable (within 5 points),0.5308,-3.377,345.0
"Compass Airlines, Inc.",Other,Stable (within 5 points),0.5543,-4.438,128.0
"Akin, Gump, Strauss, Hauer & Feld LLP",Other,Stable (within 5 points),0.2944,-3.655,752.0
Pepperdine University,Higher education,Stable (within 5 points),0.3485,-1.537,1135.0
Air Force SpA,Military & federal,Stable (within 5 points),0.5102,-4.023,324.0
Massachusetts Department of Transportation,Military & federal,Stable (within 5 points),0.2725,-2.899,670.0
The College of Saint Rose,Higher education,Stable (within 5 points),0.2496,-4.128,193.0
McGill University,Higher education,Stable (within 5 points),0.1837,-2.394,313.0
"Teledyne Technologies, Inc.",Other,Stable (within 5 points),0.4704,-0.6864,386.0
Rio Hondo Community College,Higher education,Stable (within 5 points),0.2913,-1.049,233.0
"Carbon Black, Inc. (Massachusetts)",Other,Stable (within 5 points),0.3083,0.1791,107.0
"Insurance Office of America, Inc.",Finance & insurance,Stable (within 5 points),0.5731,-3.815,480.0
County of Fresno (California),State & local government,Stable (within 5 points),0.3985,-3.674,598.0
Stanford Graduate School of Business,Other,Stable (within 5 points),0.18,0.2251,485.0
"BrightSpring Health Services, Inc.",Health care,Stable (within 5 points),0.4615,-2.288,476.0
Attorney ehf,Other,Stable (within 5 points),0.4717,1.36,386.0
Bristol Community College,Higher education,Stable (within 5 points),0.2694,4.951,304.0
"Prime Lending, Inc.",Other,Stable (within 5 points),0.6417,1.423,870.0
Kirby Corp.,Other,Stable (within 5 points),0.5851,3.166,383.0
California State University Office of the Chancellor,Higher education,Stable (within 5 points),0.285,-2.427,279.0
University of Portland,Higher education,Stable (within 5 points),0.1872,-2.544,659.0
Heineken NV,Other,Stable (within 5 points),0.4107,0.5999,275.0
Timberland LLC,Other,Stable (within 5 points),0.3371,-3.846,280.0
"Toyota Motor Sales, U.S.A., Inc.",Other,Stable (within 5 points),0.4812,2.551,176.0
Unity Technologies SF,Other,Stable (within 5 points),0.2002,-1.999,645.0
"Johnson Financial Group, Inc.",Finance & insurance,Stable (within 5 points),0.6434,-0.6751,569.0
Habitat for Humanity Orlando,Other,Stable (within 5 points),0.3535,-3.174,427.0
"Jani-King International, Inc.",Other,Stable (within 5 points),0.3445,3.696,250.0
"The Green Bay Packers, Inc.",Other,Stable (within 5 points),0.6412,-2.274,316.0
"Emblemhealth, Inc.",Other,Stable (within 5 points),0.2855,-2.455,695.0
Tri Counties Bank,Finance & insurance,Stable (within 5 points),0.5176,-2.128,389.0
Pacific Premier Bank,Finance & insurance,Stable (within 5 points),0.4356,-0.8971,415.0
Eastern Kentucky University,Higher education,Stable (within 5 points),0.4092,-2.484,646.0
Arkansas Department of Human Services,Military & federal,Stable (within 5 points),0.3678,-4.057,341.0
University of Connecticut Health Center,Higher education,Stable (within 5 points),0.2643,-2.569,1287.0
BWXT Pantex LLC,Other,Stable (within 5 points),0.7781,-4.409,643.0
Denver Water Department,Other,Stable (within 5 points),0.4089,-4.892,363.0
County of Cuyahoga (Ohio),State & local government,Stable (within 5 points),0.2441,-2.451,1243.0
Rambøll Gruppen A/S,Other,Stable (within 5 points),0.3686,2.028,862.0
"Merz North America, Inc.",Other,Stable (within 5 points),0.4773,-2.595,512.0
"Tangoe US, Inc.",Other,Stable (within 5 points),0.3957,-3.616,245.0
Grupo General Cable Sistemas SL,Other,Stable (within 5 points),0.6147,-1.589,578.0
"Dyno Nobel, Inc.",Other,Stable (within 5 points),0.7042,-3.583,288.0
"BioMarin Pharmaceutical, Inc.",Other,Stable (within 5 points),0.2239,-0.5095,1043.0
"Sykes Enterprises, Inc.",Other,Stable (within 5 points),0.4006,-1.685,888.0
Farm Bureau Life Insurance Co. (Iowa),Finance & insurance,Stable (within 5 points),0.6629,-4.981,1369.0
The CCAC Educational Foundation,Other,Stable (within 5 points),0.3605,-3.317,539.0
Greenville Technical College,Higher education,Stable (within 5 points),0.6377,0.07948,468.0
"John Crane, Inc.",Other,Stable (within 5 points),0.5552,4.395,345.0
"TIBCO Software, Inc.",Other,Stable (within 5 points),0.3256,3.549,178.0
Coöperatieve Rabobank UA,Other,Stable (within 5 points),0.4917,-3.971,389.0
"SUPERVALU, Inc.",Other,Stable (within 5 points),0.5627,-0.9103,759.0
Westside Community School District No. 66 (Nebraska),State & local government,Stable (within 5 points),0.4287,-1.339,218.0
"Club Z! In-Home Tutoring Services, Inc.",Other,Stable (within 5 points),0.3156,-0.3941,212.0
"Evercore, Inc.",Other,Stable (within 5 points),0.3167,-4.377,796.0
Lenoir-Rhyne University,Higher education,Stable (within 5 points),0.5227,-3.404,239.0
Gander Mountain Co.,Other,Stable (within 5 points),0.6041,-3.148,262.0
"Philz Coffee, Inc.",Other,Stable (within 5 points),0.1527,-3.509,241.0
Grapevine-Colleyville ISD,Other,Stable (within 5 points),0.6458,-0.3627,328.0
Sendik's Food Markets LLC,Other,Stable (within 5 points),0.5853,-1.646,215.0
Varsity Tutors LLC,Other,Stable (within 5 points),0.2727,3.631,1304.0
"Summit Consulting, Inc.",Other,Stable (within 5 points),0.6056,-0.7576,267.0
City of Oklahoma (Oklahoma),State & local government,Stable (within 5 points),0.6224,1.263,574.0
City of Cleveland (Ohio),State & local government,Stable (within 5 points),0.283,-0.9707,580.0
David Geffen School of Medicine,Higher education,Stable (within 5 points),0.1936,-0.6895,757.0
Piper Jaffray Cos.,Other,Stable (within 5 points),0.5486,1.386,100.0
University of Washington Bothell,Higher education,Stable (within 5 points),0.1836,-0.3097,439.0
Terumo Cardiovascular Systems Corp.,Other,Stable (within 5 points),0.4497,-3.906,200.0
Highline Community College,Higher education,Stable (within 5 points),0.202,-2.824,283.0
"GEP Administrative Services, Inc.",Other,Stable (within 5 points),0.3273,-4.547,480.0
"Lamb Weston Holdings, Inc.",Other,Stable (within 5 points),0.59,-4.34,897.0
"Canon U.S.A., Inc.",Other,Stable (within 5 points),0.4727,-4.233,1348.0
LG&E & KU Energy LLC,Other,Stable (within 5 points),0.5126,0.7156,662.0
Utah Transit Authority,Other,Stable (within 5 points),0.7005,-3.399,347.0
"Amisub of South Carolina, Inc.",Other,Stable (within 5 points),0.5463,-2.739,265.0
Arlington Public Schools,State & local government,Stable (within 5 points),0.2341,-3.032,1042.0
Grand Strand Regional Medical Center,Health care,Stable (within 5 points),0.6333,-4.853,329.0
The New York Public Library Astor Lenox & Tilden Foundations,Other,Stable (within 5 points),0.1265,-0.4863,807.0
Bradley University,Higher education,Stable (within 5 points),0.4057,3.679,595.0
New Jersey Department of Labor & Workforce Development,Military & federal,Stable (within 5 points),0.2766,-1.32,355.0
"Zeiders Enterprises, Inc.",Other,Stable (within 5 points),0.4166,-2.339,228.0
Southeastern Louisiana University,Higher education,Stable (within 5 points),0.536,4.125,331.0
"Milgard Manufacturing, Inc.",Other,Stable (within 5 points),0.4935,-0.4787,268.0
"Automotive Resources International, Inc.",Other,Stable (within 5 points),0.4247,4.91,185.0
"Poshmark, Inc.",Other,Stable (within 5 points),0.3269,-4.416,554.0
"Lovelace Health Systems, Inc.",Health care,Stable (within 5 points),0.3843,-0.8423,410.0
Carrier Hvac,Other,Stable (within 5 points),0.5812,-4.327,1115.0
PIU Management LLC,Other,Stable (within 5 points),0.3525,1.75,120.0
"SWCA Environmental Consultants, Inc.",Other,Stable (within 5 points),0.3141,-1.85,757.0
St. Alexius Medical Center,Health care,Stable (within 5 points),0.4352,-3.597,184.0
"National Government Services, Inc.",Other,Stable (within 5 points),0.5231,-2.41,340.0
"Cadwalader, Wickersham & Taft LLP",Other,Stable (within 5 points),0.2738,2.765,321.0
Symantec,Other,Stable (within 5 points),0.3718,-0.3947,528.0
"Web.com Group, Inc.",Other,Stable (within 5 points),0.4543,-4.85,181.0
Creative Circle LLC,Other,Stable (within 5 points),0.266,3.018,379.0
Dimension Data Holdings Plc,Other,Stable (within 5 points),0.4404,-4.222,104.0
LaBella Associates D.P.C,Other,Stable (within 5 points),0.4594,-3.125,725.0
AXS Digital Media Group LLC,Other,Stable (within 5 points),0.3591,2.597,277.0
ZRS Management LLC,Other,Stable (within 5 points),0.4053,1.048,383.0
Hamilton County Department of Education,Military & federal,Stable (within 5 points),0.5292,0.01861,840.0
"VeriFone Systems, Inc.",Other,Stable (within 5 points),0.4748,-4.282,291.0
Black Knight InfoServ LLC,Other,Stable (within 5 points),0.5139,-2.772,130.0
Delaware State University,Higher education,Stable (within 5 points),0.2025,-0.2648,458.0
Carmike Cinemas LLC,Other,Stable (within 5 points),0.4196,3.966,89.0
iOS App Development,Other,Stable (within 5 points),0.3044,-2.928,198.0
"Deltek, Inc.",Other,Stable (within 5 points),0.3746,0.2399,771.0
Interstate Gas Supply LLC,Other,Stable (within 5 points),0.4701,-4.004,520.0
"Weston Solutions, Inc.",Other,Stable (within 5 points),0.444,-0.1702,445.0
Manhattan Construction Company,Other,Stable (within 5 points),0.6713,-3.174,288.0
Meredith Corp.,Other,Stable (within 5 points),0.3413,1.113,440.0
"GROWMARK, Inc.",Other,Stable (within 5 points),0.686,-4.286,360.0
Sinclair Community College,Higher education,Stable (within 5 points),0.4835,0.02754,850.0
South Texas College,Higher education,Stable (within 5 points),0.1623,-3.847,251.0
Federal Communications Commission,Military & federal,Stable (within 5 points),0.2474,-2.439,522.0
Jeunesse Global Holdings LLC,Other,Stable (within 5 points),0.5727,-1.623,319.0
"Zuora, Inc.",Other,Stable (within 5 points),0.2631,3.783,278.0
Global Industrial Co.,Other,Stable (within 5 points),0.5272,1.885,334.0
"Tri Pointe Homes Holdings, Inc.",Other,Stable (within 5 points),0.5557,4.219,653.0
York College of Pennsylvania,Higher education,Stable (within 5 points),0.465,2.091,472.0
Pepper Construction Group LLC,Other,Stable (within 5 points),0.5188,-2.743,359.0
Shasta College,Higher education,Stable (within 5 points),0.5481,2.353,272.0
APL Ltd.,Other,Stable (within 5 points),0.4638,-4.65,190.0
Center For Human Development,Other,Stable (within 5 points),0.1335,-3.744,307.0
Tri-City Healthcare District,Health care,Stable (within 5 points),0.4605,0.637,318.0
"Cytec Industries, Inc.",Other,Stable (within 5 points),0.5782,2.392,137.0
"BRP, Inc.",Other,Stable (within 5 points),0.6031,-1.395,332.0
Nicholls State University,Higher education,Stable (within 5 points),0.6673,4.171,329.0
GE Renewable Energy,Other,Stable (within 5 points),0.5296,-4.311,422.0
Crowne Plaza Hotels & Resorts,Other,Stable (within 5 points),0.2966,-3.454,237.0
Brooke Army Medical Center,Military & federal,Stable (within 5 points),0.4587,-0.2707,526.0
Bemis Manufacturing Co.,Other,Stable (within 5 points),0.7491,1.905,228.0
"Trinity Health of New England Corp., Inc.",Health care,Stable (within 5 points),0.2882,-2.69,634.0
"York Risk Services Group, Inc.",Other,Stable (within 5 points),0.5027,-1.967,319.0
"Watermark Realty, Inc. (Florida)",Other,Stable (within 5 points),0.6093,2.604,436.0
Rockwall Independent School District (Texas),State & local government,Stable (within 5 points),0.6756,-4.767,309.0
US Military Academy,Other,Stable (within 5 points),0.4982,-2.011,191.0
Defense Contract Audit Agency,Other,Stable (within 5 points),0.4981,-3.134,868.0
Durham School Services LP (Illinois),Other,Stable (within 5 points),0.403,0.8782,603.0
Alston & Bird /dc/,Other,Stable (within 5 points),0.3107,2.216,759.0
WPP Plc,Other,Stable (within 5 points),0.2628,-4.946,323.0
Jackson Lewis LLP,Other,Stable (within 5 points),0.3313,-4.686,1068.0
Massage Heights Corporate LLC,Other,Stable (within 5 points),0.3718,0.5709,321.0
Union Public Schools,State & local government,Stable (within 5 points),0.612,-3.065,362.0
Slac National Accelerator Laboratory,Other,Stable (within 5 points),0.2134,0.6156,683.0
"Von Maur, Inc.",Other,Stable (within 5 points),0.4145,1.861,536.0
Hair Cuttery,Other,Stable (within 5 points),0.3431,-3.512,423.0
Stearns Lending LLC,Other,Stable (within 5 points),0.5249,-2.352,141.0
Independent City of Newport News (Virginia),State & local government,Stable (within 5 points),0.3742,-4.656,490.0
The University of North Carolina at Asheville,Higher education,Stable (within 5 points),0.2438,0.7556,495.0
Northwest ISD,Other,Stable (within 5 points),0.6358,1.626,437.0
North American Bancard LLC,Other,Stable (within 5 points),0.3679,3.736,359.0
The Associated Press (New York),Other,Stable (within 5 points),0.2883,-3.315,797.0
Brown Mackie College,Higher education,Stable (within 5 points),0.4675,-0.3144,230.0
"Lake Hospital System, Inc.",Health care,Stable (within 5 points),0.546,-2.23,255.0
Air Force Special Operations Command,Military & federal,Stable (within 5 points),0.7281,2.096,169.0
The Erie County Investment Co.,Other,Stable (within 5 points),0.3858,-2.041,492.0
"GeneDx, Inc.",Other,Stable (within 5 points),0.2827,4.758,382.0
"CSX Technology, Inc.",Other,Stable (within 5 points),0.5797,-0.6542,224.0
Wesley Medical Center LLC,Health care,Stable (within 5 points),0.6269,-3.245,407.0
Intelsat Inflight LLC,Other,Stable (within 5 points),0.4005,-1.084,103.0
"Cheney Bros., Inc.",Other,Stable (within 5 points),0.6373,2.848,326.0
McDonald´s,Retail & hospitality,Stable (within 5 points),0.3008,-2.025,170.0
"American Savings Bank, FSB (Honolulu, Hawaii)",Finance & insurance,Stable (within 5 points),0.3412,-4.9,305.0
"Covenant Transport, Inc. (Tennessee)",Other,Stable (within 5 points),0.645,-0.7589,398.0
Gateway Technical College,Higher education,Stable (within 5 points),0.4955,1.339,415.0
Metso Corp.,Other,Stable (within 5 points),0.5813,2.599,477.0
Leon County School Board (Florida),Other,Stable (within 5 points),0.2867,-4.021,602.0
Norfolk Public Schools (Virginia),State & local government,Stable (within 5 points),0.2754,-4.417,862.0
"AKQA, Inc.",Other,Stable (within 5 points),0.168,2.29,227.0
Good Shepherd Rehabilitation Network,Other,Stable (within 5 points),0.4933,-3.105,295.0
"Wexford Health Sources, Inc.",Health care,Stable (within 5 points),0.4305,0.2792,251.0
County of Sarasota (Florida),State & local government,Stable (within 5 points),0.6296,-3.498,591.0
City of Oakland (California),State & local government,Stable (within 5 points),0.1682,-3.376,488.0
Marcus Theatres LLC,Other,Stable (within 5 points),0.4198,-3.563,308.0
"Premier Designs, Inc.",Other,Stable (within 5 points),0.6465,-2.391,487.0
Diamond Offshore Co.,Other,Stable (within 5 points),0.6887,-0.2538,219.0
"Wells Fargo Insurance Services USA, Inc.",Finance & insurance,Stable (within 5 points),0.5006,-2.205,161.0
"Toyota Boshoku America, Inc.",Other,Stable (within 5 points),0.5562,-1.603,364.0
"WyzAnt, Inc.",Other,Stable (within 5 points),0.3214,-0.9547,757.0
Dane County,Other,Stable (within 5 points),0.3858,-0.5221,339.0
"TVI, Inc. (Washington)",Other,Stable (within 5 points),0.3219,-0.5721,699.0
"Alexion Pharmaceuticals, Inc.",Other,Stable (within 5 points),0.372,-3.12,1343.0
A+E Networks LLC,Other,Stable (within 5 points),0.2434,-0.4335,807.0
College of Western Idaho,Higher education,Stable (within 5 points),0.6341,1.63,405.0
Florida Army National Guard,Military & federal,Stable (within 5 points),0.6146,-3.849,199.0
Lane Community College (Oregon),Higher education,Stable (within 5 points),0.2383,0.2361,469.0
Columbia Business School,Other,Stable (within 5 points),0.1932,-0.2155,540.0
Bellevue Public Schools Foundation,State & local government,Stable (within 5 points),0.5289,1.725,230.0
"Caribou Coffee Co., Inc.",Other,Stable (within 5 points),0.286,0.1032,717.0
The Institute For Family Health,Health care,Stable (within 5 points),0.1588,0.7984,259.0
Clariant AG,Other,Stable (within 5 points),0.5225,-2.218,365.0
"Imprivata, Inc.",Other,Stable (within 5 points),0.3517,-2.783,404.0
Black Entertainment Television LLC,Other,Stable (within 5 points),0.1307,-1.15,244.0
Grange Insurance Co.,Finance & insurance,Stable (within 5 points),0.5525,-2.918,552.0
Knife River Corp.,Other,Stable (within 5 points),0.7306,-1.789,334.0
National Institute of Allergy & Infectious Diseases,Other,Stable (within 5 points),0.1735,-4.055,450.0
Hach Co.,Other,Stable (within 5 points),0.4963,-2.549,554.0
AB Sciex LLC,Other,Stable (within 5 points),0.3652,1.985,290.0
Central Bucks School District (Pennsylvania),State & local government,Stable (within 5 points),0.4224,-0.886,388.0
"Northrop Grumman Innovation Systems, Inc.",Defense & aerospace,Stable (within 5 points),0.6754,2.184,839.0
WFG National Title Insurance Co.,Finance & insurance,Stable (within 5 points),0.4717,-4.579,408.0
Clark College,Higher education,Stable (within 5 points),0.2734,-1.444,292.0
Charlotte Fire Department,Other,Stable (within 5 points),0.6373,3.78,295.0
"QTS Realty Trust, Inc.",Other,Stable (within 5 points),0.4915,0.7782,625.0
TJMaxx,Other,Stable (within 5 points),0.3368,1.836,388.0
Art Van Furniture LLC,Other,Stable (within 5 points),0.4113,0.1189,229.0
"MSCI, Inc.",Other,Stable (within 5 points),0.3212,-1.467,472.0
Trelleborg Sealing Solutions Germany GmbH,Other,Stable (within 5 points),0.5731,-3.67,306.0
Keller Williams Premier Realty,Other,Stable (within 5 points),0.6588,-0.7646,328.0
Kutztown University of Pennsylvania,Higher education,Stable (within 5 points),0.3608,-3.369,603.0
"Rockline Industries, Inc.",Other,Stable (within 5 points),0.7316,-1.207,299.0
Vonage Holdings Corp.,Other,Stable (within 5 points),0.4343,-3.762,585.0
Educational Service Center of Central Ohio,Other,Stable (within 5 points),0.4102,-4.491,318.0
The Baseball Club of Seattle LLLP,Other,Stable (within 5 points),0.3189,-2.013,318.0
Elliott Group Ebara Corp.,Other,Stable (within 5 points),0.6556,-0.9175,423.0
"STV, Inc.",Other,Stable (within 5 points),0.4299,-4.729,1236.0
Capistrano Unified School District (California),State & local government,Stable (within 5 points),0.4238,-1.03,693.0
"Cellular South, Inc.",Other,Stable (within 5 points),0.5805,1.898,516.0
ChenMed LLC,Other,Stable (within 5 points),0.331,-2.49,803.0
"Jewish Board of Family & Children's Services, Inc.",Other,Stable (within 5 points),0.173,-2.87,292.0
"OppenheimerFunds, Inc.",Other,Stable (within 5 points),0.4451,-3.75,123.0
"Caterpillar Logistics Services, Inc.",Other,Stable (within 5 points),0.6102,3.823,271.0
EverTrue,Other,Stable (within 5 points),0.4375,-0.3323,260.0
"Aurora Innovation, Inc.",Other,Stable (within 5 points),0.267,2.97,892.0
Central Garden & Pet Co.,Other,Stable (within 5 points),0.5593,-4.391,531.0
e2open LLC,Other,Stable (within 5 points),0.4282,2.962,452.0
SAIF Corp.,Other,Stable (within 5 points),0.4652,-4.535,406.0
"Elmhurst Memorial Healthcare, Inc.",Health care,Stable (within 5 points),0.284,-4.649,429.0
Aggregate Industries Ltd.,Other,Stable (within 5 points),0.5726,-3.027,398.0
Camden City School District (New Jersey),State & local government,Stable (within 5 points),0.1512,1.952,234.0
City of Des Moines (Iowa),State & local government,Stable (within 5 points),0.4429,0.5894,270.0
City of Lakewood (Colorado),State & local government,Stable (within 5 points),0.3846,-4.442,280.0
TridentUSA Health Services LLC,Health care,Stable (within 5 points),0.4244,-3.226,307.0
Monroe #1 Boces,Other,Stable (within 5 points),0.3684,-4.047,269.0
Myself (17719947),Other,Stable (within 5 points),0.3828,0.8118,177.0
Syniverse Technologies LLC,Other,Stable (within 5 points),0.5083,1.885,276.0
Oberlin College,Higher education,Stable (within 5 points),0.1675,1.877,773.0
O'Charley's LLC,Other,Stable (within 5 points),0.4567,-1.301,416.0
"Rent the Runway, Inc.",Other,Stable (within 5 points),0.1786,-0.1761,225.0
Wichita Public Schools - Usd259,State & local government,Stable (within 5 points),0.5164,-4.26,952.0
Covington & Burling LLP,Other,Stable (within 5 points),0.1731,-2.543,944.0
"P S 89 Parents & Teachers Association, Inc.",Other,Stable (within 5 points),0.2697,-1.555,973.0
Houston Community College System (Texas),Higher education,Stable (within 5 points),0.2927,-1.013,1248.0
The Moody Bible Institute of Chicago,Other,Stable (within 5 points),0.5403,-1.759,301.0
"Sheraton Hotels & Resorts, Inc.",Other,Stable (within 5 points),0.3002,-2.999,659.0
Colgate University,Higher education,Stable (within 5 points),0.2494,-2.274,619.0
"EnergySolutions of Utah, Inc.",Other,Stable (within 5 points),0.6918,-2.323,292.0
"Blue Cross Blue Shield, Inc.",Other,Stable (within 5 points),0.3672,3.586,294.0
U.S. Army and Army National Guard,Military & federal,Stable (within 5 points),0.4808,-3.554,225.0
Colorado Governor's Office of Information Technology,Other,Stable (within 5 points),0.3364,-4.381,310.0
Tuesday Morning Corp.,Other,Stable (within 5 points),0.4095,-0.2828,408.0
"Entrata, Inc. (Massachusetts)",Other,Stable (within 5 points),0.2982,-1.383,532.0
Dominican University (Illinois),Higher education,Stable (within 5 points),0.1654,1.965,451.0
"Wellmark, Inc.",Other,Stable (within 5 points),0.4696,-4.216,979.0
"Holiday Inn Express (Vermon Hills, Illinois)",Other,Stable (within 5 points),0.3794,-2.522,1361.0
Kenyon College,Higher education,Stable (within 5 points),0.2101,4.496,274.0
Kenworth Truck Co.,Other,Stable (within 5 points),0.3612,-0.7152,417.0
Mindtree Ltd.,Other,Stable (within 5 points),0.3399,2.321,194.0
Atmos Energy Corp.,Other,Stable (within 5 points),0.6334,-1.664,1200.0
Simmons Bank,Finance & insurance,Stable (within 5 points),0.6094,-4.73,978.0
"Einstein Noah Restaurant Group, Inc.",Retail & hospitality,Stable (within 5 points),0.3463,1.861,217.0
"Vantiv, Inc.",Other,Stable (within 5 points),0.5131,-1.197,230.0
American Bar Association,Other,Stable (within 5 points),0.2185,0.1786,504.0
"Wedbush Securities, Inc.",Other,Stable (within 5 points),0.4515,-0.7576,310.0
Matthews International Corp.,Other,Stable (within 5 points),0.5955,-3.773,472.0
RentPath LLC,Other,Stable (within 5 points),0.4093,-2.195,297.0
Standard Chartered Bank Ltd.,Finance & insurance,Stable (within 5 points),0.3375,1.198,491.0
"Computershare US, Inc.",Other,Stable (within 5 points),0.3616,4.719,297.0
Certa ProPainters Ltd.,Other,Stable (within 5 points),0.5624,-3.498,349.0
Avista Corp.,Other,Stable (within 5 points),0.5221,-2.461,577.0
Maryland Office of the Public Defender,Other,Stable (within 5 points),0.1679,0.6431,349.0
Jump Trading LLC,Other,Stable (within 5 points),0.2414,0.4629,422.0
Barry Callebaut AG,Other,Stable (within 5 points),0.3272,1.76,297.0
Lawrence University,Higher education,Stable (within 5 points),0.3644,4.582,380.0
"Mercy Housing, Inc.",Other,Stable (within 5 points),0.2445,-1.86,396.0
Kelley School of Business,Other,Stable (within 5 points),0.3507,1.319,759.0
Great Northern Corp. (Wisconsin),Other,Stable (within 5 points),0.6959,-4.933,270.0
"CardWorks, Inc.",Other,Stable (within 5 points),0.3395,4.487,403.0
"Primary Residential Mortgage, Inc.",Other,Stable (within 5 points),0.656,0.05096,471.0
McDaniel College,Higher education,Stable (within 5 points),0.3276,-3.695,345.0
"MarineMax, Inc.",Other,Stable (within 5 points),0.714,-4.825,392.0
"General Supply & Services, Inc.",Other,Stable (within 5 points),0.6048,1.165,310.0
National Archives & Records Administration (United States),Other,Stable (within 5 points),0.2954,-0.07032,722.0
"Archway Marketing Services, Inc.",Other,Stable (within 5 points),0.4756,-4.254,189.0
Huawei Technologies SA,Other,Stable (within 5 points),0.3765,-1.793,322.0
"CBS Personnel Holdings, Inc.",Other,Stable (within 5 points),0.4221,-3.271,743.0
The Family Court,Other,Stable (within 5 points),0.6223,-2.703,313.0
"American Financial Network, Inc.",Finance & insurance,Stable (within 5 points),0.5504,-4.833,462.0
City of Dayton (Ohio),State & local government,Stable (within 5 points),0.4321,-2.476,307.0
GateWay Community College,Higher education,Stable (within 5 points),0.3739,-3.923,247.0
PowerSchool Group LLC,Other,Stable (within 5 points),0.4,-2.353,897.0
Arizona Department of Economic Security,Military & federal,Stable (within 5 points),0.4029,-1.505,1286.0
"Q2 Software, Inc.",Other,Stable (within 5 points),0.4193,-0.03888,894.0
"inVentiv Health Clinical, Inc.",Health care,Stable (within 5 points),0.4048,-3.233,137.0
The University of Montana,Higher education,Stable (within 5 points),0.3512,-4.387,1244.0
"Marvell Technology, Inc.",Other,Stable (within 5 points),0.3256,3.927,1215.0
"USA Hockey, Inc.",Other,Stable (within 5 points),0.5266,2.437,494.0
"Raven Industries, Inc.",Other,Stable (within 5 points),0.6975,-3.228,226.0
HRL Laboratories LLC,Other,Stable (within 5 points),0.2809,3.17,417.0
"AvalonBay Communities, Inc.",Other,Stable (within 5 points),0.3142,-3.148,797.0
Adaptive Biotechnologies Corp.,Other,Stable (within 5 points),0.1821,1.112,372.0
Logicalis GmbH,Other,Stable (within 5 points),0.5714,-0.8621,325.0
Anderson University,Higher education,Stable (within 5 points),0.5805,0.4417,263.0
PolyOne Corp /Syncure Polyethylene Ops/,Other,Stable (within 5 points),0.572,3.195,184.0
"Global Experience Specialists, Inc.",Other,Stable (within 5 points),0.4427,0.2039,478.0
Florida Department of Juvenile Justice,Military & federal,Stable (within 5 points),0.3016,-1.374,255.0
"Nintendo of America, Inc.",Other,Stable (within 5 points),0.2089,-3.062,849.0
Weber State University,Higher education,Stable (within 5 points),0.6883,-2.874,1123.0
Eastern Florida State College,Higher education,Stable (within 5 points),0.5765,-4.839,364.0
"NYC Co., Ltd.",Other,Stable (within 5 points),0.2684,2.644,216.0
Swift Technical Resources LLC,Other,Stable (within 5 points),0.5958,0.8629,254.0
"Ebby Halliday Real Estate, Inc.",Other,Stable (within 5 points),0.6736,-2.497,605.0
America First Federal Credit Union,Military & federal,Stable (within 5 points),0.7794,-2.865,636.0
Equus Workforce Solutions,Other,Stable (within 5 points),0.3056,0.4775,668.0
Seattle University,Higher education,Stable (within 5 points),0.1291,-1.166,944.0
"GoWireless, Inc.",Other,Stable (within 5 points),0.4833,3.217,118.0
Southern Nuclear Operating Co.,Other,Stable (within 5 points),0.6929,-0.7547,391.0
"C&J Energy Services, Inc.",Other,Stable (within 5 points),0.6058,-4.086,165.0
Guess Inc.,Other,Stable (within 5 points),0.2536,0.09677,776.0
"Evergy Metro, Inc.",Other,Stable (within 5 points),0.6674,-0.3914,205.0
County of Bernalillo (New Mexico),State & local government,Stable (within 5 points),0.3654,-3.723,342.0
Metropolitan Family Services Dupage,Other,Stable (within 5 points),0.1287,-0.6853,292.0
Independent City of Richmond (Virginia),State & local government,Stable (within 5 points),0.272,-4.901,638.0
The Graduate School & University Center,Higher education,Stable (within 5 points),0.1727,-3.054,387.0
CorVel Corp.,Other,Stable (within 5 points),0.4417,0.5878,1173.0
Dow AgroSciences LLC,Other,Stable (within 5 points),0.5805,3.423,180.0
"City Year, Inc.",Other,Stable (within 5 points),0.1312,-2.003,1003.0
Naval Surface Warfare Center,Other,Stable (within 5 points),0.4977,-0.8165,717.0
"Turner Broadcasting System, Inc.",Other,Stable (within 5 points),0.2796,0.8058,287.0
Genesee Intermediate School District (Michigan),State & local government,Stable (within 5 points),0.4004,-3.61,310.0
"Sig Sauer, Inc.",Other,Stable (within 5 points),0.6538,-4.517,450.0
"Hospira, Inc.",Other,Stable (within 5 points),0.4531,0.2749,320.0
California College of the Arts,Higher education,Stable (within 5 points),0.07856,-0.7116,341.0
LGC Associates LLC,Other,Stable (within 5 points),0.2154,-0.2604,279.0
Hannaford Bros. Co. LLC,Other,Stable (within 5 points),0.3581,0.8318,1356.0
Wellpoint Anthem,Other,Stable (within 5 points),0.4012,4.077,216.0
United States Army National Guard,Military & federal,Stable (within 5 points),0.5016,-2.795,440.0
"Amneal Intermediate, Inc.",Other,Stable (within 5 points),0.4142,2.245,438.0
"Eisai, Inc.",Other,Stable (within 5 points),0.4389,0.7307,875.0
Texas Air National Guard,Military & federal,Stable (within 5 points),0.5969,0.1073,171.0
Girl Scouts of the USA,Other,Stable (within 5 points),0.2789,-0.9025,436.0
Ocfs,Other,Stable (within 5 points),0.2934,-2.118,411.0
ShopKo Stores Operating Co. LLC,Retail & hospitality,Stable (within 5 points),0.6283,4.724,314.0
BKD LLP,Other,Stable (within 5 points),0.6573,-4.86,248.0
Granite School District (Utah),State & local government,Stable (within 5 points),0.6685,-4.648,893.0
Goodwill,Other,Stable (within 5 points),0.2927,-2.428,235.0
Morehouse School of Medicine,Higher education,Stable (within 5 points),0.1406,-0.8042,408.0
U S GOVERNMENT (ARMY),Military & federal,Stable (within 5 points),0.5253,2.137,239.0
"Wilhelmina International, Inc.",Other,Stable (within 5 points),0.302,3.441,221.0
MAHLE GmbH,Other,Stable (within 5 points),0.5091,-4.796,753.0
The Capital Markets Co.,Other,Stable (within 5 points),0.3843,2.127,635.0
"Sonos, Inc.",Other,Stable (within 5 points),0.1992,-4.215,617.0
Ambry Genetics Corp.,Other,Stable (within 5 points),0.3261,2.072,316.0
Greenspoon Marder LLP,Other,Stable (within 5 points),0.3262,2.938,250.0
Doubletree By Hilton Atlanta Airport,Retail & hospitality,Stable (within 5 points),0.3474,-1.702,1248.0
"Privilege Underwriters, Inc.",Other,Stable (within 5 points),0.4101,-3.993,528.0
Daemen University,Higher education,Stable (within 5 points),0.3013,-1.43,237.0
"Citizens Financial Group, Inc. (Rhode Island)",Finance & insurance,Stable (within 5 points),0.4088,0.627,942.0
Midland Memorial Hospital,Health care,Stable (within 5 points),0.6303,2.386,296.0
CARE USA,Other,Stable (within 5 points),0.2033,-0.7476,277.0
Integer Holdings Corp.,Other,Stable (within 5 points),0.5658,-3.371,763.0
Donatos Pizzeria LLC,Other,Stable (within 5 points),0.4424,1.978,241.0
Brookshire Grocery Co.,Other,Stable (within 5 points),0.6468,-2.599,538.0
California Department of Social Services,Military & federal,Stable (within 5 points),0.236,-3.577,843.0
Janney Montgomery Scott LLC (Investment Management),Other,Stable (within 5 points),0.5682,-1.715,1086.0
Stamford Public Schools,State & local government,Stable (within 5 points),0.227,-1.019,333.0
"La-Z-Boy, Inc.",Other,Stable (within 5 points),0.4942,-1.474,581.0
Bath Iron Works Corp.,Other,Stable (within 5 points),0.4805,-3.401,518.0
"EVSC Foundation, Inc. (IN)",Other,Stable (within 5 points),0.4886,-2.112,342.0
Eastern Illinois University,Higher education,Stable (within 5 points),0.3165,4.675,191.0
Beta Pi Phi Fraternity,Other,Stable (within 5 points),0.3589,-1.295,778.0
"Boeing Digital Solutions, Inc.",Defense & aerospace,Stable (within 5 points),0.4942,-4.667,339.0
Public Storage,Other,Stable (within 5 points),0.3801,-4.889,842.0
The Mosaic Co.,Other,Stable (within 5 points),0.6228,-2.803,791.0
"Cajun Industries, LLC",Other,Stable (within 5 points),0.6592,-0.7713,285.0
Ascensus LLC,Other,Stable (within 5 points),0.4274,-0.7392,1145.0
Spark Foundry,Other,Stable (within 5 points),0.2216,-0.893,879.0
"Mission Health, Inc.",Health care,Stable (within 5 points),0.4376,-1.827,893.0
White & Case LLP,Other,Stable (within 5 points),0.2667,0.287,979.0
"BDS Marketing, Inc.",Other,Stable (within 5 points),0.4004,-2.447,427.0
"West USA Realty, Inc.",Other,Stable (within 5 points),0.7267,-0.9765,717.0
My Family,Other,Stable (within 5 points),0.5075,-3.63,235.0
National Academies of Sciences,Other,Stable (within 5 points),0.1606,-3.953,416.0
"US Airways Group, Inc.",Other,Stable (within 5 points),0.5284,0.7878,1159.0
Amrock LLC,Other,Stable (within 5 points),0.3089,-4.149,494.0
University of California,Higher education,Stable (within 5 points),0.1973,0.2116,626.0
United States Bankruptcy Court,Other,Stable (within 5 points),0.3594,4.565,321.0
Dominican University of California,Higher education,Stable (within 5 points),0.1946,-4.622,275.0
Security Service Federal Credit Union,Military & federal,Stable (within 5 points),0.4346,-4.739,640.0
R-T Specialty LLC (Illinois),Other,Stable (within 5 points),0.4952,1.332,1227.0
The New School,Other,Stable (within 5 points),0.1433,0.5677,781.0
Sanmina Corp.,Other,Stable (within 5 points),0.4952,0.2327,772.0
State of New Mexico,State & local government,Stable (within 5 points),0.3218,-3.997,737.0
"Resources Global Professionals, Inc.",Other,Stable (within 5 points),0.4715,-3.304,1131.0
Community Brands HoldCo LLC,Other,Stable (within 5 points),0.3428,0.9628,427.0
LKQ Corp.,Other,Stable (within 5 points),0.5821,-4.957,1161.0
"Bemis Co., Inc.",Other,Stable (within 5 points),0.7122,3.885,326.0
UPMC Hamot,Other,Stable (within 5 points),0.4384,0.2648,274.0
"Baker Concrete Construction, Inc.",Other,Stable (within 5 points),0.613,-4.75,424.0
Helen of Troy Ltd.,Other,Stable (within 5 points),0.2793,0.8501,387.0
Angelo State University,Higher education,Stable (within 5 points),0.6439,4.723,479.0
"Archrock, Inc.",Other,Stable (within 5 points),0.7215,0.4936,215.0
Brooks Automation US LLC,Other,Stable (within 5 points),0.4177,-3.113,328.0
Roosevelt University,Higher education,Stable (within 5 points),0.1505,-4.692,460.0
Pennsylvania College of Technology,Higher education,Stable (within 5 points),0.6175,1.973,547.0
Dillards Dept Store,Other,Stable (within 5 points),0.44,0.1982,193.0
Fazoli's System Management LLC,Other,Stable (within 5 points),0.4028,-4.846,212.0
Acumed LLC,Other,Stable (within 5 points),0.4198,4.418,266.0
The American Institute of Certified Public Accountants,Other,Stable (within 5 points),0.3402,0.3969,277.0
Bonnies Perfect Choice Nutrition,Other,Stable (within 5 points),0.4917,4.096,257.0
Pesg LLC,Other,Stable (within 5 points),0.3593,1.461,193.0
Nestlé Waters (Suisse) SA,Other,Stable (within 5 points),0.5105,-4.591,401.0
Baptist Health (Arkansas),Health care,Stable (within 5 points),0.5844,-2.023,821.0
"Blackboard, Inc.",Other,Stable (within 5 points),0.3605,1.411,190.0
Buccaneers LP,Other,Stable (within 5 points),0.4927,-4.565,302.0
County of El Paso (Colorado),State & local government,Stable (within 5 points),0.4224,-2.023,675.0
Hitachi Vantara Pte Ltd.,Other,Stable (within 5 points),0.4397,0.9741,942.0
Disney Vacation Club,Other,Stable (within 5 points),0.4347,-4.68,245.0
AT&T Global Services Canada Co.,Other,Stable (within 5 points),0.4612,0.4012,160.0
Toyota Financial Services Corp.,Finance & insurance,Stable (within 5 points),0.4616,0.2708,493.0
Judicial Council of California (California),Other,Stable (within 5 points),0.2231,2.235,308.0
Universal Weather & Aviation LLC,Other,Stable (within 5 points),0.5382,-0.8775,179.0
Education Management Corp.,Other,Stable (within 5 points),0.4064,-2.161,821.0
Goucher College,Higher education,Stable (within 5 points),0.1568,3.993,285.0
"RTW Retailwinds, Inc.",Other,Stable (within 5 points),0.2784,-2.664,313.0
University of Wisconsin Hospital and Clinics,Higher education,Stable (within 5 points),0.4172,-1.585,613.0
"Rochester, NY",Other,Stable (within 5 points),0.3516,-3.431,351.0
Pharr-San Juan-Alamo Independent School District (Texas),State & local government,Stable (within 5 points),0.1164,-1.105,235.0
Protective Life Corp.,Other,Stable (within 5 points),0.5492,-2.592,842.0
Bergen Community College,Higher education,Stable (within 5 points),0.2905,2.826,376.0
Oklahoma State Department of Health,Military & federal,Stable (within 5 points),0.4879,1.049,332.0
Coppin State University,Higher education,Stable (within 5 points),0.1216,-2.313,238.0
"Leedsworld, Inc.",Other,Stable (within 5 points),0.4951,3.395,231.0
DSV A/S,Other,Stable (within 5 points),0.4057,-2.024,1320.0
"Foundation Medicine, Inc.",Other,Stable (within 5 points),0.2453,-4.432,843.0
Emmanuel College (Massachusetts),Higher education,Stable (within 5 points),0.1196,-1.04,287.0
Macy's,Other,Stable (within 5 points),0.2721,-1.055,725.0
United States Central Command,Other,Stable (within 5 points),0.6147,-2.325,222.0
City of El Paso (Texas),State & local government,Stable (within 5 points),0.2073,-2.417,357.0
"EVRAZ, Inc. NA",Other,Stable (within 5 points),0.5558,3.273,351.0
"Nomura Holdings, Inc.",Other,Stable (within 5 points),0.3723,-2.811,809.0
MSC Mediterranean Shipping Co. SA,Other,Stable (within 5 points),0.3849,-3.408,502.0
"FedEx Logistics, Inc.",Other,Stable (within 5 points),0.4172,4.45,583.0
First Tech Federal Credit Union /Old/,Military & federal,Stable (within 5 points),0.3634,-2.854,677.0
Black Box Corp.,Other,Stable (within 5 points),0.563,-2.28,596.0
Fox Restaurant Concepts LLC,Retail & hospitality,Stable (within 5 points),0.3957,-4.346,256.0
Mercyhurst University,Higher education,Stable (within 5 points),0.3643,-3.385,353.0
"Coupa Software, Inc.",Other,Stable (within 5 points),0.3574,-1.974,604.0
"Parkview Medical Center, Inc.",Health care,Stable (within 5 points),0.4696,1.657,329.0
"Colorado Technical University, Inc.",Higher education,Stable (within 5 points),0.4355,0.8841,667.0
M1 Support Services LP,Other,Stable (within 5 points),0.7316,-1.934,441.0
"Real Chemistry, Inc.",Other,Stable (within 5 points),0.2597,1.613,577.0
Virginia College,Higher education,Stable (within 5 points),0.4285,-0.4011,267.0
University of Texas at Tyler,Higher education,Stable (within 5 points),0.5848,1.98,623.0
The Center For Health Care Services,Health care,Stable (within 5 points),0.2871,-2.729,280.0
The Texas Department of Insurance,Military & federal,Stable (within 5 points),0.3367,-1.004,356.0
Music Corp.,Other,Stable (within 5 points),0.3018,0.4859,201.0
"Cenveo, Inc.",Other,Stable (within 5 points),0.557,-0.2527,279.0
"Ocean State Jobbers, Inc.",Other,Stable (within 5 points),0.3323,2.002,554.0
Skillsoft Corp.,Other,Stable (within 5 points),0.4552,-2.352,385.0
Alvord Unified School District (California),State & local government,Stable (within 5 points),0.3756,-4.634,259.0
Hollister Co. (Ohio),Other,Stable (within 5 points),0.2537,-4.269,1369.0
United Talent Agency LLC (California),Other,Stable (within 5 points),0.1974,-1.185,840.0
Shutts & Bowen LLP,Other,Stable (within 5 points),0.5099,-0.5028,275.0
Illinois Attorney General,Other,Stable (within 5 points),0.1889,1.515,334.0
"Beyond, Inc.",Other,Stable (within 5 points),0.5624,-3.859,305.0
Nalco Co.,Other,Stable (within 5 points),0.637,-1.117,220.0
OPmobility SE,Other,Stable (within 5 points),0.5391,-2.199,517.0
Anadarko Petroleum Corp.,Other,Stable (within 5 points),0.6859,3.456,367.0
Drybar Holdings LLC,Other,Stable (within 5 points),0.2656,-1.182,438.0
Henry Ford Hospital,Health care,Stable (within 5 points),0.3317,-2.865,432.0
Virginia Department of Transportation,Military & federal,Stable (within 5 points),0.4847,-3.45,1264.0
Shenandoah University,Higher education,Stable (within 5 points),0.4227,1.533,502.0
Wa Department of Children Youth & Families,Military & federal,Stable (within 5 points),0.229,2.723,511.0
Prosperity Home Mortgage LLC,Other,Stable (within 5 points),0.5205,-4.017,414.0
First Acceptance Corp.,Other,Stable (within 5 points),0.3931,-2.835,304.0
NBC Sports Group,Other,Stable (within 5 points),0.3224,0.3316,718.0
"The Buckle, Inc.",Other,Stable (within 5 points),0.4876,-3.971,1129.0
"BXP, Inc.",Other,Stable (within 5 points),0.2649,-3.561,332.0
The NRP Group LLC,Other,Stable (within 5 points),0.4116,-3.144,365.0
North Carolina Court System (United States),Other,Stable (within 5 points),0.4039,2.292,473.0
"Morningstar, Inc.",Other,Stable (within 5 points),0.2669,-4.788,1111.0
LinQuest Corp.,Other,Stable (within 5 points),0.5809,2.182,503.0
"Ducommun, Inc.",Other,Stable (within 5 points),0.6025,1.607,325.0
Andersen Tax LLC,Other,Stable (within 5 points),0.3138,0.3067,1077.0
City of Spokane (Washington),State & local government,Stable (within 5 points),0.4845,-3.068,368.0
"Calix, Inc.",Other,Stable (within 5 points),0.4529,1.418,512.0
Hillsdale College,Higher education,Stable (within 5 points),0.5756,1.762,248.0
Emeritus Corp.,Other,Stable (within 5 points),0.3671,-4.461,179.0
"Behavioral Health Network, Inc.",Health care,Stable (within 5 points),0.1691,2.459,350.0
AmeriSave Mortgage Corp.,Other,Stable (within 5 points),0.4674,-3.362,432.0
"Moody's Investors Service, Inc.",Other,Stable (within 5 points),0.3043,-1.532,597.0
Skidmore College,Higher education,Stable (within 5 points),0.1834,-0.4721,607.0
Royal Caribbean International Ltd.,Other,Stable (within 5 points),0.3442,4.812,434.0
The Carter Lumber Co.,Other,Stable (within 5 points),0.6437,2.506,433.0
University of Oklahoma Health Sciences Center,Higher education,Stable (within 5 points),0.5091,-2.898,1006.0
"Young Men's Christian Association of Greater Boston, Inc.",Other,Stable (within 5 points),0.1571,-1.948,253.0
Winthrop University,Higher education,Stable (within 5 points),0.4654,-4.408,560.0
"U.S. Department of Justice, Criminal Division",Military & federal,Stable (within 5 points),0.3416,-3.682,281.0
PVH Corp.,Other,Stable (within 5 points),0.3561,-1.191,925.0
Whitman College,Higher education,Stable (within 5 points),0.1451,2.542,140.0
"MacMillan Publishers, Inc.",Other,Stable (within 5 points),0.2105,-4.86,447.0
acac Fitness & Wellness Centers,Other,Stable (within 5 points),0.3458,-0.1152,180.0
"DS Services Holdings, Inc.",Other,Stable (within 5 points),0.4849,-1.995,193.0
Undisclosed LLC,Other,Stable (within 5 points),0.4901,-4.411,962.0
FedEx Trade Networks Transport & Brokerage (South Africa),Other,Stable (within 5 points),0.4106,-2.06,304.0
"TracFone Wireless, Inc.",Other,Stable (within 5 points),0.3742,1.564,132.0
Four Points by Sheraton,Other,Stable (within 5 points),0.3548,-0.1039,233.0
Cambridge Public Schools,State & local government,Stable (within 5 points),0.1114,-1.124,341.0
Kettering University,Higher education,Stable (within 5 points),0.3843,2.42,198.0
"The Breakers Palm Beach, Inc.",Other,Stable (within 5 points),0.4688,1.492,322.0
"Lexmark International, Inc.",Other,Stable (within 5 points),0.555,-0.7935,1113.0
Ohio Living,Other,Stable (within 5 points),0.4403,-4.647,269.0
Tutor Time Learning Centers LLC,Other,Stable (within 5 points),0.2708,-3.017,247.0
San Marcos Unified School District (California),State & local government,Stable (within 5 points),0.2956,-1.676,340.0
"Thryv Holdings, Inc.",Other,Stable (within 5 points),0.5396,-4.389,655.0
2U LLC,Other,Stable (within 5 points),0.2032,0.9713,879.0
St. Ambrose University,Higher education,Stable (within 5 points),0.3811,1.025,298.0
"Meritor, Inc.",Other,Stable (within 5 points),0.5631,-0.6849,460.0
"Teleflex, Inc.",Other,Stable (within 5 points),0.4768,-2.565,1235.0
"Bassett Furniture Industries, Inc.",Other,Stable (within 5 points),0.4945,-3.114,326.0
Seminaries & Institutes of Religion,Other,Stable (within 5 points),0.8684,0.7429,203.0
"AEG Holding Co., Inc.",Other,Stable (within 5 points),0.2469,-0.8389,789.0
PSI Services LLC,Other,Stable (within 5 points),0.3368,4.165,287.0
University of Wisconsin-Eau Claire,Higher education,Stable (within 5 points),0.3768,0.6394,850.0
"RealPage, Inc.",Other,Stable (within 5 points),0.4913,-2.809,1290.0
"Merit Medical Systems, Inc.",Health care,Stable (within 5 points),0.642,-3.832,529.0
Canisius College,Higher education,Stable (within 5 points),0.2964,0.6483,369.0
Retail,Retail & hospitality,Stable (within 5 points),0.4299,-4.329,275.0
"Titan Machinery, Inc.",Other,Stable (within 5 points),0.6827,-3.33,231.0
National American University,Higher education,Stable (within 5 points),0.5531,-0.1788,182.0
"Blain Supply, Inc.",Other,Stable (within 5 points),0.554,-4.762,417.0
"Sheppard, Mullin, Richter & Hampton LLP",Other,Stable (within 5 points),0.3014,-0.6719,921.0
"Roundy's Supermarkets, Inc.",Other,Stable (within 5 points),0.5731,-4.273,276.0
"Northwest Medical Center, Inc.",Health care,Stable (within 5 points),0.4917,1.601,357.0
Bob's Discount Furniture LLC,Other,Stable (within 5 points),0.3628,-1.717,901.0
"PitchBook Data, Inc.",Other,Stable (within 5 points),0.1862,-4.963,545.0
Anne Arundel Community College,Higher education,Stable (within 5 points),0.3332,-2.693,595.0
Clifford Chance LLP,Other,Stable (within 5 points),0.2458,-4.315,306.0
Oakland Schools (Michigan),Other,Stable (within 5 points),0.347,-4.456,278.0
Tetra Pak AB,Other,Stable (within 5 points),0.5086,4.617,363.0
Cablevision Systems Corp.,Other,Stable (within 5 points),0.3999,-1.182,499.0
XO Communications LLC,Other,Stable (within 5 points),0.5477,2.608,190.0
Ector County ISD,Other,Stable (within 5 points),0.5136,-2.573,398.0
Wright-Patt Credit Union,Other,Stable (within 5 points),0.5708,-2.711,417.0
"Home (DF) Health Care, Inc.",Health care,Stable (within 5 points),0.3228,1.472,323.0
Xavier University,Higher education,Stable (within 5 points),0.4112,-3.544,961.0
Desert Financial Federal Credit Union,Military & federal,Stable (within 5 points),0.5176,1.094,353.0
ProQuest LLC,Other,Stable (within 5 points),0.3077,1.467,230.0
Wal-Mart Watch,Other,Stable (within 5 points),0.5174,0.7966,297.0
College of the Canyons,Higher education,Stable (within 5 points),0.3832,-1.324,378.0
Maryland State Highway Administration,Other,Stable (within 5 points),0.3477,-3.863,316.0
Northshore School District,State & local government,Stable (within 5 points),0.2355,-2.955,557.0
University of Alaska Anchorage,Higher education,Stable (within 5 points),0.4457,-0.6484,704.0
ABP Corp.,Other,Stable (within 5 points),0.2318,0.05297,98.0
Aims Community College,Higher education,Stable (within 5 points),0.4905,-4.336,363.0
PacifiCorp,Other,Stable (within 5 points),0.4637,-2.741,784.0
Caremount Medical PC,Health care,Stable (within 5 points),0.352,-0.6401,242.0
Trident Seafoods Corp.,Other,Stable (within 5 points),0.3576,-4.673,328.0
Alpha Gamma Delta Fraternity,Other,Stable (within 5 points),0.323,2.381,283.0
"Wieden + Kennedy, Inc.",Other,Stable (within 5 points),0.1437,-2.763,537.0
L.A. Care Health Plan,Health care,Stable (within 5 points),0.2697,-1.617,540.0
"Measurement, Inc.",Other,Stable (within 5 points),0.2903,0.6555,322.0
The Bank of Nova Scotia,Finance & insurance,Stable (within 5 points),0.3326,1.967,691.0
"MGM Grand Detroit, Inc.",Other,Stable (within 5 points),0.2801,-0.1421,214.0
"St. Agnes Healthcare, Inc.",Health care,Stable (within 5 points),0.344,0.5613,269.0
"La Petite Academy, Inc.",Other,Stable (within 5 points),0.3315,-4.988,576.0
Fresenius Kabi AG,Other,Stable (within 5 points),0.378,-2.489,1246.0
Boscov's Department Store LLC,Other,Stable (within 5 points),0.4169,2.87,625.0
Fresno Pacific University,Higher education,Stable (within 5 points),0.5178,-4.471,310.0
"Valmont Industries, Inc.",Other,Stable (within 5 points),0.6831,-4.677,868.0
Eastern Washington University,Higher education,Stable (within 5 points),0.3315,-3.839,820.0
TriMet,Other,Stable (within 5 points),0.3551,-3.54,642.0
Vinfen Corp.,Other,Stable (within 5 points),0.1484,-2.474,385.0
Lewis Brisbois Bisgaard & Smith LLP,Other,Stable (within 5 points),0.3288,1.733,1258.0
St. Catherine University,Higher education,Stable (within 5 points),0.3077,-3.046,132.0
Otter Products LLC,Other,Stable (within 5 points),0.4107,-4.655,358.0
Riverbed Technology LLC,Other,Stable (within 5 points),0.3508,3.188,315.0
Goodrich Corp.,Other,Stable (within 5 points),0.6494,2.147,205.0
Baptist Medical Center,Health care,Stable (within 5 points),0.5385,-3.056,577.0
Computershare Ltd.,Other,Stable (within 5 points),0.3457,0.2173,1172.0
Elon University,Higher education,Stable (within 5 points),0.3001,-1.818,1210.0
"Cross Country Travcorps, Inc. (Florida)",Other,Stable (within 5 points),0.3978,1.356,231.0
St. Anselm College,Higher education,Stable (within 5 points),0.3398,-3.63,196.0
Peralta Community College District (California),Higher education,Stable (within 5 points),0.1282,0.4518,325.0
Lancaster County School District No. 1 (Nebraska),State & local government,Stable (within 5 points),0.4233,-2.032,1361.0
"NYU Lutheran, Inc.",Other,Stable (within 5 points),0.2843,-0.9143,588.0
Buncombe County School District (North Carolina),State & local government,Stable (within 5 points),0.4481,1.518,687.0
"The Methodist Hospitals, Inc.",Other,Stable (within 5 points),0.3387,-4.569,437.0
Taft Stettinius & Hollister LLP,Other,Stable (within 5 points),0.5087,-4.931,908.0
DAI Global LLC,Other,Stable (within 5 points),0.195,-2.302,365.0
Minnesota State University Moorhead,Higher education,Stable (within 5 points),0.3971,0.7887,316.0
"MiTek Industries, Inc.",Other,Stable (within 5 points),0.5992,-4.067,422.0
Waterstone Mortgage Corp.,Other,Stable (within 5 points),0.6651,-2.756,272.0
"PTC Therapeutics, Inc.",Other,Stable (within 5 points),0.3387,-2.309,326.0
"Krueger International, Inc.",Other,Stable (within 5 points),0.7324,-0.1557,433.0
Bridgewater State College,Higher education,Stable (within 5 points),0.1951,0.01536,610.0
"Cabell Huntington Hospital, Inc.",Health care,Stable (within 5 points),0.6411,0.2227,340.0
City of Tulsa (Oklahoma),State & local government,Stable (within 5 points),0.6478,-4.274,579.0
"Black Knight, Inc.",Other,Stable (within 5 points),0.5739,-0.8194,561.0
Comfort Suites (North Carolina),Other,Stable (within 5 points),0.3542,-2.178,234.0
"Oldapco, Inc.",Other,Stable (within 5 points),0.7508,-0.1456,187.0
"The Bozzuto Group, Inc.",Other,Stable (within 5 points),0.2539,-3.219,899.0
Sierra Club,Other,Stable (within 5 points),0.1343,0.239,434.0
Pellissippi State Technical Community College Foundation,Higher education,Stable (within 5 points),0.5772,-0.9688,385.0
Salem State University,Higher education,Stable (within 5 points),0.1442,-2.156,552.0
"EPAM Systems, Inc.",Other,Stable (within 5 points),0.392,2.35,807.0
Moran Foods LLC,Other,Stable (within 5 points),0.4916,1.383,715.0
"Aegis Therapies, Inc.",Other,Stable (within 5 points),0.5474,-1.391,488.0
"Elizabeth Arden, Inc.",Other,Stable (within 5 points),0.4489,-1.402,165.0
Kellermeyer Bergensons Services LLC,Other,Stable (within 5 points),0.4018,-4.515,369.0
Santa Rosa County Public Schools,State & local government,Stable (within 5 points),0.7879,0.6367,336.0
Rhode Island School of Design,Other,Stable (within 5 points),0.1542,-0.6584,794.0
"TechTarget Holdings, Inc.",Other,Stable (within 5 points),0.2442,-4.071,485.0
Beasley Media Group LLC,Other,Stable (within 5 points),0.4354,-0.3831,325.0
"BorgWarner, Inc.",Other,Stable (within 5 points),0.5574,-0.5725,1312.0
Wofford College,Higher education,Stable (within 5 points),0.5142,-2.761,321.0
Jackson Public Schools (Michigan),State & local government,Stable (within 5 points),0.1984,-4.003,505.0
Barclaycard (LQ) Ltd.,Other,Stable (within 5 points),0.3465,-3.75,232.0
Ariens Co.,Other,Stable (within 5 points),0.737,1.985,200.0
National Education Association,Other,Stable (within 5 points),0.1479,4.105,251.0
Atlantic Bay Mortgage Group LLC,Other,Stable (within 5 points),0.593,4.019,376.0
Calpine Corp.,Other,Stable (within 5 points),0.5534,-2.251,577.0
"United States Tennis Association, Inc.",Other,Stable (within 5 points),0.3672,0.0885,496.0
"PC Connection, Inc.",Other,Stable (within 5 points),0.494,-4.348,1041.0
Southeast Missouri State University,Higher education,Stable (within 5 points),0.5677,1.904,524.0
Evergreen Home Loans,Other,Stable (within 5 points),0.448,1.185,212.0
"American Specialty Health, Inc.",Health care,Stable (within 5 points),0.3735,4.565,537.0
National Cancer Institute,Other,Stable (within 5 points),0.19,0.5988,1121.0
Guardsmark LLC,Other,Stable (within 5 points),0.4516,-2.935,191.0
Carlson Wagonlit Travel SAS,Other,Stable (within 5 points),0.4857,-4.249,677.0
The Salvation Army,Military & federal,Stable (within 5 points),0.3739,2.831,408.0
"Lincoln Financial Network, Inc.",Finance & insurance,Stable (within 5 points),0.5781,-0.1043,260.0
US Chamber of Commerce (Research),Other,Stable (within 5 points),0.42,-1.123,244.0
Webster Central School District (New York),State & local government,Stable (within 5 points),0.4062,-3.18,307.0
City of Baltimore (Maryland),State & local government,Stable (within 5 points),0.155,-4.247,1074.0
"Crestron Electronics, Inc.",Other,Stable (within 5 points),0.4357,1.501,524.0
Naval Information Warfare Center Atlantic,Other,Stable (within 5 points),0.5694,-3.588,507.0
Conversant LLC /Old/,Other,Stable (within 5 points),0.2614,2.982,96.0
Materion Corp.,Other,Stable (within 5 points),0.55,-3.075,511.0
PRIVATE CONTRACTOR LLC,Other,Stable (within 5 points),0.455,-1.817,349.0
City of Boston (Massachusetts),State & local government,Stable (within 5 points),0.1523,-3.857,1024.0
Berlitz Corp.,Other,Stable (within 5 points),0.2822,3.284,206.0
ECS Federal LLC,Military & federal,Stable (within 5 points),0.4428,-4.767,1300.0
"The Yankee Candle Co., Inc.",Other,Stable (within 5 points),0.3276,-4.365,375.0
Living Spaces Furniture LLC,Other,Stable (within 5 points),0.3471,-4.628,541.0
Wilbur-Ellis Co. LLC,Other,Stable (within 5 points),0.6149,-2.495,424.0
Waystar Holding Corp.,Other,Stable (within 5 points),0.4191,0.753,732.0
New York State Department of Labor (United States),Military & federal,Stable (within 5 points),0.3647,-4.801,751.0
"Jack in the Box, Inc.",Other,Stable (within 5 points),0.3107,-0.7576,1159.0
Alvernia College,Higher education,Stable (within 5 points),0.446,4.325,291.0
Moore Public Schools (Oklahoma),State & local government,Stable (within 5 points),0.6448,0.2939,253.0
Michael Page International Ltd.,Other,Stable (within 5 points),0.3349,3.933,298.0
"Lynn University, Inc.",Higher education,Stable (within 5 points),0.3495,-2.118,331.0
"Pratt Industries, Inc. (Georgia)",Other,Stable (within 5 points),0.5908,-2.068,1020.0
UTC Aerospace Systems,Other,Stable (within 5 points),0.512,2.9,648.0
"Road Runner Sports, Inc.",Other,Stable (within 5 points),0.3689,-3.228,236.0
Tuscaloosa City Board of Education (Alabama),Other,Stable (within 5 points),0.4461,1.382,280.0
Bob Evans Restaurants LLC,Other,Stable (within 5 points),0.4385,4.109,244.0
"Trupanion, Inc.",Other,Stable (within 5 points),0.2428,-1.788,390.0
"Morley Cos., Inc.",Other,Stable (within 5 points),0.3369,-1.119,434.0
ATT Mobility,Other,Stable (within 5 points),0.4105,-3.402,222.0
Zones LLC,Other,Stable (within 5 points),0.354,-2.216,458.0
Martin County School District (Florida),State & local government,Stable (within 5 points),0.5621,1.317,350.0
CITGO Petroleum Corp.,Other,Stable (within 5 points),0.6099,1.786,1292.0
"Coalfire Systems, Inc.",Other,Stable (within 5 points),0.4085,-1.152,400.0
"American Apparel, Inc.",Other,Stable (within 5 points),0.1305,-2.502,88.0
California Pacific Medical Center,Health care,Stable (within 5 points),0.1756,0.3182,289.0
St. Luke's-Roosevelt Hospital Center,Health care,Stable (within 5 points),0.1733,-0.4113,254.0
"Tower International, Inc.",Other,Stable (within 5 points),0.5538,-2.702,177.0
KW Commercial,Other,Stable (within 5 points),0.5944,1.571,321.0
Roanoke City Public School District (Virginia),State & local government,Stable (within 5 points),0.4413,0.1339,403.0
F.N.B. Corp. (Pennsylvania),Other,Stable (within 5 points),0.5833,-3.41,1260.0
Non Profit Management Inc,Other,Stable (within 5 points),0.3786,-4.786,643.0
"World Ventures, Inc.",Other,Stable (within 5 points),0.4555,-4.401,206.0
University of La Verne,Higher education,Stable (within 5 points),0.3065,-1.963,398.0
JW Marriott San Francisco,Retail & hospitality,Stable (within 5 points),0.3479,-0.9189,653.0
"RSC Insurance Brokerage, Inc.",Finance & insurance,Stable (within 5 points),0.4853,-2.377,860.0
Mac Cosmetics,Other,Stable (within 5 points),0.2325,-2.542,1096.0
"Rush Enterprises, Inc.",Other,Stable (within 5 points),0.6779,-3.181,937.0
"Cannon Design, Inc.",Other,Stable (within 5 points),0.3395,0.07257,525.0
Dickinson College,Higher education,Stable (within 5 points),0.2889,4.169,342.0
"Skechers U.S.A., Inc.",Other,Stable (within 5 points),0.288,1.951,1378.0
"OCHIN, Inc.",Other,Stable (within 5 points),0.2787,2.03,503.0
The Long Island Rail Road Co.,Other,Stable (within 5 points),0.4838,-4.326,526.0
"Coursera, Inc.",Other,Stable (within 5 points),0.1864,4.568,478.0
Brighton Collectibles LLC,Other,Stable (within 5 points),0.4893,-0.349,284.0
Informa Plc,Other,Stable (within 5 points),0.4027,0.5486,424.0
YMCA of Greater New York,Other,Stable (within 5 points),0.183,1.148,405.0
"LoanCare Servicing Center, Inc.",Other,Stable (within 5 points),0.3837,2.36,375.0
Omnitracs LLC,Other,Stable (within 5 points),0.4949,-0.06172,95.0
"Piedmont Airlines, Inc.",Other,Stable (within 5 points),0.4399,-3.18,1039.0
SH Franchising LLC,Other,Stable (within 5 points),0.4131,-0.6922,782.0
Appian Corp.,Other,Stable (within 5 points),0.3082,-3.168,650.0
Fitchburg State University,Higher education,Stable (within 5 points),0.2272,-2.359,335.0
"Walker & Dunlop, Inc.",Other,Stable (within 5 points),0.4587,2.742,579.0
New York Medical College,Higher education,Stable (within 5 points),0.2455,1.873,352.0
Randolph County Schools (Alabama),Other,Stable (within 5 points),0.6758,3.84,195.0
Wayne County Public Schools,State & local government,Stable (within 5 points),0.4654,2.873,260.0
Alro Steel Corp.,Other,Stable (within 5 points),0.5868,-4.122,482.0
ARAMARK Healthcare,Health care,Stable (within 5 points),0.4615,-3.62,629.0
S&B Engineers & Constructors Ltd.,Other,Stable (within 5 points),0.6208,-0.4721,850.0
Lewis & Clark College (Oregon),Higher education,Stable (within 5 points),0.1226,0.1809,489.0
"Eckerd Youth Alternatives, Inc.",Other,Stable (within 5 points),0.372,-0.2063,284.0
National Gallery of Art,Other,Stable (within 5 points),0.1632,3.816,286.0
"Sysmex America, Inc.",Other,Stable (within 5 points),0.4347,-4.88,489.0
Austin Peay State University,Higher education,Stable (within 5 points),0.4706,4.286,750.0
First Advantage Corp.,Other,Stable (within 5 points),0.44,-1.982,500.0
Chatham University,Higher education,Stable (within 5 points),0.2268,2.834,400.0
Pioneer Natural Resources Co.,Other,Stable (within 5 points),0.6456,0.5138,744.0
"A.T. Kearney, Inc.",Other,Stable (within 5 points),0.2921,-4.283,522.0
"Lifetouch National School Studios, Inc.",Other,Stable (within 5 points),0.5215,-4.331,343.0
"Novitas Solutions, Inc.",Other,Stable (within 5 points),0.4701,-2.115,338.0
Finance of America Holdings LLC,Other,Stable (within 5 points),0.5602,-0.6658,248.0
ITG Brands Holdco LLC,Other,Stable (within 5 points),0.5945,-1.75,476.0
Wake Technical Community College,Higher education,Stable (within 5 points),0.3429,-0.2528,1114.0
Safeco Corp.,Other,Stable (within 5 points),0.5469,4.723,424.0
Japan Exchange & Teaching Program,Other,Stable (within 5 points),0.1777,1.672,583.0
Banco Bilbao Vizcaya Argentaria SA,Other,Stable (within 5 points),0.4178,-3.804,324.0
Giant Food LLC,Other,Stable (within 5 points),0.334,0.08886,932.0
"Pottery Barn, Inc.",Other,Stable (within 5 points),0.3595,-4.226,834.0
Tidewater Community College,Higher education,Stable (within 5 points),0.3661,-0.8945,540.0
University of Wisconsin Green Bay,Higher education,Stable (within 5 points),0.5257,2.627,495.0
"Weis Markets, Inc.",Other,Stable (within 5 points),0.483,1.642,1084.0
Stella & Dot LLC,Other,Stable (within 5 points),0.4821,2.602,538.0
Dixon Hughes Goodman LLP,Other,Stable (within 5 points),0.5611,-2.296,183.0
"Bombardier, Inc.",Other,Stable (within 5 points),0.6255,-0.5899,1146.0
North Carolina National Guard Association,Military & federal,Stable (within 5 points),0.5696,4.364,303.0
Brookhaven National Laboratory,Other,Stable (within 5 points),0.4604,-1.973,837.0
Marcum LLP,Other,Stable (within 5 points),0.4342,-3.253,659.0
Citizens Property Insurance Corp.,Finance & insurance,Stable (within 5 points),0.5268,-0.6916,588.0
"Code42 Software, Inc.",Other,Stable (within 5 points),0.4538,-4.694,132.0
The American Legion,Other,Stable (within 5 points),0.5928,-1.832,394.0
Noridian Healthcare Solutions LLC,Health care,Stable (within 5 points),0.4465,1.707,408.0
Columbia College (Illinois),Higher education,Stable (within 5 points),0.1303,-0.5232,714.0
BI-LO LLC,Other,Stable (within 5 points),0.4903,-1.169,216.0
"Partylite, Inc.",Other,Stable (within 5 points),0.5251,4.22,334.0
Lipscomb University,Higher education,Stable (within 5 points),0.5859,1.495,591.0
Follett Corp.,Other,Stable (within 5 points),0.3041,-0.2883,311.0
Southeast Community College,Higher education,Stable (within 5 points),0.5102,-1.746,336.0
Consilio LLC,Other,Stable (within 5 points),0.3434,0.1418,895.0
New Seasons Market LLC,Other,Stable (within 5 points),0.1216,0.00393,475.0
Rochester City School District (New York),State & local government,Stable (within 5 points),0.2742,-1.798,1017.0
Harry & David LLC,Other,Stable (within 5 points),0.4947,0.7817,364.0
"Centerstone Military Services, Inc.",Other,Stable (within 5 points),0.4296,-0.868,823.0
McCombs School of Business,Other,Stable (within 5 points),0.2833,-3.822,469.0
Red Clay Consolidated School District,State & local government,Stable (within 5 points),0.2645,-4.11,376.0
Cobb County School District (Georgia),State & local government,Stable (within 5 points),0.428,-3.247,1035.0
"Lafayette General Health System, Inc.",Health care,Stable (within 5 points),0.6554,1.048,380.0
Federal Home Loan Bank of Chicago,Military & federal,Stable (within 5 points),0.2829,-0.7355,275.0
Southwestern University,Higher education,Stable (within 5 points),0.2874,-0.0987,201.0
Texas Department of Aging & Disability Services,Military & federal,Stable (within 5 points),0.3916,3.298,201.0
Contra Costa County Sheriff's Department (California),State & local government,Stable (within 5 points),0.2094,0.5068,995.0
Vigo County School Corp.,Other,Stable (within 5 points),0.4595,-1.544,286.0
Sirius Computer Solutions LLC,Other,Stable (within 5 points),0.5654,-4.966,469.0
Audi of America LLC,Other,Stable (within 5 points),0.4259,-4.244,394.0
Nazareth College of Rochester (New York),Higher education,Stable (within 5 points),0.2601,1.927,406.0
"Tumi, Inc.",Other,Stable (within 5 points),0.3304,-2.553,326.0
Endicott College,Higher education,Stable (within 5 points),0.2102,-0.01202,478.0
"Vistage Worldwide, Inc.",Other,Stable (within 5 points),0.5386,2.876,1088.0
DNC Service Corp.,Other,Stable (within 5 points),0.1232,1.39,304.0
Qdoba Restaurant Corp.,Retail & hospitality,Stable (within 5 points),0.3392,-4.608,502.0
"Pomeroy IT Solutions, Inc.",Other,Stable (within 5 points),0.5281,-2.536,611.0
"Goodwill Industries (Santa Cruz, California)",Other,Stable (within 5 points),0.3204,-0.09502,340.0
St. Dominics Hospital,Health care,Stable (within 5 points),0.4974,-3.237,373.0
"HealthMarkets, Inc.",Other,Stable (within 5 points),0.5971,1.26,870.0
20/20 Cos.,Other,Stable (within 5 points),0.4254,-4.55,613.0
"Continental Airlines, Inc.",Other,Stable (within 5 points),0.5081,-0.7505,404.0
Delta College (United States),Higher education,Stable (within 5 points),0.4457,-4.489,223.0
Franklin American Mortgage Co.,Other,Stable (within 5 points),0.6012,2.781,78.0
The California Public Employees Retirement System,Other,Stable (within 5 points),0.3692,-4.755,852.0
LACOSTE SAS /IF/,Other,Stable (within 5 points),0.2939,-3.526,202.0
Waubonsee Community College,Higher education,Stable (within 5 points),0.3209,-4.432,338.0
Santa Clara Valley Water District (California),Other,Stable (within 5 points),0.2211,-4.783,322.0
"Hyster-Yale Group, Inc.",Other,Stable (within 5 points),0.5484,0.7812,831.0
Department of Social Services,Military & federal,Stable (within 5 points),0.2833,-4.737,1225.0
Marshall Dennehey Warner Coleman & Goggin PC,Other,Stable (within 5 points),0.4186,2.2,475.0
New York Institute of Technology,Higher education,Stable (within 5 points),0.2729,-1.271,709.0
Marine Corps Community Services,Military & federal,Stable (within 5 points),0.4314,-1.295,787.0
San Ysidro Health Center,Health care,Stable (within 5 points),0.2597,2.458,405.0
Tribune Media Co.,Other,Stable (within 5 points),0.3121,-4.426,110.0
The Normandale Community College Foundation,Higher education,Stable (within 5 points),0.4284,-1.91,252.0
"Paul Davis Restoration, Inc.",Other,Stable (within 5 points),0.6071,-2.019,510.0
"Payless ShoeSource, Inc.",Other,Stable (within 5 points),0.3618,-1.102,531.0
The Capital Grille,Other,Stable (within 5 points),0.3802,-2.38,425.0
"Corebridge Financial, Inc.",Finance & insurance,Stable (within 5 points),0.5051,-2.205,1359.0
"The North Face, Inc.",Other,Stable (within 5 points),0.2658,-2.623,840.0
Elements Therapeutic Massage LLC,Other,Stable (within 5 points),0.3217,-0.3158,563.0
"Londen Insurance Group, Inc.",Finance & insurance,Stable (within 5 points),0.3505,-2.95,373.0
Milbank LLP,Other,Stable (within 5 points),0.2277,1.103,512.0
"Camp Gladiator, Inc.",Other,Stable (within 5 points),0.5342,-4.158,263.0
Mount St. Joseph University,Higher education,Stable (within 5 points),0.5264,4.286,272.0
Watson Clinic LLP,Health care,Stable (within 5 points),0.6312,-4.44,293.0
"Lund Food Holdings, Inc.",Other,Stable (within 5 points),0.4319,-2.258,317.0
Brigham Young University (Hawaii),Higher education,Stable (within 5 points),0.5672,0.7733,313.0
Pactiv LLC,Other,Stable (within 5 points),0.5209,-2.48,1097.0
Summit Medical Group PA,Health care,Stable (within 5 points),0.2964,-0.3203,255.0
"C. R. Bard, Inc. (New Jersey)",Other,Stable (within 5 points),0.5677,-1.454,303.0
Anderson University (South Carolina),Higher education,Stable (within 5 points),0.6688,0.09342,367.0
Attorney At Law,Other,Stable (within 5 points),0.4237,-2.235,576.0
Monroe Community College,Higher education,Stable (within 5 points),0.3179,-2.327,577.0
The Queen's Health Systems,Health care,Stable (within 5 points),0.3136,0.2491,914.0
Cincinnati State Technical & Community College,Higher education,Stable (within 5 points),0.4134,-0.03881,406.0
Cole Haan LLC,Other,Stable (within 5 points),0.2797,-1.858,363.0
Clarkson University,Higher education,Stable (within 5 points),0.3544,2.88,190.0
"MISTRAS Group, Inc.",Other,Stable (within 5 points),0.5888,-4.302,610.0
Warner Music Group Corp.,Other,Stable (within 5 points),0.271,-1.76,788.0
Rockland Trust Co.,Other,Stable (within 5 points),0.3525,-3.61,627.0
Northwood University (Michigan),Higher education,Stable (within 5 points),0.4319,-2.693,186.0
SAMS CLUB,Other,Stable (within 5 points),0.491,1.035,395.0
Sandy Spring Bank,Finance & insurance,Stable (within 5 points),0.4119,-4.661,438.0
"Scientific Drilling International, Inc.",Other,Stable (within 5 points),0.6818,0.3074,200.0
Lozier Corp.,Other,Stable (within 5 points),0.6531,-1.795,246.0
Aquent LLC,Other,Stable (within 5 points),0.3381,-2.12,496.0
Heinen's Fine Foods,Other,Stable (within 5 points),0.3909,1.009,357.0
State of Wyoming,State & local government,Stable (within 5 points),0.8144,2.794,413.0
Sam Ash Music Corp.,Other,Stable (within 5 points),0.3579,-4.402,160.0
"StubHub, Inc.",Other,Stable (within 5 points),0.2816,2.436,314.0
Allstate Insurance Agency,Finance & insurance,Stable (within 5 points),0.5077,4.836,360.0
"Management Analysis & Utilization, Inc.",Other,Stable (within 5 points),0.563,-1.027,275.0
St. George's University,Higher education,Stable (within 5 points),0.3411,-0.7678,319.0
St Francis Hospital,Health care,Stable (within 5 points),0.4875,1.829,302.0
Vibra Healthcare LLC,Health care,Stable (within 5 points),0.471,1.105,383.0
San Joaquin Valley College,Higher education,Stable (within 5 points),0.5025,-4.573,533.0
Employment Development Department,Other,Stable (within 5 points),0.3009,-4.075,1051.0
Indianapolis Public Schools (Indiana),State & local government,Stable (within 5 points),0.3544,-4.623,917.0
The University of Miami Leonard M. Miller School of Medicine,Higher education,Stable (within 5 points),0.2966,-1.836,1366.0
Texas State Technical College System,Higher education,Stable (within 5 points),0.4985,-2.962,578.0
Game Developer,Other,Stable (within 5 points),0.4327,-0.65,464.0
Duquesne Light Co.,Other,Stable (within 5 points),0.4772,0.2428,688.0
"Diebold Nixdorf, Inc.",Other,Stable (within 5 points),0.5885,-4.023,1120.0
"EMSL Analytical, Inc.",Other,Stable (within 5 points),0.2994,-3.607,265.0
Ada County Independent School District (Idaho),State & local government,Stable (within 5 points),0.5353,-0.5021,577.0
Flint Hills Resources LLC,Other,Stable (within 5 points),0.7256,-4.495,1105.0
University of Massachusetts Global,Higher education,Stable (within 5 points),0.3734,-1.286,344.0
Holy Cross Hospital (Maryland),Health care,Stable (within 5 points),0.2249,-3.072,447.0
Northwest Permanente PC,Other,Stable (within 5 points),0.1876,-0.3457,290.0
HMSHost Corp.,Other,Stable (within 5 points),0.3126,-2.067,1009.0
EP Loya Group LP,Other,Stable (within 5 points),0.1857,1.56,236.0
"Bond, Schoeneck & King PLLC",Other,Stable (within 5 points),0.435,-3.794,317.0
McAfee LLC,Other,Stable (within 5 points),0.4606,-2.781,400.0
"PBF Energy, Inc.",Other,Stable (within 5 points),0.5799,-0.2926,731.0
"IAT Insurance Group, Inc.",Finance & insurance,Stable (within 5 points),0.4834,-2.938,443.0
HealthSouth (UK) Plc,Other,Stable (within 5 points),0.5481,1.185,740.0
"FPI Management, Inc.",Other,Stable (within 5 points),0.4193,-3.626,646.0
"Powell Industries, Inc.",Other,Stable (within 5 points),0.5303,-0.8864,352.0
College of Lake County,Higher education,Stable (within 5 points),0.3183,-2.814,471.0
DDB Worldwide Communications Group LLC,Other,Stable (within 5 points),0.2125,-2.907,172.0
"IDC Research, Inc.",Other,Stable (within 5 points),0.3086,2.685,325.0
The Howard Hughes Corp.,Other,Stable (within 5 points),0.5204,-4.038,276.0
SOUTH WASHINGTON COUNTY SCHOOLS,Other,Stable (within 5 points),0.5237,-4.555,375.0
"Centerstone Insurance & Financial Services, Inc.",Finance & insurance,Stable (within 5 points),0.5168,-2.133,405.0
"Extreme Networks, Inc.",Other,Stable (within 5 points),0.476,-0.2901,526.0
"GreenSky, Inc.",Other,Stable (within 5 points),0.3411,1.349,290.0
Escambia County School District,State & local government,Stable (within 5 points),0.5625,-0.033,717.0
East Alabama Health Care Authority,Health care,Stable (within 5 points),0.5682,2.995,329.0
Cordis Corp.,Other,Stable (within 5 points),0.486,1.145,359.0
"Catholic Relief Services, Inc.",Other,Stable (within 5 points),0.2147,2.311,351.0
American Transmission Co. LLC,Other,Stable (within 5 points),0.6778,-1.036,329.0
Goddard Space Flight Center,Other,Stable (within 5 points),0.2703,-1.409,1102.0
BNI Global LLC,Other,Stable (within 5 points),0.5892,-3.027,359.0
Memphis City Schools Board of Education (Tennessee),Other,Stable (within 5 points),0.2026,-2.701,272.0
"Ringling School of Art & Design, Inc.",Other,Stable (within 5 points),0.3535,-2.028,383.0
Monument Health,Health care,Stable (within 5 points),0.7408,-0.06679,664.0
Ascension Borgess Hospital,Health care,Stable (within 5 points),0.4512,-1.662,260.0
Partners HealthCare Corp.,Health care,Stable (within 5 points),0.2106,-0.9365,672.0
University of Scranton,Higher education,Stable (within 5 points),0.3161,0.7338,618.0
Florida State College at Jacksonville,Higher education,Stable (within 5 points),0.4538,0.8601,779.0
"G-Estate Liquidation Stores, Inc.",Retail & hospitality,Stable (within 5 points),0.4366,1.194,149.0
"Two Farms, Inc.",Other,Stable (within 5 points),0.3745,-0.5492,271.0
Kane County Unit School District No. 131 (Illinois),State & local government,Stable (within 5 points),0.2671,-3.151,275.0
Oklahoma City Public Schools,State & local government,Stable (within 5 points),0.4383,-2.429,698.0
"Home Box Office, Inc.",Other,Stable (within 5 points),0.2038,-4.564,1000.0
"Gate Gourmet, Inc.",Other,Stable (within 5 points),0.2423,3.26,342.0
Lee & Associates Licensing & Administration Co. LLC,Other,Stable (within 5 points),0.624,-1.619,403.0
"TaskUs, Inc.",Other,Stable (within 5 points),0.2751,2.565,597.0
Cooper Tire & Rubber Co. LLC,Other,Stable (within 5 points),0.6924,0.9545,151.0
"ASM Global Parent, Inc.",Other,Stable (within 5 points),0.5092,0.8315,140.0
TxDOT,Other,Stable (within 5 points),0.5503,-0.5719,248.0
Boardwalk Pipeline Partners LP,Other,Stable (within 5 points),0.6348,4.016,340.0
Mindshare Ltd.,Other,Stable (within 5 points),0.2234,0.7557,627.0
University of Southern Maine,Higher education,Stable (within 5 points),0.2378,-1.212,535.0
"Ashland, Inc.",Other,Stable (within 5 points),0.5358,0.665,534.0
"Koch Foods, Inc.",Other,Stable (within 5 points),0.498,-1.407,298.0
University of Washington Tacoma,Higher education,Stable (within 5 points),0.176,-2.142,353.0
Noble Corp. (Cayman Islands),Other,Stable (within 5 points),0.6847,-0.2102,434.0
"South College of Tennessee, Inc.",Higher education,Stable (within 5 points),0.5392,-4.337,644.0
Mandarin Oriental Hotel Group Ltd.,Retail & hospitality,Stable (within 5 points),0.2849,-1.058,265.0
Pasco County Schools,Other,Stable (within 5 points),0.5601,-2.646,1361.0
"SuccessFactors, Inc.",Other,Stable (within 5 points),0.3398,-2.629,345.0
self-emplyed,Other,Stable (within 5 points),0.3955,3.076,1208.0
"Itron, Inc.",Other,Stable (within 5 points),0.4874,-3.078,836.0
Millennium Physician Group LLC,Other,Stable (within 5 points),0.6516,-0.2584,433.0
Parkway School District /MO/,State & local government,Stable (within 5 points),0.6612,-3.344,469.0
Otis College of Art & Design,Higher education,Stable (within 5 points),0.1886,-1.673,246.0
BNSF Logistics LLC,Other,Stable (within 5 points),0.6143,0.09521,172.0
Clovis Unified School District (California),State & local government,Stable (within 5 points),0.6081,-3.336,608.0
"Evergy Kansas Central, Inc.",Other,Stable (within 5 points),0.6807,-3.589,174.0
YMCA of Metropolitan Dallas,Other,Stable (within 5 points),0.4339,-3.841,193.0
Deloitte Digital US,Consulting & accounting,Stable (within 5 points),0.2562,2.874,721.0
Clark Equipment Co. (North Dakota),Other,Stable (within 5 points),0.6568,-3.637,768.0
Nyu Grossman School of Medicine,Higher education,Stable (within 5 points),0.1489,-1.855,494.0
"Walt Disney Television, Inc.",Other,Stable (within 5 points),0.2469,-0.9524,1006.0
Signature HealthCARE LLC,Health care,Stable (within 5 points),0.4899,-1.213,584.0
"Point32health Services, Inc.",Other,Stable (within 5 points),0.2054,-2.171,416.0
Kappa Sigma Fraternity,Other,Stable (within 5 points),0.5064,2.751,285.0
Corner Bakery Cafe,Other,Stable (within 5 points),0.309,-2.109,241.0
Chartwells Higher Education Dining Services,Other,Stable (within 5 points),0.3623,-0.9438,1250.0
Mercy University,Higher education,Stable (within 5 points),0.2546,-4.919,512.0
MIT Sloan School of Management,Other,Stable (within 5 points),0.1554,0.7315,496.0
"Soft Computer Consultants, Inc.",Other,Stable (within 5 points),0.5633,3.42,202.0
Houghton Mifflin Harcourt Co.,Other,Stable (within 5 points),0.3436,1.469,1159.0
Parker Aerospace Corp.,Other,Stable (within 5 points),0.5856,-4.326,788.0
Ysleta Independent School District (Texas),State & local government,Stable (within 5 points),0.1742,-4.025,600.0
Lewis University,Higher education,Stable (within 5 points),0.3144,1.038,456.0
Uhaul,Other,Stable (within 5 points),0.446,-0.9487,247.0
Ashland University,Higher education,Stable (within 5 points),0.4544,3.66,234.0
Bronxcare Health System,Health care,Stable (within 5 points),0.1324,-4.553,461.0
"Young Adult Institute, Inc.",Other,Stable (within 5 points),0.1369,-3.705,442.0
InnovAge Holding Corp.,Other,Stable (within 5 points),0.3182,4.236,431.0
Touro Infirmary,Other,Stable (within 5 points),0.3584,-3.17,285.0
Medical Mutual of Ohio,Health care,Stable (within 5 points),0.4252,-2.644,1140.0
Florida Department of Health,Military & federal,Stable (within 5 points),0.3727,-0.7022,904.0
"Hospital Sisters Health System, Inc.",Health care,Stable (within 5 points),0.6141,0.5817,383.0
Bentonville Public Schools Foundation,State & local government,Stable (within 5 points),0.6625,-2.563,366.0
Chesapeake Energy Corp.,Other,Stable (within 5 points),0.719,2.984,438.0
Fox Television Stations LLC,Other,Stable (within 5 points),0.3473,1.39,410.0
"Arup Laboratories, Inc.",Other,Stable (within 5 points),0.5506,-3.426,932.0
"BlueLinx Holdings, Inc.",Other,Stable (within 5 points),0.6434,-2.845,421.0
Fairfield-Suisun Unified School District (California),State & local government,Stable (within 5 points),0.2926,1.887,300.0
California State Board of Equalization,Other,Stable (within 5 points),0.3051,-2.672,185.0
"Security Industry Specialists, Inc.",Other,Stable (within 5 points),0.3405,-1.304,492.0
New York Yankees Partnership,Other,Stable (within 5 points),0.4115,-3.853,326.0
Fry's Food and Drug,Other,Stable (within 5 points),0.4999,-0.4225,876.0
"First Transit, Inc.",Other,Stable (within 5 points),0.3482,-2.093,559.0
McCain Foods Ltd.,Other,Stable (within 5 points),0.5063,-2.824,409.0
United States Army Fort Bragg,Military & federal,Stable (within 5 points),0.5313,-2.417,186.0
County of Boulder (Colorado),State & local government,Stable (within 5 points),0.2217,-3.937,497.0
Five Guys Burgers & Fries /US/,Other,Stable (within 5 points),0.3506,4.904,242.0
Bayerische Motoren Werke AG,Other,Stable (within 5 points),0.5023,-3.098,801.0
Jefferson Health Corp.,Health care,Stable (within 5 points),0.2723,-2.26,999.0
Picto 29,Other,Stable (within 5 points),0.3003,-0.6765,207.0
Milwaukee Brewers Baseball Club LP,Other,Stable (within 5 points),0.5926,-4.935,381.0
"Greystone & Co., Inc.",Other,Stable (within 5 points),0.468,-3.259,425.0
Sierra Space Corp.,Other,Stable (within 5 points),0.4123,2.924,916.0
Freedom Financial Network LLC,Finance & insurance,Stable (within 5 points),0.4235,-1.304,189.0
Sweetwater Sound LLC,Other,Stable (within 5 points),0.4999,-0.2876,861.0
"Gallup, Inc.",Other,Stable (within 5 points),0.428,-2.053,559.0
J.D. Power,Other,Stable (within 5 points),0.4046,3.207,360.0
Gemalto /Private Equity/,Other,Stable (within 5 points),0.3909,1.367,246.0
Vinson & Elkins LLP,Other,Stable (within 5 points),0.4275,-1.593,686.0
"Times Publishing Co., Inc.",Other,Stable (within 5 points),0.3833,3.368,159.0
St. Cloud Hospital,Health care,Stable (within 5 points),0.7118,0.05521,281.0
St. Elizabeth Healthcare,Health care,Stable (within 5 points),0.6456,-1.965,1324.0
Colgate-Palmolive Co.,Other,Stable (within 5 points),0.351,-0.06525,1173.0
"Viavi Solutions, Inc.",Other,Stable (within 5 points),0.4483,-1.913,625.0
"Secureworks, Inc.",Other,Stable (within 5 points),0.4714,-1.174,367.0
The College Board,Higher education,Stable (within 5 points),0.2666,-0.1781,1327.0
Ohio Northern University,Higher education,Stable (within 5 points),0.464,4.152,180.0
Ticketmaster Entertainment LLC,Other,Stable (within 5 points),0.2946,-4.737,739.0
Bucks County Community College,Higher education,Stable (within 5 points),0.4242,0.2379,355.0
"eShares, Inc.",Other,Stable (within 5 points),0.2344,4.329,577.0
"Aviall, Inc.",Other,Stable (within 5 points),0.5943,-0.04483,140.0
Robert Morris University,Higher education,Stable (within 5 points),0.4159,3.722,467.0
ACES 2020 LLC,Other,Stable (within 5 points),0.2031,-1.515,719.0
UCSF Benioff Children's Hospital Oakland,Health care,Stable (within 5 points),0.1411,-0.05676,826.0
Zions Bancorporation,Other,Stable (within 5 points),0.6221,-4.118,1319.0
Palos Community Hospital,Health care,Stable (within 5 points),0.4459,-0.3442,248.0
Gestamp Automoción SA,Other,Stable (within 5 points),0.5248,-3.898,326.0
Egencia LLC,Other,Stable (within 5 points),0.3169,0.1536,229.0
Physicians Mutual Insurance Co.,Finance & insurance,Stable (within 5 points),0.592,-1.889,449.0
International Baccalaureate Organization,Other,Stable (within 5 points),0.29,-2.188,241.0
Landcare USA LLC,Other,Stable (within 5 points),0.563,-3.846,314.0
Harris RF Communications,Other,Stable (within 5 points),0.5928,4.364,190.0
Rheem Manufacturing Co.,Other,Stable (within 5 points),0.6021,-3.574,743.0
Nationwide Insurance Company,Finance & insurance,Stable (within 5 points),0.4844,2.885,267.0
UK HealthCare,Health care,Stable (within 5 points),0.4255,-2.343,1359.0
Fayetteville State University,Higher education,Stable (within 5 points),0.1811,-0.3412,550.0
National Ms Society,Other,Stable (within 5 points),0.3449,-2.513,603.0
"Travel + Leisure Resort Development, Inc.",Other,Stable (within 5 points),0.4322,-4.358,572.0
"Norcal Gold, Inc.",Other,Stable (within 5 points),0.5834,-1.034,306.0
College of the Holy Cross (Massachusetts),Higher education,Stable (within 5 points),0.2514,-4.251,794.0
Oklahoma City University,Higher education,Stable (within 5 points),0.4678,1.699,287.0
New York City Department of Correction,Military & federal,Stable (within 5 points),0.2429,-0.4874,386.0
Oshkosh Corp.,Other,Stable (within 5 points),0.6812,-3.438,786.0
"Reliant Medical Group, Inc.",Health care,Stable (within 5 points),0.2864,-3.416,490.0
Troutman Pepper LLP,Other,Stable (within 5 points),0.3167,4.527,844.0
Washington State Employment Security Department,Other,Stable (within 5 points),0.3034,-2.832,394.0
Johns Hopkins Bloomberg School of Public Health,Health care,Stable (within 5 points),0.1694,-1.164,1108.0
OSIsoft LLC,Other,Stable (within 5 points),0.3473,-3.145,85.0
"Compassionate Care Hospice Group, Inc.",Other,Stable (within 5 points),0.4606,2.587,181.0
Family Health International,Health care,Stable (within 5 points),0.1415,1.173,642.0
Folsom Cordova Unified School District (California),State & local government,Stable (within 5 points),0.3679,-4.783,346.0
PacificSource Health Plans,Health care,Stable (within 5 points),0.3785,-2.044,582.0
Tom Thumb,Other,Stable (within 5 points),0.4843,-4.879,208.0
"Agile Sports Technologies, Inc.",Other,Stable (within 5 points),0.4978,1.128,503.0
"GTB Co., Ltd.",Other,Stable (within 5 points),0.3442,-0.986,203.0
American Neighborhood Mortgage Acceptance Co. LLC,Other,Stable (within 5 points),0.5403,0.03121,259.0
LMI Consulting LLC,Other,Stable (within 5 points),0.4131,-1.319,1002.0
"Amplify Education, Inc.",Other,Stable (within 5 points),0.2298,2.895,1105.0
Alverno College,Higher education,Stable (within 5 points),0.4066,-4.785,276.0
"Year Up, Inc.",Other,Stable (within 5 points),0.1294,1.339,1012.0
American AgCredit Corp.,Other,Stable (within 5 points),0.5244,0.9489,403.0
Digitas Health Lifebrands,Health care,Stable (within 5 points),0.2653,-3.813,494.0
"COPE Healthcare Consulting, Inc.",Health care,Stable (within 5 points),0.2182,2.137,254.0
"The New Teacher Project, Inc.",Other,Stable (within 5 points),0.1923,-2.729,354.0
St. Joseph Medical Center (Texas),Health care,Stable (within 5 points),0.45,-4.804,239.0
"Acadian Ambulance Service, Inc.",Other,Stable (within 5 points),0.6197,-4.058,527.0
Colorado School of Mines,Other,Stable (within 5 points),0.342,0.6007,1278.0
ICW Group,Other,Stable (within 5 points),0.4323,-1.193,466.0
Francesca's Holdings Corp.,Other,Stable (within 5 points),0.3322,-0.7108,781.0
"CommuniCare Health Services, Inc.",Health care,Stable (within 5 points),0.4443,-2.362,610.0
99 Cents Only Stores LLC,Retail & hospitality,Stable (within 5 points),0.2812,-0.1555,394.0
"Eastbay, Inc.",Other,Stable (within 5 points),0.5407,-3.777,143.0
"The Institute of Electrical & Electronics Engineers, Inc.",Other,Stable (within 5 points),0.3461,1.861,692.0
Berkshire Hathaway Homestate Insurance Co.,Finance & insurance,Stable (within 5 points),0.3938,0.4027,467.0
Carolina One Real Estate,Other,Stable (within 5 points),0.7076,-3.461,558.0
"RaceTrac, Inc.",Other,Stable (within 5 points),0.3639,-2.482,774.0
"Tween Brands, Inc.",Other,Stable (within 5 points),0.3374,-1.176,388.0
United Brotherhood of Carpenters & Joiners of America,Other,Stable (within 5 points),0.4256,-0.7791,533.0
Swiss Re AG,Other,Stable (within 5 points),0.4765,-3.757,936.0
"FanSided, Inc.",Other,Stable (within 5 points),0.3582,-1.912,270.0
Private (96264874),Other,Stable (within 5 points),0.2906,2.963,394.0
US Foundation for Inspiration & Recognition of Science & Tech,Other,Stable (within 5 points),0.3053,4.271,206.0
Ring Power Corp.,Other,Stable (within 5 points),0.7612,-1.263,337.0
"Ascend Performance Materials, Inc.",Other,Stable (within 5 points),0.6564,-1.194,578.0
"S&ME, Inc.",Other,Stable (within 5 points),0.5959,-4.366,408.0
Toshiba International Corp.,Other,Stable (within 5 points),0.5114,-4.201,222.0
Guaranteed Rate Affinity LLC,Other,Stable (within 5 points),0.528,1.872,396.0
"Aji of Riverside, Inc.",Other,Stable (within 5 points),0.5424,-0.891,296.0
Dunham's Athleisure Corp.,Other,Stable (within 5 points),0.5161,0.1572,359.0
BancFirst Corp. (Oklahoma),Other,Stable (within 5 points),0.7171,-0.4312,356.0
"NPC International, Inc. /Old/",Other,Stable (within 5 points),0.5643,2.416,117.0
Galls LLC,Other,Stable (within 5 points),0.5059,-0.3434,242.0
The Cato Corp.,Other,Stable (within 5 points),0.4321,-3.055,499.0
Camc ApS,Other,Stable (within 5 points),0.5285,4.697,230.0
"Deutsch, Inc.",Other,Stable (within 5 points),0.1951,-0.7103,157.0
"Round Table Pizza, Inc.",Other,Stable (within 5 points),0.3341,-3.44,265.0
Washington Suburban Sanitary Commission (Maryland),Other,Stable (within 5 points),0.2652,-2.948,319.0
"Yogurtland Franchising, Inc.",Other,Stable (within 5 points),0.3004,1.633,120.0
UST Global Inc.,Other,Stable (within 5 points),0.3662,-4.842,491.0
Volkswagen AG,Other,Stable (within 5 points),0.5093,-4.276,372.0
Pajaro Valley Unified School District (California),State & local government,Stable (within 5 points),0.1555,0.2828,221.0
"Henkels & McCoy, Inc.",Other,Stable (within 5 points),0.5408,-4.956,383.0
"Associated Food Stores, Inc.",Retail & hospitality,Stable (within 5 points),0.713,-2.261,222.0
"B. Braun Medical, Inc.",Health care,Stable (within 5 points),0.5044,-0.6391,856.0
"Boar's Head Provisions Co., Inc.",Other,Stable (within 5 points),0.5383,-0.2098,473.0
"Compucom Systems, Inc.",Other,Stable (within 5 points),0.4914,-3.861,1294.0
Red Intermediate Co. LLC,Other,Stable (within 5 points),0.3022,3.431,248.0
Akron General Medical Center,Health care,Stable (within 5 points),0.4749,-4.434,889.0
Onondaga Community College,Higher education,Stable (within 5 points),0.3318,-2.752,319.0
"Inspirato, Inc.",Other,Stable (within 5 points),0.2754,-2.815,324.0
"Kelly-Moore Paint Co., Inc.",Other,Stable (within 5 points),0.4576,-2.919,119.0
Federal Energy Regulatory Commission,Military & federal,Stable (within 5 points),0.2383,-4.538,564.0
"National Public Radio, Inc.",Other,Stable (within 5 points),0.1419,-0.7336,624.0
"Artist Company Co., Ltd",Other,Stable (within 5 points),0.2575,-1.025,266.0
"Ben & Jerry's Homemade, Inc.",Other,Stable (within 5 points),0.2122,-3.471,270.0
"Camba, Inc.",Other,Stable (within 5 points),0.07099,2.414,282.0
"Arbor Realty Trust, Inc.",Other,Stable (within 5 points),0.4763,-2.842,333.0
"SCL Health-Front Range, Inc.",Health care,Stable (within 5 points),0.4022,4.743,178.0
MercyOne Hospital,Health care,Stable (within 5 points),0.462,-3.887,1214.0
Arkansas State University,Higher education,Stable (within 5 points),0.5249,2.514,649.0
Dental Office,Other,Stable (within 5 points),0.4365,-2.238,383.0
Seneca Family of Agencies,Other,Stable (within 5 points),0.1381,-3.426,483.0
Michael Saunders & Co.,Other,Stable (within 5 points),0.6857,-2.561,383.0
Fox Sports Ltd.,Other,Stable (within 5 points),0.3615,-0.0785,835.0
YMCA of San Francisco,Other,Stable (within 5 points),0.1117,1.729,190.0
"Cold Spring Harbor Laboratory, Inc.",Other,Stable (within 5 points),0.2702,-0.3133,287.0
CH2M HILL CORP,Other,Stable (within 5 points),0.5111,1.48,1101.0
"Food Services of America, Inc.",Other,Stable (within 5 points),0.5632,-1.172,152.0
"Extreme Reach, Inc.",Other,Stable (within 5 points),0.2989,-3.009,263.0
"Reynolds Consumer Products, Inc.",Other,Stable (within 5 points),0.5213,-4.828,629.0
Arizona Department of Health Services,Military & federal,Stable (within 5 points),0.3837,-4.4,436.0
Private Family,Other,Stable (within 5 points),0.3319,-1.803,530.0
TDS Telecommunications LLC,Other,Stable (within 5 points),0.5694,-1.894,831.0
University of Nebraska,Higher education,Stable (within 5 points),0.4383,-2.573,369.0
Teacher,Other,Stable (within 5 points),0.4976,1.863,414.0
"USA Truck, Inc.",Other,Stable (within 5 points),0.6763,-4.372,182.0
Century 21 Department Stores LLC,Retail & hospitality,Stable (within 5 points),0.2021,1.518,156.0
Sempra,Other,Stable (within 5 points),0.4464,-0.6044,510.0
Pressley Ridge Foundation,Other,Stable (within 5 points),0.3914,-0.4167,217.0
Tableau Software LLC,Other,Stable (within 5 points),0.2239,0.5923,836.0
Belmont University,Higher education,Stable (within 5 points),0.4509,4.084,933.0
Envision Physician Services LLC,Other,Stable (within 5 points),0.4517,-2.578,749.0
"AngioDynamics, Inc.",Other,Stable (within 5 points),0.5426,2.001,254.0
Various Co. Ltd.,Other,Stable (within 5 points),0.357,-2.187,391.0
Robert H. Smith School of Business,Other,Stable (within 5 points),0.214,-1.103,252.0
"McCormick & Co., Inc.",Other,Stable (within 5 points),0.4467,-3.687,1264.0
Mission Support & Test Services LLC,Other,Stable (within 5 points),0.5797,-3.784,645.0
BlueLine Rental LLC,Other,Stable (within 5 points),0.7447,0.3211,102.0
Symetra Life Insurance Co.,Finance & insurance,Stable (within 5 points),0.3167,-3.667,1019.0
Weekley Homes LLC,Other,Stable (within 5 points),0.6544,-3.782,795.0
Savannah River Remediation LLC,Other,Stable (within 5 points),0.6996,-2.007,177.0
"United Methodist Church, Inc",Other,Stable (within 5 points),0.4681,0.9724,432.0
"Cable One, Inc.",Other,Stable (within 5 points),0.6327,1.115,768.0
Bose Corp.,Other,Stable (within 5 points),0.3418,-4.352,1019.0
"Babies ""R"" US Superstore",Other,Stable (within 5 points),0.3435,3.892,255.0
Sarasota County School Board,Other,Stable (within 5 points),0.5318,0.9716,712.0
"Accredo Health Group, Inc.",Health care,Stable (within 5 points),0.4287,4.87,1280.0
Animal & Plant Health Inspection Service (Maryland),Health care,Stable (within 5 points),0.3927,-4.99,1108.0
Babysitter,Other,Stable (within 5 points),0.3965,4.447,154.0
"SunTrust Mortgage, Inc.",Other,Stable (within 5 points),0.4792,-1.204,286.0
Marmaxx Operating Corp.,Other,Stable (within 5 points),0.277,-0.1477,192.0
State of Montana,State & local government,Stable (within 5 points),0.6193,-2.988,229.0
Maricopa County School District No. 97 (Arizona),State & local government,Stable (within 5 points),0.595,-0.1943,476.0
Viking Cruises Ltd.,Other,Stable (within 5 points),0.3526,-0.9936,457.0
AllianceBernstein LP,Other,Stable (within 5 points),0.3974,-1.166,1309.0
Coldwell Banker King Thompson,Other,Stable (within 5 points),0.5732,-1.423,206.0
"LifeBridge Health, Inc.",Health care,Stable (within 5 points),0.2783,-2.684,1239.0
BDO LLP,Other,Stable (within 5 points),0.3837,2.653,769.0
American Girl LLC,Other,Stable (within 5 points),0.3465,-4.157,251.0
"Vitamin Shoppe, Inc.",Other,Stable (within 5 points),0.3951,0.08959,905.0
Gates Foundation (United States),Other,Stable (within 5 points),0.1323,1.652,478.0
Orkin LLC,Other,Stable (within 5 points),0.5976,-4.181,1296.0
Driscoll Children's Hospital,Health care,Stable (within 5 points),0.4604,0.1591,559.0
Retro Fitness LLC,Other,Stable (within 5 points),0.447,4.722,232.0
"ACTS Retirement-Life Communities, Inc.",Other,Stable (within 5 points),0.4453,0.1838,498.0
"Ahern Rentals, Inc.",Other,Stable (within 5 points),0.676,-0.1395,177.0
Pinch a Penny LLC,Other,Stable (within 5 points),0.5704,4.797,233.0
"Mizuho Financial Group, Inc.",Finance & insurance,Stable (within 5 points),0.3504,0.3722,1146.0
Kloeckner Metals Corp.,Other,Stable (within 5 points),0.6706,-0.7546,316.0
Columbus Zoo & Aquarium,Other,Stable (within 5 points),0.3708,-0.08951,266.0
Dominion Enterprises,Other,Stable (within 5 points),0.453,-2.313,201.0
The Variable Annuity Life Insurance Co.,Finance & insurance,Stable (within 5 points),0.5533,3.239,365.0
"Alteryx, Inc.",Other,Stable (within 5 points),0.3647,4.025,679.0
Image AI,Other,Stable (within 5 points),0.3368,-2.882,250.0
"eHealth, Inc.",Other,Stable (within 5 points),0.4459,-0.7751,531.0
First Data Corp.,Other,Stable (within 5 points),0.5006,-0.3693,1175.0
Sabre Corp.,Other,Stable (within 5 points),0.5432,-0.9411,946.0
Ohio Department of Health,Military & federal,Stable (within 5 points),0.3743,-3.161,406.0
Midwest Division-OPRMC LLC,Other,Stable (within 5 points),0.5255,-1.016,273.0
"Acuity, Inc.",Other,Stable (within 5 points),0.5005,-2.386,736.0
"Drury Inns, Inc.",Other,Stable (within 5 points),0.4828,-4.068,731.0
"Check Into Cash, Inc.",Other,Stable (within 5 points),0.4278,-3.976,151.0
"Spectrum Brands Holdings, Inc.",Other,Stable (within 5 points),0.5241,2.237,796.0
Thompson School District R-2J (Colorado),State & local government,Stable (within 5 points),0.4644,-3.721,393.0
NGL Energy Partners LP,Other,Stable (within 5 points),0.6321,-4.206,204.0
SCANA Corp.,Other,Stable (within 5 points),0.6048,0.6038,362.0
"Altec Industries, Inc.",Other,Stable (within 5 points),0.6053,-4.443,997.0
"NS Wind Down Co., Inc.",Other,Stable (within 5 points),0.1757,3.403,120.0
Denver International Airport,Other,Stable (within 5 points),0.3916,-2.796,383.0
Texas Mutual Insurance Co.,Finance & insurance,Stable (within 5 points),0.4276,-3.426,471.0
RHA Health Services LLC,Health care,Stable (within 5 points),0.341,1.029,474.0
"The Lash Group, Inc.",Other,Stable (within 5 points),0.3046,2.842,343.0
"Kia America, Inc.",Other,Stable (within 5 points),0.4542,-4.718,495.0
CUNA Mutual Group,Finance & insurance,Stable (within 5 points),0.5416,-2.455,531.0
AspenTech Corp.,Other,Stable (within 5 points),0.3879,3.783,582.0
King & Spalding LLP,Other,Stable (within 5 points),0.3548,-4.848,925.0
Rowan College,Higher education,Stable (within 5 points),0.3039,-4.883,273.0
"Jetro RD, Inc.",Other,Stable (within 5 points),0.3375,-3.114,531.0
SMC Corp. (Japan),Other,Stable (within 5 points),0.6267,-4.926,490.0
Cleary Gottlieb Steen & Hamilton LLP,Other,Stable (within 5 points),0.1787,-2.008,638.0
Verizon Wireless World,Other,Stable (within 5 points),0.3396,-0.8995,243.0
"Wood, Smith, Henning & Berman LLP",Other,Stable (within 5 points),0.3066,2.41,364.0
"Darling Ingredients, Inc.",Other,Stable (within 5 points),0.6313,-4.661,430.0
"Patterson-UTI Energy, Inc.",Other,Stable (within 5 points),0.6934,-1.595,435.0
"TD Securities, Inc.",Other,Stable (within 5 points),0.3931,-2.57,655.0
White Castle Management Co.,Other,Stable (within 5 points),0.2751,-2.36,418.0
"Urban Outfitters, Inc.",Other,Stable (within 5 points),0.1734,-3.454,1340.0
"Morton Salt, Inc.",Other,Stable (within 5 points),0.4773,-2.851,257.0
Heartland Alliance for Human Needs & Human Rights,Other,Stable (within 5 points),0.07587,-1.613,229.0
"MiMedx Group, Inc.",Other,Stable (within 5 points),0.5834,-4.529,334.0
Maryland Department of Health & Mental Hygiene,Military & federal,Stable (within 5 points),0.2187,1.588,672.0
"IES Holdings, Inc.",Other,Stable (within 5 points),0.586,-1.106,199.0
"Rotary International, Inc.",Other,Stable (within 5 points),0.322,-4.657,664.0
County of El Dorado (California),State & local government,Stable (within 5 points),0.564,-4.832,342.0
Prince George's Community College,Higher education,Stable (within 5 points),0.1459,-1.112,333.0
Perkins Eastman Architects D.P.C,Other,Stable (within 5 points),0.1679,1.36,288.0
"Equity LifeStyle Properties, Inc.",Other,Stable (within 5 points),0.4442,-1.106,432.0
"MedAssets, Inc.",Other,Stable (within 5 points),0.5408,4.236,109.0
BSA Health System Holdings LLC,Health care,Stable (within 5 points),0.699,0.2085,248.0
US Reclamation Bureau,Other,Stable (within 5 points),0.5227,-2.914,1325.0
Blank Rome LLP,Other,Stable (within 5 points),0.312,-2.419,663.0
Century 21 Judge Fite Co.,Other,Stable (within 5 points),0.6401,-1.248,311.0
"Worldwide Flight Services, Inc.",Other,Stable (within 5 points),0.341,0.3393,623.0
Pyramid Advisors LP,Other,Stable (within 5 points),0.4165,-3.464,369.0
Millard Public Schools,State & local government,Stable (within 5 points),0.5191,-3.49,458.0
Angels of Care Pediatric Home Health Colorado LLC,Health care,Stable (within 5 points),0.4936,-1.99,419.0
Community College of Rhode Island,Higher education,Stable (within 5 points),0.259,0.6639,428.0
University of South Alabama,Higher education,Stable (within 5 points),0.5476,-0.7858,1191.0
"First Weber Group, Inc.",Other,Stable (within 5 points),0.6619,-3.352,469.0
MetroWest Medical Center,Health care,Stable (within 5 points),0.1777,-0.4732,204.0
"Metroplus Health Plan, Inc.",Health care,Stable (within 5 points),0.1784,0.07538,331.0
Archdiocese of Chicago,Other,Stable (within 5 points),0.2853,-1.812,472.0
"Oliver Wyman, Inc.",Other,Stable (within 5 points),0.2666,-0.1854,1086.0
City of Glendale (California),State & local government,Stable (within 5 points),0.3925,1.277,261.0
Firebirds International LLC,Other,Stable (within 5 points),0.4124,-0.8515,397.0
Hitachi Energy AG,Other,Stable (within 5 points),0.5253,2.365,1046.0
Ohio Auditor of State,Other,Stable (within 5 points),0.5754,-3.777,261.0
"Communications Media, Inc.",Other,Stable (within 5 points),0.2843,-0.7399,561.0
The Field Museum of Natural History,Other,Stable (within 5 points),0.09938,-0.3787,287.0
St. Edward's University,Higher education,Stable (within 5 points),0.2103,-4.784,554.0
Westlake Corp.,Other,Stable (within 5 points),0.6735,-4.949,1137.0
City of Berkeley (California),State & local government,Stable (within 5 points),0.1175,-2.614,302.0
TechnipFMC plc,Other,Stable (within 5 points),0.5796,-0.2864,1078.0
Children's Hospital (Louisiana),Health care,Stable (within 5 points),0.4862,-2.836,416.0
Berea College,Higher education,Stable (within 5 points),0.2868,2.057,154.0
Wright State University (Ohio),Higher education,Stable (within 5 points),0.4549,1.614,1021.0
College of The Sequoias,Higher education,Stable (within 5 points),0.5171,2.051,291.0
Crown Lift Trucks Ltd.,Other,Stable (within 5 points),0.6794,-3.525,629.0
Nordson Corp.,Other,Stable (within 5 points),0.5397,-0.9415,382.0
"Susquehanna Bank (Lititz, Pennsylvania)",Finance & insurance,Stable (within 5 points),0.6055,-2.878,101.0
"Proofpoint, Inc.",Other,Stable (within 5 points),0.4075,0.3846,1277.0
LANXESS AG,Other,Stable (within 5 points),0.5462,-4.355,481.0
University of Northern Iowa,Higher education,Stable (within 5 points),0.3204,-3.277,991.0
DynCorp International LLC,Other,Stable (within 5 points),0.589,1.242,771.0
Ciber Global LLC,Other,Stable (within 5 points),0.4616,-4.749,201.0
"Vista Outdoor, Inc.",Other,Stable (within 5 points),0.6961,-0.8839,292.0
"Rollins, Inc.",Other,Stable (within 5 points),0.4851,-0.517,310.0
Nicely SAS,Other,Stable (within 5 points),0.3694,0.8882,210.0
NBC Telemundo LLC,Other,Stable (within 5 points),0.2716,0.8409,529.0
Hudson Group,Other,Stable (within 5 points),0.2586,-0.8699,399.0
"PACCAR, Inc.",Other,Stable (within 5 points),0.4006,-0.9618,971.0
"Federated Hermes, Inc.",Other,Stable (within 5 points),0.5542,0.1678,749.0
Eskenazi Health,Health care,Stable (within 5 points),0.4041,-2.361,1244.0
"Trustwave Holdings, Inc.",Other,Stable (within 5 points),0.4019,4.184,170.0
"Teradyne, Inc.",Other,Stable (within 5 points),0.3806,-2.93,720.0
"Ingredion, Inc.",Other,Stable (within 5 points),0.4553,-4.696,816.0
"PRA Group, Inc.",Other,Stable (within 5 points),0.3447,-4.557,402.0
Kyrene School District,State & local government,Stable (within 5 points),0.4132,-4.338,269.0
St. Vincent Medical Center,Health care,Stable (within 5 points),0.3851,-3.997,170.0
Fellowship of Christian Athletes,Other,Stable (within 5 points),0.6915,1.463,703.0
A. O. Smith Corp.,Other,Stable (within 5 points),0.6726,-4.035,658.0
County of Pima (Arizona),State & local government,Stable (within 5 points),0.3717,-1.398,971.0
The Henry M. Jackson Foundation,Other,Stable (within 5 points),0.2392,-1.98,743.0
"Seasons Hospice, Inc.",Other,Stable (within 5 points),0.3614,-2.032,323.0
Elkhart Community Schools (Indiana),Other,Stable (within 5 points),0.5445,-4.297,304.0
"ABC News, Inc.",Other,Stable (within 5 points),0.2055,-2.598,963.0
Silgan Containers LLC,Other,Stable (within 5 points),0.6547,0.4886,328.0
"Fruit of the Loom, Inc.",Other,Stable (within 5 points),0.5531,-1.87,289.0
Our Lady of the Lake University,Higher education,Stable (within 5 points),0.2589,-0.1815,264.0
"Rimini Street, Inc.",Other,Stable (within 5 points),0.4445,2.271,312.0
Victaulic Co.,Other,Stable (within 5 points),0.6645,-4.699,798.0
University of Toronto,Higher education,Stable (within 5 points),0.221,-2.964,396.0
Washington Nationals Baseball Club LLC,Other,Stable (within 5 points),0.3725,-4.15,251.0
University of Indianapolis,Higher education,Stable (within 5 points),0.4865,-3.533,628.0
SAC Wireless LLC,Other,Stable (within 5 points),0.4136,-3.973,152.0
"Honda R&D Americas, Inc.",Other,Stable (within 5 points),0.5337,-0.9316,646.0
The New York State Psychiatric Institute,Other,Stable (within 5 points),0.3884,-2.967,490.0
The Disney Store LLC,Other,Stable (within 5 points),0.3364,3.746,224.0
"5LINX Enterprises, Inc.",Other,Stable (within 5 points),0.1834,-1.705,792.0
"Adtalem Global Education, Inc.",Other,Stable (within 5 points),0.2999,-2.04,634.0
Delhaize America LLC,Other,Stable (within 5 points),0.501,-1.604,143.0
Jersey Shore University Medical Center,Higher education,Stable (within 5 points),0.477,-1.416,471.0
Central Connecticut State University,Higher education,Stable (within 5 points),0.2559,-3.695,702.0
BakerRipley,Other,Stable (within 5 points),0.2117,-3.162,310.0
Private Practice In Psychotherapy & Counseling,Other,Stable (within 5 points),0.2599,-2.909,676.0
"Datto, Inc.",Other,Stable (within 5 points),0.3609,0.1293,296.0
"ACME Markets, Inc.",Other,Stable (within 5 points),0.3862,0.3405,738.0
Linde GmbH,Other,Stable (within 5 points),0.6208,-4.833,286.0
Kitchell Corp.,Other,Stable (within 5 points),0.6055,-3.844,318.0
Kentucky Farm Bureau Mutual Insurance Co.,Finance & insurance,Stable (within 5 points),0.5771,2.581,355.0
"Eagle Home Mortgage of California, Inc.",Other,Stable (within 5 points),0.5464,2.788,695.0
Spectrum Sunshine State LLC,Other,Stable (within 5 points),0.4941,1.132,310.0
William Morris Endeavor Entertainment LLC,Other,Stable (within 5 points),0.216,-2.523,735.0
Covenant Health System,Health care,Stable (within 5 points),0.653,-1.038,662.0
Akebono Brake Corp.,Other,Stable (within 5 points),0.555,-3.072,200.0
VXI Global Solutions LLC,Other,Stable (within 5 points),0.2512,-0.2333,407.0
PlainsCapital Bank,Finance & insurance,Stable (within 5 points),0.588,-4.733,333.0
Sparks Marketing Corp.,Other,Stable (within 5 points),0.3265,-4.195,418.0
The Integer Group LLC,Other,Stable (within 5 points),0.3269,2.475,57.0
"World Vision, Inc.",Other,Stable (within 5 points),0.3884,0.5728,616.0
New York State Department of Taxation & Finance,Military & federal,Stable (within 5 points),0.3456,-1.576,491.0
Tarrant County College District,Higher education,Stable (within 5 points),0.438,-1.958,1200.0
Naval Postgraduate School,Other,Stable (within 5 points),0.3862,-1.832,461.0
Horseshoe Casino,Other,Stable (within 5 points),0.2913,-4.503,300.0
Philadelphia District Attorney's Office,Other,Stable (within 5 points),0.2437,-1.975,386.0
Bancroft Neurohealth,Other,Stable (within 5 points),0.2335,0.9028,442.0
Hendrick Health System,Health care,Stable (within 5 points),0.8232,3.333,516.0
College Works Painting,Higher education,Stable (within 5 points),0.3662,2.844,128.0
Creative Artists Agency LLC,Other,Stable (within 5 points),0.2196,4.95,1300.0
Remington Arms Co. LLC,Other,Stable (within 5 points),0.6896,-4.262,162.0
Wayne County Community College (Michigan),Higher education,Stable (within 5 points),0.1852,-4.04,265.0
Help At Home LLC (Illinois),Other,Stable (within 5 points),0.2798,-3.808,835.0
MedImmune LLC,Other,Stable (within 5 points),0.3284,4.547,159.0
University of Massachusetts Boston,Higher education,Stable (within 5 points),0.1248,-0.4897,1101.0
Post University,Higher education,Stable (within 5 points),0.3501,4.105,570.0
"Maurices, Inc.",Other,Stable (within 5 points),0.4472,-4.107,1058.0
St. Petersburg College,Higher education,Stable (within 5 points),0.4358,0.5335,663.0
County of Douglas (Wisconsin),State & local government,Stable (within 5 points),0.5905,2.927,349.0
Golden Corral Corp.,Other,Stable (within 5 points),0.4057,-3.119,460.0
PRIVATE HOME S.R.L.,Other,Stable (within 5 points),0.334,-0.5937,350.0
County of San Luis Obispo (California),State & local government,Stable (within 5 points),0.3721,-4.857,567.0
Las Cruces Public Schools,State & local government,Stable (within 5 points),0.3577,-3.914,378.0
VistaPrint Ltd.,Other,Stable (within 5 points),0.1956,2.739,293.0
"California Closets Co., Inc.",Other,Stable (within 5 points),0.4146,-0.8794,626.0
Marathon Oil Corp.,Other,Stable (within 5 points),0.6173,-1.987,601.0
Elara Caring,Other,Stable (within 5 points),0.4521,4.55,827.0
"Securitas Critical Infrastructure Services, Inc.",Other,Stable (within 5 points),0.5559,-0.5308,222.0
ADI Global Distribution,Other,Stable (within 5 points),0.5776,-1.006,363.0
University of the District of Columbia,Higher education,Stable (within 5 points),0.1076,-1.981,301.0
Danbury Hospital,Health care,Stable (within 5 points),0.3601,-2.393,268.0
Scripps Institution of Oceanography,Other,Stable (within 5 points),0.1965,-2.491,489.0
Smiths Detection Group Ltd.,Other,Stable (within 5 points),0.4821,-0.8058,253.0
Davis Wright Tremaine LLP,Other,Stable (within 5 points),0.1839,-1.083,778.0
Los Angeles Superior Court,Other,Stable (within 5 points),0.2484,-2.428,605.0
Harper College,Higher education,Stable (within 5 points),0.2514,-2.562,520.0
Tarleton State University,Higher education,Stable (within 5 points),0.5546,0.195,289.0
Baptist Health Louisville,Health care,Stable (within 5 points),0.4954,-3.34,450.0
"TripAdvisor, Inc.",Other,Stable (within 5 points),0.1971,0.9702,509.0
Galliano Marine Service LLC,Other,Stable (within 5 points),0.6963,1.436,365.0
University of the Arts,Higher education,Stable (within 5 points),0.1632,-2.565,161.0
Presence Health,Health care,Stable (within 5 points),0.3148,-0.3969,491.0
"Clipper Magazine, Inc.",Other,Stable (within 5 points),0.573,3.335,267.0
Westchester Community College,Higher education,Stable (within 5 points),0.2814,-2.321,304.0
Cuesta College,Higher education,Stable (within 5 points),0.2951,1.283,307.0
Kingsborough Community College,Higher education,Stable (within 5 points),0.2492,4.857,308.0
"Infoblox, Inc.",Other,Stable (within 5 points),0.3958,-0.1582,437.0
Berkshire Hathaway Home Services,Other,Stable (within 5 points),0.5672,0.7418,445.0
Great West Financial (Nova Scotia) Co.,Finance & insurance,Stable (within 5 points),0.4666,-1.922,123.0
"Brown Harris Stevens, Inc.",Other,Stable (within 5 points),0.2947,-1.378,637.0
Mobile County Public Schools,State & local government,Stable (within 5 points),0.4866,-2.636,634.0
"Genesis HealthCare System, Inc.",Health care,Stable (within 5 points),0.4498,-1.61,218.0
"DHL Express (USA), Inc.",Other,Stable (within 5 points),0.4466,-3.062,997.0
Catholic Medical Center,Health care,Stable (within 5 points),0.4623,-4.642,253.0
Hogan Lovells US LLP,Other,Stable (within 5 points),0.2648,3.59,1023.0
San Francisco Public Utilities Commission,Other,Stable (within 5 points),0.1656,-1.421,352.0
Georgia Department of Public Health,Military & federal,Stable (within 5 points),0.2449,-3.556,335.0
Lehman College,Higher education,Stable (within 5 points),0.1532,-2.782,591.0
The Biltmore Co.,Other,Stable (within 5 points),0.4346,-3.428,345.0
Jefferson Parish Sheriff's Office,State & local government,Stable (within 5 points),0.6253,3.936,220.0
"Metro Brokers, Inc. (Georgia)",Other,Stable (within 5 points),0.2881,-3.974,423.0
"Dialysis Clinic, Inc.",Health care,Stable (within 5 points),0.5145,2.667,511.0
The University of Colorado,Higher education,Stable (within 5 points),0.2473,0.3192,1095.0
"NextGen Healthcare, Inc.",Health care,Stable (within 5 points),0.4543,-1.202,797.0
"Meltwater US Holdings, Inc.",Other,Stable (within 5 points),0.2976,-4.254,319.0
Alliance College-Ready Public Schools,Higher education,Stable (within 5 points),0.1416,-3.932,294.0
County of Fulton (Georgia),State & local government,Stable (within 5 points),0.1541,-4.506,351.0
Hilcorp Energy Co.,Other,Stable (within 5 points),0.6795,0.513,654.0
"ZB, NA (Investment Management)",Other,Stable (within 5 points),0.7651,-0.874,558.0
UT Health East Texas,Health care,Stable (within 5 points),0.6747,-2.877,564.0
"Pacific Office Automation, Inc. (Oregon)",Other,Stable (within 5 points),0.4706,-3.815,457.0
"RGB Systems, Inc.",Other,Stable (within 5 points),0.4535,-2.945,382.0
"OrthoCarolina, Inc.",Other,Stable (within 5 points),0.4926,-2.388,383.0
"Red Wing Shoe Co., Inc.",Other,Stable (within 5 points),0.4972,-3.254,410.0
Jordan School District (Utah),State & local government,Stable (within 5 points),0.7801,-4.119,807.0
"The Price Chopper, Inc.",Other,Stable (within 5 points),0.3705,-1.133,986.0
Rogers Corp.,Other,Stable (within 5 points),0.4819,2.994,276.0
U.S. Army Contracting Command,Military & federal,Stable (within 5 points),0.5037,-4.698,604.0
MOD Super Fast Pizza LLC,Other,Stable (within 5 points),0.2509,4.672,653.0
Woodforest National Bank,Finance & insurance,Stable (within 5 points),0.4551,-1.229,984.0
Roundy's Illinois LLC,Other,Stable (within 5 points),0.2026,-4.358,693.0
California State University-Los Angeles,Higher education,Stable (within 5 points),0.1918,-1.847,947.0
US Office of Personnel Mgmt (District of Columbia),Other,Stable (within 5 points),0.3735,-4.297,905.0
"ENGIE Insight Services, Inc.",Other,Stable (within 5 points),0.3897,-0.766,495.0
Wildlife International Ltd.,Other,Stable (within 5 points),0.4444,-2.788,235.0
Santa Clara Valley Transportation Authority (California),Other,Stable (within 5 points),0.2432,-3.849,314.0
Illinois Department of Transportation,Military & federal,Stable (within 5 points),0.4761,4.132,570.0
"Camp Bow Wow Franchising, Inc.",Other,Stable (within 5 points),0.3678,-2.87,353.0
Public School Retirement System of The City of St. Louis,State & local government,Stable (within 5 points),0.3839,3.607,575.0
Georgia Gwinnett College Technology Advisory Council,Higher education,Stable (within 5 points),0.3107,-3.235,281.0
Snohomish County School District No. 2 (Washington),State & local government,Stable (within 5 points),0.2613,-3.307,425.0
CapFinancial Partners LLC,Other,Stable (within 5 points),0.5187,1.608,770.0
Imerys SA,Other,Stable (within 5 points),0.5507,-0.1438,227.0
Moorpark College,Higher education,Stable (within 5 points),0.3384,-1.632,240.0
Verizon Data Services LLC,Other,Stable (within 5 points),0.4816,4.092,156.0
"Medical Information Technology, Inc.",Health care,Stable (within 5 points),0.3008,-0.6259,1132.0
Optima Health Plan,Health care,Stable (within 5 points),0.3636,-4.521,244.0
Uncle Julio's Corp.,Other,Stable (within 5 points),0.3068,1.297,177.0
Washington Hospital Healthcare System,Health care,Stable (within 5 points),0.267,-2.317,304.0
Albion College,Higher education,Stable (within 5 points),0.2398,-0.4859,256.0
The Babysitting Co. LLC,Other,Stable (within 5 points),0.3563,2.536,334.0
Rockingham County Schools,Other,Stable (within 5 points),0.5831,2.275,288.0
Linde Plc,Other,Stable (within 5 points),0.5652,-2.98,1157.0
"West Marine, Inc.",Other,Stable (within 5 points),0.4701,0.2429,423.0
"Ruiz Food Products, Inc.",Other,Stable (within 5 points),0.5085,-1.27,248.0
Direct Energy LP,Other,Stable (within 5 points),0.4968,-4.205,267.0
Air Wisconsin Airlines LLC,Other,Stable (within 5 points),0.5859,1.405,318.0
Excela Health,Health care,Stable (within 5 points),0.603,1.536,593.0
Brooklyn College,Higher education,Stable (within 5 points),0.1794,-3.772,677.0
OneWest Bank Group LLC,Finance & insurance,Stable (within 5 points),0.3584,-0.6433,138.0
Haverford College,Higher education,Stable (within 5 points),0.1466,-3.645,461.0
Pei Wei Asian Diner LLC,Other,Stable (within 5 points),0.3613,-0.5294,182.0
CHI St. Vincent Medical Group,Health care,Stable (within 5 points),0.5419,-3.162,300.0
Hyvee Grocery,Other,Stable (within 5 points),0.3809,-3.848,599.0
New Day Financial LLC,Finance & insurance,Stable (within 5 points),0.4601,0.1933,282.0
Mott Community College,Higher education,Stable (within 5 points),0.351,-1.965,293.0
"BuzzFeed, Inc.",Other,Stable (within 5 points),0.1609,0.4187,324.0
The Bay Clubs Co. LLC,Other,Stable (within 5 points),0.2737,4.637,385.0
Oaktree Capital Management LP,Other,Stable (within 5 points),0.2951,-2.865,433.0
Valparaiso University,Higher education,Stable (within 5 points),0.3243,-2.433,504.0
fm notary llc,Other,Stable (within 5 points),0.4921,-3.663,580.0
Reed Smith LLP,Other,Stable (within 5 points),0.2983,1.848,1049.0
"Simmons Foods, Inc.",Other,Stable (within 5 points),0.7356,-1.673,522.0
Greater Philadelphia Young Men's Christian Association,Other,Stable (within 5 points),0.3,-3.288,254.0
Special Projects,Other,Stable (within 5 points),0.4848,3.391,238.0
"Joe's Crab Shack Holdings, Inc.",Other,Stable (within 5 points),0.3508,0.3124,191.0
EnerSys,Other,Stable (within 5 points),0.5784,-4.681,798.0
InteleTravel.com,Other,Stable (within 5 points),0.1923,3.94,814.0
Grand Rapids Community College,Higher education,Stable (within 5 points),0.3476,-2.202,493.0
Dartmouth-Hitchcock,Other,Stable (within 5 points),0.3623,0.6543,737.0
Healogics LLC,Other,Stable (within 5 points),0.5958,-1.775,576.0
General Reinsurance AG,Other,Stable (within 5 points),0.4067,-1.023,282.0
Global Knowledge Training LLC,Other,Stable (within 5 points),0.4642,-2.856,79.0
"Elmcroft Senior Living, Inc.",Other,Stable (within 5 points),0.524,-3.918,162.0
Randolph-Macon College,Higher education,Stable (within 5 points),0.3995,-2.255,207.0
Bentley University,Higher education,Stable (within 5 points),0.207,3.777,726.0
Northeast Wisconsin Technical College,Higher education,Stable (within 5 points),0.6599,-1.914,516.0
EF Education First Ltd.,Other,Stable (within 5 points),0.2041,0.5737,1035.0
UNICEF (New York),Other,Stable (within 5 points),0.1719,-0.4035,519.0
Desoto County Schools,Other,Stable (within 5 points),0.6283,-4.163,348.0
PPE Casino Resorts Maryland LLC,Other,Stable (within 5 points),0.3061,-1.417,335.0
Newsday Holdings LLC,Other,Stable (within 5 points),0.4153,-0.2012,261.0
Sun Tan City LLC,Other,Stable (within 5 points),0.4748,-3.429,268.0
"American InterContinental University System, Inc.",Higher education,Stable (within 5 points),0.2875,-1.675,264.0
The Fashion Institute of Design & Merchandising,Other,Stable (within 5 points),0.3401,4.38,146.0
Panasonic Avionics Corp.,Other,Stable (within 5 points),0.3902,-1.42,770.0
"Pinnacle Foods, Inc.",Other,Stable (within 5 points),0.476,-3.118,115.0
Aldridge Pite LLP,Other,Stable (within 5 points),0.3628,-3.757,143.0
Midstates Video Corp.,Other,Stable (within 5 points),0.391,2.39,154.0
"BGSF, Inc.",Other,Stable (within 5 points),0.3498,1.854,397.0
The Eagle Mountain-Saginaw ISD Education Foundation,Other,Stable (within 5 points),0.6284,-3.266,382.0
Deckers Outdoor Corp.,Other,Stable (within 5 points),0.2388,-1.569,688.0
"BUCA, Inc.",Other,Stable (within 5 points),0.3768,-0.9692,243.0
"University Community Hospital, Inc.",Higher education,Stable (within 5 points),0.5009,3.534,154.0
Banking (TFEX),Other,Stable (within 5 points),0.4833,-0.4904,232.0
"Barracuda Networks, Inc.",Other,Stable (within 5 points),0.319,4.88,440.0
Russ Lyon Sotheby's International Realty,Other,Stable (within 5 points),0.6738,-3.622,396.0
Atos SE,Other,Stable (within 5 points),0.4986,-1.224,1251.0
"Radius Recycling, Inc.",Other,Stable (within 5 points),0.4509,-1.092,336.0
"American Arbitration Association, Inc.",Other,Stable (within 5 points),0.3626,-0.8077,413.0
"Interior Architects, Inc.",Other,Stable (within 5 points),0.2169,1.925,312.0
Promega Corp.,Other,Stable (within 5 points),0.4505,1.853,721.0
"YRC, Inc.",Other,Stable (within 5 points),0.5507,-4.291,719.0
The Big Ten Network LLC,Other,Stable (within 5 points),0.2878,1.71,324.0
"Risk Placement Services, Inc.",Other,Stable (within 5 points),0.565,-2.833,609.0
PJM Interconnection LLC,Other,Stable (within 5 points),0.3856,-0.7818,415.0
United States District Court Northern District of Ohio,Other,Stable (within 5 points),0.3345,-1.62,1214.0
"Harlem Children's Zone, Inc.",Other,Stable (within 5 points),0.08296,-1.064,415.0
"Fry's Electronics, Inc.",Other,Stable (within 5 points),0.3409,-0.01942,273.0
Naval Air Warfare Center Aircraft Division,Other,Stable (within 5 points),0.5184,1.165,423.0
"CBS News, Inc.",Other,Stable (within 5 points),0.252,-3.084,692.0
"Stonehill College, Inc.",Higher education,Stable (within 5 points),0.2424,2.871,372.0
"Knobbe, Martens, Olson & Bear LLP",Other,Stable (within 5 points),0.378,-1.183,265.0
Engility Corp.,Other,Stable (within 5 points),0.5342,2.295,585.0
Metropolitan State University of Denver,Higher education,Stable (within 5 points),0.2453,-4.173,1373.0
"R/GA Media Group, Inc.",Other,Stable (within 5 points),0.1745,-3.274,196.0
Northern Kentucky University,Higher education,Stable (within 5 points),0.4352,-2.127,867.0
"Tremco, Inc.",Other,Stable (within 5 points),0.6022,3.412,290.0
"Pontoon Solutions, Inc.",Other,Stable (within 5 points),0.4067,-4.057,276.0
Mt. San Jacinto College,Higher education,Stable (within 5 points),0.4317,-3.113,330.0
New York City Law Department,Other,Stable (within 5 points),0.183,-3.732,334.0
Jacksonville University,Higher education,Stable (within 5 points),0.4885,4.516,499.0
Florida Fish & Wildlife Conservation Commission,Other,Stable (within 5 points),0.41,-3.23,506.0
Boston Market Corp.,Other,Stable (within 5 points),0.2824,-2.327,287.0
"The National Geographic Society, Inc.",Other,Stable (within 5 points),0.1844,-4.352,748.0
Northwest Arkansas Community College,Higher education,Stable (within 5 points),0.5613,0.2805,286.0
Benco Dental Supply Co.,Other,Stable (within 5 points),0.568,-4.582,475.0
"Shake Shack, Inc.",Other,Stable (within 5 points),0.218,3.986,816.0
GoJet Airlines LLC,Other,Stable (within 5 points),0.5291,2.328,272.0
Fujitsu Ltd.,Other,Stable (within 5 points),0.4263,-0.64,434.0
Independent City of Norfolk (Virginia),State & local government,Stable (within 5 points),0.3365,-2.983,664.0
Mary Kay Idependent Consultant,Other,Stable (within 5 points),0.5315,-3.48,715.0
Flik Hospitality Group,Other,Stable (within 5 points),0.3375,-2.59,606.0
ASM Global (Perth Arena) Pty Ltd.,Other,Stable (within 5 points),0.4584,-3.564,880.0
Santa Ana College,Higher education,Stable (within 5 points),0.3063,-2.199,295.0
UMC Health System,Health care,Stable (within 5 points),0.6012,-4.336,532.0
"SIRVA, Inc.",Other,Stable (within 5 points),0.4678,-2.848,552.0
United Independent School District (Texas),State & local government,Stable (within 5 points),0.1057,-3.182,279.0
Bethel School District /wa/,State & local government,Stable (within 5 points),0.4215,3.66,404.0
Private Residence,Other,Stable (within 5 points),0.3072,3.207,420.0
Harvest Management Sub LLC,Other,Stable (within 5 points),0.4961,-0.09063,442.0
"Blue Yonder Group, Inc.",Other,Stable (within 5 points),0.5532,1.847,143.0
Des Moines Public Schools,State & local government,Stable (within 5 points),0.2727,-3.065,831.0
"Cumulus Media, Inc.",Other,Stable (within 5 points),0.4601,-0.4893,1140.0
The Salk Institute for Biological Studies,Other,Stable (within 5 points),0.2528,-4.061,346.0
Evangelical Lutheran Church in America,Other,Stable (within 5 points),0.2986,-3.143,262.0
Howard University,Higher education,Stable (within 5 points),0.1088,-0.9512,1211.0
Judson Independent School District (Texas),State & local government,Stable (within 5 points),0.4261,-2.779,510.0
Lenox Hill Hospital,Health care,Stable (within 5 points),0.198,1.842,797.0
Orange County Sheriff's Office (Florida),State & local government,Stable (within 5 points),0.5941,-1.027,337.0
Central Maine Healthcare Corp.,Health care,Stable (within 5 points),0.4584,1.93,298.0
Zeta Interactive Corp.,Other,Stable (within 5 points),0.3511,-2.096,461.0
Maimonides Medical Center,Health care,Stable (within 5 points),0.3238,-4.091,1120.0
Kristen Campbell Investments LLC,Other,Stable (within 5 points),0.4951,2.707,674.0
La Rosa Realty,Other,Stable (within 5 points),0.3949,-3.201,446.0
"United Fire Group, Inc.",Other,Stable (within 5 points),0.4841,-2.4,483.0
"Jenny Craig, Inc.",Other,Stable (within 5 points),0.3995,-3.169,224.0
Columbia Law School,Other,Stable (within 5 points),0.1356,1.473,278.0
"Cogent Communications Holdings, Inc.",Other,Stable (within 5 points),0.4089,-2.743,566.0
St. Tammany Parish School Board (Louisiana),Other,Stable (within 5 points),0.6231,-0.6098,532.0
ModivCare Solutions LLC,Other,Stable (within 5 points),0.2659,1.177,275.0
"Tanium, Inc.",Other,Stable (within 5 points),0.4313,3.236,774.0
Central New Mexico Community College,Higher education,Stable (within 5 points),0.255,-1.911,672.0
"Bedford, Freeman & Worth Publishing Group LLC",Other,Stable (within 5 points),0.2639,-2.427,364.0
"Pepperidge Farm, Inc.",Other,Stable (within 5 points),0.5206,2.355,364.0
"Berkshire Hathaway, Inc.",Other,Stable (within 5 points),0.497,0.8827,479.0
Mastec Advanced Technologies,Other,Stable (within 5 points),0.4908,-0.8102,265.0
North Shore Cancer Center,Other,Stable (within 5 points),0.2438,2.612,303.0
"Starr International Co., Inc.",Other,Stable (within 5 points),0.4335,-4.817,798.0
Alphabet,AI & big tech,Stable (within 5 points),0.331,-4.1,1084.0
"General Nutrition Centers, Inc.",Other,Stable (within 5 points),0.5414,1.302,118.0
Celanese Corp.,Other,Stable (within 5 points),0.5942,-4.249,1027.0
Radian Group Inc.,Other,Stable (within 5 points),0.4441,-2.802,429.0
"Taylor Made Golf Co., Inc.",Other,Stable (within 5 points),0.5386,2.196,472.0
"TestAmerica Holdings, Inc.",Other,Stable (within 5 points),0.4252,-1.858,559.0
Olin Corp.,Other,Stable (within 5 points),0.6051,-4.906,822.0
Tulsa County Independent School District No. 1 (Oklahoma),State & local government,Stable (within 5 points),0.4528,-4.237,1012.0
"Imagine Schools, Inc.",Other,Stable (within 5 points),0.4458,1.941,279.0
College Station ISD,Higher education,Stable (within 5 points),0.661,-3.14,284.0
"Welk Resort Group, Inc.",Other,Stable (within 5 points),0.4458,-1.038,97.0
Brevard Public Schools,State & local government,Stable (within 5 points),0.5551,-1.179,1002.0
"Cumberland Farms, Inc.",Other,Stable (within 5 points),0.3193,1.28,414.0
Hunton Andrews Kurth LLP,Other,Stable (within 5 points),0.4269,-4.976,627.0
FamilySearch.org,Other,Stable (within 5 points),0.8621,-2.603,484.0
"NeuStar, Inc.",Other,Stable (within 5 points),0.3581,0.5382,199.0
ABRA Auto Body & Glass LP,Other,Stable (within 5 points),0.6152,-4.448,165.0
New York County District Attorney's Office,Other,Stable (within 5 points),0.1768,-0.2595,641.0
US Department of Transportation (District of Columbia),Military & federal,Stable (within 5 points),0.3259,-2.953,1146.0
Symrise AG,Other,Stable (within 5 points),0.4805,-1.515,366.0
Lake Charles Memorial Health System,Health care,Stable (within 5 points),0.6211,-0.5429,327.0
"Consolidated Communications Holdings, Inc.",Other,Stable (within 5 points),0.6335,-1.036,534.0
Baxter Credit Union,Other,Stable (within 5 points),0.3287,-2.241,269.0
Dechert LLP,Other,Stable (within 5 points),0.2866,-1.86,652.0
Coca-Cola Southwest Beverages LLC,Other,Stable (within 5 points),0.4635,-4.105,507.0
"Daniel Gale Sotheby's International Realty Affiliates, Inc.",Other,Stable (within 5 points),0.4637,-1.67,359.0
Pensacola State College,Higher education,Stable (within 5 points),0.5797,-0.2085,348.0
Forfeiture Support Associates LLC,Other,Stable (within 5 points),0.4166,2.51,305.0
"Extended Stay America, Inc.",Other,Stable (within 5 points),0.3341,-2.793,775.0
New York Film Academy,Other,Stable (within 5 points),0.1748,-2.747,271.0
Gaylord Entertainment Co.,Other,Stable (within 5 points),0.5378,-0.6094,217.0
UKG Kronos Systems LLC,Other,Stable (within 5 points),0.45,-3.41,353.0
Great West Casualty Co.,Other,Stable (within 5 points),0.6963,1.357,416.0
County of Broward (Florida),State & local government,Stable (within 5 points),0.2966,-1.777,966.0
Lawrence Memorial Hospital,Health care,Stable (within 5 points),0.3724,-2.01,253.0
Diageo Plc,Other,Stable (within 5 points),0.3406,-4.166,1056.0
"Superior HealthPlan, Inc.",Other,Stable (within 5 points),0.3087,4.817,337.0
US Coast Guard Auxiliary,Military & federal,Stable (within 5 points),0.5858,0.04498,182.0
SCO Family of Services,Other,Stable (within 5 points),0.157,-0.5277,329.0
Easter Seals Massachusetts,Other,Stable (within 5 points),0.2584,-4.946,561.0
"John Jay College Foundation, Inc.",Higher education,Stable (within 5 points),0.1595,-3.27,617.0
Roswell Park Comprehensive Cancer Center,Other,Stable (within 5 points),0.3073,-1.676,1213.0
"Snap Fitness, Inc.",Other,Stable (within 5 points),0.5578,-0.5204,331.0
Premera Blue Cross,Other,Stable (within 5 points),0.3233,-2.991,1121.0
"American Health Network, Inc. (IN)",Health care,Stable (within 5 points),0.6068,0.475,198.0
"Amsted Rail Co., Inc.",Other,Stable (within 5 points),0.5887,-0.8859,255.0
State of Oklahoma,State & local government,Stable (within 5 points),0.6023,-2.925,678.0
The Evangelical Lutheran Good Samaritan Society,Other,Stable (within 5 points),0.5713,-2.648,501.0
Mount St. Mary College (NY),Higher education,Stable (within 5 points),0.387,-3.05,197.0
Kipp New Jersey,Other,Stable (within 5 points),0.1026,-0.2543,313.0
"SRG Global, Inc.",Other,Stable (within 5 points),0.5393,0.2236,213.0
Lucasfilm Ltd. LLC,Other,Stable (within 5 points),0.1843,4.478,306.0
Seton Hall University,Higher education,Stable (within 5 points),0.2985,2.075,1056.0
Delgado Community College,Higher education,Stable (within 5 points),0.3397,-2.467,343.0
Amegy Corp.,Other,Stable (within 5 points),0.5123,-4.972,489.0
"Cvent, Inc.",Other,Stable (within 5 points),0.2983,2.201,975.0
Telos Corp.,Other,Stable (within 5 points),0.5494,-3.948,261.0
"Copart, Inc.",Other,Stable (within 5 points),0.4898,-3.803,874.0
"Border States Industries, Inc.",Other,Stable (within 5 points),0.6998,-1.911,738.0
Florida A&M University,Higher education,Stable (within 5 points),0.1089,-1.257,957.0
Winston-Salem/Forsyth County Schools,Other,Stable (within 5 points),0.4381,-3.19,449.0
"U.S. Legal Support, Inc.",Other,Stable (within 5 points),0.4377,-4.961,298.0
"U.S. Security Associates, Inc.",Other,Stable (within 5 points),0.4368,-2.759,655.0
Roper St. Francis Healthcare,Health care,Stable (within 5 points),0.5598,-4.799,1111.0
J.R. Simplot Co.,Other,Stable (within 5 points),0.683,-2.762,1328.0
Trident Technical College,Higher education,Stable (within 5 points),0.5021,-3.754,480.0
Zeta Tau Alpha Fraternity Housing Corp.,Other,Stable (within 5 points),0.4111,0.2599,649.0
Bryant University,Higher education,Stable (within 5 points),0.2641,-0.7264,501.0
American Senior Communities LLC,Other,Stable (within 5 points),0.501,-4.114,550.0
Cox Media Group LLC,Other,Stable (within 5 points),0.419,1.474,560.0
Dassault Falcon Jet Corp.,Other,Stable (within 5 points),0.6484,0.3963,529.0
Ogilvy Commonhealth Worldwide LLC,Other,Stable (within 5 points),0.3872,-2.308,163.0
Husqvarna AB,Other,Stable (within 5 points),0.5608,-1.728,373.0
Spokane County,Other,Stable (within 5 points),0.4337,-4.917,353.0
"Chemonics International, Inc.",Other,Stable (within 5 points),0.1546,-3.587,535.0
Repsol SA,Other,Stable (within 5 points),0.5434,3.32,328.0
Jackson Memorial Hospital Branch (431927),Health care,Stable (within 5 points),0.2667,-0.1291,568.0
"Columbia St. Mary's, Inc.",Other,Stable (within 5 points),0.569,-0.4377,354.0
Union Tank Car Co.,Other,Stable (within 5 points),0.5406,3.362,250.0
Kadlec Regional Medical Center,Health care,Stable (within 5 points),0.5342,-3.865,458.0
The College of New Jersey,Higher education,Stable (within 5 points),0.2252,-2.048,750.0
"Neurocrine Biosciences, Inc.",Other,Stable (within 5 points),0.4568,3.979,947.0
Cybersecurity & Infrastructure Security Agency,Other,Stable (within 5 points),0.3866,0.8172,704.0
HealthCare Partners LLC,Health care,Stable (within 5 points),0.2959,-2.344,268.0
Berkshire Hathaway Homeservices Penfed Realty,Other,Stable (within 5 points),0.5527,-0.1233,497.0
"TESSCO Technologies, Inc.",Other,Stable (within 5 points),0.5281,-3.088,143.0
Ann Arbor Public Schools,State & local government,Stable (within 5 points),0.1729,0.7208,558.0
Yeshiva University,Higher education,Stable (within 5 points),0.2641,2.646,483.0
"Pier 1 Imports, Inc.",Other,Stable (within 5 points),0.4133,1.904,730.0
Beloit College,Higher education,Stable (within 5 points),0.2973,2.284,225.0
"Deaconess Health System, Inc.",Health care,Stable (within 5 points),0.5966,-1.502,1158.0
Good Shepherd Services (New York),Other,Stable (within 5 points),0.1134,-2.058,291.0
Austin Kerr Real Estate Investor,Other,Stable (within 5 points),0.5531,-3.567,309.0
Devon Energy Corp.,Other,Stable (within 5 points),0.7589,0.02503,960.0
Oregon Employment Department,Other,Stable (within 5 points),0.3438,-3.56,332.0
Baylor St. Luke's Medical Center,Health care,Stable (within 5 points),0.3725,-1.388,459.0
"MacAllister Machinery Co., Inc.",Other,Stable (within 5 points),0.7377,-4.868,396.0
Skagit Regional Health,Health care,Stable (within 5 points),0.3672,-4.855,449.0
"J.B. Goodwin Realtors, Inc.",Other,Stable (within 5 points),0.4682,2.749,368.0
Advantage Waypoint LLC,Other,Stable (within 5 points),0.5939,-3.607,188.0
San Antonio Independent School District (Texas),State & local government,Stable (within 5 points),0.2708,-4.317,1135.0
CVS Specialty,Health care,Stable (within 5 points),0.3826,-2.054,834.0
"PGA TOUR, Inc.",Other,Stable (within 5 points),0.6115,-2.93,965.0
Morehouse College,Higher education,Stable (within 5 points),0.1344,1.524,248.0
National Association for Stock Car Auto Racing LLC,Other,Stable (within 5 points),0.5556,2.412,717.0
"Red Roof Inns, Inc.",Other,Stable (within 5 points),0.4081,0.432,286.0
"Telephone & Data Systems, Inc.",Other,Stable (within 5 points),0.4504,-2.79,266.0
Private Client Resources LLC,Other,Stable (within 5 points),0.3005,-0.2263,325.0
"Hat World, Inc.",Other,Stable (within 5 points),0.3416,-4.785,778.0
Wunderman Thompson LLC,Other,Stable (within 5 points),0.2564,2.96,200.0
"ITT, Inc.",Other,Stable (within 5 points),0.5264,-3.517,414.0
"Bruegger's Enterprises, Inc.",Other,Stable (within 5 points),0.3177,2.437,188.0
Aflac,Other,Stable (within 5 points),0.5257,1.418,191.0
"The University of Tampa, Inc.",Higher education,Stable (within 5 points),0.3928,4.75,1093.0
Rowan College at Burlington County,Higher education,Stable (within 5 points),0.3281,-3.357,242.0
Marvel Entertainment LLC,Other,Stable (within 5 points),0.2251,-0.3758,211.0
Middlesex Community College,Higher education,Stable (within 5 points),0.1845,-0.7152,295.0
Send Out Cards LLC,Other,Stable (within 5 points),0.6323,1.134,501.0
National Rural Electric Cooperative Association,Other,Stable (within 5 points),0.3587,2.326,331.0
AZPB LP,Other,Stable (within 5 points),0.4896,-0.4887,287.0
"Marshall's Convenience Stores, Inc.",Retail & hospitality,Stable (within 5 points),0.2331,-0.03145,608.0
The Johns Hopkins Bayview Medical Center,Health care,Stable (within 5 points),0.2957,-4.932,629.0
"Brookdale Community College, Inc.",Higher education,Stable (within 5 points),0.4202,0.6456,342.0
Trustmark National Bank,Finance & insurance,Stable (within 5 points),0.5794,-4.764,618.0
Motorola Mobility LLC,Other,Stable (within 5 points),0.4147,2.516,831.0
"Sub-Zero Group, Inc.",Other,Stable (within 5 points),0.5533,-1.219,630.0
Burnsville Independent School District No. 191 (Minnesota),State & local government,Stable (within 5 points),0.5514,-4.126,257.0
Viridien,Other,Stable (within 5 points),0.5421,3.002,173.0
United Seating & Mobility LLC,Other,Stable (within 5 points),0.5225,-2.221,683.0
NTT DATA Group Corp.,Other,Stable (within 5 points),0.4217,-2.482,1086.0
"Coventry Health Care, Inc.",Health care,Stable (within 5 points),0.4881,1.152,514.0
University of Wisconsin-Stevens Point,Higher education,Stable (within 5 points),0.4396,-0.825,204.0
Minnesota State University-Mankato,Higher education,Stable (within 5 points),0.4579,3.191,914.0
"Great Harvest Franchising, Inc.",Other,Stable (within 5 points),0.3977,-1.848,185.0
"Computer Services, Inc.",Other,Stable (within 5 points),0.5685,-4.604,504.0
Johns Hopkins Health Plans LLC,Health care,Stable (within 5 points),0.2981,-4.491,427.0
Madison Area Technical College (Wisconsin),Higher education,Stable (within 5 points),0.3614,0.5354,1078.0
Moore & Van Allen PLLC,Other,Stable (within 5 points),0.4179,-2.155,368.0
Clarins SAS,Other,Stable (within 5 points),0.396,-1.118,223.0
Boulder Valley School District,State & local government,Stable (within 5 points),0.2204,0.3158,806.0
"Intertape Polymer Group, Inc.",Other,Stable (within 5 points),0.6268,-1.653,337.0
Ryan LLC,Other,Stable (within 5 points),0.5145,-4.876,1314.0
Mitel Networks Corp.,Other,Stable (within 5 points),0.5423,-4.755,317.0
"The Orvis Co., Inc.",Other,Stable (within 5 points),0.497,-2.345,308.0
University of Wisconsin-Whitewater,Higher education,Stable (within 5 points),0.4469,0.9712,470.0
Sanford Burnham Prebys Medical Discovery Institute,Health care,Stable (within 5 points),0.2498,-2.622,229.0
Fragomen LLP,Other,Stable (within 5 points),0.218,-3.101,1120.0
Ubisoft Entertainment SA,Other,Stable (within 5 points),0.2069,-0.6911,313.0
"Union Hospital, Inc.",Health care,Stable (within 5 points),0.5131,0.7196,356.0
Frenship Independent School District (Texas),State & local government,Stable (within 5 points),0.7415,-0.3777,269.0
Fayette County Public Schools (Kentucky),State & local government,Stable (within 5 points),0.3916,-2.815,1160.0
Strike LLC,Other,Stable (within 5 points),0.6524,-0.07819,148.0
"C&S Engineers, Inc.",Other,Stable (within 5 points),0.5358,-1.338,329.0
California Independent System Operator Corp.,Other,Stable (within 5 points),0.4242,-4.066,335.0
"Ewing Irrigation Products, Inc.",Other,Stable (within 5 points),0.6585,0.2802,289.0
"Groupon, Inc.",Other,Stable (within 5 points),0.2146,-2.072,386.0
Ozarks Technical Community College,Higher education,Stable (within 5 points),0.7543,-0.6042,406.0
"Rackspace Technology, Inc.",Other,Stable (within 5 points),0.4525,0.7735,1051.0
Staff Management Solutions LLC,Other,Stable (within 5 points),0.3403,1.462,317.0
Hendrickson USA LLC,Other,Stable (within 5 points),0.6176,1.699,391.0
Shaklee Corp.,Other,Stable (within 5 points),0.5366,3.704,642.0
University of Massachusetts,Higher education,Stable (within 5 points),0.1721,-1.874,1313.0
Micron Technology Utah LLC,AI & big tech,Stable (within 5 points),0.7914,1.054,88.0
Bath & Body Works LLC,Other,Stable (within 5 points),0.2949,-1.65,419.0
Afton Chemical Corp.,Other,Stable (within 5 points),0.5486,0.4251,299.0
College of Dupage,Higher education,Stable (within 5 points),0.2921,-4.858,893.0
Widener University,Higher education,Stable (within 5 points),0.3215,-1.374,566.0
Premier Research Group Ltd.,Other,Stable (within 5 points),0.3783,-4.696,468.0
Catholic Charities of Southern Nevada,Other,Stable (within 5 points),0.2866,1.045,619.0
Calumet Specialty Products Partners LP,Other,Stable (within 5 points),0.6583,-3.242,444.0
"Peckham Vocational Industries, Inc.",Other,Stable (within 5 points),0.3035,-4.199,504.0
James River Insurance Company,Finance & insurance,Stable (within 5 points),0.4246,-2.533,265.0
Verbum Traducción y Edición,Other,Stable (within 5 points),0.439,-0.9148,267.0
"Living Assistance Services, Inc.",Other,Stable (within 5 points),0.4654,2.99,1375.0
"Epiq Systems, Inc. (Georgia)",Other,Stable (within 5 points),0.3301,-2.675,106.0
"Davey Resource Group, Inc.",Other,Stable (within 5 points),0.3684,-4.598,543.0
Everstory Partners,Other,Stable (within 5 points),0.5069,3.346,351.0
Self Employeed /Fl/,Other,Stable (within 5 points),0.3964,1.901,568.0
Bowman & Brooke LLP,Other,Stable (within 5 points),0.4881,-2.236,212.0
"Coherent, Inc.",Other,Stable (within 5 points),0.3895,1.625,317.0
(various),Other,Stable (within 5 points),0.3547,3.25,165.0
Edinboro University of Pennsylvania,Higher education,Stable (within 5 points),0.3429,3.128,210.0
Troutman Sanders LLP,Other,Stable (within 5 points),0.3433,-4.107,132.0
"Barnes & Noble College Booksellers, Inc.",Higher education,Stable (within 5 points),0.3052,-1.509,864.0
AUTHOR,Other,Stable (within 5 points),0.4419,0.7403,375.0
The Palo Alto Medical Foundation,Health care,Stable (within 5 points),0.1944,-1.101,1045.0
Alamo Colleges,Other,Stable (within 5 points),0.3329,-0.1756,613.0
"The Federal Savings Bank (Chicago, Illinois)",Military & federal,Stable (within 5 points),0.4332,-2.747,535.0
Lower Merion School District (Pennsylvania),State & local government,Stable (within 5 points),0.2801,1.243,272.0
San Diego County Adult Supportive Services,Other,Stable (within 5 points),0.2956,-1.469,276.0
"Hexion, Inc.",Other,Stable (within 5 points),0.5698,-3.99,261.0
American Homes 4 Rent,Other,Stable (within 5 points),0.5061,-4.769,541.0
"Intralinks, Inc.",Other,Stable (within 5 points),0.3071,-1.025,258.0
"Corinthian Colleges, Inc.",Other,Stable (within 5 points),0.369,-4.441,134.0
"Penske Automotive Group, Inc.",Other,Stable (within 5 points),0.4925,-2.173,747.0
Lakeshore Learning Materials LLC,Other,Stable (within 5 points),0.3222,-0.06659,686.0
Elizabethtown College,Higher education,Stable (within 5 points),0.4419,4.875,416.0
California State University-San Bernardino,Higher education,Stable (within 5 points),0.3175,-4.62,1148.0
Vornado Realty Trust,Other,Stable (within 5 points),0.4172,-0.7538,225.0
"ACT, Inc.",Other,Stable (within 5 points),0.3294,4.679,524.0
"Amundi US, Inc.",Other,Stable (within 5 points),0.3555,-2.308,225.0
Brady Corp.,Other,Stable (within 5 points),0.5667,1.63,647.0
Celgene Corp.,Other,Stable (within 5 points),0.4185,-0.2329,267.0
"Metropolitan Security Services, Inc.",Other,Stable (within 5 points),0.5117,3.807,484.0
Connor Group,Other,Stable (within 5 points),0.502,-3.26,489.0
"Align Technology, Inc.",Other,Stable (within 5 points),0.4267,-2.597,999.0
Lexington-Fayette Urban County Government (Kentucky),Other,Stable (within 5 points),0.3629,0.7942,383.0
Occidental College,Higher education,Stable (within 5 points),0.1494,-1.665,447.0
"Cook County Citizens For Common Sense Government, Inc.",Other,Stable (within 5 points),0.1423,-3.649,527.0
Saint Francis University,Higher education,Stable (within 5 points),0.4945,1.424,272.0
"Daniel J. Edelman Holdings, Inc.",Other,Stable (within 5 points),0.2001,-3.199,1308.0
Butler Community College Foundation,Higher education,Stable (within 5 points),0.5974,4.738,274.0
Capital Region BOCES,Other,Stable (within 5 points),0.3206,1.457,298.0
Arapahoe Community College (Colorado),Higher education,Stable (within 5 points),0.3387,-3.325,364.0
"CoreCivic, Inc.",Other,Stable (within 5 points),0.5363,-0.1219,838.0
"Natus Medical, Inc.",Health care,Stable (within 5 points),0.4584,2.51,208.0
BlackBerry Ltd.,Other,Stable (within 5 points),0.3881,-1.804,270.0
"Rapid7, Inc.",Other,Stable (within 5 points),0.2612,2.835,710.0
"Horizon Media, Inc.",Other,Stable (within 5 points),0.2132,3.176,924.0
Westerville City School District (Ohio),State & local government,Stable (within 5 points),0.3967,-3.86,311.0
Military Sealift Command,Other,Stable (within 5 points),0.4733,-1.188,835.0
Massachusetts Bay Transportation Authority,Other,Stable (within 5 points),0.2403,-2.484,923.0
Rubin Postaer & Associates,Other,Stable (within 5 points),0.2005,-2.762,291.0
"Cisco Meraki, Inc.",AI & big tech,Stable (within 5 points),0.2356,0.6493,918.0
Children's of Alabama,Other,Stable (within 5 points),0.5805,0.1807,371.0
Los Angeles County Department of Health Services,Military & federal,Stable (within 5 points),0.2295,-2.501,539.0
"Salinas Valley Memorial Healthcare System, Inc.",Health care,Stable (within 5 points),0.3276,-2.744,356.0
Cozen O'Connor,Other,Stable (within 5 points),0.3191,-1.883,848.0
Guilford College,Higher education,Stable (within 5 points),0.2598,0.7294,205.0
Minnesota Historical Society,Other,Stable (within 5 points),0.3124,1.943,247.0
Federal Reserve Bank of Chicago,Military & federal,Stable (within 5 points),0.2765,-1.728,749.0
El Camino College,Higher education,Stable (within 5 points),0.2223,-3.217,402.0
"Bottomline Technologies, Inc.",Other,Stable (within 5 points),0.38,-0.8653,494.0
Grace Community Church of Amarillo,Other,Stable (within 5 points),0.6872,1.749,176.0
The National Institute of Environmental Health Sciences,Health care,Stable (within 5 points),0.2255,0.4952,323.0
"CIT Group, Inc.",Other,Stable (within 5 points),0.4777,1.338,468.0
Western New England University,Higher education,Stable (within 5 points),0.2447,0.4949,454.0
VaynerMedia LLC,Other,Stable (within 5 points),0.1894,4.108,427.0
"Audacy, Inc.",Other,Stable (within 5 points),0.3654,-0.4758,1293.0
State of Alabama,State & local government,Stable (within 5 points),0.5222,-0.1827,981.0
Access Information Management Shared Services LLC,Other,Stable (within 5 points),0.4764,-2.635,265.0
Public Partnerships LLC,Other,Stable (within 5 points),0.3007,2.269,597.0
Tennessee Technological University,Higher education,Stable (within 5 points),0.5194,1.455,232.0
Bernhard LLC,Other,Stable (within 5 points),0.6588,3.349,564.0
WestRock RKT LLC,Other,Stable (within 5 points),0.6081,4.45,443.0
Contemporary Services Corp.,Other,Stable (within 5 points),0.2784,-0.9414,836.0
"National CineMedia, Inc.",Other,Stable (within 5 points),0.4424,-3.137,139.0
South-Western City School District (Ohio),State & local government,Stable (within 5 points),0.4931,-2.661,508.0
"Communications Test Design, Inc.",Other,Stable (within 5 points),0.4481,-3.484,954.0
"World Wildlife Fund, Inc.",Other,Stable (within 5 points),0.1522,-0.4611,324.0
Grossmont College,Higher education,Stable (within 5 points),0.3274,1.646,329.0
"MTD Holdings, Inc.",Other,Stable (within 5 points),0.6414,-1.656,206.0
Coinstar Asset Holdings LLC,Other,Stable (within 5 points),0.319,3.647,133.0
IHSS Public Authority,Other,Stable (within 5 points),0.293,1.51,900.0
Belmont Village Assisted Living,Other,Stable (within 5 points),0.3397,0.837,292.0
Long Beach Unified School District (California),State & local government,Stable (within 5 points),0.2833,-4.35,930.0
Zumba Fitness LLC,Other,Stable (within 5 points),0.3442,-2.783,658.0
"Yazaki North America, Inc.",Other,Stable (within 5 points),0.4202,-2.276,558.0
"Checkers Drive-In Restaurants, Inc.",Other,Stable (within 5 points),0.2611,-1.9,397.0
Kantar UK Ltd.,Other,Stable (within 5 points),0.3073,-4.631,124.0
Red Stick Wings LLC,Other,Stable (within 5 points),0.3093,-4.733,246.0
"North American Lighting, Inc.",Other,Stable (within 5 points),0.5796,-3.425,394.0
"OSF International, Inc.",Other,Stable (within 5 points),0.332,0.5769,230.0
"Mylan, Inc.",Other,Stable (within 5 points),0.5585,2.195,316.0
"Patagonia, Inc.",Other,Stable (within 5 points),0.1843,-2.219,858.0
ITC Holdings Corp.,Other,Stable (within 5 points),0.4819,-4.849,361.0
"Gilbarco, Inc.",Other,Stable (within 5 points),0.4869,-4.892,389.0
Ventura Unified School District (California),State & local government,Stable (within 5 points),0.2551,0.7627,273.0
Amazon,Other,Stable (within 5 points),0.3625,-1.092,394.0
City of Durham (North Carolina),State & local government,Stable (within 5 points),0.2947,-4.629,628.0
Comcast Cable Communications LLC,Other,Stable (within 5 points),0.2531,1.4,504.0
Hershey Entertainment & Resorts Co.,Other,Stable (within 5 points),0.5184,0.2418,656.0
Lafayette Parish School System,Other,Stable (within 5 points),0.5795,1.598,359.0
IHS Markit Ltd.,Other,Stable (within 5 points),0.4353,-3.375,481.0
The Cincinnati Reds LLC,Other,Stable (within 5 points),0.5745,-3.154,330.0
"Pittsburgh Logistics Systems, Inc.",Other,Stable (within 5 points),0.5524,-0.7523,284.0
Zodiac Aerospace SA,Other,Stable (within 5 points),0.4484,1.544,282.0
Illinois Central College,Higher education,Stable (within 5 points),0.4973,-1.29,337.0
Illinois Institute of Technology,Higher education,Stable (within 5 points),0.1926,-2.414,864.0
Indiana Army National Guard,Military & federal,Stable (within 5 points),0.6522,-2.567,373.0
"Analysis Group, Inc. (Massachusetts)",Other,Stable (within 5 points),0.1702,0.3225,542.0
"Truist Securities, Inc.",Other,Stable (within 5 points),0.5148,-3.269,641.0
Kimpton Hotel & Restaurant Group LLC,Retail & hospitality,Stable (within 5 points),0.2394,0.2714,621.0
DeVry University,Higher education,Stable (within 5 points),0.3736,-0.629,1197.0
NPL Construction Co.,Other,Stable (within 5 points),0.5704,0.9712,262.0
North Shore University Hospital,Higher education,Stable (within 5 points),0.3324,-2.397,400.0
KoochenVagner's Brewing Co.,Other,Stable (within 5 points),0.3612,0.001594,252.0
"Extra Space Storage, Inc.",Other,Stable (within 5 points),0.4717,-4.858,1208.0
Berkeley County School District (South Carolina),State & local government,Stable (within 5 points),0.584,0.9538,503.0
Chippewa Valley Technical College,Higher education,Stable (within 5 points),0.5517,3.933,310.0
City of Peoria (Arizona),State & local government,Stable (within 5 points),0.6688,-2.483,290.0
University of Massachusetts Dartmouth,Higher education,Stable (within 5 points),0.1963,-0.6712,760.0
Everest University,Higher education,Stable (within 5 points),0.3436,-3.93,158.0
Alutiiq LLC,Other,Stable (within 5 points),0.4902,-2.673,373.0
Sulzer AG,Other,Stable (within 5 points),0.562,2.353,464.0
"Broadway Bancshares, Inc.",Other,Stable (within 5 points),0.5487,-3.101,264.0
Alpha Media LLC,Other,Stable (within 5 points),0.4504,2.687,287.0
"Logitech, Inc.",Other,Stable (within 5 points),0.2848,3.173,556.0
"Renal Treatment Centers - California, Inc.",Other,Stable (within 5 points),0.426,-1.76,329.0
"Pittsburgh Mercy Health System, Inc.",Health care,Stable (within 5 points),0.2713,-1.4,224.0
Akzo Nobel NV,Other,Stable (within 5 points),0.5458,1.714,820.0
"Dick Blick Holdings, Inc.",Other,Stable (within 5 points),0.1742,-1.293,248.0
United States Naval Academy,Other,Stable (within 5 points),0.4489,-1.077,722.0
Veterans Health Administration,Health care,Stable (within 5 points),0.4276,0.01055,1136.0
Walmart Pharmacy,Health care,Stable (within 5 points),0.4129,1.171,237.0
State of Nebraska,State & local government,Stable (within 5 points),0.4878,-3.47,1167.0
Housing Authority of New York,Other,Stable (within 5 points),0.1926,-0.9499,860.0
Los Angeles County Department of Public Health (California),Military & federal,Stable (within 5 points),0.1807,0.05067,604.0
"Shiseido Co., Ltd.",Other,Stable (within 5 points),0.3196,-3.651,565.0
Hersha Hospitality Management LP,Other,Stable (within 5 points),0.3448,-4.764,464.0
Yavapai College Foundation,Higher education,Stable (within 5 points),0.6169,-0.9397,290.0
Gallaudet University,Higher education,Stable (within 5 points),0.18,-3.936,412.0
Bridgeport Public Schools,State & local government,Stable (within 5 points),0.2385,-3.969,272.0
Juvenile Justice Commission,Other,Stable (within 5 points),0.2632,-2.92,400.0
Weatherby Health Care,Health care,Stable (within 5 points),0.4434,-3.642,597.0
San Diego County Office of Education (California),Other,Stable (within 5 points),0.28,-2.413,378.0
"The Citadel, The Military College of South Carolina",Higher education,Stable (within 5 points),0.5923,-2.16,518.0
Yellow Corp.,Other,Stable (within 5 points),0.5955,-3.725,454.0
Remington Hotels LLC,Other,Stable (within 5 points),0.4315,-1.727,402.0
CONSTRUCTION,Other,Stable (within 5 points),0.5398,-1.926,562.0
Various Non Profit Organizations,Other,Stable (within 5 points),0.3853,-1.691,356.0
The Museum of Fine Arts,Other,Stable (within 5 points),0.1249,-1.884,311.0
Wilkes University,Higher education,Stable (within 5 points),0.4196,-4.444,230.0
University of Central Oklahoma,Higher education,Stable (within 5 points),0.4752,-1.044,861.0
Butler Snow LLP,Other,Stable (within 5 points),0.5949,-4.687,359.0
Shire Plc,Other,Stable (within 5 points),0.411,3.534,363.0
Braum's Online LLC,Other,Stable (within 5 points),0.4686,4.899,258.0
"FreeWheel Media, Inc.",Other,Stable (within 5 points),0.2153,1.618,380.0
"DBI Holdings, Inc.",Other,Stable (within 5 points),0.4086,4.519,320.0
Brooklyn Public Library,Other,Stable (within 5 points),0.1409,1.352,318.0
"Exponent, Inc.",Other,Stable (within 5 points),0.2601,-2.251,523.0
MAC Acquisition LLC,Other,Stable (within 5 points),0.3955,-3.759,151.0
East Tennessee State University,Higher education,Stable (within 5 points),0.5697,3.258,1263.0
Chamberlain College of Nursing & Health Sciences LLC,Higher education,Stable (within 5 points),0.3651,-3.274,966.0
Aria Resort & Casino LLC,Other,Stable (within 5 points),0.3941,-4.208,396.0
City of Lubbock (Texas),State & local government,Stable (within 5 points),0.6248,-0.6519,275.0
"MasTec, Inc.",Other,Stable (within 5 points),0.5106,-2.152,627.0
Exide Technologies LLC,Other,Stable (within 5 points),0.5972,-2.036,112.0
Iowa Western Community College,Higher education,Stable (within 5 points),0.5532,-1.917,231.0
Ohio Department of Education,Military & federal,Stable (within 5 points),0.4118,-1.977,329.0
"MedImpact Healthcare Systems, Inc.",Health care,Stable (within 5 points),0.3604,0.3677,712.0
New York State Attorney Generel (New York),Other,Stable (within 5 points),0.2272,-1.808,689.0
Cigna-HealthSpring,Other,Stable (within 5 points),0.4705,2.212,415.0
"Elwood Staffing Services, Inc.",Other,Stable (within 5 points),0.5188,-0.2294,582.0
Palm Beach County Sheriffs Office,Other,Stable (within 5 points),0.5223,0.1043,317.0
Bank of England Mortgage Corp.,Finance & insurance,Stable (within 5 points),0.6267,-2.788,223.0
Edgewood College,Higher education,Stable (within 5 points),0.3557,-2.027,261.0
"Avalara, Inc.",Other,Stable (within 5 points),0.3364,-0.5886,1236.0
Manhattanville College,Higher education,Stable (within 5 points),0.232,3.478,230.0
CentralSquare Technologies LLC,Other,Stable (within 5 points),0.465,1.545,506.0
Carpenter Technology Corp.,Other,Stable (within 5 points),0.6362,-1.081,702.0
Missouri Southern State University,Higher education,Stable (within 5 points),0.7783,1.457,241.0
ACS/mi/,Other,Stable (within 5 points),0.4232,-2.29,483.0
Ohio Attorney General's Office,Other,Stable (within 5 points),0.4805,-3.131,459.0
Anne Arundel County Homebuilders Association,Other,Stable (within 5 points),0.4699,-2.512,257.0
"Skidmore, Owings & Merrill LLP",Other,Stable (within 5 points),0.1797,1.829,393.0
"United Community Bank (Lawrenceburg, Indiana)",Finance & insurance,Stable (within 5 points),0.6691,-3.339,712.0
"John Wiley & Sons, Inc.",Other,Stable (within 5 points),0.3313,-2.653,1071.0
Professional Orthopedic & Sports Physical Therapy PC,Other,Stable (within 5 points),0.3004,-3.047,396.0
"Jumpstart for Young Children, Inc.",Other,Stable (within 5 points),0.1127,-1.367,300.0
HomeServe USA Corp.,Other,Stable (within 5 points),0.4859,0.9404,425.0
"William Raveis Real Estate, Mortgage & Insurance LLC",Finance & insurance,Stable (within 5 points),0.4279,-2.501,1316.0
Clark Atlanta University,Higher education,Stable (within 5 points),0.1374,1.36,234.0
Chicago Park District (Illinois),Other,Stable (within 5 points),0.09334,-2.29,517.0
"United Parks & Resorts, Inc.",Other,Stable (within 5 points),0.3481,-0.9671,946.0
"KVC Behavioral Healthcare, Inc.",Health care,Stable (within 5 points),0.3603,-4.268,400.0
"Jet's America, Inc.",Other,Stable (within 5 points),0.3291,-3.989,377.0
"FMC Technologies, Inc.",Other,Stable (within 5 points),0.6005,-0.01334,240.0
Kramer Levin Naftalis & Frankel LLP,Other,Stable (within 5 points),0.2401,-4.24,270.0
The Wellmont Health System,Health care,Stable (within 5 points),0.8344,0.8487,229.0
Pandora Media LLC,Other,Stable (within 5 points),0.2021,-2.863,324.0
La-Z-Boy Furniture Galleries /CT & PA/,Other,Stable (within 5 points),0.4755,0.901,238.0
Remington Colleges,Other,Stable (within 5 points),0.3453,-4.895,214.0
One Workplace,Other,Stable (within 5 points),0.2887,-4.381,229.0
"Advanced Technology Services, Inc.",Other,Stable (within 5 points),0.6295,-2.824,500.0
Coca-Cola Europacific Partners plc,Other,Stable (within 5 points),0.4515,-2.673,305.0
Alabama Department of Transportation,Military & federal,Stable (within 5 points),0.5743,-3.44,321.0
"Ethicon, Inc.",Other,Stable (within 5 points),0.5657,-1.51,1130.0
Adelphi University,Higher education,Stable (within 5 points),0.323,-0.5101,753.0
Berkshire Hathaway HomeServices Nevada Properties,Other,Stable (within 5 points),0.5681,-0.9505,222.0
Spherion Staffing LLC,Other,Stable (within 5 points),0.4829,-0.2384,609.0
"Manatt, Phelps & Phillips LLP",Other,Stable (within 5 points),0.1872,2.641,419.0
"MKS Instruments, Inc.",Other,Stable (within 5 points),0.4344,-4.033,695.0
"Greenway Health, Inc.",Health care,Stable (within 5 points),0.5182,-1.533,333.0
The International Mission Board of the Southern Baptist /US/,Other,Stable (within 5 points),0.7369,-1.716,187.0
CubeSmart,Other,Stable (within 5 points),0.3809,-3.998,469.0
Dorsey & Whitney LLP,Other,Stable (within 5 points),0.3798,1.639,596.0
PerkinElmer LLC,Other,Stable (within 5 points),0.4173,-0.5842,770.0
Albright College,Higher education,Stable (within 5 points),0.3553,1.349,229.0
Space Telescope Science Institute,Other,Stable (within 5 points),0.2278,-4.113,392.0
Hunter Douglas NV,Other,Stable (within 5 points),0.4822,-3.275,635.0
Broward College Foundation,Higher education,Stable (within 5 points),0.2619,-3.182,790.0
HID Global Corp.,Other,Stable (within 5 points),0.4623,-3.417,496.0
"The Fresh Market, Inc.",Other,Stable (within 5 points),0.4033,-1.027,1298.0
Dorchester School District Two,State & local government,Stable (within 5 points),0.5888,-3.668,375.0
Deca SC,Other,Stable (within 5 points),0.2873,0.6663,188.0
"Bob Evans Farms, Inc.",Other,Stable (within 5 points),0.4503,0.977,764.0
Brookwood Baptist Health 1 LLC,Health care,Stable (within 5 points),0.5757,-3.264,297.0
The University of Chicago Booth School of Business,Higher education,Stable (within 5 points),0.1911,-1.818,597.0
"Urban One, Inc.",Other,Stable (within 5 points),0.2106,1.599,378.0
Stephen Gould Corp.,Other,Stable (within 5 points),0.5348,-3.338,331.0
"Interstate Battery System of America, Inc.",Other,Stable (within 5 points),0.6296,-1.451,581.0
"75th Ranger Regiment, U.S. Army",Military & federal,Stable (within 5 points),0.5757,-2.148,108.0
St. Clair Hospital Corp.,Health care,Stable (within 5 points),0.4627,-4.464,399.0
"Berkshire Health Systems, Inc.",Health care,Stable (within 5 points),0.1592,-1.517,494.0
"Grey Group, Inc.",Other,Stable (within 5 points),0.227,0.1934,255.0
SWH Mimi’s Cafe LLC,Other,Stable (within 5 points),0.3921,-1.582,134.0
Brazosport Independent School District (Texas),State & local government,Stable (within 5 points),0.6252,4.501,218.0
Hays Consolidated Independent School District (Texas),State & local government,Stable (within 5 points),0.4036,-2.244,389.0
Clif Bar & Co.,Other,Stable (within 5 points),0.2339,0.3601,134.0
Zenith Insurance Co.,Finance & insurance,Stable (within 5 points),0.5145,-2.654,394.0
"Select Water Solutions, Inc.",Other,Stable (within 5 points),0.6533,-0.5067,281.0
"The Broad Institute, Inc.",Other,Stable (within 5 points),0.1312,-2.431,1044.0
Anthony's Coal-Fired Pizza LLC,Other,Stable (within 5 points),0.4448,-3.566,132.0
DePauw University,Higher education,Stable (within 5 points),0.4005,3.697,453.0
La Sierra University,Higher education,Stable (within 5 points),0.379,0.5899,263.0
Longwood University,Higher education,Stable (within 5 points),0.3181,-4.302,250.0
HEI Hotels LLC,Other,Stable (within 5 points),0.3399,3.919,402.0
The Tile Shop LLC,Other,Stable (within 5 points),0.4716,-4.787,390.0
Rhode Island College,Higher education,Stable (within 5 points),0.1552,-4.772,506.0
Bayview Asset Management LLC,Other,Stable (within 5 points),0.389,3.072,338.0
US Department of Commerce (District of columbia),Military & federal,Stable (within 5 points),0.2373,2.042,1171.0
Independent City of Alexandria (Virginia),State & local government,Stable (within 5 points),0.239,-2.145,398.0
LeafFilter North LLC,Other,Stable (within 5 points),0.5781,-1.622,449.0
California State University-San Marcos,Higher education,Stable (within 5 points),0.2846,-4.23,1097.0
"Premier Bankcard, Inc.",Other,Stable (within 5 points),0.7002,-0.604,389.0
"Coverall North America, Inc.",Other,Stable (within 5 points),0.4225,-1.842,322.0
"C2 Educational Systems, Inc.",Other,Stable (within 5 points),0.2317,0.1778,307.0
Saint Peter's University,Higher education,Stable (within 5 points),0.2263,-0.2255,257.0
Ohio National Guard Association,Military & federal,Stable (within 5 points),0.5828,-4.17,307.0
Everett Community College,Higher education,Stable (within 5 points),0.2681,-1.049,298.0
"Premier Health Partners, Inc.",Health care,Stable (within 5 points),0.5884,-4.867,1277.0
Eurest AB,Other,Stable (within 5 points),0.3922,-0.9721,522.0
Barnard College,Higher education,Stable (within 5 points),0.1057,-1.077,544.0
Aecom Tishman,Other,Stable (within 5 points),0.4729,0.8762,311.0
Federal Government Experts LLC,Military & federal,Stable (within 5 points),0.4143,-1.138,1335.0
"Gemological Institute of America, Inc.",Other,Stable (within 5 points),0.3068,0.8328,372.0
State University of New York College at Cortland,Higher education,Stable (within 5 points),0.3039,2.969,276.0
"Nypro, Inc.",Other,Stable (within 5 points),0.5053,0.9363,165.0
Riverside Community College District (California),Higher education,Stable (within 5 points),0.3328,-4.038,274.0
"bluebird bio, Inc.",Other,Stable (within 5 points),0.2342,-2.472,196.0
"International Flavors & Fragrances, Inc.",Other,Stable (within 5 points),0.459,-2.608,1270.0
Debevoise & Plimpton LLP,Other,Stable (within 5 points),0.1847,-0.8945,643.0
Hospice UK,Other,Stable (within 5 points),0.4553,1.995,338.0
"Ferrellgas, Inc.",Other,Stable (within 5 points),0.6399,-2.947,418.0
"Canon Solutions America, Inc.",Other,Stable (within 5 points),0.493,-1.936,454.0
Octagon,Other,Stable (within 5 points),0.3118,1.514,305.0
South Carolina Army National Guard,Military & federal,Stable (within 5 points),0.5619,-0.008667,265.0
"New Era Technology, Inc.",Other,Stable (within 5 points),0.5427,-0.2286,503.0
"ZT Group International, Inc.",Other,Stable (within 5 points),0.3124,-0.7931,541.0
"WEC Energy Group, Inc.",Other,Stable (within 5 points),0.6862,-3.571,645.0
Samson Resources Co.,Other,Stable (within 5 points),0.7063,-3.639,68.0
Kendra Scott LLC,Other,Stable (within 5 points),0.3854,-4.878,936.0
Winston & Strawn LLP,Other,Stable (within 5 points),0.2851,1.075,863.0
US Army Reserves,Military & federal,Stable (within 5 points),0.4349,-0.3474,517.0
"Oldcastle BuildingEnvelope, Inc.",Other,Stable (within 5 points),0.5847,-4.718,464.0
Roanoke College,Higher education,Stable (within 5 points),0.3505,-4.448,321.0
"Western & Southern Financial Group, Inc.",Finance & insurance,Stable (within 5 points),0.578,-4.045,1027.0
The American Institutes for Research,Other,Stable (within 5 points),0.1628,1.22,865.0
"St. Mary's Health, Inc.",Health care,Stable (within 5 points),0.5546,-1.049,290.0
"Snap-On, Inc.",Other,Stable (within 5 points),0.6184,-3.324,1188.0
Beaverton School District,State & local government,Stable (within 5 points),0.2202,-3.753,1035.0
Cox Automotive,Other,Stable (within 5 points),0.4571,-4.241,216.0
"Horizon Air Industries, Inc.",Other,Stable (within 5 points),0.4456,-0.6478,615.0
SP Plus Corp.,Other,Stable (within 5 points),0.3275,-1.084,1061.0
Wheaton College (Illinois),Higher education,Stable (within 5 points),0.4115,3.85,387.0
Naval Information Warfare Center Pacific,Other,Stable (within 5 points),0.428,-1.024,570.0
Keller Williams Realty (4465184),Other,Stable (within 5 points),0.5686,2.512,294.0
"Hayward Industries, Inc.",Other,Stable (within 5 points),0.5914,0.1313,337.0
Kiawah Island Golf Resort,Other,Stable (within 5 points),0.5396,-4.019,242.0
Tucson Unified School District,State & local government,Stable (within 5 points),0.2893,-1.046,1062.0
Shippensburg University of Pennsylvania,Higher education,Stable (within 5 points),0.4255,2.849,368.0
Kirkwood Community College (Iowa),Higher education,Stable (within 5 points),0.3323,-0.2027,558.0
US Government Printing Office (District of Columbia),Other,Stable (within 5 points),0.3508,-1.559,300.0
"QEP Resources, Inc.",Other,Stable (within 5 points),0.5961,4.138,36.0
"Simon Property Group, Inc.",Other,Stable (within 5 points),0.5049,-1.638,1207.0
"Chuy's Holdings, Inc.",Other,Stable (within 5 points),0.4146,0.8847,503.0
"PhysAssist Scribes, Inc.",Other,Stable (within 5 points),0.3847,1.745,146.0
Christopher & Banks Corp.,Other,Stable (within 5 points),0.5247,-3.598,199.0
"AAA Mid-Atlantic, Inc.",Other,Stable (within 5 points),0.436,0.2376,798.0
Domtar Corp.,Other,Stable (within 5 points),0.64,-2.479,591.0
"Satellite Healthcare, Inc.",Health care,Stable (within 5 points),0.2579,-2.859,253.0
"CareCentrix, Inc.",Other,Stable (within 5 points),0.4019,-1.343,581.0
Canyons School District (Utah),State & local government,Stable (within 5 points),0.7035,-4.889,575.0
Creation Technologies LP,Other,Stable (within 5 points),0.5267,-0.758,278.0
Waukesha School District (Wisconsin),State & local government,Stable (within 5 points),0.5958,4.054,297.0
"Clayton Homes, Inc.",Other,Stable (within 5 points),0.6601,-4.916,1137.0
Dentsu Uk Ltd.,Other,Stable (within 5 points),0.2592,2.091,362.0
Seattle Colleges District,Other,Stable (within 5 points),0.1591,-0.1419,246.0
L.E.K. Consulting LLC,Other,Stable (within 5 points),0.208,1.922,568.0
"West-Herr Automotive Group, Inc.",Other,Stable (within 5 points),0.5754,0.7397,353.0
Soma Intimates LLC,Other,Stable (within 5 points),0.3587,2.939,497.0
Ramapo College of New Jersey,Higher education,Stable (within 5 points),0.2671,0.7622,407.0
"Bryant & Stratton College, Inc.",Higher education,Stable (within 5 points),0.3724,-3.635,843.0
Drexel University College of Medicine,Higher education,Stable (within 5 points),0.2221,1.42,553.0
"FleetPride, Inc.",Other,Stable (within 5 points),0.6224,-4.238,528.0
The Library of Congress (District of Columbia),Other,Stable (within 5 points),0.1754,1.414,955.0
American Dental Association,Other,Stable (within 5 points),0.287,0.164,301.0
"DentaQuest Group, Inc.",Other,Stable (within 5 points),0.4219,4.794,452.0
"H.H. Franchising Systems, Inc.",Other,Stable (within 5 points),0.4662,-0.8354,404.0
"Fresenius Medical Care Holdings, Inc.",Health care,Stable (within 5 points),0.4225,-3.953,515.0
"Savills, Inc.",Other,Stable (within 5 points),0.4531,-3.692,322.0
St. Joseph's Hospital,Health care,Stable (within 5 points),0.4836,-4.197,261.0
"Skadden, Arps, Slate, Meagher & Flom LLP",Other,Stable (within 5 points),0.2407,-2.658,1297.0
Incyte Corp.,Other,Stable (within 5 points),0.4425,0.05158,899.0
Arcadia University,Higher education,Stable (within 5 points),0.2082,0.7296,470.0
"Mercury Systems, Inc.",Other,Stable (within 5 points),0.5111,1.329,794.0
Haynes & Boone LLP,Other,Stable (within 5 points),0.4539,-3.428,576.0
Cricket Wireless LLC,Other,Stable (within 5 points),0.3345,-4.604,1077.0
Thomas Jefferson National Accelerator Facility,Other,Stable (within 5 points),0.4235,-4.833,378.0
New Jersey Judiciary (United States),Other,Stable (within 5 points),0.2957,-2.48,1032.0
Child Care Services Association,Other,Stable (within 5 points),0.3081,-3.674,299.0
"California Pizza Kitchen, Inc.",Other,Stable (within 5 points),0.3288,0.7609,528.0
University of St. Francis (Illinois),Higher education,Stable (within 5 points),0.387,-2.676,192.0
Colorado Springs School District 11,State & local government,Stable (within 5 points),0.4983,-4.94,625.0
Wisconsin Department of Health & Family Services,Military & federal,Stable (within 5 points),0.3928,2.651,771.0
"Celestica, Inc.",Other,Stable (within 5 points),0.4347,-1.829,439.0
"DJO Global, Inc.",Other,Stable (within 5 points),0.5415,-0.2111,308.0
Weather Group Television LLC,Other,Stable (within 5 points),0.3768,-3.03,199.0
Law Office,Other,Stable (within 5 points),0.3861,-0.6191,1144.0
Denison University,Higher education,Stable (within 5 points),0.2772,-3.217,686.0
Russell Sage College,Higher education,Stable (within 5 points),0.2856,0.7463,283.0
Veridian Credit Union,Other,Stable (within 5 points),0.4356,-2.9,270.0
Oxford University Press Ltd.,Higher education,Stable (within 5 points),0.1902,-0.9211,327.0
Arizona Department of Transportation,Military & federal,Stable (within 5 points),0.5672,2.915,611.0
"Allegis Group, Inc.",Other,Stable (within 5 points),0.4129,-3.729,461.0
American Systems Corp.,Other,Stable (within 5 points),0.5245,1.05,567.0
Capgemini Consulting Belgium,Other,Stable (within 5 points),0.3121,-0.06818,273.0
"MarketSource, Inc.",Other,Stable (within 5 points),0.3573,-4.372,872.0
Creighton University,Higher education,Stable (within 5 points),0.4246,-2.09,1232.0
Vassar College,Higher education,Stable (within 5 points),0.1619,-0.8358,787.0
"CRA International, Inc.",Other,Stable (within 5 points),0.2311,-4.982,406.0
"United States Soccer Federation, Inc.",Other,Stable (within 5 points),0.4003,-3.218,961.0
"Helms Briscoe Performance Group, Inc.",Other,Stable (within 5 points),0.5531,-4.362,570.0
"FUJIFILM Diosynth Biotechnologies USA, Inc.",Other,Stable (within 5 points),0.4036,-1.616,948.0
"Owens & Minor, Inc.",Other,Stable (within 5 points),0.5023,-4.397,1085.0
Lowe'S Home Improvement /Pa/,Retail & hospitality,Stable (within 5 points),0.5005,-2.599,486.0
"Bethesda Health, Inc.",Health care,Stable (within 5 points),0.4112,1.598,251.0
"Connextions, Inc.",Other,Stable (within 5 points),0.3256,2.315,128.0
The Golf Channel LLC,Other,Stable (within 5 points),0.5006,0.9116,93.0
Edison International,Other,Stable (within 5 points),0.4323,-3.572,227.0
Hinds Community College District (Mississippi),Higher education,Stable (within 5 points),0.4754,-2.18,311.0
Kone Oyj,Other,Stable (within 5 points),0.566,-3.152,889.0
"Freeport-McMoRan, Inc.",Other,Stable (within 5 points),0.5974,-3.493,1322.0
Civil Air Patrol,Other,Stable (within 5 points),0.65,-1.79,621.0
Ballard Spahr LLP,Other,Stable (within 5 points),0.2953,-2.4,646.0
JBS SA,Other,Stable (within 5 points),0.5762,2.069,390.0
First Christian Church,Other,Stable (within 5 points),0.5572,-2.525,211.0
"Bankers Trust Co. (Des Moines, Iowa)",Other,Stable (within 5 points),0.5557,2.229,280.0
"Citizens For Collier County Public Schools, Inc.",State & local government,Stable (within 5 points),0.498,0.01462,239.0
"Real Living Network Services, Inc.",Other,Stable (within 5 points),0.5898,-0.8187,287.0
First Niagara Bank NA,Finance & insurance,Stable (within 5 points),0.4682,-2.212,225.0
State of Kentucky,State & local government,Stable (within 5 points),0.4434,1.115,974.0
Simpson Thacher & Bartlett LLP,Other,Stable (within 5 points),0.2259,2.871,999.0
"Razorfish, Inc. /Old/",Other,Stable (within 5 points),0.2196,0.8291,1003.0
OgilvyOne LLC,Other,Stable (within 5 points),0.1954,-0.8667,675.0
Wake Forest University,Higher education,Stable (within 5 points),0.3604,4.617,998.0
Long Beach Memorial Medical Center,Health care,Stable (within 5 points),0.3626,-2.024,559.0
United Bank (Virginia),Finance & insurance,Stable (within 5 points),0.5065,2.195,593.0
Edward Don & Co. LLC,Other,Stable (within 5 points),0.4743,1.396,261.0
Confidential/AU/,Other,Stable (within 5 points),0.424,4.676,674.0
Gilbert Public Schools,State & local government,Stable (within 5 points),0.5801,-4.594,565.0
University of North Dakota,Higher education,Stable (within 5 points),0.4076,-1.644,1103.0
"Mobile Communications America, Inc.",Other,Stable (within 5 points),0.572,-1.208,336.0
The Marc Jacobs International Co. LLC,Other,Stable (within 5 points),0.2043,2.867,234.0
"Hargrove & Associates, Inc.",Other,Stable (within 5 points),0.6744,4.55,809.0
Customers Bank,Finance & insurance,Stable (within 5 points),0.4643,-0.2452,375.0
"Teledyne Brown Engineering, Inc.",Other,Stable (within 5 points),0.6962,-4.689,285.0
Greenwich Hospital,Health care,Stable (within 5 points),0.2761,-2.841,307.0
Augustana College (Illinois),Higher education,Stable (within 5 points),0.2885,-3.105,369.0
Princess Cruise Lines Ltd.,Other,Stable (within 5 points),0.3835,0.2653,650.0
University Medical Center of Southern Nevada,Higher education,Stable (within 5 points),0.4115,-3.396,543.0
"Cub Foods, Inc.",Other,Stable (within 5 points),0.4475,-1.049,424.0
County of Arlington (Virginia),State & local government,Stable (within 5 points),0.2378,-2.522,878.0
"P.F. Chang's China Bistro, Inc.",Other,Stable (within 5 points),0.3585,-4.959,1269.0
ECS Mid-Atlantic LLC,Other,Stable (within 5 points),0.4885,-3.797,789.0
"Heritage Christian Services, Inc.",Other,Stable (within 5 points),0.3269,-2.749,280.0
Suburban Propane LP,Other,Stable (within 5 points),0.5692,2.14,426.0
"Shaw's Supermarkets, Inc.",Other,Stable (within 5 points),0.2988,0.3861,667.0
El Paso Independent School District (Texas),State & local government,Stable (within 5 points),0.2244,-3.372,858.0
Follett Higher Education Group LLC,Other,Stable (within 5 points),0.3264,-1.071,963.0
"Cardinal Glass Industries, Inc.",Other,Stable (within 5 points),0.639,-0.04585,336.0
Westfield Group (Ohio),Other,Stable (within 5 points),0.6189,-4.647,972.0
University of Minnesota Duluth,Higher education,Stable (within 5 points),0.3791,-1.462,734.0
Wilson County Schools (North Carolina),Other,Stable (within 5 points),0.6267,-1.635,310.0
"Classical Conversations, Inc.",Other,Stable (within 5 points),0.7936,3.584,437.0
California Institute of the Arts,Other,Stable (within 5 points),0.1635,2.224,247.0
White House Commission on Remembrance,Other,Stable (within 5 points),0.2812,3.289,535.0
"The Culinary Institute of America, Inc.",Other,Stable (within 5 points),0.3649,1.038,363.0
"Southern States Cooperative, Inc.",Other,Stable (within 5 points),0.6236,-2.958,201.0
"Anywhere Real Estate, Inc.",Other,Stable (within 5 points),0.4415,-2.622,738.0
Allianz Global Investors GmbH,Other,Stable (within 5 points),0.44,-3.255,92.0
Consumer Financial Protection Bureau,Finance & insurance,Stable (within 5 points),0.2008,-2.54,661.0
Catamaran Corp.,Other,Stable (within 5 points),0.4164,-2.694,172.0
Calero Software Ltd.,Other,Stable (within 5 points),0.4805,-3.535,256.0
Livingston Parish Public Schools /La/,State & local government,Stable (within 5 points),0.7594,-1.622,343.0
"Health Advocate, Inc.",Health care,Stable (within 5 points),0.3466,3.561,256.0
Baskin-Robbins International LLC,Other,Stable (within 5 points),0.3033,4.459,297.0
"The Jones Group, Inc.",Other,Stable (within 5 points),0.3721,4.785,115.0
Metropolitan Washington Airports Authority,Other,Stable (within 5 points),0.3764,-3.843,320.0
"Life Fitness, Inc.",Other,Stable (within 5 points),0.4247,-3.506,310.0
Public Health Management Corp.,Health care,Stable (within 5 points),0.1315,0.3204,259.0
Ip.Com I LLC,Other,Stable (within 5 points),0.3601,3.155,210.0
The NORDAM Group LLC,Other,Stable (within 5 points),0.7452,-3.968,409.0
"National Jewish Health, Inc.",Health care,Stable (within 5 points),0.2538,-3.563,610.0
Exelon Nuclear,Other,Stable (within 5 points),0.6084,-0.6515,866.0
Baystate Medical Center,Health care,Stable (within 5 points),0.2758,-1.829,538.0
Office of the Arizona Attorney General,Other,Stable (within 5 points),0.4892,-1.368,317.0
Young Living Essential Oils Independent Distributor,Other,Stable (within 5 points),0.6897,0.909,261.0
Cooper Lighting LLC,Other,Stable (within 5 points),0.517,-3.691,254.0
Prada SpA,Other,Stable (within 5 points),0.2252,-1.525,401.0
Electrolux AB,Other,Stable (within 5 points),0.5093,-3.315,1077.0
"IPC Healthcare, Inc.",Health care,Stable (within 5 points),0.4322,-0.6778,137.0
TPR Education IP Holdings LLC,Other,Stable (within 5 points),0.2576,-2.796,351.0
Daytona State College,Higher education,Stable (within 5 points),0.4905,0.7584,450.0
Michael G. Foster School of Business,Other,Stable (within 5 points),0.1569,2.353,257.0
"Valley National Bank (Passaic, New Jersey)",Finance & insurance,Stable (within 5 points),0.4202,0.3005,1209.0
"Group Health Cooperative, Inc.",Health care,Stable (within 5 points),0.2663,2.924,408.0
"Sturdy Memorial Hospital, Inc.",Health care,Stable (within 5 points),0.2895,-3.138,311.0
Walgreens,Other,Stable (within 5 points),0.4011,-0.5886,156.0
Bard College,Higher education,Stable (within 5 points),0.1488,-0.5993,381.0
Harvard T.H. Chan School of Public Health,Health care,Stable (within 5 points),0.1074,2.324,700.0
Texas Farm Bureau Insurance Cos.,Finance & insurance,Stable (within 5 points),0.7799,0.05063,382.0
"Republic Bancorp, Inc. (Kentucky)",Finance & insurance,Stable (within 5 points),0.4684,-3.534,505.0
Advocate Medical Group,Health care,Stable (within 5 points),0.2692,-4.331,309.0
"Civil & Environmental Consultants, Inc.",Other,Stable (within 5 points),0.551,-3.254,706.0
Fox Valley Technical College,Higher education,Stable (within 5 points),0.6429,-0.4529,572.0
Green Dot Corp.,Other,Stable (within 5 points),0.3875,1.685,303.0
"Epic Health Services, Inc.",Health care,Stable (within 5 points),0.3823,-4.147,273.0
The Borgata Hotel Casino & Spa,Retail & hospitality,Stable (within 5 points),0.4454,-4.461,345.0
"Driveline Retail Merchandising, Inc.",Retail & hospitality,Stable (within 5 points),0.5034,-2.291,498.0
Hamilton Sundstrand Corp.,Other,Stable (within 5 points),0.6182,4.31,229.0
National Federation of Independent Business (Tennessee),Other,Stable (within 5 points),0.6535,-2.48,262.0
State University of New York at Downstate Medical Center,Higher education,Stable (within 5 points),0.1921,-1.667,733.0
Pike Corp.,Other,Stable (within 5 points),0.6386,-4.047,386.0
Multi-Color Corp.,Other,Stable (within 5 points),0.5971,-2.977,646.0
County of San Mateo (California),State & local government,Stable (within 5 points),0.1711,-3.404,806.0
Illinois Department of Human Services (Illinois),Military & federal,Stable (within 5 points),0.2078,-1.24,721.0
Tamko Building Products LLC (Kansas),Other,Stable (within 5 points),0.8314,-0.7854,217.0
Virginia Hospital Center Arlington Health System,Health care,Stable (within 5 points),0.2307,-4.478,553.0
"Reliv' International, Inc.",Other,Stable (within 5 points),0.6912,-1.089,270.0
Foley & Lardner LLP,Other,Stable (within 5 points),0.4354,-4.403,1266.0
The High School of Glasgow,Other,Stable (within 5 points),0.3695,-1.473,537.0
Guilford Technical Community College,Higher education,Stable (within 5 points),0.3871,2.519,473.0
McLean County Unit 5 School District,State & local government,Stable (within 5 points),0.4244,-3.331,236.0
York County School Division,Other,Stable (within 5 points),0.4496,-3.385,271.0
Franklin & Marshall College,Higher education,Stable (within 5 points),0.2595,-0.3365,536.0
Jazz Pharmaceuticals Plc,Other,Stable (within 5 points),0.3931,-2.189,731.0
Byline Bank,Finance & insurance,Stable (within 5 points),0.2849,-3.087,407.0
Norwalk Health Services Corp.,Health care,Stable (within 5 points),0.3406,-3.341,209.0
"Truven Health Analytics, Inc.",Health care,Stable (within 5 points),0.3891,1.862,132.0
Ditech Financial LLC,Finance & insurance,Stable (within 5 points),0.5117,0.5196,172.0
Software Engineering Institute,Other,Stable (within 5 points),0.3718,-4.433,325.0
"Blue Sprig Pediatrics, Inc.",Other,Stable (within 5 points),0.2532,4.68,479.0
Vantiva SA,Other,Stable (within 5 points),0.4001,-2.421,544.0
Kansas City Kansas Community College,Higher education,Stable (within 5 points),0.4573,-0.821,289.0
"Bosch Security Systems, Inc.",Other,Stable (within 5 points),0.6293,-2.303,268.0
Dentsu International Ltd.,Other,Stable (within 5 points),0.2655,4.969,1108.0
Davis School District (Utah),State & local government,Stable (within 5 points),0.866,-1.094,871.0
"Palantir Technologies, Inc.",AI & big tech,Stable (within 5 points),0.2292,3.287,1295.0
Curvature LLC,Other,Stable (within 5 points),0.4047,1.014,112.0
Chanel Ltd.,Other,Stable (within 5 points),0.3249,-2.278,1370.0
Mohegan Sun Casino,Other,Stable (within 5 points),0.3812,-2.69,470.0
Alex & Ani LLC,Other,Stable (within 5 points),0.2935,1.153,112.0
"Deli Management, Inc.",Other,Stable (within 5 points),0.4305,2.436,459.0
East Texas A&M University,Higher education,Stable (within 5 points),0.4749,-4.506,542.0
"Rodeo Realty, Inc.",Other,Stable (within 5 points),0.3895,-1.272,353.0
"CAMC Health System, Inc.",Health care,Stable (within 5 points),0.5601,1.743,508.0
"Peet's Coffee & Tea, Inc.",Other,Stable (within 5 points),0.2276,1.851,763.0
"SimonMed Imaging, Inc.",Other,Stable (within 5 points),0.49,-4.178,443.0
Appen Ltd.,Other,Stable (within 5 points),0.3261,-2.316,769.0
Linear Technology LLC,Other,Stable (within 5 points),0.4576,1.174,97.0
California Department of Tax & Fee Administration,Military & federal,Stable (within 5 points),0.3367,-4.057,427.0
Murphy-Hoffman Co.,Other,Stable (within 5 points),0.7237,-3.736,677.0
Guggenheim Partners LLC,Other,Stable (within 5 points),0.3971,-3.408,827.0
"Cirque du Soleil, Inc.",Other,Stable (within 5 points),0.2908,-1.351,568.0
Unidine Corp.,Other,Stable (within 5 points),0.3983,2.89,328.0
The American Museum of Natural History,Other,Stable (within 5 points),0.1139,0.6871,421.0
"LMI Aerospace, Inc.",Other,Stable (within 5 points),0.6235,-4.088,169.0
Indiana Institute of Technology,Higher education,Stable (within 5 points),0.4872,0.06015,304.0
Sotheby's,Other,Stable (within 5 points),0.2447,0.8896,422.0
Little Rock School District (Arkansas),State & local government,Stable (within 5 points),0.3316,-3.762,518.0
"MS International, Inc.",Other,Stable (within 5 points),0.3632,1.793,444.0
"Encompass Digital Media, Inc.",Other,Stable (within 5 points),0.3449,-1.991,201.0
Diablo Valley College,Higher education,Stable (within 5 points),0.1915,-4.249,349.0
Southern Oregon University,Higher education,Stable (within 5 points),0.2862,-4.848,196.0
Maxim Integrated Products LLC,Other,Stable (within 5 points),0.3739,-2.468,369.0
"Eurofins Lancaster Laboratories, Inc.",Other,Stable (within 5 points),0.4413,-2.045,984.0
Lake Michigan Credit Union,Other,Stable (within 5 points),0.456,-3.698,597.0
Press Ganey Associates,Other,Stable (within 5 points),0.4192,-1.706,682.0
"Loomis, Sayles & Co. LP",Other,Stable (within 5 points),0.3073,-2.54,451.0
Church & Co. Ltd.,Other,Stable (within 5 points),0.5541,1.154,279.0
"Books-A-Million, Inc.",Other,Stable (within 5 points),0.3931,1.657,393.0
University of San Francisco,Higher education,Stable (within 5 points),0.1483,0.1442,1214.0
Element Fleet Management Corp.,Other,Stable (within 5 points),0.5499,-3.835,490.0
"Genesis Health Clubs Management, Inc.",Health care,Stable (within 5 points),0.5052,0.9791,395.0
Advanced Homecare Management LLC,Other,Stable (within 5 points),0.5834,-3.772,281.0
Day Pitney LLP,Other,Stable (within 5 points),0.3095,-1.027,373.0
Nassau Community College,Higher education,Stable (within 5 points),0.3878,0.3709,321.0
Verizon Wireless,Other,Stable (within 5 points),0.403,3.437,134.0
Noodles & Co.,Other,Stable (within 5 points),0.2764,-4.482,710.0
SMS Assist LLC,Other,Stable (within 5 points),0.2189,-2.531,134.0
Chandler Unified School District,State & local government,Stable (within 5 points),0.505,-3.992,611.0
"Trend Micro, Inc.",Other,Stable (within 5 points),0.4521,4.773,427.0
"Soho House & Co., Inc.",Other,Stable (within 5 points),0.2,-2.814,493.0
Macerich Co.,Other,Stable (within 5 points),0.4617,1.235,295.0
Lesley University,Higher education,Stable (within 5 points),0.1128,1.62,374.0
"Warby Parker, Inc.",Other,Stable (within 5 points),0.2161,-2.372,1043.0
Hyatt Place (South Carolina),Other,Stable (within 5 points),0.3214,-1.724,535.0
USA Volleyball,Other,Stable (within 5 points),0.4925,0.6458,164.0
Hartnell College,Higher education,Stable (within 5 points),0.1774,-1.978,240.0
Publicis Sapient,Other,Stable (within 5 points),0.247,-4.309,1085.0
In-Home Supportive Services Consortium,Other,Stable (within 5 points),0.3066,4.643,283.0
Ultimate Staffing Services,Other,Stable (within 5 points),0.3454,2.21,338.0
The RAND Corp.,Other,Stable (within 5 points),0.2099,-1.27,892.0
Mckesson Health Solutions LLC,Health care,Stable (within 5 points),0.4761,3.544,132.0
Florida Department of Law Enforcement,Military & federal,Stable (within 5 points),0.5032,-4.181,471.0
Valpak Direct Marketing Systems LLC,Other,Stable (within 5 points),0.5901,1.951,375.0
Colorado State University-Pueblo,Higher education,Stable (within 5 points),0.3476,-0.8886,349.0
The Museum of Modern Art,Other,Stable (within 5 points),0.1385,-3.732,371.0
"Platt Electric Supply, Inc.",Other,Stable (within 5 points),0.5311,-0.1325,224.0
"Cassidy Turley, Inc.",Other,Stable (within 5 points),0.5746,2.343,105.0
Compsych Ltd.,Other,Stable (within 5 points),0.1993,2.982,393.0
Capital University,Higher education,Stable (within 5 points),0.3566,1.454,298.0
Providence Hospital,Health care,Stable (within 5 points),0.3864,4.287,294.0
State Farm Insurance Agency,Finance & insurance,Stable (within 5 points),0.5937,-1.367,264.0
Fontainebleau Miami Beach,Other,Stable (within 5 points),0.322,0.34,206.0
"Green Bay Packaging, Inc.",Other,Stable (within 5 points),0.7199,-1.764,509.0
"1Life Healthcare, Inc.",Health care,Stable (within 5 points),0.1593,4.035,1144.0
Bellarmine University,Higher education,Stable (within 5 points),0.3618,-2.785,425.0
Pomona Unified School District (California),State & local government,Stable (within 5 points),0.2567,0.4583,301.0
Sacramento Municipal Utility District (California),Other,Stable (within 5 points),0.4475,-4.815,873.0
McDermott Will & Emery LLP,Other,Stable (within 5 points),0.2676,-2.699,993.0
Société Générale SA (Broker),Other,Stable (within 5 points),0.3471,0.8082,349.0
Washington & Jefferson College,Higher education,Stable (within 5 points),0.3291,4.552,188.0
Firmenich SA,Other,Stable (within 5 points),0.4035,-2.039,232.0
Hillsborough Community College,Higher education,Stable (within 5 points),0.3907,-0.3811,689.0
Albemarle County Public Schools,State & local government,Stable (within 5 points),0.2947,-2.16,512.0
Michigan Technological University,Higher education,Stable (within 5 points),0.3173,1.134,325.0
"Kroger Specialty Pharmacy Holdings 2, Inc.",Health care,Stable (within 5 points),0.39,-4.859,268.0
RPS 205,Other,Stable (within 5 points),0.3972,-2.508,308.0
Hartford Public Schools (Connecticut),State & local government,Stable (within 5 points),0.2023,-3.728,388.0
Lycoming College,Higher education,Stable (within 5 points),0.4221,2.261,196.0
Western Oilfields Supply Co.,Other,Stable (within 5 points),0.6924,-2.673,393.0
SAS Retail Services LLC,Retail & hospitality,Stable (within 5 points),0.434,-2.665,899.0
City of New Haven (Connecticut),State & local government,Stable (within 5 points),0.2123,-3.609,275.0
University of the Pacific,Higher education,Stable (within 5 points),0.2888,-0.9205,1005.0
Charleston County School District (South Carolina),State & local government,Stable (within 5 points),0.4867,-2.652,1355.0
Elevations Credit Union,Other,Stable (within 5 points),0.3534,-0.7919,281.0
Stockton University,Higher education,Stable (within 5 points),0.3284,-0.6957,563.0
Better Business Bureau,Other,Stable (within 5 points),0.4523,4.28,499.0
"Jockey International, Inc.",Other,Stable (within 5 points),0.5322,3.533,277.0
Pall Corp.,Other,Stable (within 5 points),0.497,-1.456,435.0
State of Florida Department of Economic,Military & federal,Stable (within 5 points),0.3096,3.784,214.0
"Thoughtworks Holding, Inc.",Other,Stable (within 5 points),0.2187,-0.8049,363.0
"Travel & Transport, Inc.",Other,Stable (within 5 points),0.4593,0.9254,104.0
"American Federation of State, County & Municipal Employees",Other,Stable (within 5 points),0.1782,-0.8796,293.0
USF Holland LLC,Other,Stable (within 5 points),0.629,1.782,272.0
Kelley Drye & Warren LLP,Other,Stable (within 5 points),0.2412,3.551,254.0
SGS International LLC,Other,Stable (within 5 points),0.51,-4.487,394.0
"Palm Beach County Education Commission, Inc.",Other,Stable (within 5 points),0.3733,-0.7067,479.0
Cognex Corp.,Other,Stable (within 5 points),0.4007,1.248,518.0
University of Alaska Fairbanks,Higher education,Stable (within 5 points),0.4783,1.717,940.0
"GUE Liquidation Cos., Inc.",Other,Stable (within 5 points),0.3427,-1.316,190.0
United Space Alliance LLC,Other,Stable (within 5 points),0.6622,2.011,217.0
Northern Illinois University,Higher education,Stable (within 5 points),0.2586,-2.302,1092.0
Urbn SRL,Other,Stable (within 5 points),0.2739,-2.382,855.0
"Minuteman Press International, Inc.",Other,Stable (within 5 points),0.4903,-4.677,522.0
State of Arkansas,State & local government,Stable (within 5 points),0.5333,-1.392,716.0
Schoolcraft College,Higher education,Stable (within 5 points),0.3765,-3.809,368.0
Cape Fear Community College,Higher education,Stable (within 5 points),0.4764,-0.7646,431.0
Puget Sound Naval Shipyard (7390869),Other,Stable (within 5 points),0.5827,0.5764,275.0
Sacred Heart Hospital (Wisconsin),Health care,Stable (within 5 points),0.5532,0.1571,165.0
University of Houston Downtown,Higher education,Stable (within 5 points),0.2803,-3.339,541.0
Johnson Controls Fire Protection LP,Other,Stable (within 5 points),0.6123,-1.295,657.0
Northern Tool & Equipment Catalog Co.LLC,Other,Stable (within 5 points),0.6294,0.14,461.0
California State University-Monterey Bay,Higher education,Stable (within 5 points),0.2004,0.2134,660.0
Hilton Hotels Worldwide,Retail & hospitality,Stable (within 5 points),0.3511,0.768,273.0
JPMorgan Chase & Co.,Finance & insurance,Drifted Democratic (5+ points),0.3936,-6.383,51220.0
Target Corp.,Retail & hospitality,Drifted Democratic (5+ points),0.3567,-9.016,45540.0
"Keller Williams Realty, Inc.",Other,Drifted Democratic (5+ points),0.5351,-5.955,27670.0
CVS Health Corp.,Health care,Drifted Democratic (5+ points),0.3746,-5.313,26920.0
Ernst & Young Global Ltd.,Consulting & accounting,Drifted Democratic (5+ points),0.3873,-5.633,26770.0
Walgreen Co.,Health care,Drifted Democratic (5+ points),0.3628,-6.837,25030.0
General Motors Co.,Other,Drifted Democratic (5+ points),0.4748,-9.925,24580.0
U.S. Bank /Global Corporate Trust Services/,Finance & insurance,Drifted Democratic (5+ points),0.5053,-6.715,24220.0
Accenture Plc,Consulting & accounting,Drifted Democratic (5+ points),0.345,-6.209,23710.0
Capital One Financial Corp.,Finance & insurance,Drifted Democratic (5+ points),0.3597,-10.39,22060.0
"The PNC Financial Services Group, Inc.",Finance & insurance,Drifted Democratic (5+ points),0.4569,-5.676,22040.0
RTX Corp.,Defense & aerospace,Drifted Democratic (5+ points),0.5113,-6.15,20660.0
"Optum, Inc.",Other,Drifted Democratic (5+ points),0.4442,-7.017,20120.0
Comcast Corp.,Other,Drifted Democratic (5+ points),0.3706,-5.639,18140.0
"Charter Communications, Inc.",Other,Drifted Democratic (5+ points),0.4409,-12.86,18070.0
Ford Motor Co.,Other,Drifted Democratic (5+ points),0.447,-8.129,16970.0
"eXp World Holdings, Inc.",Other,Drifted Democratic (5+ points),0.5426,-6.977,16770.0
Medtronic Plc,Other,Drifted Democratic (5+ points),0.5256,-9.41,16490.0
"PepsiCo, Inc.",Other,Drifted Democratic (5+ points),0.4737,-5.108,16010.0
Edward D. Jones & Co. LP,Other,Drifted Democratic (5+ points),0.647,-5.427,15880.0
Pfizer Inc.,Other,Drifted Democratic (5+ points),0.4328,-8.624,15760.0
"Automatic Data Processing, Inc.",Other,Drifted Democratic (5+ points),0.4342,-8.248,15750.0
Mayo Clinic,Health care,Drifted Democratic (5+ points),0.5749,-11.29,15710.0
"Honeywell International, Inc.",Other,Drifted Democratic (5+ points),0.5639,-5.258,15520.0
Progressive Corp.,Finance & insurance,Drifted Democratic (5+ points),0.44,-8.876,15080.0
"Thermo Fisher Scientific, Inc.",Other,Drifted Democratic (5+ points),0.4226,-7.778,14860.0
The Northwestern Mutual Life Insurance Co.,Finance & insurance,Drifted Democratic (5+ points),0.5649,-5.821,14790.0
The Walt Disney Co.,Other,Drifted Democratic (5+ points),0.336,-5.079,14690.0
United Services Automobile Association,Other,Drifted Democratic (5+ points),0.5052,-5.169,14490.0
"HCA Healthcare, Inc.",Health care,Drifted Democratic (5+ points),0.5184,-8.718,14350.0
"Delta Air Lines, Inc.",Other,Drifted Democratic (5+ points),0.4475,-6.534,14250.0
"Elevance Health, Inc.",Health care,Drifted Democratic (5+ points),0.4218,-7.066,13770.0
"Merck & Co., Inc.",Other,Drifted Democratic (5+ points),0.4465,-9.37,13770.0
Ascension Health Alliance,Health care,Drifted Democratic (5+ points),0.5083,-11.15,13560.0
"CBRE Group, Inc.",Other,Drifted Democratic (5+ points),0.4941,-7.511,13400.0
"NIKE, Inc.",Other,Drifted Democratic (5+ points),0.2413,-6.531,13060.0
"The Travelers Cos., Inc.",Other,Drifted Democratic (5+ points),0.4549,-5.97,12840.0
Liberty Mutual Insurance Co.,Finance & insurance,Drifted Democratic (5+ points),0.4189,-5.954,12790.0
Allied Universal Manager LLC,Other,Drifted Democratic (5+ points),0.3826,-5.577,12580.0
"AbbVie, Inc.",Other,Drifted Democratic (5+ points),0.4128,-7.123,12040.0
Johnson & Johnson,Other,Drifted Democratic (5+ points),0.4183,-5.909,11810.0
Adventist Health System Sunbelt Healthcare Corp.,Health care,Drifted Democratic (5+ points),0.4537,-9.165,11800.0
New York Life Insurance Co.,Finance & insurance,Drifted Democratic (5+ points),0.4447,-6.004,11520.0
Eli Lilly & Co.,Other,Drifted Democratic (5+ points),0.536,-9.485,11490.0
Stryker Corp.,Other,Drifted Democratic (5+ points),0.5294,-7.778,11430.0
"CVS Pharmacy, Inc.",Health care,Drifted Democratic (5+ points),0.3364,-5.273,11360.0
"Leidos, Inc.",Defense & aerospace,Drifted Democratic (5+ points),0.4713,-5.926,11260.0
Collins Aerospace,Other,Drifted Democratic (5+ points),0.5212,-11.98,11110.0
Southwest Airlines Co.,Other,Drifted Democratic (5+ points),0.5427,-6.118,11070.0
The Sherwin-Williams Co.,Other,Drifted Democratic (5+ points),0.5005,-8.745,11020.0
Centene Corp.,Other,Drifted Democratic (5+ points),0.4223,-5.3,10990.0
Procter & Gamble Co.,Other,Drifted Democratic (5+ points),0.5165,-5.374,10810.0
"L3Harris Technologies, Inc.",Defense & aerospace,Drifted Democratic (5+ points),0.6113,-15.23,10700.0
American Express Co.,Finance & insurance,Drifted Democratic (5+ points),0.3843,-6.582,10460.0
H-E-B LP,Other,Drifted Democratic (5+ points),0.3621,-5.058,10380.0
"Primerica, Inc.",Other,Drifted Democratic (5+ points),0.4353,-7.025,10150.0
Nationwide Corp.,Other,Drifted Democratic (5+ points),0.4898,-5.165,10120.0
Bristol Myers Squibb Co.,Other,Drifted Democratic (5+ points),0.3894,-9.976,9845.0
U.S. Department of Homeland Security,Military & federal,Drifted Democratic (5+ points),0.4353,-6.535,9837.0
"Jacobs Engineering Group, Inc.",Other,Drifted Democratic (5+ points),0.5333,-10.69,9818.0
Truist Financial Corp.,Finance & insurance,Drifted Democratic (5+ points),0.4793,-6.929,9685.0
"Enterprise Holdings, Inc.",Other,Drifted Democratic (5+ points),0.4786,-8.205,9608.0
Cintas Corp.,Other,Drifted Democratic (5+ points),0.5629,-6.258,8931.0
State of California,State & local government,Drifted Democratic (5+ points),0.3665,-5.194,8819.0
"The Vanguard Group, Inc.",Other,Drifted Democratic (5+ points),0.4093,-5.293,8794.0
Boston Scientific Corp.,Other,Drifted Democratic (5+ points),0.5161,-9.638,8781.0
"DaVita, Inc.",Other,Drifted Democratic (5+ points),0.3845,-6.27,8710.0
Science Applications International Corp.,Defense & aerospace,Drifted Democratic (5+ points),0.5477,-5.083,8702.0
"Labcorp Holdings, Inc.",Other,Drifted Democratic (5+ points),0.3949,-6.383,8482.0
Michigan State University,Higher education,Drifted Democratic (5+ points),0.2442,-5.927,8422.0
Beaumont Health,Health care,Drifted Democratic (5+ points),0.4067,-11.63,8412.0
Fifth Third Bancorp,Finance & insurance,Drifted Democratic (5+ points),0.5238,-8.217,8109.0
"TEKsystems, Inc.",Other,Drifted Democratic (5+ points),0.4549,-7.92,8051.0
"Ulta Beauty, Inc.",Other,Drifted Democratic (5+ points),0.3227,-10.12,7994.0
"Fiserv, Inc.",Other,Drifted Democratic (5+ points),0.5062,-5.295,7818.0
Intermountain Health (Utah),Health care,Drifted Democratic (5+ points),0.7128,-8.17,7716.0
RSM US LLP,Other,Drifted Democratic (5+ points),0.4433,-8.823,7618.0
"Dick's Sporting Goods, Inc.",Other,Drifted Democratic (5+ points),0.451,-8.85,7605.0
Baylor Scott & White Health,Health care,Drifted Democratic (5+ points),0.509,-5.763,7547.0
Duke Energy Corp.,Other,Drifted Democratic (5+ points),0.576,-6.279,7536.0
"FedEx Ground Package System, Inc.",Other,Drifted Democratic (5+ points),0.4214,-5.874,7528.0
3M Co.,Other,Drifted Democratic (5+ points),0.5666,-6.316,7495.0
M&T Bank Corp.,Finance & insurance,Drifted Democratic (5+ points),0.4429,-6.408,7435.0
Cushman & Wakefield Plc,Other,Drifted Democratic (5+ points),0.4788,-5.968,7320.0
Eaton Corp. Plc,Other,Drifted Democratic (5+ points),0.5372,-5.486,7275.0
"Cardinal Health, Inc.",Health care,Drifted Democratic (5+ points),0.4782,-7.299,7271.0
AstraZeneca PLC,Other,Drifted Democratic (5+ points),0.4831,-11.26,7211.0
"The Huntington National Bank (Columbus, Ohio)",Finance & insurance,Drifted Democratic (5+ points),0.5072,-8.429,7093.0
IQVIA Ltd.,Other,Drifted Democratic (5+ points),0.3941,-5.164,7081.0
Mercy Health (Missouri),Health care,Drifted Democratic (5+ points),0.6621,-12.44,7061.0
University of Colorado Health Sciences Center,Higher education,Drifted Democratic (5+ points),0.4073,-5.099,7003.0
AECOM,Other,Drifted Democratic (5+ points),0.4422,-7.022,6921.0
Enterprise Rent-A-Car Co.,Other,Drifted Democratic (5+ points),0.4098,-6.03,6903.0
Sutter Health,Health care,Drifted Democratic (5+ points),0.3631,-5.191,6848.0
"Huntington Ingalls Industries, Inc.",Defense & aerospace,Drifted Democratic (5+ points),0.5004,-8.036,6797.0
"Quest Diagnostics, Inc.",Other,Drifted Democratic (5+ points),0.3947,-7.136,6754.0
"The Pratt & Whitney Co., Inc.",Other,Drifted Democratic (5+ points),0.4542,-5.891,6714.0
"Bath & Body Works, Inc.",Other,Drifted Democratic (5+ points),0.3563,-8.745,6512.0
"Raymond James & Associates, Inc.",Other,Drifted Democratic (5+ points),0.61,-5.121,6512.0
"Paychex, Inc.",Other,Drifted Democratic (5+ points),0.471,-5.849,6371.0
"Atrium Health, Inc.",Health care,Drifted Democratic (5+ points),0.4217,-9.842,6345.0
"MetLife, Inc.",Other,Drifted Democratic (5+ points),0.4384,-5.828,6323.0
Ferguson Enterprises LLC,Other,Drifted Democratic (5+ points),0.5782,-6.578,6110.0
"KeyBank NA (Cleveland, Ohio)",Other,Drifted Democratic (5+ points),0.4637,-7.579,6084.0
"ServiceNow, Inc.",AI & big tech,Drifted Democratic (5+ points),0.3802,-12.58,6052.0
GSK Plc,Other,Drifted Democratic (5+ points),0.442,-7.21,6008.0
"Meijer, Inc.",Other,Drifted Democratic (5+ points),0.4018,-5.137,5910.0
"Cargill, Inc.",Other,Drifted Democratic (5+ points),0.5823,-5.452,5876.0
Greystar Real Estate Partners LLC,Other,Drifted Democratic (5+ points),0.3978,-8.084,5856.0
Sanofi,Other,Drifted Democratic (5+ points),0.4447,-6.698,5832.0
Total Quality Logistics LLC,Other,Drifted Democratic (5+ points),0.546,-13.36,5798.0
Health Care Service Corp.,Health care,Drifted Democratic (5+ points),0.3813,-8.933,5783.0
Federal Emergency Management Agency,Military & federal,Drifted Democratic (5+ points),0.3815,-8.121,5728.0
Sysco Corp.,Other,Drifted Democratic (5+ points),0.5601,-6.463,5710.0
University of Virginia,Higher education,Drifted Democratic (5+ points),0.2498,-5.64,5702.0
Schneider Electric SE,Other,Drifted Democratic (5+ points),0.5125,-5.847,5662.0
"HDR, Inc.",Other,Drifted Democratic (5+ points),0.5001,-8.763,5640.0
"Principal Financial Group, Inc.",Finance & insurance,Drifted Democratic (5+ points),0.5096,-5.018,5580.0
"Burns & McDonnell, Inc.",Other,Drifted Democratic (5+ points),0.5567,-13.52,5539.0
Virginia Polytechnic Institute & State University,Higher education,Drifted Democratic (5+ points),0.3249,-5.795,5535.0
Sandia National Laboratories,Other,Drifted Democratic (5+ points),0.4384,-5.367,5520.0
"W.W. Grainger, Inc.",Other,Drifted Democratic (5+ points),0.4972,-7.01,5493.0
"UnitedHealthcare, Inc.",Other,Drifted Democratic (5+ points),0.4592,-7.26,5469.0
Kiewit Corp.,Other,Drifted Democratic (5+ points),0.57,-7.77,5430.0
Discover Financial Services,Finance & insurance,Drifted Democratic (5+ points),0.4037,-9.072,5405.0
"Life Time, Inc.",Other,Drifted Democratic (5+ points),0.4251,-9.171,5399.0
"Netflix, Inc.",AI & big tech,Drifted Democratic (5+ points),0.1944,-5.452,5379.0
Michigan Medicine,Other,Drifted Democratic (5+ points),0.2738,-6.401,5338.0
Sentara Health,Health care,Drifted Democratic (5+ points),0.4276,-7.422,5328.0
"University Hospitals Health System, Inc.",Higher education,Drifted Democratic (5+ points),0.3712,-5.274,5313.0
"Advocate Aurora Health, Inc.",Health care,Drifted Democratic (5+ points),0.4892,-12.78,5194.0
Henry Ford Health System,Health care,Drifted Democratic (5+ points),0.3363,-7.59,5174.0
US Foods Holding Corp.,Other,Drifted Democratic (5+ points),0.5467,-6.788,5160.0
"Indiana University Health, Inc.",Higher education,Drifted Democratic (5+ points),0.4918,-8.204,5151.0
Insight Global LLC,Other,Drifted Democratic (5+ points),0.4061,-6.702,5137.0
"Maxim Healthcare Services, Inc.",Health care,Drifted Democratic (5+ points),0.3874,-8.029,5116.0
"CarMax, Inc.",Other,Drifted Democratic (5+ points),0.4463,-8.802,5086.0
The Ohio State University Wexner Medical Center,Higher education,Drifted Democratic (5+ points),0.3837,-6.776,5084.0
Medical University of South Carolina,Higher education,Drifted Democratic (5+ points),0.5013,-5.952,5076.0
Rocket Mortgage LLC,Other,Drifted Democratic (5+ points),0.3325,-7.32,5005.0
Takeda A/S,Other,Drifted Democratic (5+ points),0.396,-20.03,4948.0
The Coca-Cola Co.,Other,Drifted Democratic (5+ points),0.4522,-5.56,4943.0
Emerson Automation Solutions AS,Other,Drifted Democratic (5+ points),0.5829,-6.276,4929.0
"Novant Health, Inc.",Health care,Drifted Democratic (5+ points),0.4598,-7.674,4913.0
"Applied Materials, Inc.",AI & big tech,Drifted Democratic (5+ points),0.3754,-5.597,4902.0
"ALDI, Inc.",Other,Drifted Democratic (5+ points),0.3825,-11.53,4884.0
SSM Health Care Corp.,Health care,Drifted Democratic (5+ points),0.5576,-7.958,4878.0
"Burlington Stores, Inc.",Retail & hospitality,Drifted Democratic (5+ points),0.2921,-5.865,4835.0
"Ecolab, Inc.",Other,Drifted Democratic (5+ points),0.5606,-10.31,4800.0
"J.B. Hunt Transport Services, Inc.",Other,Drifted Democratic (5+ points),0.5451,-9.397,4784.0
"Orlando Health, Inc.",Health care,Drifted Democratic (5+ points),0.3846,-8.243,4778.0
"Amentum Services, Inc.",Other,Drifted Democratic (5+ points),0.5812,-8.842,4772.0
Medline Industries LP,Other,Drifted Democratic (5+ points),0.4419,-10.36,4770.0
University of Missouri,Higher education,Drifted Democratic (5+ points),0.4298,-8.528,4755.0
"Mastercard, Inc.",Finance & insurance,Drifted Democratic (5+ points),0.5238,-13.13,4676.0
Accenture Federal Services LLC,Military & federal,Drifted Democratic (5+ points),0.3161,-8.713,4676.0
U.S. House of Representatives,Other,Drifted Democratic (5+ points),0.3793,-6.543,4659.0
"First Citizens BancShares, Inc. (North Carolina)",Other,Drifted Democratic (5+ points),0.532,-8.434,4657.0
Nationwide Children's Hospital,Health care,Drifted Democratic (5+ points),0.3847,-9.929,4642.0
"Stantec, Inc.",Other,Drifted Democratic (5+ points),0.4408,-11.08,4634.0
"Ally Financial, Inc.",Finance & insurance,Drifted Democratic (5+ points),0.4509,-14.17,4634.0
Peraton Corp.,Other,Drifted Democratic (5+ points),0.4972,-11.11,4607.0
"Republic Services, Inc.",Other,Drifted Democratic (5+ points),0.5569,-8.705,4598.0
"Kimley-Horn & Associates, Inc.",Other,Drifted Democratic (5+ points),0.4895,-14.7,4589.0
Hoffmann-La Roche Ltd.,Other,Drifted Democratic (5+ points),0.4465,-10.23,4545.0
Pharmaceutical Product Development LLC,Other,Drifted Democratic (5+ points),0.4181,-6.866,4536.0
Thomas Jefferson University Hospital,Higher education,Drifted Democratic (5+ points),0.3088,-6.247,4528.0
Trinity Health Corp.,Health care,Drifted Democratic (5+ points),0.4317,-11.29,4490.0
Northwestern Memorial HealthCare,Health care,Drifted Democratic (5+ points),0.2732,-10.59,4487.0
National Grid Plc,Other,Drifted Democratic (5+ points),0.4583,-6.312,4474.0
"Allina Health System, Inc.",Health care,Drifted Democratic (5+ points),0.522,-12.89,4444.0
"Dominion Energy, Inc.",Other,Drifted Democratic (5+ points),0.5578,-7.795,4432.0
Olive Garden of Texas LLC,Other,Drifted Democratic (5+ points),0.3407,-6.264,4429.0
"United Rentals, Inc.",Other,Drifted Democratic (5+ points),0.6722,-5.19,4394.0
Encompass Health Corp.,Health care,Drifted Democratic (5+ points),0.5263,-8.958,4342.0
"General Mills, Inc.",Other,Drifted Democratic (5+ points),0.5295,-6.941,4325.0
Stellantis NV,Other,Drifted Democratic (5+ points),0.4652,-9.675,4293.0
Nestlé SA,Other,Drifted Democratic (5+ points),0.4848,-6.519,4287.0
OhioHealth Corp.,Other,Drifted Democratic (5+ points),0.4652,-9.326,4257.0
"BayCare Health System, Inc.",Health care,Drifted Democratic (5+ points),0.5129,-6.386,4236.0
"UKG, Inc.",Other,Drifted Democratic (5+ points),0.4076,-5.238,4229.0
"Texas Roadhouse, Inc.",Other,Drifted Democratic (5+ points),0.4399,-7.208,4208.0
CliftonLarsonAllen LLP,Other,Drifted Democratic (5+ points),0.5558,-9.839,4207.0
"Warner Bros. Discovery, Inc.",Other,Drifted Democratic (5+ points),0.2849,-9.7,4157.0
"Conduent, Inc.",Other,Drifted Democratic (5+ points),0.3631,-6.258,4138.0
BMO Bank NA,Finance & insurance,Drifted Democratic (5+ points),0.4721,-8.392,4110.0
Novo Nordisk A/S,Other,Drifted Democratic (5+ points),0.5261,-8.921,4104.0
Lincoln National Corp.,Other,Drifted Democratic (5+ points),0.4903,-9.361,4088.0
HUB International Ltd.,Other,Drifted Democratic (5+ points),0.5465,-5.365,4073.0
Orange County Public Schools,State & local government,Drifted Democratic (5+ points),0.3334,-6.509,4070.0
"Rivian Automotive, Inc.",Other,Drifted Democratic (5+ points),0.3847,-6.922,4045.0
Virginia Commonwealth University,Higher education,Drifted Democratic (5+ points),0.2654,-5.322,4023.0
JetBlue Airways Corp.,Other,Drifted Democratic (5+ points),0.424,-8.682,4005.0
Electric Boat Corp.,Other,Drifted Democratic (5+ points),0.4539,-6.169,3997.0
"Micron Technology, Inc.",AI & big tech,Drifted Democratic (5+ points),0.614,-5.426,3926.0
"PayPal Holdings, Inc.",Other,Drifted Democratic (5+ points),0.3535,-5.105,3926.0
Prisma Health,Health care,Drifted Democratic (5+ points),0.577,-11.53,3926.0
BDO USA PC,Other,Drifted Democratic (5+ points),0.4484,-5.172,3926.0
"C.H. Robinson Worldwide, Inc.",Other,Drifted Democratic (5+ points),0.4796,-9.323,3895.0
"Mars, Inc.",Other,Drifted Democratic (5+ points),0.4918,-6.569,3861.0
Grant Thornton LLP,Other,Drifted Democratic (5+ points),0.4236,-6.246,3853.0
"Ryder System, Inc.",Other,Drifted Democratic (5+ points),0.5081,-5.977,3837.0
"Lehigh Valley Health Network, Inc.",Health care,Drifted Democratic (5+ points),0.492,-6.106,3818.0
"Expedia Group, Inc.",Other,Drifted Democratic (5+ points),0.304,-5.03,3810.0
"American Electric Power Co., Inc.",Other,Drifted Democratic (5+ points),0.6121,-5.334,3797.0
Forvis Mazars LLP,Other,Drifted Democratic (5+ points),0.653,-20.13,3785.0
"Guidehouse, Inc.",Other,Drifted Democratic (5+ points),0.3384,-11.73,3780.0
Cerner Corp.,Other,Drifted Democratic (5+ points),0.5142,-8.921,3754.0
Marsh & McLennan Agency LLC,Other,Drifted Democratic (5+ points),0.5475,-10.02,3752.0
"Buffalo Wild Wings, Inc.",Other,Drifted Democratic (5+ points),0.3886,-7.393,3744.0
"Xcel Energy, Inc.",Other,Drifted Democratic (5+ points),0.5933,-9.303,3742.0
Empower Retirement LLC,Other,Drifted Democratic (5+ points),0.4737,-10.68,3731.0
The MITRE Corp.,Defense & aerospace,Drifted Democratic (5+ points),0.3654,-8.918,3722.0
Boehringer Ingelheim International GmbH,Other,Drifted Democratic (5+ points),0.5209,-5.9,3698.0
Marathon Petroleum Corp.,Other,Drifted Democratic (5+ points),0.6052,-6.456,3668.0
Turner Construction Co.,Other,Drifted Democratic (5+ points),0.46,-7.356,3654.0
Scripps Health,Health care,Drifted Democratic (5+ points),0.352,-5.696,3653.0
"XPO, Inc.",Other,Drifted Democratic (5+ points),0.4891,-6.913,3653.0
Corewell Health,Health care,Drifted Democratic (5+ points),0.4852,-9.118,3648.0
Thrivent Financial for Lutherans,Finance & insurance,Drifted Democratic (5+ points),0.6867,-8.387,3648.0
"The Estée Lauder Companies, Inc.",Other,Drifted Democratic (5+ points),0.3355,-6.833,3639.0
Mercy Health,Health care,Drifted Democratic (5+ points),0.5252,-5.77,3637.0
Hyatt Hotels Corp.,Other,Drifted Democratic (5+ points),0.3259,-5.503,3602.0
MGM Resorts International,Other,Drifted Democratic (5+ points),0.4353,-5.188,3598.0
"PPG Industries, Inc.",Other,Drifted Democratic (5+ points),0.558,-5.717,3595.0
Lockton Cos. LLC,Other,Drifted Democratic (5+ points),0.5351,-11.07,3592.0
Trane Technologies Plc,Other,Drifted Democratic (5+ points),0.577,-10.11,3583.0
California Department of Transportation,Military & federal,Drifted Democratic (5+ points),0.3812,-6.517,3579.0
"SAS Institute, Inc.",Other,Drifted Democratic (5+ points),0.3917,-5.543,3559.0
"Cox Automotive, Inc.",Other,Drifted Democratic (5+ points),0.4406,-6.703,3542.0
Penske Truck Leasing Co. LP,Other,Drifted Democratic (5+ points),0.5494,-9.433,3539.0
The School District of Philadelphia,State & local government,Drifted Democratic (5+ points),0.2242,-5.708,3539.0
ICON plc,Other,Drifted Democratic (5+ points),0.3967,-6.458,3531.0
Fairview Health Services,Health care,Drifted Democratic (5+ points),0.4941,-19.14,3523.0
Lennar Corp.,Other,Drifted Democratic (5+ points),0.5868,-6.115,3522.0
Inova Health System Foundation Defined Benefit Plan Master Tr,Health care,Drifted Democratic (5+ points),0.2756,-8.223,3513.0
World Wide Technology LLC,Other,Drifted Democratic (5+ points),0.5714,-11.21,3506.0
"Intuitive Surgical, Inc.",Other,Drifted Democratic (5+ points),0.3979,-13.99,3486.0
Rush University Medical Center,Higher education,Drifted Democratic (5+ points),0.1826,-5.188,3468.0
"Paycom Software, Inc.",Other,Drifted Democratic (5+ points),0.5449,-12.45,3461.0
"General Dynamics Mission Systems, Inc.",Defense & aerospace,Drifted Democratic (5+ points),0.5282,-5.155,3452.0
Parker-Hannifin Corp.,Other,Drifted Democratic (5+ points),0.555,-6.064,3443.0
Stealth Startup Solutions LLC,Other,Drifted Democratic (5+ points),0.2762,-6.811,3433.0
"T. Rowe Price Group, Inc.",Other,Drifted Democratic (5+ points),0.421,-6.551,3425.0
Black & Veatch Holding Co.,Other,Drifted Democratic (5+ points),0.5489,-7.357,3423.0
Frito Lay,Other,Drifted Democratic (5+ points),0.5005,-9.051,3417.0
"St. Jude Children's Research Hospital, Inc.",Health care,Drifted Democratic (5+ points),0.393,-5.039,3405.0
Synchrony Financial,Finance & insurance,Drifted Democratic (5+ points),0.4265,-6.893,3402.0
"Mass General Brigham, Inc.",Other,Drifted Democratic (5+ points),0.1923,-5.4,3400.0
Apex Systems LLC,Other,Drifted Democratic (5+ points),0.4252,-6.771,3398.0
KinderCare Education LLC,Other,Drifted Democratic (5+ points),0.3226,-7.155,3386.0
Brown University Health,Higher education,Drifted Democratic (5+ points),0.3327,-6.153,3356.0
Paramount Global,Other,Drifted Democratic (5+ points),0.2409,-6.113,3352.0
Mutual of Omaha Insurance Co.,Finance & insurance,Drifted Democratic (5+ points),0.5607,-7.125,3328.0
"Exel, Inc.",Other,Drifted Democratic (5+ points),0.4865,-6.638,3317.0
Western Governors University,Higher education,Drifted Democratic (5+ points),0.5148,-5.261,3298.0
Lawrence Livermore National Laboratory,Other,Drifted Democratic (5+ points),0.3611,-8.326,3298.0
Johns Hopkins University Applied Physics Laboratory LLC,Higher education,Drifted Democratic (5+ points),0.3507,-5.238,3296.0
Asurion LLC,Other,Drifted Democratic (5+ points),0.3947,-8.709,3285.0
"Stanley Black & Decker, Inc.",Other,Drifted Democratic (5+ points),0.511,-5.94,3277.0
"Chewy, Inc.",Other,Drifted Democratic (5+ points),0.3684,-8.358,3251.0
Virginia Commonwealth University Health System,Higher education,Drifted Democratic (5+ points),0.3547,-7.048,3241.0
"Medical Management International, Inc.",Health care,Drifted Democratic (5+ points),0.3397,-5.658,3224.0
Sharp HealthCare,Health care,Drifted Democratic (5+ points),0.3621,-7.88,3221.0
Garmin Ltd.,Other,Drifted Democratic (5+ points),0.5443,-7.175,3200.0
"The Capital Group Cos., Inc.",Other,Drifted Democratic (5+ points),0.391,-6.723,3192.0
"Charles River Laboratories International, Inc.",Other,Drifted Democratic (5+ points),0.3614,-7.449,3189.0
Baker Tilly US LLP,Other,Drifted Democratic (5+ points),0.5079,-11.34,3185.0
"Catalent Pharma Solutions, Inc.",Other,Drifted Democratic (5+ points),0.4378,-5.413,3148.0
The University of Kansas Health System (Kansas),Higher education,Drifted Democratic (5+ points),0.4658,-11.62,3129.0
United Wholesale Mortgage LLC,Other,Drifted Democratic (5+ points),0.3093,-18.87,3123.0
State of New Jersey,State & local government,Drifted Democratic (5+ points),0.3193,-5.508,3120.0
Applebee’s Restaurants LLC,Other,Drifted Democratic (5+ points),0.3673,-6.671,3116.0
Children's Hospital Colorado,Health care,Drifted Democratic (5+ points),0.3182,-5.388,3110.0
Blue Cross & Blue Shield of Michigan,Other,Drifted Democratic (5+ points),0.3369,-6.016,3104.0
"Airgas, Inc.",Other,Drifted Democratic (5+ points),0.6141,-5.005,3070.0
"Sunbelt Rentals, Inc.",Other,Drifted Democratic (5+ points),0.6639,-6.513,3058.0
Family Dollar Stores LLC,Retail & hospitality,Drifted Democratic (5+ points),0.3468,-5.688,3058.0
CommonSpirit Health,Health care,Drifted Democratic (5+ points),0.4845,-7.58,3058.0
"Blue Cross & Blue Shield of Florida, Inc.",Other,Drifted Democratic (5+ points),0.5294,-5.599,3050.0
Smith & Nephew plc,Other,Drifted Democratic (5+ points),0.5656,-6.876,3026.0
HNTB Corp.,Other,Drifted Democratic (5+ points),0.4758,-10.81,3024.0
"Topgolf, Inc.",Other,Drifted Democratic (5+ points),0.3849,-8.688,3023.0
EXACT Sciences Corp.,Other,Drifted Democratic (5+ points),0.48,-10.52,3000.0
Washington University School of Medicine,Higher education,Drifted Democratic (5+ points),0.4403,-9.791,2987.0
Republic National Distributing Co. LLC,Other,Drifted Democratic (5+ points),0.5399,-6.51,2982.0
State of Colorado,State & local government,Drifted Democratic (5+ points),0.3775,-7.288,2972.0
Government Accountability Office,Other,Drifted Democratic (5+ points),0.3885,-5.181,2962.0
Endeavor Health Clinical Operations,Health care,Drifted Democratic (5+ points),0.2049,-5.419,2957.0
"Community Health Network, Inc. (Indiana)",Health care,Drifted Democratic (5+ points),0.5118,-10.24,2938.0
Milwaukee Electric Tool Corp.,Other,Drifted Democratic (5+ points),0.6179,-6.404,2921.0
"Alorica, Inc.",Other,Drifted Democratic (5+ points),0.327,-5.763,2917.0
County of King (Washington),State & local government,Drifted Democratic (5+ points),0.2198,-5.861,2912.0
City of Philadelphia (Pennsylvania),State & local government,Drifted Democratic (5+ points),0.2119,-6.477,2912.0
County of San Diego (California),State & local government,Drifted Democratic (5+ points),0.3182,-9.064,2905.0
Ultimate Fitness Group LLC,Other,Drifted Democratic (5+ points),0.419,-14.32,2890.0
Texas State University,Higher education,Drifted Democratic (5+ points),0.3075,-5.436,2870.0
"Tyler Technologies, Inc.",Other,Drifted Democratic (5+ points),0.4804,-5.748,2858.0
University of Nevada,Higher education,Drifted Democratic (5+ points),0.3154,-5.959,2857.0
"Insight Enterprises, Inc.",Other,Drifted Democratic (5+ points),0.513,-5.908,2855.0
"Assurant, Inc.",Other,Drifted Democratic (5+ points),0.4589,-7.39,2851.0
Crowe LLP,Other,Drifted Democratic (5+ points),0.4636,-13.07,2842.0
Anheuser-Busch Cos. LLC,Other,Drifted Democratic (5+ points),0.5127,-17.22,2839.0
"WESCO Distribution, Inc.",Other,Drifted Democratic (5+ points),0.5935,-8.812,2833.0
Concentrix Corp.,Other,Drifted Democratic (5+ points),0.3919,-11.09,2833.0
St. Luke's Health System Ltd.,Health care,Drifted Democratic (5+ points),0.5944,-6.519,2792.0
Walmart Labs,Retail & hospitality,Drifted Democratic (5+ points),0.4561,-17.71,2790.0
"Protiviti, Inc.",Other,Drifted Democratic (5+ points),0.4028,-8.146,2783.0
Kellanova,Other,Drifted Democratic (5+ points),0.5314,-5.666,2776.0
Zurich American Insurance Co.,Finance & insurance,Drifted Democratic (5+ points),0.4651,-5.923,2771.0
DTE Energy Co.,Other,Drifted Democratic (5+ points),0.4293,-8.577,2769.0
US Customs & Border Protection,Other,Drifted Democratic (5+ points),0.4925,-5.912,2741.0
ASML Holding NV,Other,Drifted Democratic (5+ points),0.4308,-21.63,2738.0
Wayne State University (Michigan),Higher education,Drifted Democratic (5+ points),0.2188,-5.789,2737.0
"ManpowerGroup, Inc.",Other,Drifted Democratic (5+ points),0.4159,-6.187,2735.0
Denver City & County School District No. 1 (Colorado),State & local government,Drifted Democratic (5+ points),0.1854,-5.265,2724.0
City of Austin (Texas),State & local government,Drifted Democratic (5+ points),0.2708,-5.014,2715.0
Rochester Regional Health,Health care,Drifted Democratic (5+ points),0.3995,-5.841,2714.0
"CBIZ, Inc.",Other,Drifted Democratic (5+ points),0.5268,-8.648,2706.0
Compagnie Générale des Établissements Michelin SCA,Other,Drifted Democratic (5+ points),0.6595,-5.191,2705.0
Arcadis NV,Other,Drifted Democratic (5+ points),0.4261,-5.967,2702.0
Bankers Life & Casualty Co.,Other,Drifted Democratic (5+ points),0.5226,-6.012,2694.0
Edwards Lifesciences LLC,Other,Drifted Democratic (5+ points),0.4418,-10.2,2679.0
"Vertex Pharmaceuticals, Inc.",Other,Drifted Democratic (5+ points),0.2187,-5.411,2672.0
"Atlantic Health System, Inc.",Health care,Drifted Democratic (5+ points),0.4087,-5.934,2669.0
County of Hennepin (Minnesota),State & local government,Drifted Democratic (5+ points),0.4208,-8.686,2649.0
"American Medical Response, Inc.",Health care,Drifted Democratic (5+ points),0.4987,-5.871,2636.0
"FirstService Residential, Inc.",Other,Drifted Democratic (5+ points),0.4142,-6.311,2629.0
"Keurig Dr Pepper, Inc.",Other,Drifted Democratic (5+ points),0.4891,-6.067,2628.0
Fitness International LLC,Other,Drifted Democratic (5+ points),0.3863,-6.279,2626.0
"Tetra Tech, Inc.",Other,Drifted Democratic (5+ points),0.4282,-6.113,2625.0
Whirlpool Corp.,Other,Drifted Democratic (5+ points),0.5323,-7.707,2624.0
"Schneider National, Inc.",Other,Drifted Democratic (5+ points),0.6254,-5.174,2624.0
The Kraft Heinz Co.,Other,Drifted Democratic (5+ points),0.4399,-10.14,2623.0
City & County of Denver (Colorado),State & local government,Drifted Democratic (5+ points),0.2945,-8.231,2613.0
NCR Voyix Corp.,Other,Drifted Democratic (5+ points),0.5024,-5.102,2599.0
"Bon Secours Mercy Health, Inc.",Health care,Drifted Democratic (5+ points),0.5218,-10.31,2589.0
Chesterfield County Public Schools (Virginia),State & local government,Drifted Democratic (5+ points),0.4783,-7.349,2587.0
CrossCountry Mortgage LLC,Other,Drifted Democratic (5+ points),0.5309,-11.96,2587.0
"Graybar Electric Co., Inc.",Other,Drifted Democratic (5+ points),0.617,-7.212,2586.0
"Magna International, Inc.",Other,Drifted Democratic (5+ points),0.5227,-6.541,2584.0
Scottsdale Healthcare Corp.,Health care,Drifted Democratic (5+ points),0.5429,-6.428,2582.0
Iowa Health System,Health care,Drifted Democratic (5+ points),0.4612,-5.504,2581.0
Blue Shield of California,Other,Drifted Democratic (5+ points),0.373,-6.676,2579.0
Compass Group Plc,Other,Drifted Democratic (5+ points),0.3585,-8.041,2577.0
Raising Cane's USA LLC,Other,Drifted Democratic (5+ points),0.4046,-9.532,2564.0
"SkyWest, Inc.",Other,Drifted Democratic (5+ points),0.5697,-6.582,2564.0
ScribeAmerica LLC,Other,Drifted Democratic (5+ points),0.2726,-8.267,2548.0
New York City Police Department,State & local government,Drifted Democratic (5+ points),0.478,-11.66,2537.0
Naval Facilities Engineering Command,Other,Drifted Democratic (5+ points),0.4821,-5.88,2535.0
"Northside Hospital, Inc.",Health care,Drifted Democratic (5+ points),0.3855,-7.028,2534.0
"Conagra Brands, Inc.",Other,Drifted Democratic (5+ points),0.5543,-6.795,2525.0
"SS&C Technologies, Inc.",Other,Drifted Democratic (5+ points),0.4696,-5.393,2522.0
BJC Health System,Health care,Drifted Democratic (5+ points),0.5292,-9.505,2518.0
Select Medical Corp.,Health care,Drifted Democratic (5+ points),0.4957,-7.215,2499.0
Moss Adams LLP,Other,Drifted Democratic (5+ points),0.3901,-5.178,2489.0
Federal Deposit Insurance Corp.,Military & federal,Drifted Democratic (5+ points),0.4071,-7.884,2487.0
"Planet Fitness, Inc.",Other,Drifted Democratic (5+ points),0.3568,-6.57,2467.0
Ameren Corp.,Other,Drifted Democratic (5+ points),0.6198,-9.801,2465.0
"IDEXX Laboratories, Inc.",Other,Drifted Democratic (5+ points),0.3849,-6.322,2464.0
Ann & Robert H. Lurie Children's Hospital of Chicago,Health care,Drifted Democratic (5+ points),0.1728,-5.582,2464.0
PeaceHealth,Other,Drifted Democratic (5+ points),0.3708,-7.469,2450.0
"Environmental Systems Research Institute, Inc.",Other,Drifted Democratic (5+ points),0.4257,-5.821,2449.0
"Emory Healthcare, Inc.",Health care,Drifted Democratic (5+ points),0.2417,-8.173,2432.0
Epsilon Data Management LLC,Other,Drifted Democratic (5+ points),0.3671,-6.138,2431.0
Nestle Purina PetCare Co.,Other,Drifted Democratic (5+ points),0.5972,-8.39,2430.0
The Hershey Co.,Other,Drifted Democratic (5+ points),0.5719,-5.489,2430.0
"Dunkin' Brands, Inc.",Other,Drifted Democratic (5+ points),0.3091,-5.873,2429.0
Gainwell Technologies LLC,Other,Drifted Democratic (5+ points),0.4418,-6.356,2429.0
"GE Vernova, Inc.",Other,Drifted Democratic (5+ points),0.556,-7.159,2428.0
OSF HealthCare Saint Clare Medical Center,Health care,Drifted Democratic (5+ points),0.5637,-8.66,2428.0
"The Cheesecake Factory Restaurants, Inc.",Other,Drifted Democratic (5+ points),0.3206,-6.023,2427.0
University of Virginia Health System,Higher education,Drifted Democratic (5+ points),0.3452,-5.98,2424.0
"HealthPartners, Inc.",Other,Drifted Democratic (5+ points),0.4878,-9.28,2412.0
"Equifax, Inc.",Other,Drifted Democratic (5+ points),0.4749,-7.06,2412.0
"Actalent, Inc.",Other,Drifted Democratic (5+ points),0.5267,-18.26,2409.0
"Zoetis, Inc.",Other,Drifted Democratic (5+ points),0.5116,-8.041,2407.0
The Children's Mercy Hospital,Health care,Drifted Democratic (5+ points),0.4956,-6.588,2405.0
Legacy Health,Health care,Drifted Democratic (5+ points),0.2546,-5.49,2397.0
Bank of Montreal,Finance & insurance,Drifted Democratic (5+ points),0.4372,-12.32,2381.0
Archer-Daniels-Midland Co.,Other,Drifted Democratic (5+ points),0.5685,-7.396,2379.0
Plante & Moran PLLC,Other,Drifted Democratic (5+ points),0.4422,-14.17,2379.0
Exelon Corp.,Other,Drifted Democratic (5+ points),0.4447,-13.94,2367.0
Carilion Clinic,Health care,Drifted Democratic (5+ points),0.552,-7.36,2364.0
"TRC Cos., Inc.",Other,Drifted Democratic (5+ points),0.4654,-6.326,2353.0
"Santander Bank, NA (Wilmington, Delaware)",Finance & insurance,Drifted Democratic (5+ points),0.348,-5.358,2351.0
Norfolk Southern Corp.,Other,Drifted Democratic (5+ points),0.5601,-5.088,2347.0
"General Atomics Aeronautical Systems, Inc.",Other,Drifted Democratic (5+ points),0.5226,-6.372,2346.0
Shelby County Schools (Tennessee),Other,Drifted Democratic (5+ points),0.256,-9.368,2343.0
Kindred Healthcare LLC,Health care,Drifted Democratic (5+ points),0.4112,-5.252,2343.0
Children's Health System of Texas,Health care,Drifted Democratic (5+ points),0.4658,-5.199,2336.0
Alvarez & Marsal LLC,Other,Drifted Democratic (5+ points),0.4303,-5.14,2332.0
Minneapolis Public Schools (Minnesota),State & local government,Drifted Democratic (5+ points),0.4173,-8.034,2331.0
Marsh LLC,Other,Drifted Democratic (5+ points),0.4506,-5.372,2320.0
"WellStar Health System, Inc.",Health care,Drifted Democratic (5+ points),0.3812,-6.243,2317.0
The Whiting-Turner Contracting Co.,Other,Drifted Democratic (5+ points),0.5354,-7.942,2312.0
"PulteGroup, Inc.",Other,Drifted Democratic (5+ points),0.5932,-5.051,2309.0
"Jack Henry & Associates, Inc.",Other,Drifted Democratic (5+ points),0.6265,-7.426,2302.0
"Yale-New Haven Hospital, Inc.",Health care,Drifted Democratic (5+ points),0.2996,-6.309,2289.0
WakeMed Health & Hospitals,Health care,Drifted Democratic (5+ points),0.3888,-5.045,2286.0
The New York Times Co.,Other,Drifted Democratic (5+ points),0.1843,-6.128,2286.0
Northwestern Memorial Hospital,Health care,Drifted Democratic (5+ points),0.194,-5.435,2272.0
"Moog, Inc.",Other,Drifted Democratic (5+ points),0.6028,-8.001,2267.0
"TTEC Holdings, Inc.",Other,Drifted Democratic (5+ points),0.4146,-10.79,2266.0
"Project 1972, Inc.",Other,Drifted Democratic (5+ points),0.335,-28.77,2263.0
"General Motors Financial Co., Inc.",Finance & insurance,Drifted Democratic (5+ points),0.4867,-5.183,2258.0
Con Edison Co.,Other,Drifted Democratic (5+ points),0.3621,-6.414,2255.0
Daimler Trucks North America LLC,Other,Drifted Democratic (5+ points),0.4193,-9.179,2254.0
"AssuredPartners, Inc.",Other,Drifted Democratic (5+ points),0.6063,-16.28,2243.0
"Siemens Industry Software, Inc.",Other,Drifted Democratic (5+ points),0.5303,-10.26,2234.0
Eversource Energy,Other,Drifted Democratic (5+ points),0.4616,-10.21,2234.0
First Horizon Corp. (Tennessee),Other,Drifted Democratic (5+ points),0.597,-5.775,2232.0
Henkel AG & Co. KGaA,Other,Drifted Democratic (5+ points),0.5052,-10.77,2226.0
STERIS Corp.,Other,Drifted Democratic (5+ points),0.5751,-8.343,2220.0
Federal Bureau of Investigation,Military & federal,Drifted Democratic (5+ points),0.5806,-5.847,2217.0
Unilever Plc,Other,Drifted Democratic (5+ points),0.4099,-5.084,2216.0
Solventum Corp.,Other,Drifted Democratic (5+ points),0.6195,-20.4,2209.0
Prime Therapeutics LLC,Other,Drifted Democratic (5+ points),0.4939,-8.671,2207.0
"Promedica, Inc.",Other,Drifted Democratic (5+ points),0.4737,-8.766,2203.0
"Piedmont Healthcare, Inc.",Health care,Drifted Democratic (5+ points),0.3756,-7.038,2200.0
"TriHealth, Inc.",Other,Drifted Democratic (5+ points),0.5869,-6.618,2200.0
Fairway Independent Mortgage Corp.,Other,Drifted Democratic (5+ points),0.5906,-5.06,2197.0
"CC Services, Inc.",Other,Drifted Democratic (5+ points),0.5943,-6.025,2178.0
International Game Technology PLC,Other,Drifted Democratic (5+ points),0.4754,-5.465,2173.0
"Haier US Appliance Solutions, Inc.",Other,Drifted Democratic (5+ points),0.5261,-8.394,2171.0
"Under Armour, Inc.",Other,Drifted Democratic (5+ points),0.3593,-9.448,2163.0
Texas Department of Transportation,Military & federal,Drifted Democratic (5+ points),0.4881,-9.976,2160.0
Owens Corning,Other,Drifted Democratic (5+ points),0.5614,-5.756,2158.0
UL LLC,Other,Drifted Democratic (5+ points),0.4209,-5.101,2157.0
Plexus Worldwide LLC,Other,Drifted Democratic (5+ points),0.7048,-5.917,2152.0
"Saint Luke's Health System, Inc. (Missouri)",Health care,Drifted Democratic (5+ points),0.5412,-11.3,2139.0
"Voya Financial, Inc.",Finance & insurance,Drifted Democratic (5+ points),0.4708,-5.304,2127.0
Kohler Co.,Other,Drifted Democratic (5+ points),0.71,-8.359,2123.0
St. Louis University,Higher education,Drifted Democratic (5+ points),0.4151,-8.283,2118.0
Broadridge (Japan) Ltd.,Other,Drifted Democratic (5+ points),0.4557,-5.918,2117.0
"Newell Brands, Inc.",Other,Drifted Democratic (5+ points),0.4656,-8.019,2116.0
"Terracon Consultants, Inc.",Other,Drifted Democratic (5+ points),0.5485,-8.344,2108.0
"Compass Group USA, Inc.",Other,Drifted Democratic (5+ points),0.414,-6.722,2107.0
RBC Wealth Management,Other,Drifted Democratic (5+ points),0.5826,-5.092,2104.0
State Employees Credit Union (North Carolina),Other,Drifted Democratic (5+ points),0.4102,-6.015,2096.0
Metro Nashville Public Schools (Tennessee),State & local government,Drifted Democratic (5+ points),0.3485,-6.717,2088.0
"Evernorth Health, Inc.",Health care,Drifted Democratic (5+ points),0.4537,-11.56,2084.0
"Insperity, Inc.",Other,Drifted Democratic (5+ points),0.574,-6.519,2070.0
City of San Diego (California),State & local government,Drifted Democratic (5+ points),0.3321,-6.447,2068.0
Equitable Advisors LLC,Other,Drifted Democratic (5+ points),0.5675,-15.62,2065.0
Western Digital Corp.,Other,Drifted Democratic (5+ points),0.3578,-5.203,2064.0
ZF Friedrichshafen AG,Other,Drifted Democratic (5+ points),0.5336,-5.859,2061.0
Sirius XM Radio LLC,Other,Drifted Democratic (5+ points),0.3231,-6.127,2059.0
"loanDepot, Inc.",Other,Drifted Democratic (5+ points),0.5099,-5.061,2059.0
"Flagstar Bancorp, Inc.",Finance & insurance,Drifted Democratic (5+ points),0.4793,-5.8,2055.0
The Indiana University School of Medicine,Higher education,Drifted Democratic (5+ points),0.3913,-6.049,2053.0
Hartford HealthCare Corp.,Health care,Drifted Democratic (5+ points),0.3232,-8.452,2051.0
The Goddard School,Other,Drifted Democratic (5+ points),0.3594,-8.531,2050.0
State of Virginia,State & local government,Drifted Democratic (5+ points),0.4013,-6.311,2050.0
"Virtua Health, Inc.",Health care,Drifted Democratic (5+ points),0.3519,-6.585,2047.0
Battelle Memorial Institute,Other,Drifted Democratic (5+ points),0.5392,-6.43,2044.0
"Main Line Health, Inc.",Health care,Drifted Democratic (5+ points),0.3882,-7.003,2043.0
Cypress-Fairbanks Independent School District (Texas),State & local government,Drifted Democratic (5+ points),0.4835,-6.811,2039.0
Essentia Health,Health care,Drifted Democratic (5+ points),0.4946,-14.23,2039.0
"NetJets, Inc.",Other,Drifted Democratic (5+ points),0.6054,-7.026,2039.0
"American Honda Motor Co., Inc.",Other,Drifted Democratic (5+ points),0.4565,-5.789,2037.0
Marriott Vacations Worldwide Corp.,Retail & hospitality,Drifted Democratic (5+ points),0.4715,-7.163,2032.0
"Crown Castle, Inc.",Other,Drifted Democratic (5+ points),0.5381,-8.386,2021.0
"Quad/Graphics, Inc.",Other,Drifted Democratic (5+ points),0.6297,-5.081,2015.0
SUNY Upstate Medical University,Higher education,Drifted Democratic (5+ points),0.3694,-6.097,2011.0
Old Dominion University,Higher education,Drifted Democratic (5+ points),0.29,-5.032,2010.0
Barnes-Jewish Hospital,Health care,Drifted Democratic (5+ points),0.4483,-13.65,2006.0
"PHP Agency, Inc.",Other,Drifted Democratic (5+ points),0.3525,-21.58,2006.0
University of Kansas Medical Center,Higher education,Drifted Democratic (5+ points),0.4268,-6.615,2006.0
"AmWINS Group, Inc.",Other,Drifted Democratic (5+ points),0.4861,-5.408,2001.0
Nebraska Medicine,Other,Drifted Democratic (5+ points),0.5115,-5.919,2000.0
Northside Isd,Other,Drifted Democratic (5+ points),0.4042,-5.693,1993.0
"CenterPoint Energy, Inc.",Other,Drifted Democratic (5+ points),0.5473,-5.428,1993.0
"AutoNation, Inc.",Other,Drifted Democratic (5+ points),0.5047,-7.019,1992.0
Highmark Health,Health care,Drifted Democratic (5+ points),0.4786,-13.11,1991.0
County of Fairfax (Virginia),State & local government,Drifted Democratic (5+ points),0.3299,-6.488,1990.0
Parkland Health & Hospital System Auxiliary,Health care,Drifted Democratic (5+ points),0.3599,-5.232,1987.0
"Homesmart Holdings, Inc.",Other,Drifted Democratic (5+ points),0.5635,-8.56,1981.0
"Aspen Dental Management, Inc.",Other,Drifted Democratic (5+ points),0.4654,-11.44,1975.0
US Department of the Navy (District of Columbia),Military & federal,Drifted Democratic (5+ points),0.4294,-6.721,1962.0
"Bimbo Bakeries USA, Inc.",Other,Drifted Democratic (5+ points),0.524,-8.134,1958.0
Breakthru Beverage Group LLC,Other,Drifted Democratic (5+ points),0.495,-6.093,1958.0
E. & J. Gallo Winery (California),Other,Drifted Democratic (5+ points),0.4681,-10.53,1954.0
"Arvest Bank Group, Inc.",Finance & insurance,Drifted Democratic (5+ points),0.6363,-5.937,1952.0
Loudoun County Public School District,State & local government,Drifted Democratic (5+ points),0.3989,-7.673,1952.0
"First Student, Inc.",Other,Drifted Democratic (5+ points),0.4328,-5.113,1950.0
CSL Ltd.,Other,Drifted Democratic (5+ points),0.44,-5.31,1949.0
J.P. Morgan Private Bank,Finance & insurance,Drifted Democratic (5+ points),0.4236,-6.192,1939.0
"Walgreens Boots Alliance, Inc.",Other,Drifted Democratic (5+ points),0.4031,-9.825,1938.0
"Synthes, Inc.",Other,Drifted Democratic (5+ points),0.5734,-8.992,1933.0
"Yardi Systems, Inc.",Other,Drifted Democratic (5+ points),0.3818,-5.178,1932.0
University of Nebraska Medical Center,Higher education,Drifted Democratic (5+ points),0.4314,-5.403,1932.0
State of Connecticut,State & local government,Drifted Democratic (5+ points),0.3247,-5.031,1930.0
"Techtronic Industries Co., Ltd.",Other,Drifted Democratic (5+ points),0.5851,-13.95,1928.0
"DPR Construction, Inc.",Other,Drifted Democratic (5+ points),0.4913,-5.479,1924.0
Virginia Beach City Public Schools,State & local government,Drifted Democratic (5+ points),0.4795,-6.805,1923.0
Geisinger Clinic,Health care,Drifted Democratic (5+ points),0.518,-6.609,1922.0
VML LLC,Other,Drifted Democratic (5+ points),0.342,-12.05,1916.0
Denver Health & Hospital Authority,Health care,Drifted Democratic (5+ points),0.2453,-6.72,1907.0
UMass Chan Medical School,Health care,Drifted Democratic (5+ points),0.1985,-5.512,1907.0
"Ingram Micro, Inc.",Other,Drifted Democratic (5+ points),0.4561,-6.442,1904.0
"20230930-DK-Butterfly-1, Inc.",Other,Drifted Democratic (5+ points),0.3894,-5.626,1902.0
The Southern Co.,Other,Drifted Democratic (5+ points),0.5887,-5.19,1901.0
"Vivint Smart Home, Inc.",Other,Drifted Democratic (5+ points),0.694,-9.326,1900.0
US Small Business Administration,Other,Drifted Democratic (5+ points),0.3582,-6.953,1895.0
Greenberg Traurig PA,Other,Drifted Democratic (5+ points),0.3394,-5.675,1890.0
The Mount Sinai Hospital,Health care,Drifted Democratic (5+ points),0.2051,-5.182,1885.0
"Concentra, Inc.",Other,Drifted Democratic (5+ points),0.423,-7.733,1881.0
"American Builders & Contractors Supply Co., Inc.",Other,Drifted Democratic (5+ points),0.6592,-6.768,1879.0
Tiffany & Co.,Other,Drifted Democratic (5+ points),0.3267,-6.418,1879.0
CMS Energy Corp.,Other,Drifted Democratic (5+ points),0.5282,-6.383,1879.0
"Children's Hospital & Health System, Inc.",Health care,Drifted Democratic (5+ points),0.5852,-5.689,1879.0
"Blackstone, Inc.",Other,Drifted Democratic (5+ points),0.3206,-6.846,1877.0
Auto-Owners Insurance Co.,Finance & insurance,Drifted Democratic (5+ points),0.4884,-12.7,1871.0
Symmetry Financial Group of North Carolina LLC,Finance & insurance,Drifted Democratic (5+ points),0.5855,-8.605,1869.0
County of Maricopa (Arizona),State & local government,Drifted Democratic (5+ points),0.475,-6.305,1863.0
The Cincinnati Insurance Co.,Finance & insurance,Drifted Democratic (5+ points),0.6528,-7.018,1863.0
Red Lobster Management LLC,Other,Drifted Democratic (5+ points),0.3623,-5.014,1859.0
"Altria Group, Inc.",Other,Drifted Democratic (5+ points),0.475,-7.644,1859.0
"OneMain Holdings, Inc.",Other,Drifted Democratic (5+ points),0.472,-9.874,1858.0
"Vizient, Inc.",Other,Drifted Democratic (5+ points),0.5119,-5.382,1854.0
Yale New Haven Health Services Corp.,Health care,Drifted Democratic (5+ points),0.3294,-7.778,1854.0
John Wood Group Plc,Other,Drifted Democratic (5+ points),0.607,-8.059,1849.0
Commerce Bank (Investment Management),Finance & insurance,Drifted Democratic (5+ points),0.5726,-11.33,1847.0
"Red Robin Gourmet Burgers, Inc.",Other,Drifted Democratic (5+ points),0.3685,-5.471,1843.0
Austin Community College,Higher education,Drifted Democratic (5+ points),0.2934,-5.582,1841.0
"Twitch, Inc.",Other,Drifted Democratic (5+ points),0.3081,-9.034,1839.0
Amway Corp.,Other,Drifted Democratic (5+ points),0.5029,-6.151,1837.0
"Coca-Cola Consolidated, Inc.",Other,Drifted Democratic (5+ points),0.516,-7.076,1836.0
"AmTrust Financial Services, Inc. (New York)",Finance & insurance,Drifted Democratic (5+ points),0.4063,-6.202,1835.0
Guilford County Schools,Other,Drifted Democratic (5+ points),0.3092,-5.012,1833.0
University of Arizona,Higher education,Drifted Democratic (5+ points),0.2859,-5.17,1828.0
"Froedtert Health, Inc.",Health care,Drifted Democratic (5+ points),0.6692,-9.766,1825.0
Gwinnett County Public Schools,State & local government,Drifted Democratic (5+ points),0.4078,-10.28,1825.0
"CDM Smith, Inc.",Other,Drifted Democratic (5+ points),0.4188,-5.299,1824.0
Children's Hospital Los Angeles,Health care,Drifted Democratic (5+ points),0.2249,-5.206,1821.0
TD SYNNEX Corp.,Other,Drifted Democratic (5+ points),0.5595,-7.05,1819.0
Lehigh University,Higher education,Drifted Democratic (5+ points),0.3035,-5.516,1812.0
"McCarthy Building Cos., Inc. (Missouri)",Other,Drifted Democratic (5+ points),0.5721,-10.03,1811.0
"The MetroHealth System, Inc.",Other,Drifted Democratic (5+ points),0.3501,-6.274,1810.0
The University of Texas Rio Grande Valley,Higher education,Drifted Democratic (5+ points),0.1558,-5.332,1796.0
"Frost Bank (San Antonio, Texas)",Finance & insurance,Drifted Democratic (5+ points),0.4806,-5.392,1793.0
"Frontier Airlines, Inc.",Other,Drifted Democratic (5+ points),0.4562,-6.522,1791.0
Jo-Ann Stores LLC,Retail & hospitality,Drifted Democratic (5+ points),0.3819,-7.991,1790.0
Duval County Public Schools,State & local government,Drifted Democratic (5+ points),0.4018,-6.385,1789.0
"General Atomics, Inc.",Other,Drifted Democratic (5+ points),0.4906,-6.941,1788.0
Lonza Group AG,Other,Drifted Democratic (5+ points),0.4371,-10.53,1788.0
CareSource,Other,Drifted Democratic (5+ points),0.5001,-10.13,1786.0
"Kwik Trip, Inc.",Other,Drifted Democratic (5+ points),0.5345,-5.408,1782.0
"Nexstar Media Group, Inc.",Other,Drifted Democratic (5+ points),0.4917,-10.12,1782.0
Athletico Ltd.,Other,Drifted Democratic (5+ points),0.3709,-6.541,1780.0
"Medpace Holdings, Inc.",Other,Drifted Democratic (5+ points),0.4933,-11.27,1778.0
Speedway LLC,Other,Drifted Democratic (5+ points),0.4389,-6.0,1777.0
Belcan LLC,Other,Drifted Democratic (5+ points),0.5428,-7.859,1777.0
Movement Mortgage LLC,Other,Drifted Democratic (5+ points),0.5843,-10.24,1766.0
"Builders FirstSource, Inc.",Other,Drifted Democratic (5+ points),0.6376,-5.142,1762.0
County of San Bernardino (California),State & local government,Drifted Democratic (5+ points),0.4373,-8.4,1761.0
"Penske Logistics, Inc.",Other,Drifted Democratic (5+ points),0.5073,-10.45,1756.0
"European Wax Center, Inc.",Other,Drifted Democratic (5+ points),0.3106,-13.23,1756.0
United States Cellular Corp.,Other,Drifted Democratic (5+ points),0.4577,-5.091,1755.0
"Dutch Bros, Inc.",Other,Drifted Democratic (5+ points),0.4016,-7.56,1752.0
"Arthrex, Inc.",Other,Drifted Democratic (5+ points),0.6206,-10.71,1751.0
"Love's Travel Stops & Country Stores, Inc.",Retail & hospitality,Drifted Democratic (5+ points),0.5761,-6.951,1750.0
"Avis Budget Group, Inc.",Other,Drifted Democratic (5+ points),0.4131,-5.071,1749.0
Michael Baker International LLC,Other,Drifted Democratic (5+ points),0.5007,-8.798,1745.0
"Riot Games, Inc.",Other,Drifted Democratic (5+ points),0.2351,-8.033,1741.0
City of Phoenix (Arizona),State & local government,Drifted Democratic (5+ points),0.4985,-5.726,1740.0
Presbyterian Healthcare Services,Health care,Drifted Democratic (5+ points),0.3978,-6.012,1736.0
The Reynolds & Reynolds Co.,Other,Drifted Democratic (5+ points),0.5916,-5.592,1735.0
"McLane Co., Inc.",Other,Drifted Democratic (5+ points),0.5554,-6.962,1729.0
"GoDaddy, Inc.",Other,Drifted Democratic (5+ points),0.4189,-9.586,1728.0
Renewal By Andersen LLC (Texas),Other,Drifted Democratic (5+ points),0.5446,-6.74,1725.0
Aimbridge Hospitality LLC,Other,Drifted Democratic (5+ points),0.4368,-8.236,1722.0
Katy ISD,Other,Drifted Democratic (5+ points),0.5805,-8.935,1720.0
Cincinnati Public Schools,State & local government,Drifted Democratic (5+ points),0.3773,-6.123,1716.0
"Mattress Firm, Inc.",Other,Drifted Democratic (5+ points),0.4527,-8.492,1715.0
Prince William County Public Schools Education Foundation,State & local government,Drifted Democratic (5+ points),0.3572,-5.563,1715.0
"Kenvue, Inc.",Other,Drifted Democratic (5+ points),0.4443,-20.68,1709.0
Associated Banc-Corp,Other,Drifted Democratic (5+ points),0.6527,-6.779,1707.0
UniFirst Corp.,Other,Drifted Democratic (5+ points),0.5623,-8.741,1704.0
County of Los Angeles (California),State & local government,Drifted Democratic (5+ points),0.2646,-5.479,1700.0
Factory Mutual Insurance Co.,Finance & insurance,Drifted Democratic (5+ points),0.4606,-8.002,1699.0
"Hennepin Healthcare System, Inc.",Health care,Drifted Democratic (5+ points),0.408,-8.838,1696.0
Skanska AB,Other,Drifted Democratic (5+ points),0.4716,-6.89,1695.0
"EPIQ Systems, Inc.",Other,Drifted Democratic (5+ points),0.3554,-6.381,1694.0
Acrisure LLC,Other,Drifted Democratic (5+ points),0.5278,-19.21,1691.0
Eurofins Scientific SE,Other,Drifted Democratic (5+ points),0.3556,-9.496,1689.0
"Floor & Decor Outlets of America, Inc.",Other,Drifted Democratic (5+ points),0.3892,-7.468,1688.0
Pacific Dental Services LLC,Other,Drifted Democratic (5+ points),0.4203,-8.157,1687.0
Otis Worldwide Corp.,Other,Drifted Democratic (5+ points),0.5095,-5.171,1686.0
"Camping World Holdings, Inc.",Other,Drifted Democratic (5+ points),0.6166,-7.146,1686.0
Coach IP Holdings LLC,Other,Drifted Democratic (5+ points),0.2881,-7.689,1686.0
Centura Health Corp.,Health care,Drifted Democratic (5+ points),0.4358,-5.105,1685.0
"Woodward, Inc.",Other,Drifted Democratic (5+ points),0.5561,-7.262,1681.0
M.A. Mortenson Co.,Other,Drifted Democratic (5+ points),0.5298,-10.55,1681.0
New American Funding LLC,Other,Drifted Democratic (5+ points),0.5246,-6.252,1678.0
Eide Bailly LLP,Other,Drifted Democratic (5+ points),0.6164,-10.94,1677.0
Freedom Mortgage Corp.,Other,Drifted Democratic (5+ points),0.4426,-5.747,1675.0
"RXO, Inc.",Other,Drifted Democratic (5+ points),0.4688,-14.75,1672.0
St. David's Healthcare Partnership LP LLP,Health care,Drifted Democratic (5+ points),0.3524,-7.691,1671.0
Robert Bosch LLC,Other,Drifted Democratic (5+ points),0.525,-5.869,1670.0
"Old Dominion Freight Line, Inc.",Other,Drifted Democratic (5+ points),0.6267,-7.752,1666.0
Rutgers University-New Brunswick,Higher education,Drifted Democratic (5+ points),0.1824,-8.441,1665.0
Andersen Corp.,Other,Drifted Democratic (5+ points),0.6455,-12.03,1662.0
United States Naval Air Systems Command,Other,Drifted Democratic (5+ points),0.5102,-7.244,1660.0
"RARE Hospitality International, Inc.",Other,Drifted Democratic (5+ points),0.4147,-7.824,1652.0
"ATI Physical Therapy, Inc.",Other,Drifted Democratic (5+ points),0.4087,-6.726,1651.0
Kemper Corp.,Other,Drifted Democratic (5+ points),0.4853,-10.56,1648.0
The Freeman Co. LLC,Other,Drifted Democratic (5+ points),0.4867,-7.174,1641.0
"Astellas Pharma, Inc.",Other,Drifted Democratic (5+ points),0.4685,-10.76,1640.0
Methodist Le Bonheur Healthcare,Health care,Drifted Democratic (5+ points),0.4282,-6.783,1639.0
CBRE Global Workplace Solutions,Other,Drifted Democratic (5+ points),0.5469,-11.05,1630.0
"The Carle Foundation Hospital, Inc.",Health care,Drifted Democratic (5+ points),0.4794,-5.787,1629.0
"Trimble, Inc.",Other,Drifted Democratic (5+ points),0.468,-8.189,1627.0
Phoenix Children's Hospital,Health care,Drifted Democratic (5+ points),0.4702,-7.217,1627.0
"Safelite Group, Inc.",Other,Drifted Democratic (5+ points),0.5092,-6.98,1627.0
County of Sacramento (California),State & local government,Drifted Democratic (5+ points),0.3753,-6.135,1623.0
"Bronson Health Care Group, Inc.",Health care,Drifted Democratic (5+ points),0.4203,-8.968,1623.0
Fathom Realty LLC,Other,Drifted Democratic (5+ points),0.5868,-7.499,1620.0
City of San Antonio (Texas),State & local government,Drifted Democratic (5+ points),0.3458,-8.53,1618.0
"Excellus Health Plan, Inc. (Investment Portfolio)",Health care,Drifted Democratic (5+ points),0.481,-6.684,1616.0
Henrico County Public Schools,State & local government,Drifted Democratic (5+ points),0.4133,-8.472,1610.0
Albany Medical Center Hospital,Health care,Drifted Democratic (5+ points),0.3052,-7.516,1608.0
Argonne National Laboratory,Other,Drifted Democratic (5+ points),0.3288,-5.818,1608.0
Convergint Technologies LLC,Other,Drifted Democratic (5+ points),0.5736,-6.789,1608.0
"24 Hour Fitness USA, Inc.",Other,Drifted Democratic (5+ points),0.3777,-6.642,1607.0
County of Riverside (California),State & local government,Drifted Democratic (5+ points),0.4059,-6.811,1606.0
"Gallagher Bassett Services, Inc.",Other,Drifted Democratic (5+ points),0.5143,-6.488,1605.0
Umpqua Bank,Finance & insurance,Drifted Democratic (5+ points),0.4219,-6.876,1605.0
City of Portland (Oregon),State & local government,Drifted Democratic (5+ points),0.2004,-5.715,1604.0
Anytime Fitness LLC,Other,Drifted Democratic (5+ points),0.5505,-8.419,1601.0
"NFI Industries, Inc.",Other,Drifted Democratic (5+ points),0.4604,-8.709,1601.0
Columbia Sportswear Co.,Other,Drifted Democratic (5+ points),0.2775,-6.094,1601.0
Polaris Inc.,Other,Drifted Democratic (5+ points),0.6238,-14.46,1599.0
Real Broker LLC,Other,Drifted Democratic (5+ points),0.5015,-12.6,1598.0
Cook Children's Health Care System,Health care,Drifted Democratic (5+ points),0.5808,-7.08,1596.0
Aldine ISD,Other,Drifted Democratic (5+ points),0.3024,-6.332,1596.0
Family First Life LLC,Other,Drifted Democratic (5+ points),0.4769,-9.178,1588.0
First National Bank of Omaha (Nebraska),Finance & insurance,Drifted Democratic (5+ points),0.5516,-5.627,1586.0
Oakland University (Michigan),Higher education,Drifted Democratic (5+ points),0.3137,-6.062,1586.0
ZOLL Medical Corp.,Health care,Drifted Democratic (5+ points),0.5145,-5.308,1586.0
"NiSource, Inc.",Other,Drifted Democratic (5+ points),0.5285,-7.916,1585.0
"CHS, Inc.",Other,Drifted Democratic (5+ points),0.6243,-12.38,1585.0
"Steelcase, Inc.",Other,Drifted Democratic (5+ points),0.52,-8.579,1582.0
Park Nicollet Health Services,Health care,Drifted Democratic (5+ points),0.504,-12.66,1581.0
Summa Health System (Ohio),Health care,Drifted Democratic (5+ points),0.4602,-5.601,1579.0
"TriNet Group, Inc.",Other,Drifted Democratic (5+ points),0.4779,-7.178,1579.0
Children's Hospital Medical Center of Akron,Health care,Drifted Democratic (5+ points),0.4669,-6.145,1578.0
Veterans United Home Loans LLC,Other,Drifted Democratic (5+ points),0.5516,-22.25,1578.0
"POWER Engineers, Inc.",Other,Drifted Democratic (5+ points),0.556,-9.679,1577.0
Wabtec Corp.,Other,Drifted Democratic (5+ points),0.5987,-9.904,1573.0
McMaster-Carr Supply Co.,Other,Drifted Democratic (5+ points),0.29,-7.191,1570.0
Sealed Air Corp.,Other,Drifted Democratic (5+ points),0.6502,-8.927,1564.0
Valley Health System (Virginia),Health care,Drifted Democratic (5+ points),0.5015,-8.845,1564.0
Graphic Packaging International LLC,Other,Drifted Democratic (5+ points),0.5801,-7.194,1563.0
Hand & Stone Massage & Facial SpA,Other,Drifted Democratic (5+ points),0.3542,-9.358,1561.0
The University of Vermont Medical Center,Higher education,Drifted Democratic (5+ points),0.2381,-8.897,1556.0
Conifer Health Solutions LLC,Health care,Drifted Democratic (5+ points),0.4137,-6.038,1551.0
"Sally Beauty Holdings, Inc.",Other,Drifted Democratic (5+ points),0.4068,-6.435,1550.0
"Clean Harbors, Inc.",Other,Drifted Democratic (5+ points),0.5429,-7.775,1548.0
Ceva Logistics AG,Other,Drifted Democratic (5+ points),0.4896,-5.842,1546.0
"Xylem, Inc.",Other,Drifted Democratic (5+ points),0.5272,-10.51,1546.0
"Snap, Inc.",Other,Drifted Democratic (5+ points),0.2125,-10.67,1546.0
Methodist Healthcare System of San Antonio Ltd. LLP,Health care,Drifted Democratic (5+ points),0.4428,-7.944,1543.0
"QVC, Inc.",Other,Drifted Democratic (5+ points),0.3782,-7.025,1542.0
Olympus Corporation of the Americas Pennsylvania,Other,Drifted Democratic (5+ points),0.5286,-7.887,1541.0
Walmart Distribution Center,Retail & hospitality,Drifted Democratic (5+ points),0.5269,-5.885,1537.0
RBC /Capital Markets Division/,Other,Drifted Democratic (5+ points),0.3977,-7.07,1535.0
"MillerKnoll, Inc.",Other,Drifted Democratic (5+ points),0.5297,-10.02,1533.0
Universal City Studios LLC,Other,Drifted Democratic (5+ points),0.2805,-5.854,1531.0
"Epic Games, Inc.",Other,Drifted Democratic (5+ points),0.288,-7.595,1527.0
Medical Solutions LLC,Health care,Drifted Democratic (5+ points),0.5175,-7.618,1525.0
University of Missouri-Kansas City,Higher education,Drifted Democratic (5+ points),0.397,-10.05,1523.0
San Diego Gas & Electric Co.,Other,Drifted Democratic (5+ points),0.4147,-5.935,1520.0
Heartland Dental LLC,Other,Drifted Democratic (5+ points),0.5076,-9.276,1520.0
"Qualtrics International, Inc.",Other,Drifted Democratic (5+ points),0.5882,-46.31,1517.0
State of New York,State & local government,Drifted Democratic (5+ points),0.3044,-5.35,1515.0
Froedtert Hospital,Health care,Drifted Democratic (5+ points),0.5864,-6.789,1514.0
Lancaster General Health,Health care,Drifted Democratic (5+ points),0.5551,-9.107,1514.0
Bexar County Hospital District (Texas),Health care,Drifted Democratic (5+ points),0.3663,-5.91,1513.0
"NEA Valuebuilder Investor Services, Inc.",Other,Drifted Democratic (5+ points),0.4856,-9.271,1510.0
"Smithfield Foods, Inc.",Other,Drifted Democratic (5+ points),0.5334,-5.019,1510.0
Mercedes-Benz USA LLC,Other,Drifted Democratic (5+ points),0.4767,-9.681,1510.0
"Werner Enterprises, Inc.",Other,Drifted Democratic (5+ points),0.5586,-7.022,1507.0
J. E. Dunn Construction Co.,Other,Drifted Democratic (5+ points),0.6103,-8.162,1507.0
"Univar Solutions, Inc.",Other,Drifted Democratic (5+ points),0.5152,-5.892,1506.0
"Cellular Sales of Knoxville, Inc.",Other,Drifted Democratic (5+ points),0.5402,-5.05,1506.0
BOK Financial Corp.,Finance & insurance,Drifted Democratic (5+ points),0.6515,-8.359,1504.0
HealthONE LLC,Other,Drifted Democratic (5+ points),0.3674,-7.809,1503.0
EduStaff LLC,Other,Drifted Democratic (5+ points),0.369,-9.961,1501.0
"Milliman, Inc.",Other,Drifted Democratic (5+ points),0.4036,-5.775,1501.0
NewRez LLC,Other,Drifted Democratic (5+ points),0.4812,-6.875,1501.0
Spectrum Reach LLC,Other,Drifted Democratic (5+ points),0.4988,-5.687,1500.0
Hillsborough County Sheriffs Office (Florida),Other,Drifted Democratic (5+ points),0.5139,-7.703,1498.0
National Renewable Energy Laboratory,Other,Drifted Democratic (5+ points),0.2812,-6.298,1496.0
Gilbane Building Co.,Other,Drifted Democratic (5+ points),0.4841,-7.052,1485.0
"Zachry Holdings, Inc.",Other,Drifted Democratic (5+ points),0.553,-11.72,1485.0
"LHC Group, Inc.",Other,Drifted Democratic (5+ points),0.6053,-7.57,1484.0
"Francisan Health, Inc.",Health care,Drifted Democratic (5+ points),0.5068,-7.681,1483.0
Dematic Corp.,Other,Drifted Democratic (5+ points),0.5928,-12.72,1481.0
"Markel Group, Inc.",Other,Drifted Democratic (5+ points),0.4963,-8.857,1479.0
ON Semiconductor Corp.,Other,Drifted Democratic (5+ points),0.5402,-5.435,1477.0
"Paycor, Inc.",Other,Drifted Democratic (5+ points),0.5916,-18.03,1469.0
"Genesco, Inc.",Other,Drifted Democratic (5+ points),0.2927,-5.181,1468.0
American National Insurance Co.,Finance & insurance,Drifted Democratic (5+ points),0.6042,-7.154,1467.0
"Avanade, Inc.",Other,Drifted Democratic (5+ points),0.3489,-7.464,1461.0
Atkinsréalis (WS) Ltd.,Other,Drifted Democratic (5+ points),0.496,-8.522,1458.0
USHEALTH Advisors LLC,Other,Drifted Democratic (5+ points),0.6148,-9.221,1453.0
"Howmet Aerospace, Inc.",Other,Drifted Democratic (5+ points),0.5543,-6.813,1453.0
CNN Ltd.,Other,Drifted Democratic (5+ points),0.2476,-6.273,1450.0
Effectv,Other,Drifted Democratic (5+ points),0.4356,-6.563,1445.0
Children's Health Care,Health care,Drifted Democratic (5+ points),0.449,-17.45,1443.0
"National Football League, Inc.",Other,Drifted Democratic (5+ points),0.3225,-5.689,1442.0
US Defense Information Systems Agency,Other,Drifted Democratic (5+ points),0.518,-5.765,1439.0
Round Rock Independent School District (Texas),State & local government,Drifted Democratic (5+ points),0.4225,-6.085,1435.0
"F5, Inc.",Other,Drifted Democratic (5+ points),0.3289,-5.003,1434.0
State of Nevada,State & local government,Drifted Democratic (5+ points),0.4993,-8.0,1431.0
MONAT Global Corp.,Other,Drifted Democratic (5+ points),0.6364,-41.51,1426.0
"The ERM Group, Inc.",Other,Drifted Democratic (5+ points),0.4011,-11.42,1423.0
Hensel Phelps Construction Co.,Other,Drifted Democratic (5+ points),0.5147,-9.648,1422.0
Missouri State University,Higher education,Drifted Democratic (5+ points),0.5558,-6.265,1418.0
Swift Transportation Corp.,Other,Drifted Democratic (5+ points),0.5349,-5.608,1415.0
Johnson & Johnson MedTech (Thailand) Ltd.,Other,Drifted Democratic (5+ points),0.4478,-10.32,1414.0
White Cap LP (Georgia),Other,Drifted Democratic (5+ points),0.5758,-5.454,1413.0
Kelly Education,Other,Drifted Democratic (5+ points),0.3271,-7.311,1411.0
"Old National Bank (Evansville, Indiana)",Finance & insurance,Drifted Democratic (5+ points),0.5483,-8.197,1408.0
Commonwealth Edison Co.,Other,Drifted Democratic (5+ points),0.3633,-6.498,1406.0
"OU Medicine, Inc.",Other,Drifted Democratic (5+ points),0.5602,-6.446,1405.0
"Hoag Memorial Hospital Presbyterian, Inc.",Health care,Drifted Democratic (5+ points),0.4071,-5.372,1402.0
Hilti North America,Other,Drifted Democratic (5+ points),0.6002,-10.22,1396.0
Nalco Holding Co.,Other,Drifted Democratic (5+ points),0.5736,-6.114,1395.0
Lear Corp.,Other,Drifted Democratic (5+ points),0.4411,-5.965,1393.0
"Enterprise Fleet Management, Inc.",Other,Drifted Democratic (5+ points),0.539,-7.835,1392.0
Lineage Logistics Holdings LLC,Other,Drifted Democratic (5+ points),0.5057,-10.56,1388.0
New York State Department of Health,Military & federal,Drifted Democratic (5+ points),0.2668,-7.354,1385.0
County of Clackamas (Oregon),State & local government,Drifted Democratic (5+ points),0.3263,-5.238,570.0
Navient Corp.,Other,Drifted Democratic (5+ points),0.4667,-5.771,619.0
Orange County Sheriff's Department (California),State & local government,Drifted Democratic (5+ points),0.6663,-15.08,234.0
"Change Healthcare, Inc.",Health care,Drifted Democratic (5+ points),0.4672,-6.036,1258.0
"ACR Homes, Inc.",Other,Drifted Democratic (5+ points),0.2454,-11.25,181.0
TMX Finance LLC,Other,Drifted Democratic (5+ points),0.4173,-5.535,197.0
BluePearl Veterinary Partners LLC,Other,Drifted Democratic (5+ points),0.35,-7.808,1049.0
The Y of Central Maryland,Other,Drifted Democratic (5+ points),0.254,-7.527,214.0
Citadel Enterprise Americas LLC,Other,Drifted Democratic (5+ points),0.3116,-7.88,1154.0
"UHY Advisors, Inc.",Other,Drifted Democratic (5+ points),0.4702,-13.45,725.0
Multnomah County Library,Other,Drifted Democratic (5+ points),0.1722,-5.886,1364.0
Aptive Environmental LLC,Other,Drifted Democratic (5+ points),0.7036,-21.03,470.0
Formosa Plastics Corp. USA,Other,Drifted Democratic (5+ points),0.6244,-5.82,343.0
Sleep Number Corp.,Other,Drifted Democratic (5+ points),0.5179,-10.5,1203.0
Securus Technologies LLC,Other,Drifted Democratic (5+ points),0.5637,-7.477,200.0
Terumo Medical Corp.,Health care,Drifted Democratic (5+ points),0.5163,-5.237,484.0
Amerisure Insurance Co.,Finance & insurance,Drifted Democratic (5+ points),0.5824,-15.16,328.0
St. Louis Community College,Higher education,Drifted Democratic (5+ points),0.4362,-6.19,759.0
Behr Process LLC,Other,Drifted Democratic (5+ points),0.5219,-12.25,622.0
Rehrig Pacific Co.,Other,Drifted Democratic (5+ points),0.5228,-6.854,254.0
Backcountry.com LLC,Other,Drifted Democratic (5+ points),0.4269,-9.321,267.0
County of Arapahoe (Colorado),State & local government,Drifted Democratic (5+ points),0.3549,-7.691,402.0
"Direct Supply, Inc.",Other,Drifted Democratic (5+ points),0.6538,-12.16,707.0
Lincoln Property Company Commercial LLC,Other,Drifted Democratic (5+ points),0.5265,-12.23,813.0
Madigan Army Medical Center,Military & federal,Drifted Democratic (5+ points),0.3996,-8.522,321.0
Fresh Direct LLC,Other,Drifted Democratic (5+ points),0.2089,-7.39,193.0
The Little Clinic LLC,Health care,Drifted Democratic (5+ points),0.4854,-8.429,306.0
County of Ingham (Michigan),State & local government,Drifted Democratic (5+ points),0.3509,-10.38,228.0
"Cumberland County Hospital System, Inc.",Health care,Drifted Democratic (5+ points),0.4302,-7.167,885.0
Precision Castparts Corp.,Other,Drifted Democratic (5+ points),0.4968,-5.636,540.0
"Project Management Institute, Inc.",Other,Drifted Democratic (5+ points),0.4112,-5.741,416.0
"Integrity Staffing Solutions, Inc.",Other,Drifted Democratic (5+ points),0.3131,-5.594,264.0
Vitesco Technologies GmbH,Other,Drifted Democratic (5+ points),0.5023,-16.02,292.0
"The Hillman Group, Inc.",Other,Drifted Democratic (5+ points),0.5899,-6.579,481.0
UnityPoint Health-Meriter,Health care,Drifted Democratic (5+ points),0.3912,-8.934,629.0
Granite City Food & Brewery Ltd.,Other,Drifted Democratic (5+ points),0.3428,-8.718,133.0
Texas Army National Guard,Military & federal,Drifted Democratic (5+ points),0.5165,-7.964,836.0
Ice Miller LLP,Other,Drifted Democratic (5+ points),0.5138,-11.05,435.0
Weyerhaeuser Co.,Other,Drifted Democratic (5+ points),0.4683,-5.021,1070.0
Bell & Howell LLC,Other,Drifted Democratic (5+ points),0.6187,-5.135,237.0
"Two Men & a Truck/International, Inc.",Other,Drifted Democratic (5+ points),0.4492,-7.819,762.0
St. Louis Cardinals LLC,Other,Drifted Democratic (5+ points),0.5199,-15.13,301.0
"Zoe's Kitchen, Inc.",Other,Drifted Democratic (5+ points),0.4156,-11.56,148.0
Cobb County Government,Other,Drifted Democratic (5+ points),0.4085,-9.498,307.0
Applied Medical Corp.,Health care,Drifted Democratic (5+ points),0.4539,-10.41,851.0
"Favorite Healthcare Staffing, Inc.",Health care,Drifted Democratic (5+ points),0.3581,-6.547,655.0
Q2 Solutions Co.,Other,Drifted Democratic (5+ points),0.3663,-13.76,436.0
Minnesota Department of Health,Military & federal,Drifted Democratic (5+ points),0.4326,-19.06,803.0
Atlanta Hawks LP,Other,Drifted Democratic (5+ points),0.2645,-8.014,289.0
"Liberty Energy, Inc.",Other,Drifted Democratic (5+ points),0.665,-22.73,739.0
Dentons Holdings Plc,Other,Drifted Democratic (5+ points),0.3269,-5.022,677.0
Biofire Diagnostics LLC,Other,Drifted Democratic (5+ points),0.5929,-6.252,246.0
"Netsmart Technologies, Inc.",Other,Drifted Democratic (5+ points),0.5684,-9.851,1191.0
British Airways Plc,Other,Drifted Democratic (5+ points),0.3028,-5.892,242.0
American Heritage Life Insurance Co.,Finance & insurance,Drifted Democratic (5+ points),0.5928,-11.32,452.0
NYU Winthrop Hospital,Health care,Drifted Democratic (5+ points),0.3804,-7.659,808.0
CareerBuilder LLC,Other,Drifted Democratic (5+ points),0.3033,-6.293,181.0
The Rocket Science Group LLC,Other,Drifted Democratic (5+ points),0.2373,-6.217,641.0
"Geosyntec Consultants, Inc.",Other,Drifted Democratic (5+ points),0.3464,-10.47,835.0
Stratasys Ltd.,Other,Drifted Democratic (5+ points),0.5682,-7.85,433.0
"Maple Mountain Group, Inc.",Other,Drifted Democratic (5+ points),0.6663,-14.23,389.0
"Smartsheet, Inc.",Other,Drifted Democratic (5+ points),0.2701,-11.76,1292.0
"BOKF, NA (Investment Management)",Other,Drifted Democratic (5+ points),0.6531,-5.362,746.0
Financial Services Acquisition Corp.,Finance & insurance,Drifted Democratic (5+ points),0.4598,-5.433,296.0
Adams County School District No. 12 (Colorado),State & local government,Drifted Democratic (5+ points),0.3122,-7.348,799.0
Robins & Morton LLC,Other,Drifted Democratic (5+ points),0.6373,-7.173,325.0
Chester County Intermediate Unit,Other,Drifted Democratic (5+ points),0.3574,-6.058,427.0
"Yuma Regional Medical Center, Inc.",Health care,Drifted Democratic (5+ points),0.5228,-10.68,387.0
American Diabetes Association,Other,Drifted Democratic (5+ points),0.3235,-5.847,275.0
Baltimore Gas & Electric Co.,Other,Drifted Democratic (5+ points),0.4386,-5.29,646.0
New Jersey State Police (United States),State & local government,Drifted Democratic (5+ points),0.6111,-13.1,350.0
"Ipsos America, Inc.",Other,Drifted Democratic (5+ points),0.305,-19.76,432.0
Truman State University,Higher education,Drifted Democratic (5+ points),0.2254,-12.96,130.0
"The Dallas Morning News, Inc.",Other,Drifted Democratic (5+ points),0.3794,-8.717,186.0
The Colorado Department of Public Health & Environment,Military & federal,Drifted Democratic (5+ points),0.2467,-6.999,846.0
"Optiv Security, Inc.",Other,Drifted Democratic (5+ points),0.5308,-9.655,899.0
AXIS Capital Holdings Ltd.,Other,Drifted Democratic (5+ points),0.4295,-6.149,432.0
"Western Express, Inc.",Other,Drifted Democratic (5+ points),0.5401,-13.8,404.0
"Zelis Healthcare, Inc.",Health care,Drifted Democratic (5+ points),0.4972,-9.015,784.0
LivaNova Plc,Other,Drifted Democratic (5+ points),0.543,-5.18,436.0
Flywheel Digital LLC,Other,Drifted Democratic (5+ points),0.4196,-9.485,431.0
Saint Vincent Hospital LLC,Health care,Drifted Democratic (5+ points),0.3068,-6.181,249.0
"South Shore Health System, Inc.",Health care,Drifted Democratic (5+ points),0.2732,-5.702,892.0
Deluxe Corp.,Other,Drifted Democratic (5+ points),0.5334,-6.513,1075.0
MAUSER Packaging Solutions,Other,Drifted Democratic (5+ points),0.5565,-9.12,523.0
Tradesmen International LLC,Other,Drifted Democratic (5+ points),0.5402,-8.118,970.0
"Associated Materials Group, Inc.",Other,Drifted Democratic (5+ points),0.5945,-5.998,328.0
Brenntag SE,Other,Drifted Democratic (5+ points),0.6231,-6.262,890.0
"Jackson Financial, Inc.",Finance & insurance,Drifted Democratic (5+ points),0.4056,-13.41,1349.0
"Lucid Software, Inc.",Other,Drifted Democratic (5+ points),0.6583,-10.14,483.0
Grand Rapids Public Schools (Michigan),State & local government,Drifted Democratic (5+ points),0.3183,-5.794,444.0
"Envestnet, Inc.",Other,Drifted Democratic (5+ points),0.3702,-8.621,591.0
University of Wisconsin La Crosse,Higher education,Drifted Democratic (5+ points),0.3863,-6.278,813.0
Bilfinger SE,Other,Drifted Democratic (5+ points),0.6906,-5.524,206.0
Health Quest,Health care,Drifted Democratic (5+ points),0.4212,-5.068,154.0
"NYSE Euronext, Inc.",Other,Drifted Democratic (5+ points),0.3769,-7.347,328.0
"Pinnacle Bank (Lincoln, Nebraska)",Finance & insurance,Drifted Democratic (5+ points),0.6438,-5.111,253.0
Hexagon Manufacturing Intelligence Management Ltd.,Other,Drifted Democratic (5+ points),0.5277,-11.12,437.0
Andritz AG,Other,Drifted Democratic (5+ points),0.6593,-9.111,375.0
"Constellis Holdings, Inc.",Other,Drifted Democratic (5+ points),0.542,-17.97,353.0
"Jostens, Inc.",Other,Drifted Democratic (5+ points),0.6062,-7.592,669.0
"NaphCare U.S., Inc.",Other,Drifted Democratic (5+ points),0.4545,-5.089,417.0
Paparazzi Accessories,Other,Drifted Democratic (5+ points),0.4285,-29.51,734.0
"St. Joseph's Healthcare System, Inc.",Health care,Drifted Democratic (5+ points),0.2949,-9.197,623.0
Reliant Pro Rehab LLC,Other,Drifted Democratic (5+ points),0.5386,-13.52,639.0
Children's Hospital of Orange County,Health care,Drifted Democratic (5+ points),0.3879,-5.845,1306.0
Florida House of Representatives,Other,Drifted Democratic (5+ points),0.5273,-6.726,255.0
"Pinnacle Entertainment, Inc.",Other,Drifted Democratic (5+ points),0.4768,-6.491,110.0
Kansas Department of Transportation,Military & federal,Drifted Democratic (5+ points),0.6009,-7.813,272.0
Pasadena City College,Higher education,Drifted Democratic (5+ points),0.2205,-6.973,554.0
Delicato Vineyards LLC,Other,Drifted Democratic (5+ points),0.4714,-5.011,296.0
"Bolton & Menk, Inc.",Other,Drifted Democratic (5+ points),0.6191,-22.63,422.0
Salem Health Hospitals & Clinics,Health care,Drifted Democratic (5+ points),0.4422,-6.296,977.0
"Bunge North America, Inc.",Other,Drifted Democratic (5+ points),0.6116,-8.927,165.0
Infinity Insurance Co.,Finance & insurance,Drifted Democratic (5+ points),0.4767,-9.459,113.0
"See's Candies, Inc.",Other,Drifted Democratic (5+ points),0.3054,-10.69,324.0
Richmond University Medical Center,Higher education,Drifted Democratic (5+ points),0.468,-5.103,308.0
Banner Bank,Finance & insurance,Drifted Democratic (5+ points),0.4992,-7.736,720.0
Mission Systems Wimborne Ltd.,Other,Drifted Democratic (5+ points),0.5657,-7.314,128.0
"Everi Holdings, Inc.",Other,Drifted Democratic (5+ points),0.428,-8.657,768.0
Covenant Health,Health care,Drifted Democratic (5+ points),0.6868,-5.239,937.0
"PLS Financial Services, Inc.",Finance & insurance,Drifted Democratic (5+ points),0.2134,-5.026,269.0
Argos USA LLC,Other,Drifted Democratic (5+ points),0.6183,-5.113,189.0
9Round Franchising LLC,Other,Drifted Democratic (5+ points),0.4722,-11.59,216.0
Ankeny Community School District (Iowa),State & local government,Drifted Democratic (5+ points),0.4648,-6.991,259.0
Denton ISD,Other,Drifted Democratic (5+ points),0.5758,-8.863,636.0
Mayo Clinic Health System,Health care,Drifted Democratic (5+ points),0.596,-9.907,1085.0
Trace3 LLC (California),Other,Drifted Democratic (5+ points),0.4926,-6.257,616.0
Shawmut Design & Construction,Other,Drifted Democratic (5+ points),0.3627,-7.032,451.0
The Everett Clinic PLLC,Health care,Drifted Democratic (5+ points),0.3184,-11.86,359.0
"Kona Ice, Inc.",Other,Drifted Democratic (5+ points),0.6121,-9.359,241.0
"Epson America, Inc.",Other,Drifted Democratic (5+ points),0.4086,-6.559,432.0
"Corpay, Inc.",Other,Drifted Democratic (5+ points),0.4146,-6.077,317.0
"Delta-T Group, Inc.",Other,Drifted Democratic (5+ points),0.2509,-7.533,324.0
"Vertex, Inc.",Other,Drifted Democratic (5+ points),0.5004,-13.71,701.0
Midcontinent Communications,Other,Drifted Democratic (5+ points),0.6061,-6.006,424.0
Ardent Mills LLC,Other,Drifted Democratic (5+ points),0.5458,-10.0,460.0
Lake Erie College of Osteopathic Medicine,Higher education,Drifted Democratic (5+ points),0.4588,-10.6,328.0
"Merrill Associates, Inc.",Other,Drifted Democratic (5+ points),0.4793,-7.077,194.0
"SitusAMC, Inc.",Other,Drifted Democratic (5+ points),0.5101,-12.63,586.0
Mesa Community College,Higher education,Drifted Democratic (5+ points),0.4345,-7.936,426.0
Santa Clara Unified School District (California),State & local government,Drifted Democratic (5+ points),0.2361,-6.747,460.0
"Arcadis, Inc.",Other,Drifted Democratic (5+ points),0.258,-5.964,113.0
"C.R. England, Inc.",Other,Drifted Democratic (5+ points),0.5721,-8.799,525.0
North Kansas City Hospital,Health care,Drifted Democratic (5+ points),0.6228,-18.5,773.0
North Carolina Department of Justice (North Carolina),Military & federal,Drifted Democratic (5+ points),0.3256,-5.432,255.0
Alacrity Solutions Group LLC,Other,Drifted Democratic (5+ points),0.5072,-11.25,439.0
"Progrexion Holdings, Inc.",Other,Drifted Democratic (5+ points),0.6536,-17.25,126.0
St. Cloud Area School District 742,State & local government,Drifted Democratic (5+ points),0.6312,-9.386,247.0
"MelroseWakefield Healthcare, Inc.",Health care,Drifted Democratic (5+ points),0.2231,-6.197,247.0
Envoy Mortgage Ltd.,Other,Drifted Democratic (5+ points),0.5995,-5.988,213.0
Chick-fil-A Restaurants,Other,Drifted Democratic (5+ points),0.469,-8.17,266.0
"Newark Beth Israel Medical Center, Inc.",Health care,Drifted Democratic (5+ points),0.199,-6.354,425.0
"The Trade Desk, Inc.",Other,Drifted Democratic (5+ points),0.2339,-6.106,1177.0
"TruGreen, Inc.",Other,Drifted Democratic (5+ points),0.5264,-7.991,1260.0
Howard County Government,Other,Drifted Democratic (5+ points),0.3196,-9.574,376.0
"C-HCA, Inc.",Other,Drifted Democratic (5+ points),0.5257,-10.83,629.0
"Informatica, Inc. (California)",Other,Drifted Democratic (5+ points),0.3742,-5.904,733.0
"Proliance Surgeons, Inc. PS",Other,Drifted Democratic (5+ points),0.2633,-12.56,272.0
Renasant Bank,Finance & insurance,Drifted Democratic (5+ points),0.6577,-5.141,401.0
Taylor Morrison Home Corp.,Other,Drifted Democratic (5+ points),0.6303,-9.681,1148.0
BH Management Services LLC,Other,Drifted Democratic (5+ points),0.4435,-6.054,488.0
YMCA of Metropolitan Chicago LLC,Other,Drifted Democratic (5+ points),0.174,-8.452,289.0
Georgia Power Co.,Other,Drifted Democratic (5+ points),0.4698,-5.131,768.0
"Business Insider, Inc.",Other,Drifted Democratic (5+ points),0.1902,-7.545,356.0
The National Science Foundation,Other,Drifted Democratic (5+ points),0.2304,-5.242,1051.0
Nations Lending Corp.,Other,Drifted Democratic (5+ points),0.5471,-7.952,299.0
"Ritchie Bros. Auctioneers, Inc.",Other,Drifted Democratic (5+ points),0.6544,-9.182,318.0
Ark-La-Tex Financial Services LLC,Finance & insurance,Drifted Democratic (5+ points),0.6733,-10.18,315.0
Spring Independent School District (Texas),State & local government,Drifted Democratic (5+ points),0.3525,-14.04,760.0
Austin Energy,Other,Drifted Democratic (5+ points),0.3504,-6.375,624.0
"Hogan Transports, Inc.",Other,Drifted Democratic (5+ points),0.653,-14.26,367.0
Gillette Children's Specialty Healthcare,Health care,Drifted Democratic (5+ points),0.5059,-11.72,486.0
Coram Cvs Specialty Infusion Services,Health care,Drifted Democratic (5+ points),0.4507,-5.694,795.0
Walter Reed National Military Medical Center,Health care,Drifted Democratic (5+ points),0.2848,-9.087,488.0
Samaritas,Other,Drifted Democratic (5+ points),0.3629,-13.93,227.0
Eastern Maine Healthcare Systems,Health care,Drifted Democratic (5+ points),0.4795,-8.352,405.0
Texas A&M Health Science Center,Health care,Drifted Democratic (5+ points),0.5584,-6.36,311.0
"Newport Group, Inc.",Other,Drifted Democratic (5+ points),0.5009,-6.525,368.0
"Dierbergs Markets, Inc.",Other,Drifted Democratic (5+ points),0.4951,-7.894,268.0
Saginaw Valley State University (Michigan),Higher education,Drifted Democratic (5+ points),0.3155,-8.284,360.0
City of Tacoma (Washington),State & local government,Drifted Democratic (5+ points),0.3479,-8.59,563.0
City of Bellevue (Washington),State & local government,Drifted Democratic (5+ points),0.2724,-6.724,450.0
The Irvine Co. LLC,Other,Drifted Democratic (5+ points),0.4537,-10.56,810.0
"Bausch Health Cos., Inc.",Health care,Drifted Democratic (5+ points),0.4668,-11.75,376.0
Big 5 Sporting Goods Corp.,Other,Drifted Democratic (5+ points),0.3968,-7.969,674.0
Swedish Covenant Hospital,Health care,Drifted Democratic (5+ points),0.1969,-6.358,433.0
Cook Medical LLC,Health care,Drifted Democratic (5+ points),0.537,-5.34,1367.0
"MBO Partners, Inc.",Other,Drifted Democratic (5+ points),0.4674,-15.08,402.0
Akerman LLP,Other,Drifted Democratic (5+ points),0.3747,-6.899,700.0
"Fisher-Price, Inc.",Other,Drifted Democratic (5+ points),0.3862,-5.502,179.0
Merlin Entertainments Ltd.,Other,Drifted Democratic (5+ points),0.3544,-9.375,355.0
"Advansix, Inc.",Other,Drifted Democratic (5+ points),0.4906,-5.762,321.0
The John F. Kennedy Center for the Performing Arts,Other,Drifted Democratic (5+ points),0.1585,-9.893,265.0
HUNT Real Estate Corp.,Other,Drifted Democratic (5+ points),0.5296,-5.875,555.0
Maricopa County School District No. 3 (Arizona),State & local government,Drifted Democratic (5+ points),0.3516,-7.893,265.0
WellSky Corp.,Other,Drifted Democratic (5+ points),0.4753,-10.64,887.0
AlixPartners LLP,Other,Drifted Democratic (5+ points),0.4364,-12.36,882.0
"Signify Health, Inc.",Health care,Drifted Democratic (5+ points),0.408,-5.705,1107.0
"Snyder's-Lance, Inc.",Other,Drifted Democratic (5+ points),0.5508,-5.312,297.0
Florida Cancer Specialists & Research Institute LLC,Other,Drifted Democratic (5+ points),0.5484,-5.77,875.0
Case Western Reserve University School of Medicine,Higher education,Drifted Democratic (5+ points),0.2359,-7.391,426.0
"Child Development Schools, Inc.",Other,Drifted Democratic (5+ points),0.3166,-5.948,315.0
Berkley Technology Services LLC,Other,Drifted Democratic (5+ points),0.4562,-16.56,227.0
Citrin Cooperman & Co. LLP,Other,Drifted Democratic (5+ points),0.3898,-5.369,1082.0
"PFM Group, Inc.",Other,Drifted Democratic (5+ points),0.3396,-6.934,211.0
"Cielo, Inc.",Other,Drifted Democratic (5+ points),0.5268,-9.892,321.0
MetroNet Holdings LLC,Other,Drifted Democratic (5+ points),0.6138,-20.93,741.0
"Alorica Global Solutions, Inc.",Other,Drifted Democratic (5+ points),0.4166,-11.97,153.0
Union Home Mortgage Corp.,Other,Drifted Democratic (5+ points),0.6065,-10.62,733.0
Instrumentation Laboratory Co.,Other,Drifted Democratic (5+ points),0.3757,-5.295,554.0
Herzing University,Higher education,Drifted Democratic (5+ points),0.4311,-5.463,567.0
MidFirst Bank,Finance & insurance,Drifted Democratic (5+ points),0.5963,-6.01,984.0
"Jovie, Inc.",Other,Drifted Democratic (5+ points),0.2579,-12.91,247.0
Doctor's Hospital at Renaissance LP,Health care,Drifted Democratic (5+ points),0.2064,-6.371,534.0
Pella Corp.,Other,Drifted Democratic (5+ points),0.583,-11.99,732.0
Sogeti SA,Other,Drifted Democratic (5+ points),0.4546,-7.762,654.0
Robbinsdale Independent School District No. 281 (Minnesota),State & local government,Drifted Democratic (5+ points),0.4382,-8.956,350.0
Ferrero SpA,Other,Drifted Democratic (5+ points),0.4426,-15.26,516.0
MidAmerican Energy Co.,Other,Drifted Democratic (5+ points),0.5961,-6.33,795.0
"PTC, Inc.",Other,Drifted Democratic (5+ points),0.3755,-11.54,1106.0
Select Rehabilitation LLC,Other,Drifted Democratic (5+ points),0.4701,-6.636,1203.0
"Oncor Electric Delivery Co., LLC",Other,Drifted Democratic (5+ points),0.6327,-7.556,997.0
"Mitsubishi Electric Power Products, Inc.",Other,Drifted Democratic (5+ points),0.6207,-8.268,350.0
"Interactive Intelligence Group, Inc.",Other,Drifted Democratic (5+ points),0.4247,-11.0,74.0
Oak View Group LLC,Other,Drifted Democratic (5+ points),0.4235,-8.296,984.0
Wavemaker Ltd.,Other,Drifted Democratic (5+ points),0.221,-5.866,411.0
"McCann Worldgroup, Inc.",Other,Drifted Democratic (5+ points),0.234,-6.329,377.0
"Examination Management Services, Inc.",Other,Drifted Democratic (5+ points),0.4306,-14.17,117.0
Genesis10,Other,Drifted Democratic (5+ points),0.4927,-15.6,321.0
Auburn University At Montgomery,Higher education,Drifted Democratic (5+ points),0.5016,-5.403,342.0
"Tandem Diabetes Care, Inc.",Other,Drifted Democratic (5+ points),0.4057,-12.23,954.0
Northeast Hospital Corp.,Health care,Drifted Democratic (5+ points),0.2375,-6.088,284.0
SGS SA,Other,Drifted Democratic (5+ points),0.4356,-8.976,807.0
Ardagh Group SA,Other,Drifted Democratic (5+ points),0.5579,-7.657,561.0
IDEMIA France SAS,Other,Drifted Democratic (5+ points),0.4237,-5.067,634.0
Prospect Mortgage LLC,Other,Drifted Democratic (5+ points),0.4295,-13.66,113.0
"Linde Gas & Equipment, Inc.",Other,Drifted Democratic (5+ points),0.5897,-10.04,364.0
Vaco LLC,Other,Drifted Democratic (5+ points),0.4498,-11.25,1221.0
"Michaels Stores, Inc.",Retail & hospitality,Drifted Democratic (5+ points),0.3549,-8.402,228.0
Regal Rexnord Corp.,Other,Drifted Democratic (5+ points),0.63,-9.613,1308.0
The Carlyle Group Inc.,Other,Drifted Democratic (5+ points),0.3142,-6.282,704.0
Robert Bosch GmbH,Other,Drifted Democratic (5+ points),0.4424,-8.07,955.0
Spectrum Business,Other,Drifted Democratic (5+ points),0.5154,-13.62,523.0
"Sumitomo Pharma America, Inc.",Other,Drifted Democratic (5+ points),0.5235,-13.08,638.0
Carrington Holding Co. LLC,Other,Drifted Democratic (5+ points),0.4682,-8.296,203.0
"Teachers on Call, Inc.",Other,Drifted Democratic (5+ points),0.4451,-5.099,532.0
Team Rehabilitation Services LLC,Other,Drifted Democratic (5+ points),0.3738,-20.42,446.0
Paramount+ (493909),Other,Drifted Democratic (5+ points),0.216,-8.203,204.0
Washington County Sheriff's Office /OH/,State & local government,Drifted Democratic (5+ points),0.6766,-6.774,223.0
Danfoss A/S,Other,Drifted Democratic (5+ points),0.5672,-6.258,459.0
"Anthology, Inc.",Other,Drifted Democratic (5+ points),0.5268,-31.14,513.0
"Core-Mark International, Inc.",Other,Drifted Democratic (5+ points),0.5277,-6.1,885.0
United Concordia Dental Insurance,Finance & insurance,Drifted Democratic (5+ points),0.583,-6.595,309.0
"Livingston International, Inc.",Other,Drifted Democratic (5+ points),0.3883,-10.6,335.0
"Hospital Shared Services, Inc.",Health care,Drifted Democratic (5+ points),0.4501,-7.634,293.0
California State Teachers' Retirement System,Other,Drifted Democratic (5+ points),0.2935,-5.857,523.0
The University of Cincinnati College of Medicine,Higher education,Drifted Democratic (5+ points),0.3841,-7.513,481.0
Aspect Communications Corp.,Other,Drifted Democratic (5+ points),0.5092,-7.375,133.0
"Quadax, Inc.",Other,Drifted Democratic (5+ points),0.4426,-6.482,272.0
Hudson's Bay Co.,Other,Drifted Democratic (5+ points),0.3383,-6.741,121.0
"Agiliti, Inc. (Minnesota)",Other,Drifted Democratic (5+ points),0.4809,-10.23,999.0
City of Aurora (Colorado),State & local government,Drifted Democratic (5+ points),0.4471,-10.53,684.0
"Fluke Networks, Inc.",Other,Drifted Democratic (5+ points),0.3808,-6.597,617.0
"Premier Financial Alliance, Inc.",Finance & insurance,Drifted Democratic (5+ points),0.3386,-11.27,462.0
Independent Agent,Other,Drifted Democratic (5+ points),0.5289,-10.38,249.0
Orlando Utilities Commission (Florida),Other,Drifted Democratic (5+ points),0.4958,-6.678,394.0
Connecticut Children's Medical Center,Health care,Drifted Democratic (5+ points),0.2631,-7.854,902.0
Freudenberg FST GmbH,Other,Drifted Democratic (5+ points),0.5316,-5.615,295.0
Department of Defense Education Activity,Military & federal,Drifted Democratic (5+ points),0.4375,-5.052,815.0
Sandvik Aktiebolag,Other,Drifted Democratic (5+ points),0.5474,-5.815,285.0
Doner Co.,Other,Drifted Democratic (5+ points),0.2931,-13.34,197.0
Las Vegas Sands Corp.,Other,Drifted Democratic (5+ points),0.485,-6.347,296.0
"Select Physical Therapy Holdings, Inc.",Other,Drifted Democratic (5+ points),0.4242,-12.7,534.0
TK Elevator GmbH,Other,Drifted Democratic (5+ points),0.5664,-5.686,1361.0
Texas House of Representatives (United States),Other,Drifted Democratic (5+ points),0.4349,-11.02,342.0
City of Omaha (Nebraska),State & local government,Drifted Democratic (5+ points),0.5514,-7.009,329.0
"Osmose Utilities Services, Inc.",Other,Drifted Democratic (5+ points),0.5277,-6.04,377.0
Polk State College (Florida),Higher education,Drifted Democratic (5+ points),0.4714,-5.501,326.0
Kentwood Public Schools (Michigan),State & local government,Drifted Democratic (5+ points),0.3808,-12.26,256.0
"CooperSurgical, Inc.",Other,Drifted Democratic (5+ points),0.5246,-19.86,652.0
Golden Gate National Senior Care LLC,Other,Drifted Democratic (5+ points),0.5007,-8.458,267.0
"Evergy, Inc.",Other,Drifted Democratic (5+ points),0.6703,-12.72,757.0
Florida Homes Realty & Mortgage LLC,Other,Drifted Democratic (5+ points),0.6428,-13.8,420.0
Independent City of Virginia Beach (Virginia),State & local government,Drifted Democratic (5+ points),0.4155,-5.532,927.0
"Yanfeng Group Co., Ltd.",Other,Drifted Democratic (5+ points),0.5558,-12.61,608.0
"Buy Buy Baby, Inc.",Other,Drifted Democratic (5+ points),0.3331,-11.42,228.0
Highmark Residential,Other,Drifted Democratic (5+ points),0.4013,-9.76,341.0
"The Children's Place, Inc.",Other,Drifted Democratic (5+ points),0.3005,-5.763,1118.0
MaineHealth,Other,Drifted Democratic (5+ points),0.3313,-6.498,950.0
Braskem SA,Other,Drifted Democratic (5+ points),0.4684,-6.261,285.0
"D&H Distributing Co., Inc.",Other,Drifted Democratic (5+ points),0.5334,-7.92,564.0
Braun Intertec Corp.,Other,Drifted Democratic (5+ points),0.5957,-9.327,348.0
Naval Undersea Warfare Center Newport,Other,Drifted Democratic (5+ points),0.4042,-9.233,595.0
Wood Mackenzie Ltd.,Other,Drifted Democratic (5+ points),0.3339,-8.928,286.0
State Auto Insurance Company of Ohio,Finance & insurance,Drifted Democratic (5+ points),0.5573,-5.596,451.0
Prudential Homesale Services Group,Other,Drifted Democratic (5+ points),0.6541,-8.823,308.0
Minnesota Judicial Branch,Other,Drifted Democratic (5+ points),0.428,-15.3,497.0
Cameron Mitchell Restaurants LLC,Other,Drifted Democratic (5+ points),0.3393,-11.1,322.0
Nephron Pharmaceuticals Corp.,Other,Drifted Democratic (5+ points),0.4286,-6.349,278.0
Talent2 International Pty Ltd.,Other,Drifted Democratic (5+ points),0.401,-7.334,634.0
Susquehanna International Group LLP,Other,Drifted Democratic (5+ points),0.3387,-8.316,839.0
Bergelectric Corp.,Other,Drifted Democratic (5+ points),0.5876,-10.49,396.0
"Mesa Associates, Inc.",Other,Drifted Democratic (5+ points),0.7087,-20.58,376.0
Vanliner Insurance Co.,Finance & insurance,Drifted Democratic (5+ points),0.5684,-11.51,349.0
Wentzville School District,State & local government,Drifted Democratic (5+ points),0.7525,-6.942,305.0
Thales SA,Other,Drifted Democratic (5+ points),0.4136,-5.54,816.0
First Trust Advisors LP,Other,Drifted Democratic (5+ points),0.6137,-13.03,435.0
"AeroVironment, Inc.",Other,Drifted Democratic (5+ points),0.5051,-8.486,527.0
Baltimore Police Department,State & local government,Drifted Democratic (5+ points),0.4216,-8.933,365.0
Golden State Foods Corp.,Other,Drifted Democratic (5+ points),0.4589,-11.0,236.0
Eastern Carver County Schools,Other,Drifted Democratic (5+ points),0.6606,-7.545,257.0
Equity Residential,Other,Drifted Democratic (5+ points),0.2991,-11.59,691.0
City of Cincinnati (Ohio),State & local government,Drifted Democratic (5+ points),0.4426,-6.154,899.0
"Kessler Institute for Rehabilitation, Inc.",Other,Drifted Democratic (5+ points),0.3222,-10.62,374.0
"Redner's Markets, Inc.",Other,Drifted Democratic (5+ points),0.4478,-6.044,213.0
"Averitt Express, Inc.",Other,Drifted Democratic (5+ points),0.6328,-7.515,503.0
ING Groep NV,Other,Drifted Democratic (5+ points),0.3949,-5.282,271.0
Apple American Group LLC,AI & big tech,Drifted Democratic (5+ points),0.4323,-8.346,161.0
BHP Group Ltd.,Other,Drifted Democratic (5+ points),0.5599,-5.372,350.0
Vertex Aerospace LLC,Other,Drifted Democratic (5+ points),0.7337,-16.61,377.0
Think Together,Other,Drifted Democratic (5+ points),0.2195,-5.098,519.0
Tucker Ellis LLP,Other,Drifted Democratic (5+ points),0.413,-5.334,272.0
US Missile Defense Agency,Other,Drifted Democratic (5+ points),0.6338,-6.566,724.0
VyStar Credit Union,Other,Drifted Democratic (5+ points),0.5588,-6.955,753.0
"Rimkus Consulting Group, Inc.",Other,Drifted Democratic (5+ points),0.6021,-12.72,381.0
"Land O'Lakes, Inc.",Other,Drifted Democratic (5+ points),0.6016,-10.32,1286.0
Ford Motor Credit Co. LLC,Other,Drifted Democratic (5+ points),0.5081,-5.797,891.0
"HomeGoods, Inc.",Other,Drifted Democratic (5+ points),0.3272,-6.756,848.0
Spokane Public Schools,State & local government,Drifted Democratic (5+ points),0.3832,-6.589,683.0
GHD Group Pty Ltd.,Other,Drifted Democratic (5+ points),0.4792,-9.225,902.0
"Facility Solutions Group, Inc.",Other,Drifted Democratic (5+ points),0.5724,-6.583,353.0
McLaren Greater Lansing,Other,Drifted Democratic (5+ points),0.3714,-8.791,298.0
Pearl Harbor Naval Shipyard & IMF,Other,Drifted Democratic (5+ points),0.4139,-11.47,455.0
"Children's Home Society of Florida, Inc.",Other,Drifted Democratic (5+ points),0.3442,-5.282,353.0
San Antonio Regional Hospital (California),Health care,Drifted Democratic (5+ points),0.4429,-11.78,355.0
Wentworth-Douglass Hospital,Health care,Drifted Democratic (5+ points),0.3925,-10.61,506.0
"PENN Entertainment, Inc.",Other,Drifted Democratic (5+ points),0.5028,-11.64,896.0
"Nickelodeon Animation Studios, Inc.",Other,Drifted Democratic (5+ points),0.1962,-7.528,359.0
Realtor OOD,Other,Drifted Democratic (5+ points),0.5726,-10.44,414.0
CaptionCall LLC,Other,Drifted Democratic (5+ points),0.4699,-8.947,366.0
"HOK Group, Inc.",Other,Drifted Democratic (5+ points),0.3107,-6.135,650.0
USA Mortgage,Other,Drifted Democratic (5+ points),0.665,-14.43,284.0
Saint Martin's College,Higher education,Drifted Democratic (5+ points),0.3119,-11.92,248.0
Signature Commercial Solutions LLC,Other,Drifted Democratic (5+ points),0.4801,-5.546,257.0
State of Florida Department of Health,Military & federal,Drifted Democratic (5+ points),0.3573,-6.899,795.0
"internalDrive, Inc.",Other,Drifted Democratic (5+ points),0.1948,-5.003,179.0
West Jefferson Medical Center,Health care,Drifted Democratic (5+ points),0.4822,-5.93,190.0
"Allison Transmission, Inc.",Other,Drifted Democratic (5+ points),0.6492,-5.548,944.0
Volvo Information Technology AB,Other,Drifted Democratic (5+ points),0.5603,-5.249,1098.0
Henry Mayo Newhall Memorial Hospital,Health care,Drifted Democratic (5+ points),0.4568,-6.428,238.0
Zayo Group LLC,Other,Drifted Democratic (5+ points),0.4784,-8.874,1115.0
"Boston Beer Co., Inc.",Other,Drifted Democratic (5+ points),0.4006,-8.145,839.0
National Life Insurance Co.,Finance & insurance,Drifted Democratic (5+ points),0.4031,-8.168,700.0
Miami Dolphins Ltd.,Other,Drifted Democratic (5+ points),0.3571,-6.608,402.0
Service Express LLC (Michigan),Other,Drifted Democratic (5+ points),0.5145,-11.48,367.0
SEKO Enterprises LLC,Other,Drifted Democratic (5+ points),0.5188,-5.165,291.0
"Wingstop Restaurants, Inc.",Other,Drifted Democratic (5+ points),0.2958,-6.383,807.0
Ameris Bank,Finance & insurance,Drifted Democratic (5+ points),0.6181,-13.68,642.0
CONMED Corp.,Other,Drifted Democratic (5+ points),0.5889,-10.69,752.0
Virginia Department of Corrections,Military & federal,Drifted Democratic (5+ points),0.3729,-7.605,522.0
Metropolitan School District of Washington Township,State & local government,Drifted Democratic (5+ points),0.3518,-8.935,254.0
Bostik SA,Other,Drifted Democratic (5+ points),0.6383,-5.957,236.0
"OneAmerica Financial Partners, Inc.",Finance & insurance,Drifted Democratic (5+ points),0.5757,-9.469,1138.0
Garver LLC,Other,Drifted Democratic (5+ points),0.6452,-19.36,665.0
"Grimmway Enterprises, Inc.",Other,Drifted Democratic (5+ points),0.5432,-7.233,250.0
"Orthofix, Inc.",Other,Drifted Democratic (5+ points),0.572,-6.434,402.0
Los Angeles County Sheriffs Department,Other,Drifted Democratic (5+ points),0.5384,-6.481,528.0
Legrand North America LLC,Other,Drifted Democratic (5+ points),0.521,-7.176,656.0
"Northeast Georgia Health System, Inc.",Health care,Drifted Democratic (5+ points),0.5503,-9.092,556.0
Bank OZK,Finance & insurance,Drifted Democratic (5+ points),0.6383,-8.788,972.0
University of Central Missouri,Higher education,Drifted Democratic (5+ points),0.4645,-5.393,366.0
Orange Business Services SA,Other,Drifted Democratic (5+ points),0.4522,-7.235,188.0
Comfort Inn (Montana),Other,Drifted Democratic (5+ points),0.3305,-7.378,321.0
"U.S. Anesthesia Partners, Inc.",Other,Drifted Democratic (5+ points),0.5184,-8.457,682.0
Old Chicago Restaurant,Retail & hospitality,Drifted Democratic (5+ points),0.4206,-6.239,277.0
"PruittHealth, Inc.",Other,Drifted Democratic (5+ points),0.4114,-5.603,543.0
Ohio Environmental Protection Agency,Other,Drifted Democratic (5+ points),0.4076,-8.606,385.0
Fender Musical Instruments Corp.,Other,Drifted Democratic (5+ points),0.4291,-16.77,352.0
First Merchants Corp. (Indiana),Other,Drifted Democratic (5+ points),0.6197,-8.521,828.0
"CapTech Ventures, Inc.",Other,Drifted Democratic (5+ points),0.3774,-11.41,603.0
Manhattan University,Higher education,Drifted Democratic (5+ points),0.3042,-5.879,378.0
ATP Flight School LLC,Other,Drifted Democratic (5+ points),0.5801,-10.52,515.0
San Juan Unified School District (California),State & local government,Drifted Democratic (5+ points),0.3463,-5.415,778.0
City of Charlotte (North Carolina),State & local government,Drifted Democratic (5+ points),0.3684,-5.171,966.0
"Metropolitan Jewish Health System, Inc.",Health care,Drifted Democratic (5+ points),0.2368,-8.28,283.0
"PGI Holdings, Inc. (Tennessee)",Other,Drifted Democratic (5+ points),0.5219,-10.82,371.0
"Generac Power Systems, Inc.",Other,Drifted Democratic (5+ points),0.6848,-12.35,1215.0
Forty Niners Football Co. LLC,Other,Drifted Democratic (5+ points),0.2763,-10.02,269.0
"Wyle Laboratories, Inc.",Other,Drifted Democratic (5+ points),0.6166,-5.499,701.0
Ada County Paramedics,Other,Drifted Democratic (5+ points),0.6963,-6.99,302.0
Stanley Security Solutions Pty Ltd.,Other,Drifted Democratic (5+ points),0.5867,-9.11,275.0
Apache Corp.,Other,Drifted Democratic (5+ points),0.6443,-10.67,685.0
Massachusetts Financial Services Co.,Finance & insurance,Drifted Democratic (5+ points),0.3056,-5.086,822.0
"Visionworks of America, Inc.",Other,Drifted Democratic (5+ points),0.4094,-5.24,1028.0
"National Youth Advocate Program, Inc.",Other,Drifted Democratic (5+ points),0.2842,-5.651,541.0
Indiana Department of Environmental Management,Military & federal,Drifted Democratic (5+ points),0.5509,-10.47,342.0
"QBE Holdings, Inc.",Other,Drifted Democratic (5+ points),0.4973,-6.327,616.0
University of Vermont College of Medicine,Higher education,Drifted Democratic (5+ points),0.184,-9.659,311.0
Leo A. Daly Co.,Other,Drifted Democratic (5+ points),0.487,-7.135,221.0
"Varian Medical Systems, Inc.",Health care,Drifted Democratic (5+ points),0.4616,-5.502,1361.0
Burrell Behavioral Health,Health care,Drifted Democratic (5+ points),0.603,-7.622,400.0
"Perspecta, Inc.",Other,Drifted Democratic (5+ points),0.524,-7.368,941.0
"Benesch, Friedlander, Coplan & Aronoff LLP",Other,Drifted Democratic (5+ points),0.3682,-11.05,438.0
"Information Services Group, Inc.",Other,Drifted Democratic (5+ points),0.5109,-7.082,229.0
"Koorsen Fire & Security, Inc.",Other,Drifted Democratic (5+ points),0.7228,-6.694,319.0
"Timmons Group, Inc.",Other,Drifted Democratic (5+ points),0.5157,-15.99,512.0
Consolidated Nuclear Security LLC,Other,Drifted Democratic (5+ points),0.7741,-11.89,563.0
Reyes Holdings LLC,Other,Drifted Democratic (5+ points),0.5006,-6.595,383.0
Husch Blackwell LLP,Other,Drifted Democratic (5+ points),0.5174,-15.86,1315.0
Accenture Song Production Studios US LLC (New York),Consulting & accounting,Drifted Democratic (5+ points),0.2626,-13.06,887.0
University of Michigan College of Engineering,Higher education,Drifted Democratic (5+ points),0.215,-16.86,530.0
Columbia Management Investment Advisers LLC,Other,Drifted Democratic (5+ points),0.4183,-8.23,504.0
Seminole Hard Rock Hotel & Casino,Retail & hospitality,Drifted Democratic (5+ points),0.393,-8.221,829.0
"Standard Motor Products, Inc.",Other,Drifted Democratic (5+ points),0.5816,-5.369,296.0
Ucsd Extension,Other,Drifted Democratic (5+ points),0.2739,-6.719,244.0
Trinitas Regional Medical Center,Health care,Drifted Democratic (5+ points),0.1939,-6.223,260.0
"IBEX, Inc.",Other,Drifted Democratic (5+ points),0.3364,-5.514,427.0
Moraine Valley Community College,Higher education,Drifted Democratic (5+ points),0.3318,-6.154,352.0
"MedData, Inc.",Other,Drifted Democratic (5+ points),0.3752,-7.858,181.0
Bi-State Development Agency (Missouri & Illinois),Other,Drifted Democratic (5+ points),0.4241,-6.721,246.0
"James Hardie Building Products, Inc.",Other,Drifted Democratic (5+ points),0.5071,-6.382,781.0
"Froedtert South, Inc.",Other,Drifted Democratic (5+ points),0.5576,-8.997,331.0
Staybridge Suites /In/,Other,Drifted Democratic (5+ points),0.3383,-6.208,302.0
"The Martin Agency, Inc.",Other,Drifted Democratic (5+ points),0.3084,-6.754,259.0
Wilson Sporting Goods Co.,Other,Drifted Democratic (5+ points),0.3869,-8.769,354.0
JV Industrial Cos. Ltd.,Other,Drifted Democratic (5+ points),0.5578,-11.18,223.0
"Central City Concern, Inc.",Other,Drifted Democratic (5+ points),0.1578,-9.42,404.0
ASM International NV,Other,Drifted Democratic (5+ points),0.5253,-9.287,504.0
TruBridge LLC,Other,Drifted Democratic (5+ points),0.6276,-11.46,307.0
Altru Health System,Health care,Drifted Democratic (5+ points),0.4186,-5.563,410.0
PUMA SE,Other,Drifted Democratic (5+ points),0.2523,-7.022,636.0
"Lifetime Health & Fitness, Inc.",Health care,Drifted Democratic (5+ points),0.3652,-6.025,388.0
Metropolitan Water District of Southern California,Other,Drifted Democratic (5+ points),0.4326,-7.91,462.0
Women & Infants Hospital of Rhode Island,Health care,Drifted Democratic (5+ points),0.2144,-9.322,423.0
The Sage Group plc,Other,Drifted Democratic (5+ points),0.3881,-7.682,1028.0
Navy Exchange Service Command,Military & federal,Drifted Democratic (5+ points),0.3879,-5.16,957.0
"Performance Health Holdings, Inc.",Health care,Drifted Democratic (5+ points),0.5163,-5.216,203.0
AF Group LLC,Other,Drifted Democratic (5+ points),0.4589,-8.232,382.0
Madonna University,Higher education,Drifted Democratic (5+ points),0.3622,-6.832,200.0
"Oregon Tool, Inc.",Other,Drifted Democratic (5+ points),0.4856,-5.627,286.0
"Toshiba Global Commerce Solutions, Inc.",Other,Drifted Democratic (5+ points),0.4131,-6.002,537.0
"Digital River, Inc.",Other,Drifted Democratic (5+ points),0.5589,-10.67,120.0
Philadelphia College of Osteopathic Medicine,Higher education,Drifted Democratic (5+ points),0.2917,-5.108,513.0
Larimer County,Other,Drifted Democratic (5+ points),0.4554,-9.175,550.0
"PSA Airlines, Inc.",Other,Drifted Democratic (5+ points),0.6266,-11.31,1099.0
QIAGEN NV,Other,Drifted Democratic (5+ points),0.3718,-6.387,421.0
US Special Operations Command,Other,Drifted Democratic (5+ points),0.6883,-6.617,554.0
Mehlville School District,State & local government,Drifted Democratic (5+ points),0.6418,-12.78,218.0
IMEG Corp.,Other,Drifted Democratic (5+ points),0.532,-13.38,695.0
"Helix Electric, Inc.",Other,Drifted Democratic (5+ points),0.5531,-5.983,407.0
California State Senate(United States),Other,Drifted Democratic (5+ points),0.2634,-5.275,411.0
Shoreline Community College,Higher education,Drifted Democratic (5+ points),0.1726,-5.774,228.0
Hobart Service,Other,Drifted Democratic (5+ points),0.6666,-6.802,379.0
CHEP UK Ltd.,Other,Drifted Democratic (5+ points),0.5388,-5.277,644.0
"Tenneco, Inc.",Other,Drifted Democratic (5+ points),0.5304,-10.77,1123.0
"David's Bridal, Inc.",Other,Drifted Democratic (5+ points),0.3337,-7.898,1278.0
San Bernardino City Unified School District (California),State & local government,Drifted Democratic (5+ points),0.3667,-9.816,439.0
California Air National Guard,Military & federal,Drifted Democratic (5+ points),0.501,-9.287,207.0
Medical Staffing Network Healthcare LLC,Health care,Drifted Democratic (5+ points),0.3527,-5.048,332.0
Louis Dreyfus Co. BV,Other,Drifted Democratic (5+ points),0.5326,-5.362,284.0
"Prairie Farms Dairy, Inc.",Other,Drifted Democratic (5+ points),0.6218,-6.484,304.0
"MORSCO, Inc.",Other,Drifted Democratic (5+ points),0.6615,-14.18,381.0
International Automotive Components Group BV,Other,Drifted Democratic (5+ points),0.5634,-10.29,426.0
California Department of Justice,Military & federal,Drifted Democratic (5+ points),0.2902,-9.609,1315.0
"Kroll, Inc.",Other,Drifted Democratic (5+ points),0.3768,-6.495,851.0
Cox Health Group (Health),Health care,Drifted Democratic (5+ points),0.7771,-8.223,241.0
"American Regent, Inc.",Other,Drifted Democratic (5+ points),0.4738,-14.08,375.0
Nevada Property 1 LLC,Other,Drifted Democratic (5+ points),0.3966,-6.936,627.0
"ACCO Engineered Systems, Inc.",Other,Drifted Democratic (5+ points),0.4815,-11.7,642.0
Ivy Rehab Physical Therapy,Other,Drifted Democratic (5+ points),0.4176,-15.55,1238.0
Painting with a Twist LLC,Other,Drifted Democratic (5+ points),0.3709,-9.466,287.0
Law Enforcement Agency/Government,Other,Drifted Democratic (5+ points),0.6289,-7.514,472.0
"UCM Community Health & Hospital Division, Inc.",Health care,Drifted Democratic (5+ points),0.2789,-6.681,228.0
Saudi Arabian Oil Co.,Other,Drifted Democratic (5+ points),0.4864,-7.053,642.0
"iFIT, Inc.",Other,Drifted Democratic (5+ points),0.7654,-19.67,339.0
"TDIndustries, Inc.",Other,Drifted Democratic (5+ points),0.5701,-6.585,484.0
Snell & Wilmer LLP,Other,Drifted Democratic (5+ points),0.5221,-11.02,558.0
"WIRB- Copernicus Group, Inc.",Other,Drifted Democratic (5+ points),0.3638,-15.78,467.0
Atlas Technical Consultants LLC,Other,Drifted Democratic (5+ points),0.538,-9.402,572.0
National Weather Service,Other,Drifted Democratic (5+ points),0.5199,-10.22,909.0
"Cass Information Systems, Inc.",Other,Drifted Democratic (5+ points),0.6242,-5.108,348.0
Queens University of Charlotte,Higher education,Drifted Democratic (5+ points),0.3462,-6.542,413.0
SECURA Insurance Co.,Finance & insurance,Drifted Democratic (5+ points),0.7389,-9.661,540.0
"Oppenheimer & Co., Inc.",Other,Drifted Democratic (5+ points),0.497,-5.22,1010.0
"Golf & Tennis Pro Shop, Inc.",Other,Drifted Democratic (5+ points),0.573,-14.99,436.0
"Selective Insurance Group, Inc.",Finance & insurance,Drifted Democratic (5+ points),0.579,-7.212,1149.0
"AMC Networks, Inc.",Other,Drifted Democratic (5+ points),0.2299,-7.05,631.0
Patelco Credit Union,Other,Drifted Democratic (5+ points),0.2786,-9.617,286.0
"Arkansas Children's Foundation, Inc.",Other,Drifted Democratic (5+ points),0.5054,-5.805,1102.0
Fogo de Chão Churrascaria (Holdings) LLC,Other,Drifted Democratic (5+ points),0.3323,-5.205,290.0
"Cambia Health Solutions, Inc.",Health care,Drifted Democratic (5+ points),0.3244,-7.955,1155.0
Acceptancenow,Other,Drifted Democratic (5+ points),0.3245,-9.983,231.0
"Advance America, Cash Advance Centers, Inc.",Other,Drifted Democratic (5+ points),0.4159,-11.64,431.0
"Ogletree, Deakins, Nash, Smoak & Stewart PC",Other,Drifted Democratic (5+ points),0.3875,-5.848,1173.0
"Greif, Inc.",Other,Drifted Democratic (5+ points),0.6243,-7.1,709.0
Credit Human Federal Credit Union,Military & federal,Drifted Democratic (5+ points),0.3665,-6.838,314.0
"Terumo BCT, Inc.",Other,Drifted Democratic (5+ points),0.4041,-8.174,652.0
"Blue Cross & Blue Shield of Arizona, Inc.",Other,Drifted Democratic (5+ points),0.4899,-6.737,899.0
Managed Account Advisors LLC,Other,Drifted Democratic (5+ points),0.4929,-9.064,850.0
"PeopleReady, Inc.",Other,Drifted Democratic (5+ points),0.4081,-8.454,879.0
"UniGroup, Inc.",Other,Drifted Democratic (5+ points),0.6332,-10.79,252.0
TowneBank,Other,Drifted Democratic (5+ points),0.5845,-10.79,574.0
Alta Resources Corp.,Other,Drifted Democratic (5+ points),0.548,-6.883,374.0
Lahey Hospital & Medical Center,Health care,Drifted Democratic (5+ points),0.2628,-6.029,1102.0
Benedictine University,Higher education,Drifted Democratic (5+ points),0.2636,-6.214,289.0
LEGO A/S,Other,Drifted Democratic (5+ points),0.3076,-6.212,1038.0
"Clinical Pathology Laboratories, Inc.",Other,Drifted Democratic (5+ points),0.3992,-10.47,321.0
"Pierce Manufacturing, Inc.",Other,Drifted Democratic (5+ points),0.7696,-5.137,442.0
"Summit Energy Services, Inc.",Other,Drifted Democratic (5+ points),0.5061,-16.41,485.0
Hendrick Automotive Group LLC,Other,Drifted Democratic (5+ points),0.5323,-6.595,1021.0
"NuVasive, Inc.",Other,Drifted Democratic (5+ points),0.4803,-7.556,539.0
"Entegris, Inc.",Other,Drifted Democratic (5+ points),0.509,-13.73,1269.0
MiraCosta College,Higher education,Drifted Democratic (5+ points),0.281,-8.232,516.0
Bonadio & Co. LLP,Other,Drifted Democratic (5+ points),0.521,-10.1,531.0
"John Hancock Financial Services, Inc.",Finance & insurance,Drifted Democratic (5+ points),0.3199,-5.218,1272.0
Teacher Synergy LLC,Other,Drifted Democratic (5+ points),0.3972,-16.75,266.0
"Hostess Brands, Inc.",Other,Drifted Democratic (5+ points),0.5412,-6.409,246.0
WorldStrides International LLC,Other,Drifted Democratic (5+ points),0.3674,-7.412,435.0
"Clubcorp USA, Inc.",Other,Drifted Democratic (5+ points),0.5096,-5.842,434.0
Tennant Co.,Other,Drifted Democratic (5+ points),0.6258,-11.08,671.0
Frisco ISD,Other,Drifted Democratic (5+ points),0.6272,-7.447,1272.0
Budget Blinds LLC,Other,Drifted Democratic (5+ points),0.6143,-6.55,348.0
"Newfold Digital, Inc.",Other,Drifted Democratic (5+ points),0.5796,-37.92,310.0
The United States Pharmacopeia,Other,Drifted Democratic (5+ points),0.2568,-7.038,364.0
"The Columbia Association, Inc.",Other,Drifted Democratic (5+ points),0.2669,-5.912,154.0
Southern New Hampshire Medical Center,Health care,Drifted Democratic (5+ points),0.4294,-6.461,358.0
The Lovesac Co.,Other,Drifted Democratic (5+ points),0.3421,-12.48,548.0
Lake County Community Unit School District No. 60 (Illinois),State & local government,Drifted Democratic (5+ points),0.242,-8.449,311.0
"SS&C GIDS, Inc.",Other,Drifted Democratic (5+ points),0.5816,-5.474,411.0
Prosource Wholesale Floorcoverings,Other,Drifted Democratic (5+ points),0.5743,-9.185,420.0
HERE Global BV,Other,Drifted Democratic (5+ points),0.3408,-6.23,428.0
"Workfront, Inc.",Other,Drifted Democratic (5+ points),0.7576,-15.46,82.0
City of Santa Monica (California),State & local government,Drifted Democratic (5+ points),0.2708,-5.918,265.0
The Western Union Co.,Other,Drifted Democratic (5+ points),0.4066,-8.832,782.0
"Radiance Technologies, Inc. (Alabama)",Other,Drifted Democratic (5+ points),0.6941,-6.488,488.0
"ThyssenKrupp Materials NA, Inc.",Other,Drifted Democratic (5+ points),0.5299,-8.883,341.0
Suncoast Credit Union,Other,Drifted Democratic (5+ points),0.4718,-6.462,591.0
California State University-Bakersfield,Higher education,Drifted Democratic (5+ points),0.4163,-6.683,646.0
Bates College,Higher education,Drifted Democratic (5+ points),0.1752,-5.755,467.0
City of Chandler (Arizona),State & local government,Drifted Democratic (5+ points),0.5543,-8.047,337.0
CBIZ Advisors LLC,Other,Drifted Democratic (5+ points),0.5435,-7.759,503.0
The William W. Backus Hospital,Health care,Drifted Democratic (5+ points),0.3784,-7.597,232.0
"West Elm, Inc.",Other,Drifted Democratic (5+ points),0.2143,-5.185,596.0
"Scriptpro USA, Inc.",Other,Drifted Democratic (5+ points),0.5559,-10.94,310.0
"Clear Secure, Inc.",Other,Drifted Democratic (5+ points),0.2854,-13.49,609.0
Austin Regional Clinic Pa,Health care,Drifted Democratic (5+ points),0.3478,-5.769,434.0
"Roush Industries, Inc.",Other,Drifted Democratic (5+ points),0.496,-8.206,671.0
Coca-Cola Beverages Florida LLC,Other,Drifted Democratic (5+ points),0.5446,-15.07,560.0
"Salas O'Brien, Inc.",Other,Drifted Democratic (5+ points),0.543,-15.66,676.0
Spectra,Other,Drifted Democratic (5+ points),0.4372,-5.058,195.0
Aprio LLP,Other,Drifted Democratic (5+ points),0.4547,-13.45,640.0
Baltimore County Government,Other,Drifted Democratic (5+ points),0.3739,-7.507,648.0
Cox Business Services LLC,Other,Drifted Democratic (5+ points),0.5659,-5.63,596.0
"Gannett Fleming Affiliates, Inc.",Other,Drifted Democratic (5+ points),0.5046,-6.77,1023.0
Mansfield Independent School District (Texas),State & local government,Drifted Democratic (5+ points),0.5452,-7.967,401.0
Y.M.C.A. Foundation of Greater Indianapolis,Other,Drifted Democratic (5+ points),0.3895,-9.517,253.0
"Polycom, Inc.",Other,Drifted Democratic (5+ points),0.3954,-6.138,106.0
American Credit Acceptance LLC,Other,Drifted Democratic (5+ points),0.5211,-11.7,345.0
iRobot Corp.,Other,Drifted Democratic (5+ points),0.2695,-8.609,273.0
Brown & Caldwell,Other,Drifted Democratic (5+ points),0.4277,-8.297,1097.0
Eastern Virginia Medical School,Health care,Drifted Democratic (5+ points),0.3429,-12.34,690.0
Hines Interests LP,Other,Drifted Democratic (5+ points),0.4345,-5.741,1193.0
"Contract Freighters, Inc.",Other,Drifted Democratic (5+ points),0.7084,-10.38,220.0
"Associations, Inc.",Other,Drifted Democratic (5+ points),0.4261,-10.53,606.0
"The Kenan Advantage Group, Inc.",Other,Drifted Democratic (5+ points),0.6159,-7.305,474.0
Signature Flight Support LLC,Other,Drifted Democratic (5+ points),0.4741,-9.074,769.0
Orange Coast College,Higher education,Drifted Democratic (5+ points),0.3694,-5.178,320.0
Compeer Financial ACA,Finance & insurance,Drifted Democratic (5+ points),0.7315,-15.71,457.0
"Destination XL Group, Inc.",Other,Drifted Democratic (5+ points),0.3626,-6.102,412.0
County of Dallas (Texas),State & local government,Drifted Democratic (5+ points),0.3259,-6.697,986.0
Danaher Corp.,Other,Drifted Democratic (5+ points),0.4263,-8.528,601.0
"Rose International, Inc. (Missouri)",Other,Drifted Democratic (5+ points),0.4498,-7.952,383.0
"Zep, Inc.",Other,Drifted Democratic (5+ points),0.5838,-5.236,204.0
KeHE Distributors LLC,Other,Drifted Democratic (5+ points),0.4957,-17.1,1006.0
"Computer Task Group, Inc.",Other,Drifted Democratic (5+ points),0.5171,-5.209,338.0
Central Motors (Minnesota),Other,Drifted Democratic (5+ points),0.4595,-6.468,282.0
American Residential Services LLC,Other,Drifted Democratic (5+ points),0.535,-6.609,440.0
Barton Malow Co.,Other,Drifted Democratic (5+ points),0.5237,-13.6,781.0
"Torch Technologies, Inc.",Other,Drifted Democratic (5+ points),0.7362,-9.329,588.0
Antelope Valley Community College District (California),Higher education,Drifted Democratic (5+ points),0.3932,-6.156,258.0
New Bedford Public Schools,State & local government,Drifted Democratic (5+ points),0.2472,-10.12,315.0
"Axon Enterprise, Inc.",Other,Drifted Democratic (5+ points),0.513,-21.59,1328.0
"The New York State Catholic Health Plan, Inc.",Health care,Drifted Democratic (5+ points),0.3266,-5.601,748.0
Neuberger Berman Group LLC,Other,Drifted Democratic (5+ points),0.3939,-6.011,855.0
"Ovintiv Exploration, Inc.",Other,Drifted Democratic (5+ points),0.6746,-5.231,47.0
Drug Enforcement Administration,Other,Drifted Democratic (5+ points),0.5556,-8.748,925.0
"CRST The Transportation Solution, Inc.",Other,Drifted Democratic (5+ points),0.5066,-7.759,713.0
Aurora University,Higher education,Drifted Democratic (5+ points),0.3297,-10.5,399.0
Osseo Independent School District No. 279 (Minnesota),State & local government,Drifted Democratic (5+ points),0.5315,-9.429,539.0
"CARFAX, Inc.",Other,Drifted Democratic (5+ points),0.4553,-6.668,403.0
Navitus Health Solutions LLC,Health care,Drifted Democratic (5+ points),0.6373,-7.859,631.0
Hopebridge LLC,Other,Drifted Democratic (5+ points),0.4747,-34.41,829.0
Newmont Corp.,Other,Drifted Democratic (5+ points),0.5338,-7.046,446.0
"Volkert, Inc.",Other,Drifted Democratic (5+ points),0.6214,-7.651,408.0
Strategy&,Other,Drifted Democratic (5+ points),0.2921,-5.383,634.0
TXU Energy Retail Co. LLC,Retail & hospitality,Drifted Democratic (5+ points),0.4837,-5.633,180.0
City of Cedar Rapids (Iowa),State & local government,Drifted Democratic (5+ points),0.4362,-6.587,267.0
"Nasdaq, Inc.",Other,Drifted Democratic (5+ points),0.36,-5.222,1068.0
Joliet Junior College,Higher education,Drifted Democratic (5+ points),0.3715,-6.629,340.0
National Association of Insurance Commissioners,Finance & insurance,Drifted Democratic (5+ points),0.5203,-10.92,301.0
Independent Bank Corp. (Michigan),Finance & insurance,Drifted Democratic (5+ points),0.5635,-6.551,327.0
St. Joseph Medical Center (Maryland),Health care,Drifted Democratic (5+ points),0.3704,-8.593,338.0
APTIM Corp.,Other,Drifted Democratic (5+ points),0.5757,-7.972,677.0
ACA Compliance Group Ltd.,Other,Drifted Democratic (5+ points),0.4217,-5.706,481.0
Pennsylvania Department of Environmental Protection,Military & federal,Drifted Democratic (5+ points),0.4066,-7.533,538.0
Central Puget Sound Regional Transit Authority (Washington),Other,Drifted Democratic (5+ points),0.2251,-7.669,644.0
Mount Carmel Health System,Health care,Drifted Democratic (5+ points),0.4757,-9.389,1368.0
Kansas City Public Schools,State & local government,Drifted Democratic (5+ points),0.3647,-6.567,548.0
MGA Homecare,Other,Drifted Democratic (5+ points),0.4369,-7.669,392.0
"Corizon Health, Inc.",Health care,Drifted Democratic (5+ points),0.4755,-6.641,278.0
MRI Software LLC,Other,Drifted Democratic (5+ points),0.4312,-8.184,585.0
"Closets by Design, Inc.",Other,Drifted Democratic (5+ points),0.5012,-12.5,394.0
Everest Re Group Ltd. (United States),Other,Drifted Democratic (5+ points),0.4182,-6.398,911.0
Nidec Motor Corporation Romania SA,Other,Drifted Democratic (5+ points),0.5906,-10.49,347.0
"BioScrip, Inc.",Other,Drifted Democratic (5+ points),0.4569,-10.85,139.0
"Dana, Inc.",Other,Drifted Democratic (5+ points),0.582,-8.108,1220.0
"Moss & Associates, Inc.",Other,Drifted Democratic (5+ points),0.6001,-15.46,611.0
City of Las Vegas (Nevada),State & local government,Drifted Democratic (5+ points),0.4581,-6.128,590.0
"Mazda Motor of America, Inc.",Other,Drifted Democratic (5+ points),0.4835,-5.533,471.0
"Cincinnati Bell Technology Solutions, Inc.",Other,Drifted Democratic (5+ points),0.6417,-5.167,603.0
Stevens Institute of Technology,Higher education,Drifted Democratic (5+ points),0.2818,-6.445,935.0
Surgical Care Affiliates LLC,Other,Drifted Democratic (5+ points),0.4954,-5.98,1013.0
"M.C. Dean, Inc.",Other,Drifted Democratic (5+ points),0.4783,-9.526,942.0
City of Fort Collins (Colorado),State & local government,Drifted Democratic (5+ points),0.4358,-14.1,716.0
"Reinsurance Group of America, Inc.",Other,Drifted Democratic (5+ points),0.6605,-12.69,1172.0
"RCM Technologies, Inc.",Other,Drifted Democratic (5+ points),0.442,-8.306,283.0
Liberty Public School District No. 53 (Montana),State & local government,Drifted Democratic (5+ points),0.6846,-5.411,682.0
ChampionX Corp.,Other,Drifted Democratic (5+ points),0.7201,-19.19,867.0
Florida Medical Clinic PA,Health care,Drifted Democratic (5+ points),0.5403,-9.316,327.0
"Catawba Valley Medical Center, Inc.",Health care,Drifted Democratic (5+ points),0.7076,-5.383,328.0
SpartanNash Co.,Other,Drifted Democratic (5+ points),0.5336,-5.089,1148.0
ISC Constructors LLC,Other,Drifted Democratic (5+ points),0.6841,-6.101,311.0
"PDI Technologies, Inc.",Other,Drifted Democratic (5+ points),0.592,-13.98,480.0
New York University Tandon School of Engineering,Higher education,Drifted Democratic (5+ points),0.1839,-5.497,338.0
Francis Howell School District,State & local government,Drifted Democratic (5+ points),0.6493,-24.09,247.0
"Echo Global Logistics, Inc.",Other,Drifted Democratic (5+ points),0.3435,-12.32,1155.0
"Wycliffe Bible Translators, Inc.",Other,Drifted Democratic (5+ points),0.7715,-6.33,249.0
Beazley Group Ltd.,Other,Drifted Democratic (5+ points),0.3226,-13.41,415.0
Ben E. Keith Co.,Other,Drifted Democratic (5+ points),0.6208,-5.383,828.0
Michigan State Police,State & local government,Drifted Democratic (5+ points),0.4975,-9.074,463.0
"Jackson Family Wines, Inc.",Other,Drifted Democratic (5+ points),0.2769,-6.551,407.0
Norton Rose Fulbright LLP,Other,Drifted Democratic (5+ points),0.3855,-6.585,891.0
Stepan Co.,Other,Drifted Democratic (5+ points),0.4526,-6.164,369.0
Canadian National Railway Co.,Other,Drifted Democratic (5+ points),0.5017,-7.14,712.0
City of Tallahassee (Florida),State & local government,Drifted Democratic (5+ points),0.3854,-6.398,562.0
The New York Mets,Other,Drifted Democratic (5+ points),0.4165,-7.357,343.0
Federated Mutual Insurance Co.,Finance & insurance,Drifted Democratic (5+ points),0.6809,-12.47,749.0
"NextEra Energy, Inc.",Other,Drifted Democratic (5+ points),0.538,-8.597,1184.0
Norsk Hydro ASA,Other,Drifted Democratic (5+ points),0.5828,-11.74,338.0
"Turnberry Solutions, Inc.",Other,Drifted Democratic (5+ points),0.4648,-11.85,380.0
"Henderson Engineers, Inc.",Other,Drifted Democratic (5+ points),0.5346,-16.7,503.0
"East Tennessee Children's Hospital Association, Inc.",Health care,Drifted Democratic (5+ points),0.6516,-12.63,342.0
Independence University,Higher education,Drifted Democratic (5+ points),0.5097,-16.87,138.0
Valeo SE,Other,Drifted Democratic (5+ points),0.4856,-5.533,591.0
Wayne County /Utah/,Other,Drifted Democratic (5+ points),0.2856,-7.451,362.0
"WageWorks, Inc.",Other,Drifted Democratic (5+ points),0.4142,-6.462,166.0
Towne Park LLC,Other,Drifted Democratic (5+ points),0.3671,-5.403,874.0
County of Prince William (Virginia),State & local government,Drifted Democratic (5+ points),0.3971,-9.329,584.0
California State University-Stanislaus,Higher education,Drifted Democratic (5+ points),0.4159,-5.012,618.0
Oerlikon Stationär-Batterien AG Aesch BL,Other,Drifted Democratic (5+ points),0.5725,-11.75,267.0
Chesapeake Public Schools,State & local government,Drifted Democratic (5+ points),0.4415,-6.433,770.0
Concordia University-St. Paul,Higher education,Drifted Democratic (5+ points),0.4369,-12.15,391.0
"FTS International, Inc.",Other,Drifted Democratic (5+ points),0.621,-7.71,136.0
Loyola Marymount University,Higher education,Drifted Democratic (5+ points),0.2015,-5.34,1341.0
"Brightly Software, Inc.",Other,Drifted Democratic (5+ points),0.4199,-8.992,292.0
"Sprout Social, Inc.",Other,Drifted Democratic (5+ points),0.1888,-6.836,574.0
"Kenco Group, Inc.",Other,Drifted Democratic (5+ points),0.5883,-5.905,616.0
Michels Corp.,Other,Drifted Democratic (5+ points),0.6797,-9.472,464.0
Ensono LLC,Other,Drifted Democratic (5+ points),0.5036,-13.6,550.0
SRI International,Other,Drifted Democratic (5+ points),0.2682,-5.213,620.0
Rock Central LLC,Other,Drifted Democratic (5+ points),0.3376,-28.39,368.0
"Hyundai Capital America, Inc.",Other,Drifted Democratic (5+ points),0.3883,-5.331,415.0
St. Peter's Health Partners,Health care,Drifted Democratic (5+ points),0.3337,-6.757,999.0
Fraser,Other,Drifted Democratic (5+ points),0.2887,-13.23,449.0
"Converse, Inc.",Other,Drifted Democratic (5+ points),0.2372,-7.035,669.0
"Boeing Defense, Space & Security",Defense & aerospace,Drifted Democratic (5+ points),0.5661,-17.94,970.0
"Ames Construction, Inc.",Other,Drifted Democratic (5+ points),0.6931,-5.617,308.0
St Vrain Valley School District Re-1J,State & local government,Drifted Democratic (5+ points),0.3209,-5.08,624.0
"DialogDirect, Inc.",Other,Drifted Democratic (5+ points),0.335,-9.859,227.0
"Concho Resources, Inc.",Other,Drifted Democratic (5+ points),0.7282,-15.87,62.0
Federal Reserve Bank of Dallas,Military & federal,Drifted Democratic (5+ points),0.4264,-5.182,487.0
"Marquis Companies I, Inc.",Other,Drifted Democratic (5+ points),0.3921,-9.034,253.0
CoBank ACB,Other,Drifted Democratic (5+ points),0.4931,-10.57,762.0
"Labor Finders International, Inc.",Other,Drifted Democratic (5+ points),0.4297,-5.747,313.0
"Ecu-Health Care, Inc.",Health care,Drifted Democratic (5+ points),0.507,-15.19,894.0
National-Louis University,Higher education,Drifted Democratic (5+ points),0.2164,-6.864,533.0
"Clayco, Inc.",Other,Drifted Democratic (5+ points),0.5698,-17.49,665.0
"Almost Family, Inc.",Other,Drifted Democratic (5+ points),0.4088,-7.425,172.0
"Advanced Energy Industries, Inc.",Other,Drifted Democratic (5+ points),0.5003,-5.335,459.0
Marymount University,Higher education,Drifted Democratic (5+ points),0.2797,-9.724,344.0
MG LLC,Other,Drifted Democratic (5+ points),0.424,-11.29,372.0
"Midcontinent Independent System Operator, Inc.",Other,Drifted Democratic (5+ points),0.5445,-10.73,607.0
"Advanced Disposal Services, Inc.",Other,Drifted Democratic (5+ points),0.6417,-6.345,168.0
Element Materials Technology Ltd.,Other,Drifted Democratic (5+ points),0.5109,-16.29,811.0
Ball Aerospace,Other,Drifted Democratic (5+ points),0.4547,-11.13,1110.0
"Main Event Entertainment, Inc.",Other,Drifted Democratic (5+ points),0.3987,-11.35,518.0
"Avanos Medical, Inc.",Health care,Drifted Democratic (5+ points),0.5335,-5.354,478.0
Hhs - Hospitality Services,Other,Drifted Democratic (5+ points),0.4576,-5.496,575.0
Independent City of Hampton (Virginia),State & local government,Drifted Democratic (5+ points),0.3143,-5.308,281.0
Pacific Sunwear of California LLC,Other,Drifted Democratic (5+ points),0.2803,-6.728,908.0
"Golfsmith International, Inc.",Other,Drifted Democratic (5+ points),0.4581,-5.541,63.0
Minnesota Department of Transportation,Military & federal,Drifted Democratic (5+ points),0.5249,-5.476,682.0
"Inform Diagnostics, Inc.",Other,Drifted Democratic (5+ points),0.4691,-11.97,175.0
Loomis Armored US LLC,Other,Drifted Democratic (5+ points),0.4858,-6.056,355.0
Florida Department of Agriculture & Consumer Services,Military & federal,Drifted Democratic (5+ points),0.4404,-12.6,448.0
Crestline Hotels & Resorts LLC,Other,Drifted Democratic (5+ points),0.3306,-7.596,247.0
"CentraState Healthcare System, Inc.",Health care,Drifted Democratic (5+ points),0.4585,-6.698,336.0
"The Chefs' Warehouse, Inc.",Other,Drifted Democratic (5+ points),0.3419,-7.073,372.0
Molex LLC,Other,Drifted Democratic (5+ points),0.5467,-9.451,1194.0
A.T. Still University of Health Sciences,Higher education,Drifted Democratic (5+ points),0.4318,-8.967,341.0
Bryan Cave Leighton Paisner LLP,Other,Drifted Democratic (5+ points),0.3849,-8.118,477.0
"Ariba, Inc.",Other,Drifted Democratic (5+ points),0.4005,-7.253,471.0
"Brown Advisory, Inc.",Other,Drifted Democratic (5+ points),0.3988,-6.232,508.0
"Accolade, Inc.",Other,Drifted Democratic (5+ points),0.337,-7.296,586.0
University of Wisconsin Superior,Higher education,Drifted Democratic (5+ points),0.3827,-5.613,232.0
"Emergent BioSolutions, Inc.",Other,Drifted Democratic (5+ points),0.3426,-5.547,488.0
"DXP Enterprises, Inc.",Other,Drifted Democratic (5+ points),0.6733,-5.879,453.0
Politico LLC,Other,Drifted Democratic (5+ points),0.1755,-5.255,346.0
"Dayton Freight Lines, Inc.",Other,Drifted Democratic (5+ points),0.6388,-11.46,592.0
"Bechtel Plant Machinery, Inc.",Other,Drifted Democratic (5+ points),0.554,-5.626,473.0
"Trusted Media Brands, Inc.",Other,Drifted Democratic (5+ points),0.4072,-11.65,229.0
"Cascadia Behavioral Healthcare, Inc.",Health care,Drifted Democratic (5+ points),0.1744,-6.369,327.0
"ARO Liquidation, Inc.",Other,Drifted Democratic (5+ points),0.2848,-5.224,1025.0
Metro Transit,Other,Drifted Democratic (5+ points),0.4681,-5.208,330.0
Brunswick Corp.,Other,Drifted Democratic (5+ points),0.5065,-7.227,399.0
"Henry Modell & Co., Inc.",Other,Drifted Democratic (5+ points),0.2526,-10.79,142.0
"Hearst Magazines, Inc.",Other,Drifted Democratic (5+ points),0.2092,-6.513,586.0
Pinnacle Property Management Services LLC,Other,Drifted Democratic (5+ points),0.3593,-11.35,192.0
Federal Reserve Bank of Richmond,Military & federal,Drifted Democratic (5+ points),0.4315,-8.323,1047.0
Saint Agnes Medical Center,Health care,Drifted Democratic (5+ points),0.5433,-15.4,353.0
DuPage County Community Unit School District No. 203,State & local government,Drifted Democratic (5+ points),0.3685,-13.16,441.0
Honigman LLP,Other,Drifted Democratic (5+ points),0.3609,-9.53,371.0
University of Minnesota Physicians,Higher education,Drifted Democratic (5+ points),0.4721,-13.15,706.0
The Scion Group LLC,Other,Drifted Democratic (5+ points),0.3522,-12.76,380.0
Elderwood Administrative Services LLC,Other,Drifted Democratic (5+ points),0.4088,-7.72,254.0
Bridgewater Associates LP,Other,Drifted Democratic (5+ points),0.2787,-5.014,597.0
"Gamma Phi Beta Sorority, Inc.",Other,Drifted Democratic (5+ points),0.3306,-10.96,540.0
Teacher Retirement System of Texas,Other,Drifted Democratic (5+ points),0.3777,-6.453,511.0
"ModivCare, Inc.",Other,Drifted Democratic (5+ points),0.3695,-16.32,489.0
"ResMed, Inc.",Other,Drifted Democratic (5+ points),0.4211,-10.24,612.0
Lawrence Township Metropolitan School District (Indiana),State & local government,Drifted Democratic (5+ points),0.3546,-10.57,271.0
"HKS, Inc.",Other,Drifted Democratic (5+ points),0.4292,-6.232,665.0
"CareOregon, Inc.",Other,Drifted Democratic (5+ points),0.2009,-5.156,506.0
"Apria, Inc.",Other,Drifted Democratic (5+ points),0.4928,-6.813,1247.0
"Lennox Industries, Inc.",Other,Drifted Democratic (5+ points),0.5647,-5.226,997.0
The University of Michigan-Dearborn,Higher education,Drifted Democratic (5+ points),0.233,-6.709,597.0
"AVI Systems, Inc.",Other,Drifted Democratic (5+ points),0.6179,-7.409,493.0
MasterBrand Cabinets LLC,Other,Drifted Democratic (5+ points),0.587,-6.82,508.0
YMCA of San Diego County,Other,Drifted Democratic (5+ points),0.276,-7.291,463.0
The Haskell Co.,Other,Drifted Democratic (5+ points),0.6717,-5.893,776.0
"Miracle-Ear, Inc.",Other,Drifted Democratic (5+ points),0.5349,-6.424,415.0
Flatiron Construction Corp.,Other,Drifted Democratic (5+ points),0.5343,-8.908,654.0
MedVet Associates LLC,Other,Drifted Democratic (5+ points),0.3859,-13.85,622.0
City of Rochester (New York),State & local government,Drifted Democratic (5+ points),0.3253,-7.651,482.0
Elliott Davis LLC,Other,Drifted Democratic (5+ points),0.6607,-15.99,533.0
City of Saint-Paul (Canada),State & local government,Drifted Democratic (5+ points),0.3907,-9.91,463.0
"ScanSource, Inc.",Other,Drifted Democratic (5+ points),0.6629,-9.81,518.0
CBS Television Studios,Other,Drifted Democratic (5+ points),0.246,-7.429,383.0
Tustin Unified School District (California),State & local government,Drifted Democratic (5+ points),0.4246,-7.628,275.0
Emory University Hospital Midtown,Higher education,Drifted Democratic (5+ points),0.2749,-10.14,465.0
Legacy Traditional School,Other,Drifted Democratic (5+ points),0.5426,-7.793,431.0
Missouri National Guard,Military & federal,Drifted Democratic (5+ points),0.611,-13.44,210.0
"Youth Advocate Programs, Inc.",Other,Drifted Democratic (5+ points),0.2643,-7.766,325.0
"Planned Parenthood Federation of America, Inc.",Other,Drifted Democratic (5+ points),0.1258,-5.692,562.0
Emser Tile LLC,Other,Drifted Democratic (5+ points),0.5472,-14.05,211.0
Johnson Matthey Plc,Other,Drifted Democratic (5+ points),0.4432,-5.335,554.0
FirstBank Holding Co. (Colorado),Other,Drifted Democratic (5+ points),0.41,-7.532,1074.0
"Bell Partners, Inc.",Other,Drifted Democratic (5+ points),0.4386,-18.29,531.0
"JAS Worldwide Management, Inc.",Other,Drifted Democratic (5+ points),0.4759,-7.81,329.0
"ECI Software Solutions, Inc.",Other,Drifted Democratic (5+ points),0.6188,-8.348,428.0
Metropolitan Police Department (United States),State & local government,Drifted Democratic (5+ points),0.3054,-11.04,313.0
"SandRidge Energy, Inc.",Other,Drifted Democratic (5+ points),0.7102,-5.499,57.0
Philippines Department of Justice,Military & federal,Drifted Democratic (5+ points),0.3545,-7.936,310.0
"Cash America International, Inc.",Other,Drifted Democratic (5+ points),0.3898,-7.093,304.0
"Tactile Systems Technology, Inc.",Other,Drifted Democratic (5+ points),0.5816,-19.48,470.0
ComForCare Health Care Holdings LLC,Health care,Drifted Democratic (5+ points),0.3912,-5.894,371.0
Central Valley School District (Pennsylvania),State & local government,Drifted Democratic (5+ points),0.4998,-5.394,253.0
City of Milwaukee (Wisconsin),State & local government,Drifted Democratic (5+ points),0.3961,-7.193,860.0
Fellowship of Catholic University Students,Higher education,Drifted Democratic (5+ points),0.6373,-15.94,511.0
"PCM, Inc.",Other,Drifted Democratic (5+ points),0.4352,-8.135,140.0
City of Santa Barbara (California),State & local government,Drifted Democratic (5+ points),0.2527,-6.625,259.0
City of Dallas (Texas),State & local government,Drifted Democratic (5+ points),0.356,-6.223,1274.0
Monterey Peninsula Unified School District (California),State & local government,Drifted Democratic (5+ points),0.192,-6.152,288.0
Lithko Contracting LLC,Other,Drifted Democratic (5+ points),0.6745,-10.4,379.0
"Everett Financial, Inc.",Finance & insurance,Drifted Democratic (5+ points),0.5615,-8.749,592.0
"Benefis Hospitals, Inc. (Montana)",Other,Drifted Democratic (5+ points),0.6397,-7.809,337.0
Principal Global Investors LLC,Other,Drifted Democratic (5+ points),0.5574,-8.609,699.0
"CRC Insurance Services, Inc.",Finance & insurance,Drifted Democratic (5+ points),0.5342,-6.953,888.0
YMCA of Greater Seattle,Other,Drifted Democratic (5+ points),0.1462,-5.113,395.0
Invenergy LLC,Other,Drifted Democratic (5+ points),0.3252,-14.01,871.0
Employers Mutual Casualty Co.,Finance & insurance,Drifted Democratic (5+ points),0.5708,-7.685,875.0
"Mohawk Industries, Inc.",Other,Drifted Democratic (5+ points),0.6198,-5.829,972.0
Port of Seattle (Washington),Other,Drifted Democratic (5+ points),0.2733,-5.035,660.0
Pasadena Independent School District (Texas),State & local government,Drifted Democratic (5+ points),0.4151,-9.356,750.0
Lewis Roca Rothgerber Christie LLP,Other,Drifted Democratic (5+ points),0.4408,-9.421,250.0
Downey Unified School District (California),State & local government,Drifted Democratic (5+ points),0.3376,-9.783,261.0
Dinsmore & Shohl LLP,Other,Drifted Democratic (5+ points),0.5049,-7.62,832.0
"The SYGMA Network, Inc.",Other,Drifted Democratic (5+ points),0.4928,-6.867,324.0
San Joaquin County Office of Education (California),Other,Drifted Democratic (5+ points),0.4424,-5.427,293.0
Pacific Union Financial LLC,Finance & insurance,Drifted Democratic (5+ points),0.4962,-6.189,75.0
Orchid Orthopedic Solutions LLC,Other,Drifted Democratic (5+ points),0.4622,-8.658,220.0
Alabama State University,Higher education,Drifted Democratic (5+ points),0.1551,-6.244,386.0
Marine Corps Systems Command,Military & federal,Drifted Democratic (5+ points),0.5107,-6.548,363.0
Brookfield Corp.,Other,Drifted Democratic (5+ points),0.3221,-7.878,501.0
Bloodworks Northwest,Other,Drifted Democratic (5+ points),0.2066,-5.932,254.0
"NeighborFavor, Inc.",Other,Drifted Democratic (5+ points),0.3271,-17.38,481.0
Prologistix,Other,Drifted Democratic (5+ points),0.3158,-5.086,345.0
Western States Fire Protection Co.,Other,Drifted Democratic (5+ points),0.6306,-5.254,336.0
Womble Bond Dickinson (US) LLP,Other,Drifted Democratic (5+ points),0.4482,-7.173,609.0
Birdville ISD,Other,Drifted Democratic (5+ points),0.6329,-7.221,329.0
Clark Construction Group LLC,Other,Drifted Democratic (5+ points),0.386,-7.1,1171.0
County of St. Louis (Missouri),State & local government,Drifted Democratic (5+ points),0.488,-11.19,516.0
American Medical Association,Health care,Drifted Democratic (5+ points),0.2478,-10.05,656.0
County of Ventura (California),State & local government,Drifted Democratic (5+ points),0.3685,-6.912,1067.0
City of Garland (Texas),State & local government,Drifted Democratic (5+ points),0.5314,-9.795,257.0
Sacramento Kings LP,Other,Drifted Democratic (5+ points),0.3058,-5.39,227.0
Campbell University,Higher education,Drifted Democratic (5+ points),0.4791,-5.958,297.0
Arkansas Department of Health,Military & federal,Drifted Democratic (5+ points),0.4505,-8.328,286.0
"Asbury Automotive Group, Inc.",Other,Drifted Democratic (5+ points),0.5137,-10.01,460.0
"Allegion US Holding Co., Inc.",Other,Drifted Democratic (5+ points),0.5725,-6.922,481.0
"St. Joseph's Hospital Health Center, Inc.",Health care,Drifted Democratic (5+ points),0.4219,-5.156,491.0
"OTENT, Inc.",Other,Drifted Democratic (5+ points),0.3413,-7.745,333.0
Carecore National Group LLC,Other,Drifted Democratic (5+ points),0.5112,-5.401,787.0
University of Mary Washington,Higher education,Drifted Democratic (5+ points),0.3079,-5.84,383.0
Dakota County,Other,Drifted Democratic (5+ points),0.5465,-10.73,594.0
Forsyth County School District (Georgia),State & local government,Drifted Democratic (5+ points),0.6225,-7.189,335.0
The Curtis L. Carlson School of Management,Other,Drifted Democratic (5+ points),0.3367,-5.054,412.0
The Chenega Corp.,Other,Drifted Democratic (5+ points),0.4599,-10.42,623.0
Edina Independent School District No. 273 (Minnesota),State & local government,Drifted Democratic (5+ points),0.4966,-10.18,306.0
"Affiliated Engineers, Inc.",Other,Drifted Democratic (5+ points),0.4668,-6.144,449.0
CaroMont Regional Medical Center,Health care,Drifted Democratic (5+ points),0.5764,-6.538,688.0
BMW Financial Services (South Africa) Pty Ltd.,Finance & insurance,Drifted Democratic (5+ points),0.463,-5.557,341.0
New York City Fire Department,Other,Drifted Democratic (5+ points),0.4814,-6.398,1216.0
The Waldinger Corp.,Other,Drifted Democratic (5+ points),0.6482,-7.168,327.0
"Alliance HealthCare Services, Inc.",Health care,Drifted Democratic (5+ points),0.4744,-12.96,207.0
St. Louis Children's Hospital,Health care,Drifted Democratic (5+ points),0.464,-19.32,909.0
Duke Clinical Research Institute,Other,Drifted Democratic (5+ points),0.2533,-7.872,436.0
Sensient Technologies Corp.,Other,Drifted Democratic (5+ points),0.5183,-6.181,375.0
"Palm Beach Tan, Inc.",Other,Drifted Democratic (5+ points),0.5001,-5.755,437.0
Synovus Financial Corp.,Finance & insurance,Drifted Democratic (5+ points),0.6297,-9.409,1293.0
SOS International LLC,Other,Drifted Democratic (5+ points),0.3644,-7.701,405.0
PODS Enterprises LLC,Other,Drifted Democratic (5+ points),0.5543,-6.931,349.0
"Shook, Hardy & Bacon LLP",Other,Drifted Democratic (5+ points),0.4976,-8.468,640.0
"Core & Main, Inc.",Other,Drifted Democratic (5+ points),0.652,-11.32,801.0
DTN LLC,Other,Drifted Democratic (5+ points),0.6494,-6.077,314.0
Portland Parks & Recreation,Other,Drifted Democratic (5+ points),0.1401,-6.103,217.0
"NVR, Inc.",Other,Drifted Democratic (5+ points),0.5779,-9.986,1138.0
"Connexions Loyalty, Inc.",Other,Drifted Democratic (5+ points),0.4722,-8.564,237.0
PAMT Corp.,Other,Drifted Democratic (5+ points),0.5664,-22.59,308.0
Dental Care Alliance LLC,Other,Drifted Democratic (5+ points),0.501,-5.355,311.0
The Great Wolf Lodge,Other,Drifted Democratic (5+ points),0.4062,-12.88,882.0
Huntsville City Schools (Alabama),Other,Drifted Democratic (5+ points),0.4776,-6.295,464.0
"Cleveland Integrity Services, Inc.",Other,Drifted Democratic (5+ points),0.7029,-8.483,211.0
"Cheniere Energy, Inc.",Other,Drifted Democratic (5+ points),0.6521,-10.36,688.0
J. Alexander’s Restaurants LLC,Other,Drifted Democratic (5+ points),0.3988,-8.831,221.0
Post Acute Medical LLC,Health care,Drifted Democratic (5+ points),0.5307,-14.14,960.0
Guy Carpenter & Co. LLC,Other,Drifted Democratic (5+ points),0.4242,-9.582,603.0
Washington State Patrol,Other,Drifted Democratic (5+ points),0.5439,-20.5,299.0
Plainfield Community Consolidated School District 202,State & local government,Drifted Democratic (5+ points),0.3638,-9.195,328.0
Ontario Systems LLC,Other,Drifted Democratic (5+ points),0.5652,-12.18,185.0
William Blair & Co. LLC,Other,Drifted Democratic (5+ points),0.3537,-11.0,947.0
GuideOne Insurance Co.,Finance & insurance,Drifted Democratic (5+ points),0.5517,-10.1,153.0
Arizona Department of Education,Military & federal,Drifted Democratic (5+ points),0.3893,-15.11,257.0
WideOpenWest Finance LLC,Other,Drifted Democratic (5+ points),0.5005,-8.175,444.0
Rodan + Fields Dermatologists,Other,Drifted Democratic (5+ points),0.6018,-5.217,326.0
"PFSweb, Inc.",Other,Drifted Democratic (5+ points),0.453,-8.398,252.0
South Carolina Department of Health & Environmental Control,Military & federal,Drifted Democratic (5+ points),0.4835,-8.974,593.0
Fargo Public Schools Development Foundation,State & local government,Drifted Democratic (5+ points),0.4448,-8.243,276.0
"General Dynamics Ordnance & Tactical Systems, Inc.",Defense & aerospace,Drifted Democratic (5+ points),0.638,-7.394,684.0
"Allied Electronics, Inc.",Other,Drifted Democratic (5+ points),0.5797,-5.355,297.0
"Arch Insurance Group, Inc.",Finance & insurance,Drifted Democratic (5+ points),0.4669,-6.009,925.0
Publicis Health Media LLC,Health care,Drifted Democratic (5+ points),0.2605,-5.547,392.0
Community Memorial Health System,Health care,Drifted Democratic (5+ points),0.3813,-12.71,379.0
Momentum Worldwide,Other,Drifted Democratic (5+ points),0.3378,-6.837,296.0
"Transdev North America, Inc.",Other,Drifted Democratic (5+ points),0.3702,-6.985,665.0
California Department of Corrections & Rehabilitation,Military & federal,Drifted Democratic (5+ points),0.4457,-6.422,1261.0
"Nebraska Furniture Mart, Inc.",Other,Drifted Democratic (5+ points),0.5045,-7.455,1018.0
Maricopa County Union High School District No. 210 (Arizona),State & local government,Drifted Democratic (5+ points),0.3906,-5.991,625.0
Tomball Independent School District (Texas),State & local government,Drifted Democratic (5+ points),0.6656,-6.5,400.0
The PolyClinic,Other,Drifted Democratic (5+ points),0.1678,-6.099,232.0
Park Place Dealerships,Other,Drifted Democratic (5+ points),0.5241,-6.613,185.0
Palm Springs Unified School District (California),State & local government,Drifted Democratic (5+ points),0.3537,-7.194,376.0
The Research Foundation of The City University of New York,Higher education,Drifted Democratic (5+ points),0.1283,-5.711,311.0
North Carolina Department of Transportation,Military & federal,Drifted Democratic (5+ points),0.4581,-6.769,870.0
"Rogers Memorial Hospital, Inc.",Health care,Drifted Democratic (5+ points),0.5435,-13.8,834.0
Brown & Root Industrial Services LLC,Other,Drifted Democratic (5+ points),0.6827,-11.95,450.0
Southwest Gas Corp.,Other,Drifted Democratic (5+ points),0.5907,-7.121,614.0
United States National Security Agency,Other,Drifted Democratic (5+ points),0.4757,-7.041,373.0
"Pariveda Solutions, Inc.",Other,Drifted Democratic (5+ points),0.4108,-14.78,310.0
"Justice Resource Institute, Inc.",Other,Drifted Democratic (5+ points),0.1338,-5.403,367.0
Leander Independent School District (Texas),State & local government,Drifted Democratic (5+ points),0.5017,-5.064,1313.0
"Meridian Health Plan of Michigan, Inc.",Health care,Drifted Democratic (5+ points),0.2783,-12.37,401.0
"Oath, Inc.",Other,Drifted Democratic (5+ points),0.2872,-11.65,93.0
Marelli Corp.,Other,Drifted Democratic (5+ points),0.5082,-6.922,189.0
"PFS Investments, Inc.",Other,Drifted Democratic (5+ points),0.4384,-8.619,359.0
"The Judge Group, Inc.",Other,Drifted Democratic (5+ points),0.4423,-8.836,679.0
Fort Bend County Drainage District (Texas),Other,Drifted Democratic (5+ points),0.4335,-9.761,269.0
"ThedaCare, Inc.",Other,Drifted Democratic (5+ points),0.7327,-5.327,1162.0
JEA (Florida),Other,Drifted Democratic (5+ points),0.6474,-6.161,652.0
"MullenLowe U.S., Inc.",Other,Drifted Democratic (5+ points),0.2028,-7.803,177.0
"Scdmh Sarasota Care, L L C",Other,Drifted Democratic (5+ points),0.3604,-6.127,368.0
"Celadon Group, Inc.",Other,Drifted Democratic (5+ points),0.5087,-14.66,83.0
Southwest Research Institute,Other,Drifted Democratic (5+ points),0.5039,-5.396,1325.0
Convatec Group Plc,Other,Drifted Democratic (5+ points),0.5051,-11.69,368.0
Little Company of Mary Hospital,Health care,Drifted Democratic (5+ points),0.2826,-9.102,211.0
Lowenstein Sandler LLP,Other,Drifted Democratic (5+ points),0.3328,-8.995,325.0
Jubilant HollisterStier LLC,Other,Drifted Democratic (5+ points),0.5003,-6.878,289.0
County of Napa (California),State & local government,Drifted Democratic (5+ points),0.2668,-5.942,289.0
"INTRUST Bank, NA",Finance & insurance,Drifted Democratic (5+ points),0.679,-5.706,393.0
"Health Partners Plans, Inc.",Health care,Drifted Democratic (5+ points),0.3149,-5.106,223.0
NorthMarq Capital LLC,Other,Drifted Democratic (5+ points),0.5397,-9.247,520.0
Jones Walker LLP,Other,Drifted Democratic (5+ points),0.5746,-7.169,327.0
US Marshals Service,Other,Drifted Democratic (5+ points),0.6043,-5.309,560.0
"TPG, Inc.",Other,Drifted Democratic (5+ points),0.3457,-8.308,559.0
Carrier Global Corp.,Other,Drifted Democratic (5+ points),0.4848,-14.98,1147.0
City of Colorado Springs (Colorado),State & local government,Drifted Democratic (5+ points),0.6318,-7.964,400.0
Rat Pack Impersonators Las Vegas,Other,Drifted Democratic (5+ points),0.3344,-5.555,261.0
Wisconsin Physicians Service Insurance Corp.,Finance & insurance,Drifted Democratic (5+ points),0.5148,-6.483,677.0
"US Ecology, Inc.",Other,Drifted Democratic (5+ points),0.5795,-8.263,355.0
Aegis Sciences Corp.,Other,Drifted Democratic (5+ points),0.5625,-8.11,287.0
"William L. Lyon & Associates, Inc.",Other,Drifted Democratic (5+ points),0.5502,-5.958,353.0
"Ruoff Mortgage Co., Inc.",Other,Drifted Democratic (5+ points),0.6818,-10.37,309.0
"Fulton Bank, N.A.(Lancaster, Pennsylvania)",Finance & insurance,Drifted Democratic (5+ points),0.5364,-10.15,1026.0
Oshkosh Defense LLC,Other,Drifted Democratic (5+ points),0.7148,-5.118,605.0
"SCOPe Orthotics & Prosthetics, Inc.",Other,Drifted Democratic (5+ points),0.5415,-15.21,660.0
Kum & Go LC,Other,Drifted Democratic (5+ points),0.5135,-8.973,324.0
Uhaul Moving & Storage,Other,Drifted Democratic (5+ points),0.3742,-12.82,495.0
Chiltern International Ltd.,Other,Drifted Democratic (5+ points),0.4823,-6.146,69.0
"Virginia Premier Health Plan, Inc.",Health care,Drifted Democratic (5+ points),0.301,-6.144,136.0
"Honda of America Mfg., Inc.",Other,Drifted Democratic (5+ points),0.5485,-5.625,974.0
Pierce College District,Higher education,Drifted Democratic (5+ points),0.2939,-5.995,294.0
Loma Linda University Adventist Health Sciences Center,Higher education,Drifted Democratic (5+ points),0.4486,-7.97,644.0
Allied World Assurance Company Holdings AG,Other,Drifted Democratic (5+ points),0.3972,-8.553,390.0
Kamehameha Schools,Other,Drifted Democratic (5+ points),0.3713,-8.834,471.0
"St. Charles Health System, Inc.",Health care,Drifted Democratic (5+ points),0.3997,-8.759,768.0
Mass General Hospital,Health care,Drifted Democratic (5+ points),0.1997,-10.93,504.0
"BuilderTREND Solutions, Inc.",Other,Drifted Democratic (5+ points),0.613,-23.56,474.0
Buckeye Partners LP,Other,Drifted Democratic (5+ points),0.6438,-8.274,556.0
Defense Threat Reduction Agency,Other,Drifted Democratic (5+ points),0.4881,-8.639,392.0
Smartronix LLC,Other,Drifted Democratic (5+ points),0.525,-9.844,460.0
SouthState Corp.,Other,Drifted Democratic (5+ points),0.6425,-5.476,1357.0
City of Lakeland (Florida),State & local government,Drifted Democratic (5+ points),0.6838,-5.77,283.0
"Iowa Realty Co., Inc.",Other,Drifted Democratic (5+ points),0.597,-6.909,246.0
Twin Peaks Restaurants LP,Other,Drifted Democratic (5+ points),0.4134,-11.88,370.0
Oregon Department of Transportation,Military & federal,Drifted Democratic (5+ points),0.4215,-9.546,789.0
County of Franklin (Ohio),State & local government,Drifted Democratic (5+ points),0.4139,-11.93,426.0
"Shopify, Inc.",Other,Drifted Democratic (5+ points),0.3111,-14.77,1239.0
Enhabit Home Health & Hospice,Health care,Drifted Democratic (5+ points),0.625,-13.1,1050.0
"CNO Financial Group, Inc.",Finance & insurance,Drifted Democratic (5+ points),0.4995,-6.059,736.0
Jackson County Foundation,Other,Drifted Democratic (5+ points),0.4911,-5.5,244.0
"AvidXchange, Inc.",Other,Drifted Democratic (5+ points),0.3767,-11.91,772.0
"Infusion Software, Inc.",Other,Drifted Democratic (5+ points),0.5654,-8.972,146.0
"J.J.B. Hilliard, W.L. Lyons LLC",Other,Drifted Democratic (5+ points),0.5868,-7.798,99.0
City of Arlington (Texas),State & local government,Drifted Democratic (5+ points),0.5129,-5.877,381.0
Millennium Management LLC,Other,Drifted Democratic (5+ points),0.4008,-6.941,1137.0
CIBC US Equity Fund,Other,Drifted Democratic (5+ points),0.3671,-12.46,808.0
Dashiell Corp.,Other,Drifted Democratic (5+ points),0.5849,-9.025,329.0
Img Worldwide LLC /Ny/,Other,Drifted Democratic (5+ points),0.412,-6.04,169.0
Car Wash Partners LLC,Other,Drifted Democratic (5+ points),0.4358,-5.785,510.0
Signify NV,Other,Drifted Democratic (5+ points),0.4481,-5.845,441.0
Finance of America Mortgage LLC,Other,Drifted Democratic (5+ points),0.5451,-5.435,305.0
County of Washington (Oregon),State & local government,Drifted Democratic (5+ points),0.3969,-15.19,682.0
U.S. Acute Care Solutions LLC,Other,Drifted Democratic (5+ points),0.536,-9.429,841.0
Ardent Health Services LLC,Health care,Drifted Democratic (5+ points),0.6019,-6.249,601.0
"Triumvirate Environmental, Inc.",Other,Drifted Democratic (5+ points),0.3404,-12.38,397.0
Department Of Navy,Military & federal,Drifted Democratic (5+ points),0.4695,-10.24,319.0
"DCH Healthcare Authority, Inc.",Health care,Drifted Democratic (5+ points),0.5971,-6.347,489.0
"Ultra Clean Holdings, Inc.",Other,Drifted Democratic (5+ points),0.4586,-11.61,342.0
AML RightSource LLC,Other,Drifted Democratic (5+ points),0.3755,-20.91,690.0
UnityPoint Health - St. Luke's,Health care,Drifted Democratic (5+ points),0.4864,-8.185,283.0
"Dayforce US, Inc.",Other,Drifted Democratic (5+ points),0.466,-5.455,579.0
City of Ann Arbor (Michigan),State & local government,Drifted Democratic (5+ points),0.2511,-12.87,262.0
Fresno City College,Higher education,Drifted Democratic (5+ points),0.3764,-5.043,403.0
Central Transport LLC,Other,Drifted Democratic (5+ points),0.4653,-7.119,670.0
Rally House,Other,Drifted Democratic (5+ points),0.3946,-11.39,646.0
Alstom SA,Other,Drifted Democratic (5+ points),0.5226,-8.416,809.0
ENT Credit Union,Other,Drifted Democratic (5+ points),0.6139,-15.65,477.0
"Mid-America Apartment Communities, Inc.",Other,Drifted Democratic (5+ points),0.5108,-13.22,562.0
The Baldwin Insurance Group Holdings LLC,Finance & insurance,Drifted Democratic (5+ points),0.6081,-14.29,752.0
"Videojet Technologies, Inc.",Other,Drifted Democratic (5+ points),0.5128,-9.017,280.0
Corona-Norco Unified School District (California),State & local government,Drifted Democratic (5+ points),0.4663,-7.446,465.0
Piper Sandler Cos.,Other,Drifted Democratic (5+ points),0.5578,-26.57,786.0
South Bend Community School Corp.,Other,Drifted Democratic (5+ points),0.3507,-7.423,500.0
"Assa Abloy Sales & Marketing Group, Inc.",Other,Drifted Democratic (5+ points),0.5747,-8.047,376.0
Ballad Health,Health care,Drifted Democratic (5+ points),0.7828,-5.571,1072.0
Autism Learning Partners LLC,Other,Drifted Democratic (5+ points),0.2427,-9.467,536.0
Harman International Industries Ltd.,Other,Drifted Democratic (5+ points),0.4251,-15.7,890.0
"Premier Sotheby's International Realty, Inc.",Other,Drifted Democratic (5+ points),0.6572,-5.486,477.0
"SCS Engineers, Inc.",Other,Drifted Democratic (5+ points),0.435,-8.67,466.0
Chicago Cubs Baseball Club LLC,Other,Drifted Democratic (5+ points),0.281,-9.076,406.0
Score Mentors,Other,Drifted Democratic (5+ points),0.4924,-5.822,568.0
Compagnie de Saint-Gobain SA,Other,Drifted Democratic (5+ points),0.4665,-6.278,766.0
Arizona Department of Corrections,Military & federal,Drifted Democratic (5+ points),0.6198,-7.429,642.0
"Antelope Valley Hospital, Inc.",Health care,Drifted Democratic (5+ points),0.4745,-8.66,229.0
Nielseniq /Private Group/,Other,Drifted Democratic (5+ points),0.4142,-12.23,1177.0
The East Side Union High School District (California),State & local government,Drifted Democratic (5+ points),0.174,-5.188,343.0
Carroll County Public Schools (Maryland),State & local government,Drifted Democratic (5+ points),0.5432,-5.258,491.0
City of Long Beach (California),State & local government,Drifted Democratic (5+ points),0.3033,-8.387,619.0
"Consumer Direct Holdings, Inc.",Other,Drifted Democratic (5+ points),0.4193,-20.17,653.0
Shift4 Payments LLC,Other,Drifted Democratic (5+ points),0.4064,-9.477,599.0
Fleishman-Hillard sro,Other,Drifted Democratic (5+ points),0.3473,-5.228,548.0
Aclara Technologies LLC,Other,Drifted Democratic (5+ points),0.5539,-10.21,220.0
Marco Technologies LLC,Other,Drifted Democratic (5+ points),0.7158,-14.22,481.0
Apex Cos. LLC,Other,Drifted Democratic (5+ points),0.4464,-10.71,398.0
SJSA LLC,Other,Drifted Democratic (5+ points),0.3589,-25.85,344.0
Maricopa County School District No. 83 (Arizona),State & local government,Drifted Democratic (5+ points),0.4458,-8.137,226.0
Desert Sands Unified School District (California),State & local government,Drifted Democratic (5+ points),0.4343,-7.202,404.0
"Indigo Ag, Inc.",Other,Drifted Democratic (5+ points),0.3098,-14.09,164.0
CHRISTUS Spohn Health System,Health care,Drifted Democratic (5+ points),0.5152,-5.946,257.0
Peabody Energy Corp.,Other,Drifted Democratic (5+ points),0.6925,-5.026,224.0
Kansas City Missouri Police Department,State & local government,Drifted Democratic (5+ points),0.7266,-6.317,216.0
Beckman Coulter Life Sciences,Other,Drifted Democratic (5+ points),0.4319,-14.58,493.0
Valmet Corp.,Other,Drifted Democratic (5+ points),0.6869,-8.497,469.0
PADI Worldwide Corp.,Other,Drifted Democratic (5+ points),0.451,-11.09,211.0
Molloy College,Higher education,Drifted Democratic (5+ points),0.3923,-6.76,374.0
Grand Prairie Independent School District (Texas),State & local government,Drifted Democratic (5+ points),0.3877,-6.968,471.0
Consulate Health Care LLC,Health care,Drifted Democratic (5+ points),0.4512,-6.095,289.0
Comau SpA,Other,Drifted Democratic (5+ points),0.5427,-6.806,284.0
Boone Hospital Center,Health care,Drifted Democratic (5+ points),0.5706,-20.9,318.0
"NAVEX Global, Inc.",Other,Drifted Democratic (5+ points),0.3446,-8.768,538.0
"Credit One Bank, NA (Las Vegas, Nevada)",Finance & insurance,Drifted Democratic (5+ points),0.4281,-6.262,517.0
"Kaseya, Inc.",Other,Drifted Democratic (5+ points),0.4781,-9.331,838.0
"Reddit, Inc.",Other,Drifted Democratic (5+ points),0.2135,-10.29,928.0
Coherent Corp.,Other,Drifted Democratic (5+ points),0.5211,-7.201,780.0
RubinBrown LLP,Other,Drifted Democratic (5+ points),0.5696,-19.32,542.0
City of Atlanta (Georgia),State & local government,Drifted Democratic (5+ points),0.1616,-6.162,734.0
"HealthSmart Holdings, Inc.",Other,Drifted Democratic (5+ points),0.492,-5.057,176.0
Gates Foundation Trust,Other,Drifted Democratic (5+ points),0.1299,-5.978,549.0
Christian Brothers Automotive Corp.,Other,Drifted Democratic (5+ points),0.7339,-8.696,488.0
Sunstate Equipment Co. LLC,Other,Drifted Democratic (5+ points),0.692,-10.57,500.0
Allianz Partners SAS,Other,Drifted Democratic (5+ points),0.3539,-7.835,308.0
Allianz Life Insurance Co. of North America (Invt Port),Finance & insurance,Drifted Democratic (5+ points),0.5544,-17.13,987.0
Ensign Services,Other,Drifted Democratic (5+ points),0.4846,-12.48,854.0
"Central Bancompany, Inc.",Other,Drifted Democratic (5+ points),0.6492,-11.42,902.0
"Modern Technology Solutions, Inc.",Other,Drifted Democratic (5+ points),0.6824,-10.26,874.0
Harris County Sheriff's Office,State & local government,Drifted Democratic (5+ points),0.4914,-8.903,473.0
The University of Missouri Health Sciences Center,Higher education,Drifted Democratic (5+ points),0.5123,-22.71,914.0
Madwire LLC,Other,Drifted Democratic (5+ points),0.44,-7.709,215.0
Ball Corp.,Other,Drifted Democratic (5+ points),0.5551,-9.886,1030.0
Initiative,Other,Drifted Democratic (5+ points),0.2202,-6.932,529.0
Rodan Fields Dermatologists Skin And Beauty Logic,Other,Drifted Democratic (5+ points),0.6318,-11.88,260.0
BAMTech LLC,Other,Drifted Democratic (5+ points),0.274,-27.06,1071.0
The Port Authority of New York & New Jersey (New York),Other,Drifted Democratic (5+ points),0.387,-6.809,1346.0
Steptoe LLP,Other,Drifted Democratic (5+ points),0.2437,-9.895,384.0
syncreon Global Holdings Ltd.,Other,Drifted Democratic (5+ points),0.4408,-8.634,294.0
"MSA Safety, Inc.",Other,Drifted Democratic (5+ points),0.5891,-6.419,624.0
"B&H Photo Video, Inc.",Other,Drifted Democratic (5+ points),0.3962,-8.661,478.0
"IPG DXTRA, Inc.",Other,Drifted Democratic (5+ points),0.2198,-8.186,759.0
Barnes Aerospace Corp.,Other,Drifted Democratic (5+ points),0.6165,-19.44,232.0
County of Montgomery (Pennsylvania),State & local government,Drifted Democratic (5+ points),0.3432,-5.781,378.0
CertainTeed Corp.,Other,Drifted Democratic (5+ points),0.5883,-8.25,894.0
Nestle Health Science SA,Health care,Drifted Democratic (5+ points),0.5198,-9.852,889.0
"CommScope Holding Co., Inc.",Other,Drifted Democratic (5+ points),0.5522,-6.942,1274.0
"SSP America, Inc.",Other,Drifted Democratic (5+ points),0.3746,-11.0,344.0
Los Angeles Department of Water & Power (California),Military & federal,Drifted Democratic (5+ points),0.3546,-6.164,1115.0
"Grand Canyon Education, Inc.",Other,Drifted Democratic (5+ points),0.5768,-9.196,778.0
Bastian Solutions LLC,Other,Drifted Democratic (5+ points),0.5556,-13.96,587.0
Stream Gas & Electric Ltd.,Other,Drifted Democratic (5+ points),0.5094,-6.29,236.0
Village Practice Management Co. LLC,Other,Drifted Democratic (5+ points),0.4206,-20.08,636.0
"Sport Clips, Inc.",Other,Drifted Democratic (5+ points),0.4871,-6.728,997.0
Northeast Ohio Medical University,Higher education,Drifted Democratic (5+ points),0.3973,-9.315,336.0
"The Brock Group, Inc. (Texas)",Other,Drifted Democratic (5+ points),0.5007,-7.323,425.0
College for Creative Studies,Higher education,Drifted Democratic (5+ points),0.2212,-9.533,305.0
Poway Unified School District (California),State & local government,Drifted Democratic (5+ points),0.3665,-5.246,828.0
County of Onondaga (New York),State & local government,Drifted Democratic (5+ points),0.4859,-7.041,396.0
Tucson Medical Center Branch (227647),Health care,Drifted Democratic (5+ points),0.3991,-5.74,799.0
Delaware County Community College,Higher education,Drifted Democratic (5+ points),0.3503,-6.27,320.0
"ESIS, Inc.",Other,Drifted Democratic (5+ points),0.4095,-6.03,411.0
"The Finish Line, Inc.",Other,Drifted Democratic (5+ points),0.2864,-6.945,1379.0
CMA CGM SA,Other,Drifted Democratic (5+ points),0.4315,-12.91,503.0
Go Fresh & Local Supplier Accelerator,Other,Drifted Democratic (5+ points),0.4803,-12.84,830.0
"St. Mary Medical Center, Langhorne, PA",Health care,Drifted Democratic (5+ points),0.4524,-6.322,225.0
Transportation Insight LLC,Other,Drifted Democratic (5+ points),0.645,-5.168,291.0
Catholic Health Services of Long Island,Health care,Drifted Democratic (5+ points),0.4984,-8.175,1210.0
ZoomInfo LLC,Other,Drifted Democratic (5+ points),0.3097,-10.28,1287.0
Dallas/Fort Worth International Airport,Other,Drifted Democratic (5+ points),0.4957,-6.073,556.0
M Health Fairview Center For Women,Health care,Drifted Democratic (5+ points),0.4904,-26.0,577.0
"Brink's, Inc.",Other,Drifted Democratic (5+ points),0.4682,-10.98,1146.0
Anheuser-Busch InBev SA/NV,Other,Drifted Democratic (5+ points),0.5354,-7.457,1284.0
CalPortland Co.,Other,Drifted Democratic (5+ points),0.5949,-8.106,374.0
TriStar Centennial Medical Center,Health care,Drifted Democratic (5+ points),0.5234,-13.56,407.0
Red Ventures LLC,Other,Drifted Democratic (5+ points),0.3593,-13.07,979.0
"SCAN Health Plan, Inc.",Health care,Drifted Democratic (5+ points),0.2837,-10.89,438.0
Abbott Northwestern Hospital,Health care,Drifted Democratic (5+ points),0.4536,-16.95,458.0
"Plansource Benefits Administration, Inc.",Other,Drifted Democratic (5+ points),0.4517,-10.17,259.0
Capella University LLC,Higher education,Drifted Democratic (5+ points),0.445,-13.99,856.0
Gates Corp.,Other,Drifted Democratic (5+ points),0.5484,-6.538,612.0
"St. Bernards Healthcare, Inc.",Health care,Drifted Democratic (5+ points),0.675,-9.28,267.0
The PIMCO Foundation,Other,Drifted Democratic (5+ points),0.4036,-5.445,1048.0
T.Y. Lin International Group Ltd.,Other,Drifted Democratic (5+ points),0.3843,-7.488,486.0
United Federal Credit Union (Michigan),Military & federal,Drifted Democratic (5+ points),0.5665,-7.694,300.0
"Steel Dynamics, Inc.",Other,Drifted Democratic (5+ points),0.6835,-6.106,746.0
"MB Financial Bank, NA",Finance & insurance,Drifted Democratic (5+ points),0.3283,-9.797,176.0
Banc of California,Other,Drifted Democratic (5+ points),0.416,-10.36,230.0
South Carolina Department of Social Services,Military & federal,Drifted Democratic (5+ points),0.4067,-6.987,639.0
JT4 LLC,Other,Drifted Democratic (5+ points),0.6722,-9.056,627.0
"Intero Real Estate Services, Inc.",Other,Drifted Democratic (5+ points),0.3917,-5.18,780.0
"Kerry, Inc.",Other,Drifted Democratic (5+ points),0.5425,-6.52,935.0
Reading School District (Pennsylvania),State & local government,Drifted Democratic (5+ points),0.3788,-5.528,311.0
AFL Telecommunications LLC,Other,Drifted Democratic (5+ points),0.6842,-5.52,500.0
"West Pharmaceutical Services, Inc.",Other,Drifted Democratic (5+ points),0.5086,-5.985,817.0
Cequel Communications LLC,Other,Drifted Democratic (5+ points),0.6149,-6.685,291.0
"Boca Raton Resort & Club, Inc.",Other,Drifted Democratic (5+ points),0.3951,-6.651,287.0
ConAm Management Corp.,Other,Drifted Democratic (5+ points),0.4131,-5.062,265.0
Wayzata Public Schools Independent District No. 284,State & local government,Drifted Democratic (5+ points),0.5538,-12.1,289.0
"Duracell International, Inc.",Other,Drifted Democratic (5+ points),0.4676,-12.04,381.0
"CLEAResult Consulting, Inc.",Other,Drifted Democratic (5+ points),0.3301,-6.554,901.0
True Value Co.,Other,Drifted Democratic (5+ points),0.4661,-5.417,526.0
First American Bank Corp. (Illinois),Finance & insurance,Drifted Democratic (5+ points),0.4565,-10.17,384.0
FirstLight Home Care Franchising LLC,Other,Drifted Democratic (5+ points),0.5107,-12.15,287.0
"Subaru of Indiana Automotive, Inc.",Other,Drifted Democratic (5+ points),0.7023,-7.187,595.0
The Chemours Co.,Other,Drifted Democratic (5+ points),0.5616,-9.454,1002.0
Quiksilver,Other,Drifted Democratic (5+ points),0.3637,-6.752,98.0
Hapag-Lloyd AG,Other,Drifted Democratic (5+ points),0.4213,-15.15,286.0
Hays plc,Other,Drifted Democratic (5+ points),0.3943,-5.332,310.0
"Development Dimensions International, Inc.",Other,Drifted Democratic (5+ points),0.4301,-5.246,285.0
SOS Security LLC,Other,Drifted Democratic (5+ points),0.3142,-9.026,189.0
"Beth Israel Lahey Health, Inc.",Health care,Drifted Democratic (5+ points),0.2366,-8.603,1331.0
Haleon Plc,Other,Drifted Democratic (5+ points),0.573,-28.3,826.0
CPS Energy,Other,Drifted Democratic (5+ points),0.5187,-7.14,938.0
Modesto City Schools,Other,Drifted Democratic (5+ points),0.5058,-16.93,503.0
"Endo Pharmaceuticals, Inc.",Other,Drifted Democratic (5+ points),0.5233,-8.677,469.0
"Athletes' Performance, Inc.",Other,Drifted Democratic (5+ points),0.403,-12.02,692.0
World Acceptance Corp.,Other,Drifted Democratic (5+ points),0.5667,-9.103,238.0
University of Illinois Hospital & Health Sciences System,Higher education,Drifted Democratic (5+ points),0.158,-7.433,902.0
Benefit Cosmetics LLC,Other,Drifted Democratic (5+ points),0.2177,-5.431,412.0
Cherry Bekaert LLP,Other,Drifted Democratic (5+ points),0.508,-8.965,1134.0
Washington County School District No. 1J (Oregon),State & local government,Drifted Democratic (5+ points),0.3156,-6.744,445.0
Ahold Delhaize NV,Other,Drifted Democratic (5+ points),0.4533,-11.62,432.0
"Kleinfelder, Inc.",Other,Drifted Democratic (5+ points),0.466,-8.679,838.0
"Ameristar Casinos, Inc.",Other,Drifted Democratic (5+ points),0.468,-6.354,228.0
Pluralsight LLC,Other,Drifted Democratic (5+ points),0.5537,-13.03,638.0
Val Verde Unified School District (California),State & local government,Drifted Democratic (5+ points),0.3935,-11.23,325.0
"Tilly's, Inc.",Other,Drifted Democratic (5+ points),0.3228,-8.418,728.0
City of Suffolk Public Schools (Virginia),State & local government,Drifted Democratic (5+ points),0.3924,-5.245,359.0
Missouri Baptist Medical Center,Health care,Drifted Democratic (5+ points),0.5853,-12.84,477.0
City of Boise (Idaho),State & local government,Drifted Democratic (5+ points),0.6432,-7.421,495.0
Bunzl Distribution USA LLC,Other,Drifted Democratic (5+ points),0.6024,-12.09,566.0
Younique LLC,Other,Drifted Democratic (5+ points),0.6273,-6.326,967.0
"Shiloh Industries, Inc.",Other,Drifted Democratic (5+ points),0.5777,-12.02,166.0
Tory Burch LLC,Other,Drifted Democratic (5+ points),0.2482,-5.132,855.0
"Monongalia Health System, Inc.",Health care,Drifted Democratic (5+ points),0.5373,-5.925,291.0
Federal Reserve Bank of Kansas City,Military & federal,Drifted Democratic (5+ points),0.5552,-11.58,978.0
Layton Construction Co. LLC,Other,Drifted Democratic (5+ points),0.7389,-13.24,491.0
"FARO Technologies, Inc.",Other,Drifted Democratic (5+ points),0.518,-13.13,233.0
"First Interstate Bank (Billings, Montana)",Finance & insurance,Drifted Democratic (5+ points),0.7221,-14.92,1071.0
"SalonCentric, Inc.",Other,Drifted Democratic (5+ points),0.4634,-11.05,755.0
Castro Valley Unified School District (California),State & local government,Drifted Democratic (5+ points),0.3142,-5.944,343.0
Goldfish Swim School Franchising LLC,Other,Drifted Democratic (5+ points),0.2903,-18.28,347.0
City & County of Broomfield (Colorado),State & local government,Drifted Democratic (5+ points),0.4323,-9.138,318.0
Department of Maryland State Police (United States),Military & federal,Drifted Democratic (5+ points),0.6212,-6.406,293.0
City Electric Supply Co.,Other,Drifted Democratic (5+ points),0.6646,-7.072,741.0
Universal McCann Worldwide LLC,Other,Drifted Democratic (5+ points),0.2499,-6.133,419.0
Hussmann Corp.,Other,Drifted Democratic (5+ points),0.6333,-8.533,608.0
Federal Reserve Bank of St. Louis,Military & federal,Drifted Democratic (5+ points),0.505,-7.495,785.0
"Oriental Trading Co., Inc.",Other,Drifted Democratic (5+ points),0.5203,-7.124,273.0
The Wine Group LLC,Other,Drifted Democratic (5+ points),0.4446,-6.902,272.0
Veolia North America LLC,Other,Drifted Democratic (5+ points),0.5438,-5.732,1332.0
City of Anaheim (California),State & local government,Drifted Democratic (5+ points),0.4852,-8.73,359.0
UPS Capital Corp.,Other,Drifted Democratic (5+ points),0.4152,-7.062,309.0
Springfield Clinic LLP,Health care,Drifted Democratic (5+ points),0.5842,-10.34,516.0
Osceola County School District (Florida),State & local government,Drifted Democratic (5+ points),0.3781,-5.024,696.0
Benchmark Physical Therapy Institute,Other,Drifted Democratic (5+ points),0.5503,-9.023,393.0
"Cheddar's Casual Cafe, Inc.",Other,Drifted Democratic (5+ points),0.4152,-7.578,755.0
Regional Transportation District (Colorado),Other,Drifted Democratic (5+ points),0.3723,-5.837,493.0
Primrose School Franchising Co. LLC,Other,Drifted Democratic (5+ points),0.386,-11.61,1382.0
Cook County School District No. 34 (Illinois),State & local government,Drifted Democratic (5+ points),0.1947,-5.035,238.0
"Stanley Consultants, Inc.",Other,Drifted Democratic (5+ points),0.5761,-11.74,326.0
"DLR Group, Inc.",Other,Drifted Democratic (5+ points),0.4038,-15.44,824.0
Windsor Fashions LLC,Other,Drifted Democratic (5+ points),0.2393,-6.05,486.0
Boyd Gaming Corp.,Other,Drifted Democratic (5+ points),0.4844,-6.413,844.0
Independent Bank (Texas),Finance & insurance,Drifted Democratic (5+ points),0.6141,-20.73,429.0
"Pilot Catastrophe Services, Inc.",Other,Drifted Democratic (5+ points),0.55,-15.6,763.0
"Patterson Dental Supply, Inc.",Other,Drifted Democratic (5+ points),0.646,-5.949,789.0
"CompHealth Associates, Inc.",Other,Drifted Democratic (5+ points),0.5222,-8.252,662.0
The Learning Experience Holding Corp.,Other,Drifted Democratic (5+ points),0.3053,-6.497,837.0
"Financial Education Services, Inc.",Finance & insurance,Drifted Democratic (5+ points),0.2116,-14.94,345.0
"FindLaw, Inc.",Other,Drifted Democratic (5+ points),0.5123,-11.52,178.0
"ConvergeOne, Inc.",Other,Drifted Democratic (5+ points),0.6196,-6.711,840.0
"M/I Homes, Inc.",Other,Drifted Democratic (5+ points),0.5851,-5.489,736.0
Lake County,Other,Drifted Democratic (5+ points),0.3626,-5.488,286.0
AMLI Residential Partners LLC,Other,Drifted Democratic (5+ points),0.3523,-17.17,237.0
"The Seminole Tribe of Florida, Inc.",Other,Drifted Democratic (5+ points),0.3585,-8.466,324.0
Spurs Sports & Entertainment,Other,Drifted Democratic (5+ points),0.409,-6.933,352.0
North American Science Associates LLC,Other,Drifted Democratic (5+ points),0.4598,-11.91,352.0
Alvin Independent School District (Texas),State & local government,Drifted Democratic (5+ points),0.5373,-14.4,449.0
Harry Norman Realtors,Other,Drifted Democratic (5+ points),0.5292,-9.306,211.0
Michigan House of Representatives (Michigan),Other,Drifted Democratic (5+ points),0.3427,-7.692,268.0
Tennessee Oncology PLLC,Other,Drifted Democratic (5+ points),0.6032,-10.13,327.0
Washington State Department of Health,Military & federal,Drifted Democratic (5+ points),0.2407,-9.511,891.0
Quality Bicycle Products GBC,Other,Drifted Democratic (5+ points),0.4512,-12.09,182.0
Louisiana Department of Health & Hospitals (Louisiana),Military & federal,Drifted Democratic (5+ points),0.3658,-15.72,578.0
Pape-Dawson Engineers LLC,Other,Drifted Democratic (5+ points),0.5376,-6.25,479.0
Kern County Superintendent of Schools,Other,Drifted Democratic (5+ points),0.4954,-6.078,386.0
"Securian Financial Group, Inc.",Finance & insurance,Drifted Democratic (5+ points),0.5456,-16.11,1355.0
"AAA Cooper Transportation, Inc.",Other,Drifted Democratic (5+ points),0.6676,-6.333,411.0
Currently Seeking New Opportunities,Other,Drifted Democratic (5+ points),0.5352,-10.36,775.0
Myers & Stauffer LC,Other,Drifted Democratic (5+ points),0.4858,-13.4,455.0
Missouri State Highway Patrol,Other,Drifted Democratic (5+ points),0.8166,-8.174,297.0
"Rush-Copley Medical Center, Inc.",Health care,Drifted Democratic (5+ points),0.3258,-5.123,414.0
Linebarger Goggan Blair & Sampson LLP,Other,Drifted Democratic (5+ points),0.3309,-6.82,290.0
Berkadia Proprietary Holding LLC,Other,Drifted Democratic (5+ points),0.5483,-12.1,860.0
"Spartanburg Regional Health Services District, Inc.",Health care,Drifted Democratic (5+ points),0.653,-9.973,1323.0
PT Solutions Physical Therapy,Other,Drifted Democratic (5+ points),0.527,-22.1,869.0
Veolia Environnement SA,Other,Drifted Democratic (5+ points),0.5203,-7.082,533.0
"K. Hovnanian Homes, Inc.",Other,Drifted Democratic (5+ points),0.5641,-7.603,689.0
"Select Health, Inc.",Health care,Drifted Democratic (5+ points),0.6947,-5.758,506.0
"American Tire Distributors, Inc.",Other,Drifted Democratic (5+ points),0.5487,-7.495,805.0
BrightView Landscapes LLC,Other,Drifted Democratic (5+ points),0.5413,-6.539,1294.0
Discovery Benefits LLC,Other,Drifted Democratic (5+ points),0.4674,-10.65,260.0
"Healthcare Services Group, Inc.",Health care,Drifted Democratic (5+ points),0.4487,-12.56,1094.0
FC Compassus LLC,Other,Drifted Democratic (5+ points),0.5844,-9.387,762.0
"bebe stores, inc.",Retail & hospitality,Drifted Democratic (5+ points),0.2166,-9.811,100.0
Data Recognition Corp.,Other,Drifted Democratic (5+ points),0.5003,-12.98,625.0
"Huskies Parent, Inc.",Other,Drifted Democratic (5+ points),0.532,-5.913,269.0
Benchmark Realty LLC,Other,Drifted Democratic (5+ points),0.7467,-7.241,527.0
Mary Free Bed Rehabilitation Hospital,Health care,Drifted Democratic (5+ points),0.4091,-19.06,507.0
"First Watch Restaurants, Inc.",Other,Drifted Democratic (5+ points),0.4452,-15.9,1085.0
"Mobile Telecommunications Ltd., Inc.",Other,Drifted Democratic (5+ points),0.3931,-6.34,316.0
Wipfli LLP,Other,Drifted Democratic (5+ points),0.6085,-17.21,1233.0
Middlesex County College (New Jersey),Higher education,Drifted Democratic (5+ points),0.2636,-7.313,287.0
OnPoint Community Credit Union,Other,Drifted Democratic (5+ points),0.2899,-8.974,356.0
"Universal Logistics Holdings, Inc.",Other,Drifted Democratic (5+ points),0.4214,-13.9,586.0
Blue Diamond Growers,Other,Drifted Democratic (5+ points),0.4562,-6.322,310.0
GSW Worldwide,Other,Drifted Democratic (5+ points),0.3421,-8.467,142.0
QuidelOrtho Corp.,Other,Drifted Democratic (5+ points),0.4655,-5.489,1014.0
"Martin Marietta Materials, Inc.",Other,Drifted Democratic (5+ points),0.6441,-6.277,1130.0
UCare Minnesota,Other,Drifted Democratic (5+ points),0.465,-6.17,586.0
"The RMR Group, Inc.",Other,Drifted Democratic (5+ points),0.4163,-10.25,320.0
"Rodan and Fields, Personal Skin care Consultant",Other,Drifted Democratic (5+ points),0.6372,-25.53,425.0
Naval Criminal Investigative Service,Other,Drifted Democratic (5+ points),0.5229,-10.06,315.0
Prog Leasing LLC,Other,Drifted Democratic (5+ points),0.6176,-16.84,400.0
Barr Engineering Co.,Other,Drifted Democratic (5+ points),0.5375,-14.14,547.0
Kiddie Academy,Other,Drifted Democratic (5+ points),0.3187,-6.477,608.0
Perrigo Co. Plc,Other,Drifted Democratic (5+ points),0.4896,-8.738,1006.0
Sparrow Health System,Health care,Drifted Democratic (5+ points),0.3591,-7.266,1055.0
Us Army Reserves,Military & federal,Drifted Democratic (5+ points),0.4463,-6.232,585.0
USC Upstate Foundation,Other,Drifted Democratic (5+ points),0.5664,-7.379,378.0
Kimberly-Clark Professional,Other,Drifted Democratic (5+ points),0.577,-9.792,314.0
New Jersey Manufacturers Insurance Co.,Finance & insurance,Drifted Democratic (5+ points),0.3791,-5.162,612.0
Independent City of Charlottesville (Virginia),State & local government,Drifted Democratic (5+ points),0.3492,-7.763,267.0
HealthTrust Purchasing Group LP,Other,Drifted Democratic (5+ points),0.5547,-12.41,880.0
California Highway Patrol,Other,Drifted Democratic (5+ points),0.6064,-9.388,503.0
"SRC, Inc.",Other,Drifted Democratic (5+ points),0.4839,-7.685,644.0
The City of Plano (Texas),State & local government,Drifted Democratic (5+ points),0.5342,-9.652,420.0
"Horizon Bank (Michigan City, Indiana)",Finance & insurance,Drifted Democratic (5+ points),0.5796,-7.982,278.0
"Hill's Pet Nutrition, Inc.",Other,Drifted Democratic (5+ points),0.5695,-7.829,660.0
"FanDuel, Inc.",Other,Drifted Democratic (5+ points),0.3329,-22.15,1262.0
"National Basketball Association, Inc.",Other,Drifted Democratic (5+ points),0.2611,-8.496,1283.0
"UserTesting, Inc.",Other,Drifted Democratic (5+ points),0.3051,-6.935,287.0
Los Robles Hospital & Medical Center,Health care,Drifted Democratic (5+ points),0.4106,-7.467,259.0
ViiV Healthcare Ltd.,Health care,Drifted Democratic (5+ points),0.4214,-17.51,402.0
Sugartown Worldwide LLC,Other,Drifted Democratic (5+ points),0.4158,-5.669,265.0
Good Samaritan Hospital,Health care,Drifted Democratic (5+ points),0.3953,-7.039,768.0
Maricopa County Sheriff's Office,State & local government,Drifted Democratic (5+ points),0.6588,-11.18,241.0
"Sun Communities, Inc.",Other,Drifted Democratic (5+ points),0.4742,-9.335,419.0
Duncanville Independent School District (Texas),State & local government,Drifted Democratic (5+ points),0.3387,-21.76,236.0
Mill Creek Residential Trust LLC,Other,Drifted Democratic (5+ points),0.4222,-10.27,434.0
Kansas Department of Health & Environment,Military & federal,Drifted Democratic (5+ points),0.4958,-12.85,370.0
Central DuPage Hospital Association,Health care,Drifted Democratic (5+ points),0.3368,-8.741,489.0
NWN Corp.,Other,Drifted Democratic (5+ points),0.5384,-7.309,344.0
"Englewood Hospital & Medical Center Foundation, Inc.",Health care,Drifted Democratic (5+ points),0.3037,-6.25,578.0
"Movado Group, Inc.",Other,Drifted Democratic (5+ points),0.3611,-8.365,236.0
"Sage Dining Services, Inc.",Other,Drifted Democratic (5+ points),0.4364,-6.395,277.0
"New NGC, Inc.",Other,Drifted Democratic (5+ points),0.5872,-10.59,321.0
Monroe College Ltd.,Higher education,Drifted Democratic (5+ points),0.1679,-7.005,253.0
FANUC America Corp.,Other,Drifted Democratic (5+ points),0.5303,-6.917,603.0
ECPI University,Higher education,Drifted Democratic (5+ points),0.4307,-5.221,956.0
Dealer Tire LLC,Other,Drifted Democratic (5+ points),0.543,-6.432,565.0
The Aultman Health Foundation,Health care,Drifted Democratic (5+ points),0.6174,-6.411,819.0
Atlantic Union Bank,Finance & insurance,Drifted Democratic (5+ points),0.5337,-13.57,714.0
"Worthington Enterprises, Inc.",Other,Drifted Democratic (5+ points),0.6184,-7.24,897.0
Gateway First Bank,Finance & insurance,Drifted Democratic (5+ points),0.6632,-7.861,406.0
"Vertafore, Inc.",Other,Drifted Democratic (5+ points),0.3337,-6.796,818.0
Veritas Technologies LLC (California),Other,Drifted Democratic (5+ points),0.4623,-11.4,451.0
"Walt Disney Parks & Resorts, Inc.",Other,Drifted Democratic (5+ points),0.3658,-11.49,268.0
"California Psychcare, Inc.",Other,Drifted Democratic (5+ points),0.2354,-5.338,303.0
Southwest Business Corp.,Other,Drifted Democratic (5+ points),0.4651,-5.312,538.0
"Beacon Health System, Inc.",Health care,Drifted Democratic (5+ points),0.5012,-6.475,693.0
"BCBSM, Inc.",Other,Drifted Democratic (5+ points),0.5559,-5.859,1154.0
Milwaukee School of Engineering,Other,Drifted Democratic (5+ points),0.5481,-8.039,495.0
City of San José (California),State & local government,Drifted Democratic (5+ points),0.2162,-6.644,1209.0
Randolph-Brooks Federal Credit Union,Military & federal,Drifted Democratic (5+ points),0.4561,-8.023,532.0
Forward Air Corp.,Other,Drifted Democratic (5+ points),0.4846,-7.488,572.0
NASA Glenn Research Center,Other,Drifted Democratic (5+ points),0.4514,-5.371,738.0
"Fox Entertainment Group, Inc.",Other,Drifted Democratic (5+ points),0.2402,-8.611,406.0
Air Force Office of Special Investigations,Military & federal,Drifted Democratic (5+ points),0.5657,-6.708,234.0
"Triple Canopy, Inc.",Other,Drifted Democratic (5+ points),0.5987,-6.577,592.0
NBC News,Other,Drifted Democratic (5+ points),0.237,-5.067,1084.0
"JELD-WEN Holding, Inc.",Other,Drifted Democratic (5+ points),0.5955,-9.63,595.0
Island Hospitality Management LLC,Other,Drifted Democratic (5+ points),0.3823,-9.58,187.0
"MARS Advertising, Inc.",Other,Drifted Democratic (5+ points),0.3596,-7.566,461.0
Desert Community College District (California),Higher education,Drifted Democratic (5+ points),0.3658,-5.495,305.0
GovernmentCIO LLC,Other,Drifted Democratic (5+ points),0.449,-15.21,724.0
American River College,Higher education,Drifted Democratic (5+ points),0.3387,-9.228,415.0
"Vivial, Inc.",Other,Drifted Democratic (5+ points),0.511,-10.55,121.0
"Wells Enterprises, Inc. (Iowa)",Other,Drifted Democratic (5+ points),0.674,-16.97,344.0
Advocate Christ Medical Center,Health care,Drifted Democratic (5+ points),0.2746,-8.707,677.0
EN Engineering LLC,Other,Drifted Democratic (5+ points),0.4586,-15.16,948.0
Lendlease Group,Other,Drifted Democratic (5+ points),0.4405,-12.3,356.0
Broadview Federal Credit Union,Military & federal,Drifted Democratic (5+ points),0.4282,-8.284,429.0
United Launch Alliance LLC,Other,Drifted Democratic (5+ points),0.5534,-10.02,1211.0
Corporation Service Co.,Other,Drifted Democratic (5+ points),0.397,-6.721,1077.0
"Clark Associates, Inc. (Pennsylvania)",Other,Drifted Democratic (5+ points),0.6005,-14.81,510.0
Ferguson Florissant School District,State & local government,Drifted Democratic (5+ points),0.4115,-12.39,272.0
"Key Energy Services, Inc.",Other,Drifted Democratic (5+ points),0.6489,-7.387,188.0
National Academy of Sports Medicine,Other,Drifted Democratic (5+ points),0.4993,-7.777,576.0
"Capital Fitness, Inc. (Illinois)",Other,Drifted Democratic (5+ points),0.2507,-9.781,229.0
"Nextiva, Inc.",Other,Drifted Democratic (5+ points),0.5301,-12.28,415.0
"Haverty Furniture Cos., Inc.",Other,Drifted Democratic (5+ points),0.5128,-7.226,476.0
"Walters & Mason Retail, Inc.",Retail & hospitality,Drifted Democratic (5+ points),0.4546,-14.47,641.0
Ceva Santé Animale SA,Other,Drifted Democratic (5+ points),0.5315,-12.29,302.0
Carpenter Co.,Other,Drifted Democratic (5+ points),0.5943,-5.44,354.0
"St. Francis Hospital, Inc.",Health care,Drifted Democratic (5+ points),0.4347,-7.219,259.0
NCH Corp.,Other,Drifted Democratic (5+ points),0.5007,-12.41,203.0
Bowlero Corp. (New York),Other,Drifted Democratic (5+ points),0.3714,-5.408,645.0
Children's Hospital of the King's Daughters,Health care,Drifted Democratic (5+ points),0.4174,-9.609,855.0
"Edmentum, Inc.",Other,Drifted Democratic (5+ points),0.4305,-16.35,458.0
Allegion Plc,Other,Drifted Democratic (5+ points),0.5784,-13.07,883.0
"Banc of California, Inc.",Other,Drifted Democratic (5+ points),0.4693,-10.59,570.0
"Gildan Activewear, Inc.",Other,Drifted Democratic (5+ points),0.5453,-6.956,200.0
California Energy Commission,Other,Drifted Democratic (5+ points),0.2476,-9.303,406.0
University of Arizona College of Medicine,Higher education,Drifted Democratic (5+ points),0.3429,-5.713,332.0
IMI Precision Engineering GmbH,Other,Drifted Democratic (5+ points),0.5022,-8.586,150.0
"FUJIFILM SonoSite, Inc.",Other,Drifted Democratic (5+ points),0.4165,-6.628,252.0
"Olsson, Inc.",Other,Drifted Democratic (5+ points),0.621,-12.66,1059.0
US LBM Holdings LLC,Other,Drifted Democratic (5+ points),0.6646,-7.065,1255.0
The Options Clearing Corp.,Other,Drifted Democratic (5+ points),0.3819,-12.12,474.0
Riverside Community College,Higher education,Drifted Democratic (5+ points),0.3569,-7.934,476.0
Pennsylvania Department of Corrections,Military & federal,Drifted Democratic (5+ points),0.5977,-6.068,337.0
Vestas Wind Systems A/S,Other,Drifted Democratic (5+ points),0.493,-12.29,931.0
Novolex Holdings LLC,Other,Drifted Democratic (5+ points),0.5784,-10.49,516.0
New York City Department of Environmental Protection,Military & federal,Drifted Democratic (5+ points),0.2914,-6.626,624.0
Viterbo University,Higher education,Drifted Democratic (5+ points),0.4915,-6.988,258.0
Merrimack College,Higher education,Drifted Democratic (5+ points),0.2582,-6.475,615.0
Duly Health & Care,Health care,Drifted Democratic (5+ points),0.3352,-16.8,609.0
TriMedx LLC,Other,Drifted Democratic (5+ points),0.5274,-7.824,958.0
Marvel Studios LLC,Other,Drifted Democratic (5+ points),0.2401,-10.44,336.0
"Post Consumer Brands, LLC",Other,Drifted Democratic (5+ points),0.623,-11.02,732.0
Medxcel,Other,Drifted Democratic (5+ points),0.6309,-6.807,360.0
"Fiverr, Inc.",Other,Drifted Democratic (5+ points),0.3191,-11.85,949.0
Crum & Forster Holdings Corp.,Other,Drifted Democratic (5+ points),0.4687,-5.53,729.0
"AtriCure, Inc.",Other,Drifted Democratic (5+ points),0.6627,-8.35,606.0
"Parametrix, Inc.",Other,Drifted Democratic (5+ points),0.3181,-6.953,403.0
New York Post Corp.,Other,Drifted Democratic (5+ points),0.2487,-8.423,260.0
Atlanta Communities Real Estate Brokerage LLC,Other,Drifted Democratic (5+ points),0.614,-5.792,436.0
Live Oak Banking Co. (North Carolina),Other,Drifted Democratic (5+ points),0.5703,-15.62,556.0
"Axcess Financial Services, Inc.",Finance & insurance,Drifted Democratic (5+ points),0.4728,-9.3,107.0
Washington College,Higher education,Drifted Democratic (5+ points),0.2747,-5.672,143.0
"Interior Logic Group, Inc.",Other,Drifted Democratic (5+ points),0.5344,-15.62,635.0
"Room & Board, Inc.",Other,Drifted Democratic (5+ points),0.36,-8.96,329.0
Sorenson Communications LLC,Other,Drifted Democratic (5+ points),0.4748,-7.541,874.0
Masco Corp.,Other,Drifted Democratic (5+ points),0.5301,-7.07,208.0
University of California Irvine School of Medicine,Higher education,Drifted Democratic (5+ points),0.2453,-6.971,303.0
"Teladoc Health, Inc.",Health care,Drifted Democratic (5+ points),0.3728,-5.892,1282.0
Kelly Outsourcing & Consulting Group,Other,Drifted Democratic (5+ points),0.4584,-11.25,307.0
Venable LLP,Other,Drifted Democratic (5+ points),0.2659,-5.979,804.0
Kern Medical Center,Health care,Drifted Democratic (5+ points),0.4712,-7.436,344.0
iSolved HCM LLC,Other,Drifted Democratic (5+ points),0.4944,-5.744,707.0
Fortra LLC,Other,Drifted Democratic (5+ points),0.5135,-12.64,543.0
State Farm,Finance & insurance,Drifted Democratic (5+ points),0.474,-5.492,265.0
MA Department of Children and Families,Military & federal,Drifted Democratic (5+ points),0.1539,-5.38,333.0
"Porsche Cars North America, Inc.",Other,Drifted Democratic (5+ points),0.5068,-7.365,408.0
"TForce Logistics, Inc.",Other,Drifted Democratic (5+ points),0.4066,-7.134,228.0
"Tri-State Generation & Transmission Association, Inc.",Other,Drifted Democratic (5+ points),0.5471,-7.454,278.0
Port Authority of Allegheny County (Pennsylvania),Other,Drifted Democratic (5+ points),0.4358,-7.64,284.0
Texas Commission on Environmental Quality,Other,Drifted Democratic (5+ points),0.3875,-5.901,1122.0
"Sterling Infosystems, Inc.",Other,Drifted Democratic (5+ points),0.4019,-5.09,222.0
"Southeastern Freight Lines, Inc.",Other,Drifted Democratic (5+ points),0.6057,-6.533,610.0
"AtlantiCare Home Care Agency, Inc.",Other,Drifted Democratic (5+ points),0.4409,-5.512,1055.0
Quadient SA,Other,Drifted Democratic (5+ points),0.5211,-7.816,556.0
University of South Alabama Health System,Higher education,Drifted Democratic (5+ points),0.5978,-12.98,422.0
Parfums Christian Dior SA,Other,Drifted Democratic (5+ points),0.3413,-8.702,290.0
Blue-Grace Logistics LLC,Other,Drifted Democratic (5+ points),0.5642,-8.695,327.0
"Glassdoor, Inc.",Other,Drifted Democratic (5+ points),0.2323,-10.16,337.0
"Activision, Inc.",Other,Drifted Democratic (5+ points),0.2574,-7.743,544.0
"Cardiovascular Systems, Inc.",Other,Drifted Democratic (5+ points),0.647,-9.158,92.0
Academy Mortgage Corp.,Other,Drifted Democratic (5+ points),0.6399,-5.065,460.0
"UDR, Inc.",Other,Drifted Democratic (5+ points),0.3946,-8.64,433.0
"Crothall Healthcare, Inc.",Health care,Drifted Democratic (5+ points),0.4183,-5.52,1222.0
Waterway Gas & Wash Co.,Other,Drifted Democratic (5+ points),0.4231,-9.415,174.0
Tennessee Department of Health,Military & federal,Drifted Democratic (5+ points),0.4733,-8.262,447.0
St John's Hospital of The Hospital Sisters of The Third Order,Health care,Drifted Democratic (5+ points),0.5653,-5.701,371.0
YETI Coolers LLC,Other,Drifted Democratic (5+ points),0.403,-11.13,534.0
"Globus Medical, Inc.",Health care,Drifted Democratic (5+ points),0.581,-14.94,1122.0
Wireless Vision LLC,Other,Drifted Democratic (5+ points),0.3461,-12.9,316.0
"CCC Information Services Group, Inc.",Other,Drifted Democratic (5+ points),0.391,-6.097,669.0
Production Resource Group LLC,Other,Drifted Democratic (5+ points),0.3991,-9.51,428.0
Michigan Army National Guard,Military & federal,Drifted Democratic (5+ points),0.4724,-12.95,324.0
"ChemTreat, Inc.",Other,Drifted Democratic (5+ points),0.6622,-9.674,390.0
Susan G. Komen for the Cure,Other,Drifted Democratic (5+ points),0.392,-8.131,261.0
Envoy & Partners Ltd.,Other,Drifted Republican (5+ points),0.4825,5.626,7111.0
Brigham Young University,Higher education,Drifted Republican (5+ points),0.775,6.247,5717.0
Blue Origin Washington LLC,Other,Drifted Republican (5+ points),0.3357,11.28,5701.0
Broadcom Inc.,AI & big tech,Drifted Republican (5+ points),0.3883,7.002,5070.0
"Lyft, Inc.",Other,Drifted Republican (5+ points),0.2802,6.973,4685.0
"Maplebear, Inc.",Other,Drifted Republican (5+ points),0.2494,11.1,3870.0
Infosys Ltd.,Other,Drifted Republican (5+ points),0.3329,5.449,3727.0
Education Solutions Services LLC,Other,Drifted Republican (5+ points),0.3498,6.435,2713.0
Douglas Elliman LLC,Other,Drifted Republican (5+ points),0.3896,5.678,2650.0
"Sunrun, Inc.",Other,Drifted Republican (5+ points),0.3775,15.87,2597.0
"CrowdStrike Holdings, Inc.",Other,Drifted Republican (5+ points),0.3243,12.5,2425.0
Splunk LLC,Other,Drifted Republican (5+ points),0.3225,5.06,2324.0
"Toast, Inc.",Other,Drifted Republican (5+ points),0.2322,10.1,2307.0
"Moderna, Inc.",Other,Drifted Republican (5+ points),0.1844,8.651,2231.0
Fisher Asset Management LLC,Other,Drifted Republican (5+ points),0.3926,11.77,2212.0
"Snowflake, Inc.",AI & big tech,Drifted Republican (5+ points),0.2712,11.85,2177.0
Redfin Corp.,Other,Drifted Republican (5+ points),0.3163,7.711,2138.0
"R1 RCM, Inc.",Other,Drifted Republican (5+ points),0.4171,7.902,2092.0
Carvana Co.,Other,Drifted Republican (5+ points),0.3779,5.333,2045.0
"Datadog, Inc.",Other,Drifted Republican (5+ points),0.2456,7.847,1969.0
"LifeStance Health, Inc.",Health care,Drifted Republican (5+ points),0.2398,7.687,1878.0
"Amazon Logistics, Inc.",Other,Drifted Republican (5+ points),0.3155,9.45,1876.0
Chengdu Yudi Technology Co. Ltd.,Other,Drifted Republican (5+ points),0.4144,23.69,1845.0
"Zoom Communications, Inc.",Other,Drifted Republican (5+ points),0.3117,18.27,1791.0
"Procore Technologies, Inc.",Other,Drifted Republican (5+ points),0.2497,17.66,1791.0
"Okta, Inc.",Other,Drifted Republican (5+ points),0.2948,5.335,1778.0
"Shipt, Inc.",Other,Drifted Republican (5+ points),0.3363,23.86,1739.0
"Grubhub, Inc.",Other,Drifted Republican (5+ points),0.2474,6.449,1715.0
At World Properties LLC,Other,Drifted Republican (5+ points),0.2782,5.638,1693.0
"Pinterest, Inc.",Other,Drifted Republican (5+ points),0.175,9.222,1672.0
"DraftKings, Inc.",Other,Drifted Republican (5+ points),0.2195,10.08,1623.0
"Natera, Inc.",Other,Drifted Republican (5+ points),0.3174,7.905,1619.0
Peace Corps (District of Columbia),Other,Drifted Republican (5+ points),0.1827,5.455,1612.0
"Pure Storage, Inc.",Other,Drifted Republican (5+ points),0.3899,6.233,1607.0
"Atieva, Inc.",Other,Drifted Republican (5+ points),0.2529,20.08,1597.0
Amcor Plc,Other,Drifted Republican (5+ points),0.5807,5.815,1541.0
Scouting America,Other,Drifted Republican (5+ points),0.5333,5.373,1537.0
Club Pilates LLC,Other,Drifted Republican (5+ points),0.3448,15.85,1484.0
Crunch LLC,Other,Drifted Republican (5+ points),0.3518,5.743,1473.0
Erickson Senior Living,Other,Drifted Republican (5+ points),0.3477,5.683,1465.0
The Ohio University,Higher education,Drifted Republican (5+ points),0.3523,6.993,1459.0
"Stitch Fix, Inc.",Other,Drifted Republican (5+ points),0.3071,12.16,1410.0
"Global Payments, Inc.",Other,Drifted Republican (5+ points),0.4322,6.009,1386.0
"Springleaf Finance, Inc.",Other,Drifted Republican (5+ points),0.5779,6.241,248.0
Arris Group /Transmission Optical & Outside Plant Business/,Other,Drifted Republican (5+ points),0.4701,8.3,246.0
Mission BBQ Glen Burnie LLC,Other,Drifted Republican (5+ points),0.4231,19.94,409.0
Paradigm Management Services LLC,Other,Drifted Republican (5+ points),0.4543,19.37,424.0
Humboldt State University,Higher education,Drifted Republican (5+ points),0.1948,9.494,208.0
"RealtyUSA.com, Inc.",Other,Drifted Republican (5+ points),0.5624,5.461,234.0
"Fareway Stores, Inc.",Retail & hospitality,Drifted Republican (5+ points),0.4821,12.51,326.0
Misericordia University,Higher education,Drifted Republican (5+ points),0.4654,8.939,194.0
"The MGH Institute of Health Professions, Inc.",Health care,Drifted Republican (5+ points),0.1051,5.169,292.0
MaritzCX Research LLC,Other,Drifted Republican (5+ points),0.5792,8.101,71.0
"Nutanix, Inc.",Other,Drifted Republican (5+ points),0.3375,14.39,1338.0
Promontory Financial Group LLC,Finance & insurance,Drifted Republican (5+ points),0.3397,6.704,120.0
"Dynegy, Inc.",Other,Drifted Republican (5+ points),0.5956,7.546,112.0
Scott & White Healthcare,Health care,Drifted Republican (5+ points),0.671,6.333,463.0
"Taiwan Semiconductor Manufacturing Co., Ltd.",Other,Drifted Republican (5+ points),0.3022,9.306,772.0
Wartburg College,Higher education,Drifted Republican (5+ points),0.3241,6.138,202.0
Immaculata University,Higher education,Drifted Republican (5+ points),0.3814,5.427,228.0
"Entercom, Inc.",Other,Drifted Republican (5+ points),0.3957,8.25,416.0
Yavapai Community Hospital Association,Health care,Drifted Republican (5+ points),0.6921,9.499,232.0
Sevita,Other,Drifted Republican (5+ points),0.3227,5.654,982.0
"LogMeIn USA, Inc.",Other,Drifted Republican (5+ points),0.422,11.05,122.0
Bridgepoint Education Holiday Bowl,Other,Drifted Republican (5+ points),0.4143,17.84,69.0
St. Cloud State University,Higher education,Drifted Republican (5+ points),0.529,10.4,580.0
Encompass Insurance Co.,Finance & insurance,Drifted Republican (5+ points),0.5247,9.346,135.0
Walsh University,Higher education,Drifted Republican (5+ points),0.4903,7.086,243.0
"Continental Resources, Inc.",Other,Drifted Republican (5+ points),0.779,8.554,544.0
Johnston County Public Schools,State & local government,Drifted Republican (5+ points),0.5087,9.187,350.0
Evoke Health LLC,Health care,Drifted Republican (5+ points),0.209,6.678,403.0
Bay Equity LLC,Other,Drifted Republican (5+ points),0.5435,6.533,277.0
Varex Imaging Corp.,Other,Drifted Republican (5+ points),0.5987,13.6,286.0
"BlackLine, Inc.",Other,Drifted Republican (5+ points),0.3628,5.86,490.0
Lou Malnati's Pizzeria,Other,Drifted Republican (5+ points),0.2131,5.991,222.0
Samford University,Higher education,Drifted Republican (5+ points),0.6187,12.03,297.0
ArcBest Corp.,Other,Drifted Republican (5+ points),0.7055,5.88,953.0
"AGC Biologics, Inc.",Other,Drifted Republican (5+ points),0.2676,8.285,471.0
University of Idaho,Higher education,Drifted Republican (5+ points),0.4413,6.602,521.0
"J. Hilburn, Inc.",Other,Drifted Republican (5+ points),0.546,6.112,422.0
"Jazzercise, Inc.",Other,Drifted Republican (5+ points),0.5085,5.214,330.0
Alter Domus Luxembourg SARL,Other,Drifted Republican (5+ points),0.4021,13.74,777.0
"DTZ, Inc.",Other,Drifted Republican (5+ points),0.5814,10.73,194.0
The University of Arizona Global Campus,Higher education,Drifted Republican (5+ points),0.3403,8.923,466.0
Gordon College,Higher education,Drifted Republican (5+ points),0.3463,12.43,276.0
Dräger OOO,Other,Drifted Republican (5+ points),0.5096,5.082,376.0
"Mechanics Bank (Walnut Creek, California)",Finance & insurance,Drifted Republican (5+ points),0.3617,7.661,467.0
"Aritzia, Inc.",Other,Drifted Republican (5+ points),0.1658,5.684,808.0
MDLV LLC,Other,Drifted Republican (5+ points),0.5179,5.961,577.0
Geneva College,Higher education,Drifted Republican (5+ points),0.6474,5.134,209.0
Florida Office of the Attorney General,Other,Drifted Republican (5+ points),0.4425,5.652,299.0
"Douyin Co., Ltd.",Other,Drifted Republican (5+ points),0.2193,11.11,817.0
Granicus LLC,Other,Drifted Republican (5+ points),0.3302,5.286,394.0
"Inovalon Holdings, Inc.",Other,Drifted Republican (5+ points),0.4084,6.367,904.0
Saint John's University,Higher education,Drifted Republican (5+ points),0.4918,21.87,362.0
"Glazer's Distributors of Texas, Inc.",Other,Drifted Republican (5+ points),0.6378,7.446,259.0
Ursinus College,Higher education,Drifted Republican (5+ points),0.2769,5.59,288.0
"GE Capital Equity, Inc.",Other,Drifted Republican (5+ points),0.4938,7.306,613.0
Fish Info & Services Co Ltd.,Other,Drifted Republican (5+ points),0.522,8.136,178.0
"SoFi Technologies, Inc.",Other,Drifted Republican (5+ points),0.3287,12.47,1307.0
Life Technologies Corp.,Other,Drifted Republican (5+ points),0.3866,5.906,282.0
"Novavax, Inc.",Other,Drifted Republican (5+ points),0.2247,13.28,402.0
"Nordic Consulting Partners, Inc.",Other,Drifted Republican (5+ points),0.4229,9.491,950.0
"Atos Syntel, Inc.",Other,Drifted Republican (5+ points),0.3384,8.855,120.0
South Dakota State University,Higher education,Drifted Republican (5+ points),0.541,7.209,305.0
Workbridge Associates,Other,Drifted Republican (5+ points),0.3054,7.722,329.0
"The Corcoran Group, Inc.",Other,Drifted Republican (5+ points),0.2635,5.149,1151.0
"Guidehouse, Inc. (Virginia)",Other,Drifted Republican (5+ points),0.3378,7.652,135.0
"Mesirow Financial Holdings, Inc.",Finance & insurance,Drifted Republican (5+ points),0.3988,6.51,263.0
Louisiana Tech University,Higher education,Drifted Republican (5+ points),0.5369,5.366,242.0
Blaze Pizza LLC,Other,Drifted Republican (5+ points),0.2937,5.736,325.0
University of South Dakota,Higher education,Drifted Republican (5+ points),0.4973,8.96,336.0
Everon LLC (United States),Other,Drifted Republican (5+ points),0.5304,5.949,303.0
McNeese State University,Higher education,Drifted Republican (5+ points),0.6116,7.015,298.0
"Hubbell Lighting, Inc.",Other,Drifted Republican (5+ points),0.6928,6.98,87.0
"The Segal Group, Inc.",Other,Drifted Republican (5+ points),0.298,5.695,397.0
"Pine Cove, Inc.",Other,Drifted Republican (5+ points),0.7138,6.681,187.0
Archdiocese of New York,Other,Drifted Republican (5+ points),0.4286,6.117,225.0
"Hal Smith Restaurant Group, Inc.",Retail & hospitality,Drifted Republican (5+ points),0.4868,6.811,191.0
Eliassen Group LLC,Other,Drifted Republican (5+ points),0.4023,5.33,458.0
Georgia Southern University,Higher education,Drifted Republican (5+ points),0.3822,7.333,365.0
"Ironwood Pharmaceuticals, Inc.",Other,Drifted Republican (5+ points),0.4324,11.39,150.0
"A Place for Mom, Inc.",Other,Drifted Republican (5+ points),0.4856,5.313,457.0
"Udemy, Inc.",Other,Drifted Republican (5+ points),0.2457,10.78,545.0
"Sterling National Bank (New York, New York)",Finance & insurance,Drifted Republican (5+ points),0.4604,9.828,170.0
Aryzta LLC,Other,Drifted Republican (5+ points),0.4158,7.921,113.0
"A-dec, Inc.",Other,Drifted Republican (5+ points),0.5404,5.445,352.0
"Peoples Health, Inc.",Health care,Drifted Republican (5+ points),0.5271,10.6,152.0
University of Evansville,Higher education,Drifted Republican (5+ points),0.457,8.877,340.0
"Gigamon, Inc.",Other,Drifted Republican (5+ points),0.3556,5.558,265.0
"Evolve Vacation Rental Network, Inc.",Other,Drifted Republican (5+ points),0.2324,7.719,411.0
Genesis Rehabilitation Services,Other,Drifted Republican (5+ points),0.463,5.912,515.0
LendingClub Corp.,Other,Drifted Republican (5+ points),0.2831,23.46,381.0
Sunoco LP,Other,Drifted Republican (5+ points),0.5079,5.538,665.0
News America Marketing /Sampling Division/,Other,Drifted Republican (5+ points),0.463,9.536,138.0
RE/MAX Real Estate (Mountain View) Ltd.,Other,Drifted Republican (5+ points),0.6159,7.383,201.0
Luther College,Higher education,Drifted Republican (5+ points),0.2367,10.6,109.0
Salix Pharmaceuticals Ltd.,Other,Drifted Republican (5+ points),0.6066,14.53,349.0
Geometry Global LLC,Other,Drifted Republican (5+ points),0.3275,11.22,41.0
"Penn State Erie, The Behrend College",Higher education,Drifted Republican (5+ points),0.3794,6.515,254.0
State University of New York College at Oneonta,Higher education,Drifted Republican (5+ points),0.2974,11.28,182.0
Newport Healthcare Advisors LLC,Health care,Drifted Republican (5+ points),0.27,6.969,605.0
"ACI Worldwide, Inc.",Other,Drifted Republican (5+ points),0.5105,5.072,578.0
Cheyenne Regional Medical Center,Health care,Drifted Republican (5+ points),0.7324,10.05,318.0
"Ministry Health Care, Inc.",Health care,Drifted Republican (5+ points),0.7433,5.002,154.0
"Leviton Manufacturing Co., Inc.",Other,Drifted Republican (5+ points),0.4802,9.795,465.0
"Autobell Car Wash, Inc.",Other,Drifted Republican (5+ points),0.5614,5.97,231.0
SunPower Corp.,Other,Drifted Republican (5+ points),0.3121,5.462,385.0
Quinn Emanuel Urquhart & Sullivan LLP,Other,Drifted Republican (5+ points),0.216,5.85,684.0
"The RealReal, Inc.",Other,Drifted Republican (5+ points),0.1906,6.744,986.0
Southern Nazarene University,Higher education,Drifted Republican (5+ points),0.7329,5.85,213.0
Samaritan's Purse,Other,Drifted Republican (5+ points),0.6812,6.344,473.0
N A (99962343),Other,Drifted Republican (5+ points),0.3589,5.241,417.0
"Kraft Foods Group, Inc.",Other,Drifted Republican (5+ points),0.5835,16.99,228.0
Boone County Schools,Other,Drifted Republican (5+ points),0.5619,6.965,330.0
Aker Solutions ASA,Other,Drifted Republican (5+ points),0.6403,5.29,120.0
All Saints' Episcopal Church/AL/,Other,Drifted Republican (5+ points),0.5024,5.254,464.0
"SunEdison, Inc.",Other,Drifted Republican (5+ points),0.4777,10.56,38.0
Actively Seeking New Opportunities,Other,Drifted Republican (5+ points),0.4813,10.12,329.0
DuPont Pioneer,Other,Drifted Republican (5+ points),0.6014,10.17,454.0
"Welch Allyn, Inc.",Other,Drifted Republican (5+ points),0.5864,8.874,121.0
Drinker Biddle & Reath LLP,Other,Drifted Republican (5+ points),0.3014,8.696,115.0
"University of Tennessee, Knoxville",Higher education,Drifted Republican (5+ points),0.4077,9.251,1062.0
Alstom Power AG,Other,Drifted Republican (5+ points),0.6121,8.012,109.0
Nevro Corp.,Other,Drifted Republican (5+ points),0.4626,14.37,416.0
John Brown University,Higher education,Drifted Republican (5+ points),0.7127,10.33,238.0
"Fabletics, Inc.",Other,Drifted Republican (5+ points),0.3182,6.025,221.0
"Community Care, Inc. (Wisconsin)",Other,Drifted Republican (5+ points),0.4906,5.365,260.0
"Arista Networks, Inc.",Other,Drifted Republican (5+ points),0.2997,7.959,867.0
Kings Island Co.,Other,Drifted Republican (5+ points),0.4805,7.591,263.0
AQR Capital Management LLC,Other,Drifted Republican (5+ points),0.3313,5.399,200.0
"Super Micro Computer, Inc.",Other,Drifted Republican (5+ points),0.2627,6.464,635.0
Green Bay Area Public School District (Wisconsin),State & local government,Drifted Republican (5+ points),0.4855,6.473,548.0
Seton Hill University,Higher education,Drifted Republican (5+ points),0.4137,6.485,291.0
"Management Science Associates, Inc.",Other,Drifted Republican (5+ points),0.4959,10.14,240.0
Oral Roberts University,Higher education,Drifted Republican (5+ points),0.7624,12.25,416.0
Clear Channel European Holdings SAS,Other,Drifted Republican (5+ points),0.4798,7.25,195.0
Invitae Corp.,Other,Drifted Republican (5+ points),0.2373,14.42,381.0
Sigma Chi Corp.,Other,Drifted Republican (5+ points),0.53,9.105,438.0
"Palm Beach Atlantic University, Inc.",Higher education,Drifted Republican (5+ points),0.5794,5.624,372.0
"HFF, Inc.",Other,Drifted Republican (5+ points),0.5491,7.901,65.0
Colby College,Higher education,Drifted Republican (5+ points),0.1618,5.954,382.0
United States District Court For The Northern District Of Illinois,Other,Drifted Republican (5+ points),0.2848,10.02,148.0
"Cedarville University, Inc.",Higher education,Drifted Republican (5+ points),0.7681,7.374,553.0
Novozymes A/S,Other,Drifted Republican (5+ points),0.4295,5.867,225.0
"WeWork, Inc.",Other,Drifted Republican (5+ points),0.198,8.094,640.0
The KeyW Corp.,Other,Drifted Republican (5+ points),0.4663,7.338,116.0
Dixie State University,Higher education,Drifted Republican (5+ points),0.7952,5.796,188.0
EQT Corp.,Other,Drifted Republican (5+ points),0.6368,5.284,667.0
Fairbanks North Star Borough School District (Alaska),State & local government,Drifted Republican (5+ points),0.6046,7.291,279.0
"LivePerson, Inc.",Other,Drifted Republican (5+ points),0.3541,5.807,223.0
"Cambridge Investment Research, Inc.",Other,Drifted Republican (5+ points),0.624,6.475,343.0
Berry College,Higher education,Drifted Republican (5+ points),0.4933,5.575,170.0
Valdosta State University,Higher education,Drifted Republican (5+ points),0.4194,8.081,215.0
Success Foods Management Group LLC,Other,Drifted Republican (5+ points),0.3491,5.668,313.0
"TravelClick, Inc.",Other,Drifted Republican (5+ points),0.3468,9.987,72.0
City of Madison (Wisconsin),State & local government,Drifted Republican (5+ points),0.3326,5.941,460.0
"Discovery, Inc.",Other,Drifted Republican (5+ points),0.2745,10.09,431.0
Reinhart FoodService LLC,Other,Drifted Republican (5+ points),0.667,7.292,317.0
M.E. SpA,Other,Drifted Republican (5+ points),0.4858,6.503,500.0
Clarios LLC,Other,Drifted Republican (5+ points),0.5485,13.24,684.0
"Osaic, Inc.",Other,Drifted Republican (5+ points),0.4252,11.75,231.0
Regional One Health,Health care,Drifted Republican (5+ points),0.3408,5.744,647.0
Olivet Nazarene University,Higher education,Drifted Republican (5+ points),0.6329,10.24,361.0
"Keurig Green Mountain, Inc.",Other,Drifted Republican (5+ points),0.4414,11.43,195.0
"Cenlar, FSB",Other,Drifted Republican (5+ points),0.3387,10.57,711.0
Warren Power & Machinery LP (Texas),Other,Drifted Republican (5+ points),0.8107,5.643,323.0
"Cyxtera Data Centers, Inc.",Other,Drifted Republican (5+ points),0.5911,5.821,205.0
Self Emplyoed,Other,Drifted Republican (5+ points),0.4347,5.309,263.0
OSH 2 Liquidating LLC,Other,Drifted Republican (5+ points),0.3889,10.53,154.0
The Agency IP Holdco LLC,Other,Drifted Republican (5+ points),0.3811,11.79,694.0
"Biomet, Inc.",Other,Drifted Republican (5+ points),0.7055,10.48,156.0
"Wunderman (N.Y.), Inc.",Other,Drifted Republican (5+ points),0.3508,6.694,48.0
Checkpast LLC,Other,Drifted Republican (5+ points),0.4094,7.966,88.0
Mississippi State University,Higher education,Drifted Republican (5+ points),0.4951,8.615,724.0
"Diplomat Pharmacy, Inc.",Health care,Drifted Republican (5+ points),0.4449,7.287,123.0
"Solid Source Realty, Inc.",Other,Drifted Republican (5+ points),0.4164,7.897,177.0
Harding University,Higher education,Drifted Republican (5+ points),0.6059,9.202,167.0
"Cloudflare, Inc.",Other,Drifted Republican (5+ points),0.1906,20.95,1059.0
St. Lawrence University,Higher education,Drifted Republican (5+ points),0.2557,7.834,190.0
Cardinal Group Management & Advisory LLC,Other,Drifted Republican (5+ points),0.3434,7.259,522.0
CDI Corp.,Other,Drifted Republican (5+ points),0.5853,6.961,487.0
Allegheny College,Higher education,Drifted Republican (5+ points),0.2567,11.46,121.0
Quantum Corp.,Other,Drifted Republican (5+ points),0.5083,5.252,266.0
"Payscale, Inc.",Other,Drifted Republican (5+ points),0.2161,14.15,344.0
John Hancock Funds LLC,Other,Drifted Republican (5+ points),0.404,5.123,203.0
EMC Corp.,Other,Drifted Republican (5+ points),0.4711,6.191,625.0
Bryan Cave LLP (Paris),Other,Drifted Republican (5+ points),0.454,11.0,214.0
Southern Adventist University,Higher education,Drifted Republican (5+ points),0.5976,14.2,286.0
Brand Management Agency,Other,Drifted Republican (5+ points),0.4615,6.503,359.0
Ankura Consulting Group LLC,Other,Drifted Republican (5+ points),0.3374,21.8,722.0
Monmouth University,Higher education,Drifted Republican (5+ points),0.3368,5.483,565.0
"Acquia, Inc.",Other,Drifted Republican (5+ points),0.2403,12.08,296.0
GE Digital LLC,Other,Drifted Republican (5+ points),0.4019,5.089,329.0
Granite Telecommunications LLC,Other,Drifted Republican (5+ points),0.2896,8.846,956.0
"Brand Energy & Infrastructure Services, Inc.",Other,Drifted Republican (5+ points),0.555,7.954,180.0
"ZipRecruiter, Inc.",Other,Drifted Republican (5+ points),0.3306,8.233,443.0
Sungard Availability Services LP,Other,Drifted Republican (5+ points),0.5088,5.897,150.0
Michaels Arts & Crafts,Other,Drifted Republican (5+ points),0.4074,6.137,528.0
"Noom, Inc.",Other,Drifted Republican (5+ points),0.2702,16.18,390.0
Spectra Energy LLC,Other,Drifted Republican (5+ points),0.596,5.191,123.0
"Electric Lightwave Communications, Inc.",Other,Drifted Republican (5+ points),0.5128,7.196,106.0
University of Wisconsin Parkside,Higher education,Drifted Republican (5+ points),0.3671,6.725,292.0
American Pool Enterprises LLC,Other,Drifted Republican (5+ points),0.39,6.743,155.0
"Burr Pilger Mayer, Inc.",Other,Drifted Republican (5+ points),0.2851,10.41,416.0
"Axiom Global, Inc.",Other,Drifted Republican (5+ points),0.2858,5.788,572.0
LSI Corp.,Other,Drifted Republican (5+ points),0.5458,8.802,246.0
Delaware Technical & Community College,Higher education,Drifted Republican (5+ points),0.374,6.197,358.0
"Kumon North America, Inc.",Other,Drifted Republican (5+ points),0.199,5.533,1184.0
BBDO,Other,Drifted Republican (5+ points),0.25,5.132,149.0
B3 Studios LLC,Other,Drifted Republican (5+ points),0.2731,5.739,330.0
"Electronics for Imaging, Inc.",Other,Drifted Republican (5+ points),0.4733,8.762,204.0
Shutterfly LLC,Other,Drifted Republican (5+ points),0.3323,14.89,862.0
"LiveRamp Holdings, Inc.",Other,Drifted Republican (5+ points),0.229,5.716,526.0
Maxar Space LLC,Other,Drifted Republican (5+ points),0.3135,6.482,159.0
Beauty Brands LLC,Other,Drifted Republican (5+ points),0.4503,5.06,148.0
TOPS Markets LLC,Other,Drifted Republican (5+ points),0.4174,8.172,586.0
Telephonics Corp.,Other,Drifted Republican (5+ points),0.5974,9.567,153.0
CareFusion Corp.,Other,Drifted Republican (5+ points),0.4988,5.796,375.0
Snohomish County Government,Other,Drifted Republican (5+ points),0.2911,5.799,367.0
"Virgin America, Inc.",Other,Drifted Republican (5+ points),0.3428,10.67,247.0
"Veracode, Inc.",Other,Drifted Republican (5+ points),0.2623,9.948,246.0
Pharmacyclics LLC,Other,Drifted Republican (5+ points),0.347,20.83,144.0
"Cascades, Inc.",Other,Drifted Republican (5+ points),0.6264,5.993,251.0
"Mead Johnson Nutrition (Philippines), Inc.",Other,Drifted Republican (5+ points),0.6236,6.281,397.0
Trinity Health System,Health care,Drifted Republican (5+ points),0.5314,12.57,226.0
"Eventbrite, Inc.",Other,Drifted Republican (5+ points),0.2006,10.92,233.0
"Asana, Inc.",Other,Drifted Republican (5+ points),0.1187,9.468,695.0
American Well Corp.,Other,Drifted Republican (5+ points),0.2264,11.66,515.0
