msa,year,rep_share,workers,lat,lon,party_regime
Mobile AL MSA,2012,0.6179,18900.0,30.97,-88.21,modelled by L2
Toledo OH MSA,2012,0.513,36600.0,41.56,-83.52,primary-based
Santa Barbara-Santa Maria-Goleta CA MSA,2012,0.3321,25180.0,34.54,-120.0,party registration
Tucson AZ MSA,2012,0.4494,57460.0,32.13,-111.8,party registration
Trenton-Ewing NJ MSA,2012,0.2998,25480.0,40.28,-74.7,party registration
Santa Rosa-Petaluma CA MSA,2012,0.2524,25260.0,38.53,-122.9,party registration
Washington-Arlington-Alexandria DC-VA-MD-WV MSA,2012,0.2956,403800.0,38.8,-77.49,party registration
Charlotte-Gastonia-Concord NC-SC MSA,2012,0.4857,181500.0,35.17,-80.8,party registration
Riverside-San Bernardino-Ontario CA MSA,2012,0.5039,136300.0,34.54,-116.1,party registration
Madera CA MSA,2012,0.6519,1088.0,37.21,-119.7,party registration
Coeur d'Alene ID MSA,2012,0.837,2682.0,47.68,-116.7,party registration
Killeen-Temple-Fort Hood TX MSA,2012,0.5656,22290.0,31.2,-97.79,primary-based
Ithaca NY MSA,2012,0.2462,9845.0,42.45,-76.47,party registration
Terre Haute IN MSA,2012,0.5735,7963.0,39.48,-87.31,primary-based
New Haven-Milford CT MSA,2012,0.378,45300.0,41.35,-72.9,party registration
El Paso TX MSA,2012,0.234,27920.0,31.53,-105.5,primary-based
Deltona-Daytona Beach-Ormond Beach FL MSA,2012,0.6139,19800.0,29.18,-81.19,party registration
Sioux Falls SD MSA,2012,0.674,19220.0,43.5,-97.0,party registration
Cleveland TN MSA,2012,0.7596,1328.0,35.14,-84.66,primary-based
Fond du Lac WI MSA,2012,0.7692,1236.0,43.75,-88.49,modelled by L2
Decatur IL MSA,2012,0.6491,854.0,39.86,-88.96,primary-based
Cumberland MD-WV MSA,2012,0.6423,2530.0,39.53,-78.81,party registration
Decatur AL MSA,2012,0.8026,1464.0,34.49,-87.1,modelled by L2
Sherman-Denison TX MSA,2012,0.7974,4104.0,33.62,-96.68,primary-based
Muncie IN MSA,2012,0.5502,6254.0,40.23,-85.4,primary-based
Oshkosh-Neenah WI MSA,2012,0.6822,13690.0,44.09,-88.67,modelled by L2
McAllen-Edinburg-Mission TX MSA,2012,0.1519,8135.0,26.4,-98.18,primary-based
Billings MT MSA,2012,0.7397,8197.0,45.64,-108.8,modelled by L2
Anniston-Oxford AL MSA,2012,0.7249,2529.0,33.77,-85.83,modelled by L2
Stockton CA MSA,2012,0.4611,20030.0,37.93,-121.3,party registration
Pittsfield MA MSA,2012,0.168,6683.0,42.37,-73.22,party registration
Flint MI MSA,2012,0.4108,13960.0,43.02,-83.71,primary-based
Lynchburg VA MSA,2012,0.634,12460.0,37.36,-79.22,primary-based
San Luis Obispo-Paso Robles CA MSA,2012,0.4395,15780.0,35.39,-120.4,party registration
Poughkeepsie-Newburgh-Middletown NY MSA,2012,0.4704,31360.0,41.58,-74.03,party registration
Binghamton NY MSA,2012,0.531,11590.0,42.16,-76.02,party registration
Pocatello ID MSA,2012,0.7212,3861.0,42.69,-112.6,party registration
Wichita KS MSA,2012,0.6947,39360.0,37.64,-97.25,party registration
Albuquerque NM MSA,2012,0.4256,45790.0,35.12,-106.5,party registration
Davenport-Moline-Rock Island IA-IL MSA,2012,0.5132,20220.0,41.39,-90.46,party registration
Utica-Rome NY MSA,2012,0.6094,11610.0,43.33,-75.17,party registration
Clarksville TN-KY MSA,2012,0.5968,14430.0,36.7,-87.62,primary-based
Beaumont-Port Arthur TX MSA,2012,0.6443,11960.0,30.08,-94.2,primary-based
Nashville-Davidson-Murfreesboro-Franklin TN MSA,2012,0.5882,139500.0,36.12,-86.64,primary-based
College Station-Bryan TX MSA,2012,0.66,11420.0,30.75,-96.49,primary-based
Tampa-St. Petersburg-Clearwater FL,2012,0.5511,176700.0,28.12,-82.53,party registration
Youngstown-Warren-Boardman OH-PA MSA,2012,0.5231,17780.0,41.24,-80.56,primary-based
Cincinnati-Middletown OH-KY-IN MSA,2012,0.602,162900.0,39.1,-84.48,primary-based
Dalton GA MSA,2012,0.7711,1021.0,34.8,-84.86,primary-based
Hot Springs AR MSA,2012,0.6838,2228.0,34.58,-93.15,party registration
Longview WA MSA,2012,0.5647,1859.0,46.2,-122.7,primary-based
Naples-Marco Island FL MSA,2012,0.7137,2156.0,26.12,-81.4,party registration
Houma-Bayou Cane-Thibodaux LA MSA,2012,0.7373,8334.0,29.33,-90.84,party registration
Santa Fe NM MSA,2012,0.1964,7376.0,35.51,-106.0,party registration
Alexandria LA MSA,2012,0.7311,2105.0,31.33,-92.55,party registration
Jacksonville NC MSA,2012,0.6824,5018.0,34.76,-77.5,party registration
Panama City-Lynn Haven FL MSA,2012,0.7646,3214.0,30.16,-85.53,party registration
Fort Walton Beach-Crestview-Destin FL MSA,2012,0.7681,9749.0,30.59,-86.36,party registration
Fargo ND-MN MSA,2012,0.5239,17470.0,46.91,-96.96,modelled by L2
Williamsport PA MSA,2012,0.6965,5817.0,41.34,-77.06,party registration
Yuba City CA MSA,2012,0.6256,3582.0,39.16,-121.5,party registration
Vallejo-Fairfield CA MSA,2012,0.3724,15400.0,38.27,-121.9,party registration
Lake Havasu City-Kingman AZ MSA,2012,0.8156,4129.0,35.72,-113.7,party registration
Pensacola-Ferry Pass-Brent FL MSA,2012,0.6992,25490.0,30.61,-87.16,party registration
Bellingham WA MSA,2012,0.3484,13800.0,48.84,-121.8,primary-based
Racine WI MSA,2012,0.6031,10340.0,42.78,-87.77,modelled by L2
Evansville IN-KY MSA,2012,0.6274,20130.0,38.02,-87.59,primary-based
Sacramento-Arden-Arcade-Roseville CA MSA,2012,0.4324,137800.0,38.79,-121.0,party registration
Abilene TX MSA,2012,0.8699,7097.0,32.45,-99.72,primary-based
Milwaukee-Waukesha-West Allis WI MSA,2012,0.6246,149800.0,42.91,-87.86,modelled by L2
San Jose-Sunnyvale-Santa Clara CA MSA,2012,0.2484,169100.0,36.91,-121.4,party registration
Greeley CO MSA,2012,0.649,11310.0,40.56,-104.4,party registration
Manchester-Nashua NH MSA,2012,0.5118,22080.0,42.91,-71.72,party registration
Madison WI MSA,2012,0.4584,76830.0,43.08,-89.6,modelled by L2
Birmingham-Hoover AL MSA,2012,0.6744,22510.0,33.4,-86.73,modelled by L2
Austin-Round Rock TX MSA,2012,0.3966,210800.0,30.25,-97.65,primary-based
Los Angeles-Long Beach-Santa Ana CA MSA,2012,0.3487,655700.0,34.11,-118.2,party registration
San Francisco-Oakland-Fremont CA MSA,2012,0.1994,287300.0,37.77,-122.3,party registration
San Diego-Carlsbad-San Marcos CA MSA,2012,0.4125,263100.0,33.02,-116.8,party registration
Albany GA MSA,2012,0.5117,470.0,31.64,-84.11,primary-based
South Bend-Mishawaka IN-MI MSA,2012,0.4954,19720.0,41.77,-86.12,primary-based
Gainesville FL MSA,2012,0.4037,19490.0,29.45,-82.67,party registration
El Centro CA MSA,2012,0.383,2710.0,33.04,-115.4,party registration
Pueblo CO MSA,2012,0.5051,5971.0,38.16,-104.5,party registration
Jonesboro AR MSA,2012,0.6928,3826.0,35.7,-90.65,party registration
Hanford-Corcoran CA MSA,2012,0.6252,2844.0,36.07,-119.8,party registration
Laredo TX MSA,2012,0.1105,4649.0,27.76,-99.34,primary-based
Roanoke VA MSA,2012,0.578,20940.0,37.29,-79.95,primary-based
Yuma AZ MSA,2012,0.5961,5108.0,32.77,-113.9,party registration
Lake Charles LA MSA,2012,0.6498,10880.0,29.98,-93.25,party registration
Santa Cruz-Watsonville CA MSA,2012,0.2242,8340.0,37.01,-122.0,party registration
Lebanon PA MSA,2012,0.6785,7668.0,40.37,-76.46,party registration
Lubbock TX MSA,2012,0.6664,17350.0,33.47,-101.6,primary-based
Kennewick-Richland-Pasco WA MSA,2012,0.5871,11800.0,46.36,-119.3,primary-based
Cleveland-Elyria-Mentor OH MSA,2012,0.4594,159300.0,41.56,-81.6,primary-based
Charleston WV MSA,2012,0.5746,10640.0,38.36,-81.62,party registration
Morristown TN MSA,2012,0.8314,2401.0,36.17,-83.42,primary-based
Olympia WA MSA,2012,0.3486,14020.0,46.94,-122.8,primary-based
Jacksonville FL MSA,2012,0.6024,104600.0,30.24,-81.75,party registration
Seattle-Tacoma-Bellevue WA MSA,2012,0.2634,322700.0,47.49,-121.8,primary-based
Rome GA MSA,2012,0.6736,662.0,34.26,-85.21,primary-based
Mansfield OH MSA,2012,0.779,901.0,40.77,-82.54,primary-based
Kokomo IN MSA,2012,0.719,4695.0,40.48,-86.11,primary-based
Battle Creek MI MSA,2012,0.5219,6258.0,42.24,-85.01,primary-based
Florence-Muscle Shoals AL MSA,2012,0.7323,4671.0,34.8,-87.72,modelled by L2
Missoula MT MSA,2012,0.5041,7496.0,47.03,-113.9,modelled by L2
Glens Falls NY MSA,2012,0.5718,5232.0,43.44,-73.64,party registration
Grand Forks ND-MN MSA,2012,0.4972,5038.0,47.84,-96.84,modelled by L2
Cape Girardeau-Jackson MO-IL MSA,2012,0.7965,3480.0,37.33,-89.76,modelled by L2
Altoona PA MSA,2012,0.7131,5423.0,40.5,-78.31,party registration
Casper WY MSA,2012,0.7733,5898.0,42.98,-106.8,party registration
Cheyenne WY MSA,2012,0.7918,5027.0,41.29,-104.7,party registration
Atlanta-Sandy Springs-Marietta GA MSA,2012,0.4214,233500.0,33.69,-84.4,primary-based
Myrtle Beach-Conway-North Myrtle Beach SC MSA,2012,0.6927,14960.0,33.97,-78.61,primary-based
Tallahassee FL MSA,2012,0.4105,27050.0,30.35,-84.27,party registration
St. Louis MO-IL MSA,2012,0.6056,195800.0,38.74,-90.35,modelled by L2
Rochester MN MSA,2012,0.6591,14870.0,43.95,-92.33,modelled by L2
Dayton OH MSA,2012,0.6241,58280.0,39.83,-84.14,primary-based
Harrisburg-Carlisle PA MSA,2012,0.5768,44800.0,40.34,-77.05,party registration
Dallas-Fort Worth-Arlington TX MSA,2012,0.5608,427900.0,32.85,-96.97,primary-based
Jackson TN MSA,2012,0.705,897.0,35.75,-88.88,primary-based
Lawton OK MSA,2012,0.6188,3743.0,34.53,-98.43,party registration
Florence SC MSA,2012,0.5461,7545.0,34.15,-79.81,primary-based
Ames IA MSA,2012,0.4395,7344.0,42.04,-93.7,party registration
Parkersburg-Marietta-Vienna WV-OH MSA,2012,0.7269,4538.0,39.14,-81.46,party registration
Elkhart-Goshen IN MSA,2012,0.7101,9235.0,41.6,-85.86,primary-based
Bowling Green KY MSA,2012,0.5763,6708.0,37.05,-86.4,party registration
Palm Bay-Melbourne-Titusville FL MSA,2012,0.6625,18010.0,28.3,-80.7,party registration
Boise City-Nampa ID MSA,2012,0.6905,48780.0,43.01,-116.1,party registration
Greenville-Mauldin-Easley SC MSA,2012,0.7053,51820.0,34.68,-82.41,primary-based
Anderson SC MSA,2012,0.7243,5907.0,34.68,-82.41,primary-based
Iowa City IA MSA,2012,0.3027,13880.0,41.52,-91.65,party registration
Sebastian-Vero Beach FL MSA,2012,0.704,5678.0,27.7,-80.57,party registration
Monroe LA MSA,2012,0.5993,11150.0,32.73,-92.1,party registration
Fayetteville NC MSA,2012,0.426,15100.0,35.16,-78.93,party registration
Wheeling WV-OH MSA,2012,0.6238,4256.0,39.98,-80.85,party registration
Canton-Massillon OH MSA,2012,0.5872,24850.0,40.71,-81.26,primary-based
Des Moines-West Des Moines IA MSA,2012,0.5129,60980.0,41.58,-93.76,party registration
Springfield IL MSA,2012,0.5864,12140.0,39.83,-89.7,primary-based
Eau Claire WI MSA,2012,0.6199,11280.0,44.94,-91.28,modelled by L2
Chico CA MSA,2012,0.4775,8961.0,39.67,-121.6,party registration
Pittsburgh PA MSA,2012,0.4831,184400.0,40.44,-79.84,party registration
Gulfport-Biloxi MS MSA,2012,0.7154,11440.0,30.48,-89.0,primary-based
State College PA MSA,2012,0.4499,10280.0,40.91,-77.85,party registration
Rockford IL MSA,2012,0.5537,18860.0,42.33,-89.04,primary-based
Macon GA MSA,2012,0.4829,2766.0,32.86,-83.71,primary-based
Providence-New Bedford-Fall River RI-MA MSA,2012,0.3214,90130.0,41.71,-71.29,party registration
Detroit-Warren-Livonia MI MSA,2012,0.4354,255500.0,42.72,-83.2,primary-based
Las Vegas-Paradise NV MSA,2012,0.496,122100.0,36.21,-115.0,party registration
St. Joseph MO-KS MSA,2012,0.8395,848.0,39.83,-94.78,modelled by L2
Valdosta GA MSA,2012,0.5643,1267.0,30.83,-83.24,primary-based
Goldsboro NC MSA,2012,0.5777,3950.0,35.35,-78.01,party registration
Springfield OH MSA,2012,0.6471,5252.0,39.92,-83.78,primary-based
Erie PA MSA,2012,0.4906,15890.0,42.12,-80.1,party registration
Kankakee-Bradley IL MSA,2012,0.6287,4046.0,41.14,-87.86,primary-based
Burlington NC MSA,2012,0.5166,7323.0,36.04,-79.4,party registration
Spartanburg SC MSA,2012,0.6833,12810.0,34.93,-81.99,primary-based
Charlottesville VA MSA,2012,0.3636,19370.0,37.95,-78.59,primary-based
San Angelo TX MSA,2012,0.6991,4383.0,31.48,-100.8,primary-based
Waterloo-Cedar Falls IA MSA,2012,0.5234,9621.0,42.54,-92.47,party registration
Reno-Sparks NV MSA,2012,0.5531,26930.0,40.5,-119.7,party registration
Las Cruces NM MSA,2012,0.4033,7167.0,32.35,-106.8,party registration
Morgantown WV MSA,2012,0.5082,7505.0,39.53,-79.8,party registration
Albany-Schenectady-Troy NY MSA,2012,0.4172,60290.0,42.79,-73.94,party registration
Akron OH MSA,2012,0.5153,42990.0,41.15,-81.35,primary-based
Salt Lake City UT MSA,2012,0.6695,91510.0,40.57,-113.0,party registration
Chattanooga TN-GA MSA,2012,0.6609,30880.0,35.05,-85.36,primary-based
Corpus Christi TX MSA,2012,0.5594,16660.0,27.83,-97.51,primary-based
Bismarck ND MSA,2012,0.7373,6174.0,46.89,-101.0,modelled by L2
Port St. Lucie FL MSA,2012,0.6049,17130.0,27.23,-80.43,party registration
Huntsville AL MSA,2012,0.6459,30200.0,34.78,-86.73,modelled by L2
York-Hanover PA MSA,2012,0.6481,22000.0,39.92,-76.73,party registration
Orlando-Kissimmee FL MSA,2012,0.4687,176100.0,28.43,-81.36,party registration
Duluth MN-WI MSA,2012,0.526,15240.0,47.35,-92.16,modelled by L2
Phoenix-Mesa-Scottsdale AZ MSA,2012,0.5704,280700.0,33.19,-112.1,party registration
Louisville/Jefferson County KY-IN MSA,2012,0.4913,92010.0,38.31,-85.68,party registration
Sumter SC MSA,2012,0.5043,3756.0,33.79,-80.29,primary-based
Dubuque IA MSA,2012,0.5244,7199.0,42.46,-90.88,party registration
Ocean City NJ MSA,2012,0.6232,2680.0,39.09,-74.85,party registration
Savannah GA MSA,2012,0.519,2914.0,32.11,-81.27,primary-based
Great Falls MT MSA,2012,0.7359,3025.0,47.32,-111.4,modelled by L2
Harrisonburg VA MSA,2012,0.5266,6451.0,38.51,-78.89,primary-based
Kingston NY MSA,2012,0.3514,4744.0,41.95,-74.27,party registration
Saginaw-Saginaw Township North MI MSA,2012,0.5007,9167.0,43.33,-84.06,primary-based
Elizabethtown KY MSA,2012,0.5823,5602.0,37.73,-85.97,party registration
Tyler TX MSA,2012,0.732,11120.0,32.38,-95.27,primary-based
Longview TX MSA,2012,0.7489,9195.0,32.43,-94.68,primary-based
Eugene-Springfield OR MSA,2012,0.3407,22770.0,43.93,-122.9,party registration
Portland-South Portland-Biddeford ME MSA,2012,0.3819,25720.0,43.65,-70.42,party registration
Jefferson City MO MSA,2012,0.8175,7921.0,38.64,-92.09,modelled by L2
Kalamazoo-Portage MI MSA,2012,0.4498,26260.0,42.25,-85.53,primary-based
Wilmington NC MSA,2012,0.578,25200.0,34.43,-77.89,party registration
Montgomery AL MSA,2012,0.5512,19900.0,32.37,-86.4,modelled by L2
Grand Rapids-Wyoming MI MSA,2012,0.5355,66920.0,43.04,-85.78,primary-based
Richmond VA MSA,2012,0.4551,111300.0,37.41,-77.44,primary-based
Sarasota-Bradenton-Venice FL MSA,2012,0.6469,37800.0,27.33,-82.41,party registration
Columbus OH MSA,2012,0.4907,170200.0,39.97,-82.84,primary-based
Anderson IN MSA,2012,0.6352,4562.0,39.75,-86.21,primary-based
Colorado Springs CO MSA,2012,0.6386,53280.0,38.85,-104.6,party registration
Philadelphia-Camden-Wilmington PA-NJ-DE-MD MSA,2012,0.3763,405100.0,39.89,-75.31,party registration
Bridgeport-Stamford-Norwalk CT MSA,2012,0.3832,63340.0,41.23,-73.37,party registration
Houston-Sugar Land-Baytown TX MSA,2012,0.5269,384400.0,29.75,-95.35,primary-based
Memphis TN-AR-MS MSA,2012,0.4749,78120.0,35.02,-89.87,primary-based
Salem OR MSA,2012,0.4928,16120.0,44.9,-122.9,party registration
Carson City NV MSA,2012,0.6259,2429.0,39.15,-119.7,party registration
Wichita Falls TX MSA,2012,0.8583,5415.0,33.78,-98.5,primary-based
Winchester VA-WV MSA,2012,0.6216,5555.0,39.27,-78.47,primary-based
Blacksburg-Christiansburg-Radford VA MSA,2012,0.4699,9070.0,37.12,-80.56,primary-based
Lakeland FL MSA,2012,0.6303,24020.0,27.95,-81.69,party registration
Lima OH MSA,2012,0.7724,1069.0,40.77,-84.11,primary-based
Weirton-Steubenville WV-OH MSA,2012,0.6181,2975.0,40.39,-80.7,party registration
Huntington-Ashland WV-KY-OH MSA,2012,0.5919,7418.0,38.41,-82.54,party registration
Bay City MI MSA,2012,0.5202,3355.0,43.7,-83.98,primary-based
Grand Junction CO MSA,2012,0.7561,7571.0,39.02,-108.5,party registration
Rapid City SD MSA,2012,0.7606,6337.0,44.31,-102.8,party registration
Visalia-Porterville CA MSA,2012,0.6167,9222.0,36.23,-118.8,party registration
Columbus IN MSA,2012,0.6579,1005.0,39.21,-85.9,primary-based
Lewiston-Auburn ME MSA,2012,0.5271,2693.0,44.17,-70.21,party registration
Hinesville-Fort Stewart GA MSA,2012,0.4409,1136.0,31.78,-81.58,primary-based
Midland TX MSA,2012,0.6951,9853.0,32.09,-102.0,primary-based
Sioux City IA-NE-SD MSA,2012,0.6838,5605.0,42.51,-96.44,party registration
Bakersfield CA MSA,2012,0.6195,26060.0,35.35,-118.7,party registration
Janesville WI MSA,2012,0.5644,6846.0,42.67,-89.08,modelled by L2
Cape Coral-Fort Myers FL MSA,2012,0.6672,31440.0,26.56,-81.98,party registration
Champaign-Urbana IL MSA,2012,0.4252,16220.0,40.1,-88.32,primary-based
Boulder CO MSA,2012,0.2699,36950.0,40.09,-105.4,party registration
Reading PA MSA,2012,0.5636,20200.0,40.41,-75.93,party registration
Indianapolis-Carmel IN MSA,2012,0.5662,164800.0,39.75,-86.21,primary-based
Lewiston ID-WA MSA,2012,0.712,1633.0,46.25,-116.9,party registration
Virginia Beach-Norfolk-Newport News VA-NC MSA,2012,0.4563,114300.0,36.8,-76.45,primary-based
San Antonio TX MSA,2012,0.494,144700.0,29.43,-98.61,primary-based
Kansas City MO-KS MSA,2012,0.5999,183800.0,38.93,-94.44,modelled by L2
Victoria TX MSA,2012,0.7062,1364.0,28.73,-97.2,primary-based
Columbus GA-AL MSA,2012,0.5102,2368.0,32.42,-84.84,primary-based
Joplin MO MSA,2012,0.857,6395.0,37.06,-94.34,modelled by L2
Greenville NC MSA,2012,0.4608,10700.0,35.59,-77.37,party registration
St. Cloud MN MSA,2012,0.7169,12120.0,45.59,-94.49,modelled by L2
Shreveport-Bossier City LA MSA,2012,0.6039,16440.0,32.44,-93.74,party registration
Vineland-Millville-Bridgeton NJ MSA,2012,0.4863,3922.0,39.33,-75.12,party registration
Barnstable Town MA MSA,2012,0.3555,10000.0,41.71,-70.16,party registration
Salisbury MD MSA,2012,0.5169,4732.0,38.4,-75.48,party registration
Hartford-West Hartford-East Hartford CT MSA,2012,0.3848,75380.0,41.72,-72.57,party registration
Ann Arbor MI MSA,2012,0.2952,40230.0,42.25,-83.84,primary-based
Topeka KS MSA,2012,0.6204,13410.0,39.04,-95.8,party registration
Salinas CA MSA,2012,0.333,16100.0,36.24,-121.3,party registration
Knoxville TN MSA,2012,0.6894,50030.0,36.01,-84.21,primary-based
Asheville NC MSA,2012,0.4564,24620.0,35.6,-82.68,party registration
Prescott AZ MSA,2012,0.717,5605.0,34.63,-112.6,party registration
Napa CA MSA,2012,0.3093,7242.0,38.51,-122.3,party registration
Pine Bluff AR MSA,2012,0.4323,2048.0,34.08,-91.95,party registration
Hagerstown-Martinsburg MD-WV MSA,2012,0.6428,9660.0,39.55,-77.98,party registration
Bangor ME MSA,2012,0.5508,3489.0,45.41,-68.67,party registration
Auburn-Opelika AL MSA,2012,0.6229,3457.0,32.6,-85.35,modelled by L2
Niles-Benton Harbor MI MSA,2012,0.5498,5673.0,41.79,-86.74,primary-based
Punta Gorda FL MSA,2012,0.7086,2478.0,26.91,-82.0,party registration
Tuscaloosa AL MSA,2012,0.5827,10720.0,33.1,-87.8,modelled by L2
Springfield MA MSA,2012,0.2867,34390.0,42.36,-72.62,party registration
Peoria IL MSA,2012,0.6064,20950.0,40.71,-89.7,primary-based
Spokane WA MSA,2012,0.4919,33280.0,48.09,-117.7,primary-based
Bend OR MSA,2012,0.4593,11970.0,43.92,-121.2,party registration
Provo-Orem UT MSA,2012,0.8689,36300.0,39.87,-112.4,party registration
Kingsport-Bristol-Bristol TN-VA MSA,2012,0.8138,8154.0,36.6,-82.44,primary-based
Little Rock-North Little Rock-Conway AR MSA,2012,0.5619,41900.0,34.76,-92.4,party registration
Columbia MO MSA,2012,0.5837,14910.0,38.99,-92.59,modelled by L2
Columbia SC MSA,2012,0.4984,45060.0,34.08,-81.04,primary-based
Burlington-South Burlington VT MSA,2012,0.2585,17480.0,44.69,-73.04,modelled by L2
Greensboro-High Point NC MSA,2012,0.4987,52550.0,36.03,-79.79,party registration
Omaha-Council Bluffs NE-IA MSA,2012,0.5959,80650.0,41.29,-96.0,party registration
Warner Robins GA MSA,2012,0.591,1454.0,32.49,-83.71,primary-based
Mankato-North Mankato MN MSA,2012,0.6047,6275.0,44.15,-94.15,modelled by L2
St. George UT MSA,2012,0.8829,4953.0,37.26,-113.5,party registration
Fort Smith AR-OK MSA,2012,0.7573,9312.0,35.46,-94.3,party registration
Lawrence KS MSA,2012,0.44,1664.0,38.9,-95.29,party registration
Mount Vernon-Anacortes WA MSA,2012,0.4166,4025.0,48.49,-121.8,primary-based
Charleston-North Charleston SC MSA,2012,0.6004,54100.0,33.02,-80.01,primary-based
Bloomington-Normal IL MSA,2012,0.5434,9540.0,40.49,-88.84,primary-based
Springfield MO MSA,2012,0.8096,26490.0,37.36,-93.18,modelled by L2
Denver-Aurora CO MSA,2012,0.4128,269000.0,39.43,-104.9,party registration
New Orleans-Metairie-Kenner LA MSA,2012,0.4966,70160.0,30.05,-89.93,party registration
Oklahoma City OK MSA,2012,0.6447,80790.0,35.43,-97.51,party registration
Athens-Clark County GA MSA,2012,0.4743,2156.0,33.94,-83.21,primary-based
Rocky Mount NC MSA,2012,0.4308,4962.0,35.94,-77.8,party registration
Monroe MI MSA,2012,0.6381,2844.0,41.92,-83.49,primary-based
Michigan City-La Porte IN MSA,2012,0.5165,3611.0,41.55,-86.74,primary-based
Gainesville GA MSA,2012,0.7104,1262.0,34.32,-83.82,primary-based
Texarkana TX-Texarkana AR MSA,2012,0.7248,3584.0,33.48,-94.21,party registration
Sheboygan WI MSA,2012,0.7635,7623.0,43.74,-87.73,modelled by L2
Owensboro KY MSA,2012,0.5572,4813.0,37.69,-87.08,party registration
Waco TX MSA,2012,0.6626,12560.0,31.43,-97.09,primary-based
Boston-Cambridge-Quincy MA-NH MSA,2012,0.2592,432800.0,42.52,-71.02,party registration
Green Bay WI MSA,2012,0.7581,25810.0,44.47,-88.0,modelled by L2
Fresno CA MSA,2012,0.5478,31940.0,36.76,-119.7,party registration
Lafayette IN MSA,2012,0.5714,14370.0,40.48,-87.02,primary-based
Fort Collins-Loveland CO MSA,2012,0.4635,32170.0,40.66,-105.5,party registration
Yakima WA MSA,2012,0.523,6806.0,46.46,-120.7,primary-based
Merced CA MSA,2012,0.4788,5252.0,37.19,-120.7,party registration
Worcester MA MSA,2012,0.3553,45890.0,42.22,-71.93,party registration
Appleton WI MSA,2012,0.7563,19920.0,44.29,-88.37,modelled by L2
Atlantic City NJ MSA,2012,0.4962,9232.0,39.47,-74.63,party registration
Baltimore-Towson MD MSA,2012,0.3708,194600.0,39.3,-76.55,party registration
Minneapolis-St. Paul-Bloomington MN-WI MSA,2012,0.569,276000.0,45.1,-93.28,modelled by L2
New York-Northern New Jersey-Long Island NY-NJ-PA MSA,2012,0.3226,1194000.0,40.77,-73.87,party registration
Chicago-Naperville-Joliet IL-IN-WI MSA,2012,0.3187,671400.0,41.82,-87.83,primary-based
Jackson MS MSA,2012,0.54,31710.0,32.43,-90.2,primary-based
Anchorage AK MSA,2012,0.6297,22730.0,62.21,-149.7,party registration
Brunswick GA MSA,2012,0.6653,527.0,31.3,-81.59,primary-based
Odessa TX MSA,2012,0.6247,5718.0,31.87,-102.5,primary-based
Gadsden AL MSA,2012,0.7659,2757.0,34.05,-86.03,modelled by L2
Farmington NM MSA,2012,0.7216,3055.0,36.51,-108.3,party registration
Ocala FL MSA,2012,0.6713,11570.0,29.2,-82.04,party registration
Ogden-Clearfield UT MSA,2012,0.8332,22790.0,41.62,-113.1,party registration
Lexington-Fayette KY MSA,2012,0.4795,40110.0,38.1,-84.44,party registration
Modesto CA MSA,2012,0.5508,16520.0,37.56,-121.0,party registration
Fort Wayne IN MSA,2012,0.6703,30260.0,41.11,-85.22,primary-based
Manhattan KS MSA,2012,0.6222,4893.0,39.27,-96.56,party registration
Raleigh-Cary NC MSA,2012,0.4136,137700.0,35.76,-78.46,party registration
Syracuse NY MSA,2012,0.48,43360.0,43.01,-76.2,party registration
Portland-Vancouver-Beaverton OR-WA MSA,2012,0.3089,211300.0,45.6,-122.5,party registration
Buffalo-Niagara Falls NY MSA,2012,0.4476,50350.0,43.04,-78.78,party registration
Allentown-Bethlehem-Easton PA-NJ MSA,2012,0.5185,53210.0,40.79,-75.4,party registration
Redding CA MSA,2012,0.6977,5966.0,40.76,-122.0,party registration
Bremerton-Silverdale WA MSA,2012,0.4117,11880.0,47.64,-122.6,primary-based
Brownsville-Harlingen TX MSA,2012,0.2089,6964.0,26.1,-97.48,primary-based
Winston-Salem NC MSA,2012,0.6688,8827.0,36.08,-80.35,party registration
Johnstown PA MSA,2012,0.622,4997.0,40.51,-78.71,party registration
Lansing-East Lansing MI MSA,2012,0.3774,37600.0,42.77,-84.5,primary-based
Norwich-New London CT MSA,2012,0.4258,14780.0,41.47,-72.11,party registration
Scranton--Wilkes-Barre PA MSA,2012,0.4779,19780.0,41.32,-75.9,party registration
Hickory-Lenoir-Morganton NC MSA,2012,0.7277,13490.0,35.81,-81.46,party registration
Oxnard-Thousand Oaks-Ventura CA MSA,2012,0.4315,44740.0,34.36,-119.1,party registration
Hattiesburg MS MSA,2012,0.6484,6667.0,31.27,-89.3,primary-based
Medford OR MSA,2012,0.6036,7769.0,42.41,-122.7,party registration
Wausau WI MSA,2012,0.7221,7805.0,45.05,-89.76,modelled by L2
Baton Rouge LA MSA,2012,0.5929,47040.0,30.52,-91.13,party registration
Tulsa OK MSA,2012,0.6878,63830.0,36.25,-96.18,party registration
Miami-Fort Lauderdale-Pompano Beach FL MSA,2012,0.4069,269200.0,26.1,-80.48,party registration
Elmira NY MSA,2012,0.6278,2340.0,42.15,-76.75,party registration
Idaho Falls ID MSA,2012,0.8701,6138.0,43.62,-112.4,party registration
Dothan AL MSA,2012,0.751,4518.0,31.25,-85.47,modelled by L2
Lancaster PA MSA,2012,0.6091,30580.0,40.04,-76.25,party registration
Dover DE MSA,2012,0.4803,6654.0,39.1,-75.5,party registration
Lafayette LA MSA,2012,0.6925,19020.0,29.96,-92.05,party registration
Rochester NY MSA,2012,0.4741,81350.0,43.15,-77.52,party registration
Bloomington IN MSA,2012,0.3936,13440.0,39.24,-86.67,primary-based
Lincoln NE MSA,2012,0.5588,26600.0,40.82,-96.87,party registration
Durham NC MSA,2012,0.2598,49250.0,36.06,-78.99,party registration
Cedar Rapids IA MSA,2012,0.4943,21920.0,42.09,-91.63,party registration
Danville IL MSA,2012,0.7156,763.0,40.19,-87.73,primary-based
Augusta-Richmond County GA-SC MSA,2012,0.6301,9784.0,33.46,-81.98,primary-based
Flagstaff AZ MSA,2012,0.3892,7257.0,35.83,-111.8,party registration
Wenatchee WA MSA,2012,0.551,4006.0,47.77,-120.3,primary-based
Muskegon-Norton Shores MI MSA,2012,0.4992,6729.0,43.43,-86.42,primary-based
Fayetteville-Springdale-Rogers AR-MO MSA,2012,0.6697,35030.0,36.12,-94.08,party registration
Johnson City TN MSA,2012,0.7712,8852.0,36.27,-82.33,primary-based
Amarillo TX MSA,2012,0.7638,11260.0,35.25,-101.9,primary-based
Logan UT-ID MSA,2012,0.8365,5905.0,41.89,-111.8,party registration
Jackson MI MSA,2012,0.6228,1969.0,42.25,-84.42,primary-based
Fairbanks AK MSA,2012,0.6502,4916.0,64.68,-146.5,party registration
La Crosse WI-MN MSA,2012,0.5933,10250.0,43.78,-91.32,modelled by L2
Portland-South Portland-Biddeford ME MSA,2013,0.3771,26710.0,43.65,-70.42,party registration
Bridgeport-Stamford-Norwalk CT MSA,2013,0.3795,66140.0,41.23,-73.37,party registration
Roanoke VA MSA,2013,0.5713,21950.0,37.29,-79.95,primary-based
Kennewick-Richland-Pasco WA MSA,2013,0.5789,12260.0,46.36,-119.3,primary-based
Racine WI MSA,2013,0.599,10720.0,42.78,-87.77,modelled by L2
Lubbock TX MSA,2013,0.6592,18710.0,33.47,-101.6,primary-based
Santa Cruz-Watsonville CA MSA,2013,0.2197,8703.0,37.01,-122.0,party registration
Jacksonville FL MSA,2013,0.5979,111000.0,30.24,-81.75,party registration
Cleveland-Elyria-Mentor OH MSA,2013,0.4535,167800.0,41.56,-81.6,primary-based
Seattle-Tacoma-Bellevue WA MSA,2013,0.2604,342600.0,47.49,-121.8,primary-based
Bellingham WA MSA,2013,0.3414,14720.0,48.84,-121.8,primary-based
Medford OR MSA,2013,0.5992,8188.0,42.41,-122.7,party registration
Brownsville-Harlingen TX MSA,2013,0.2025,7399.0,26.1,-97.48,primary-based
Terre Haute IN MSA,2013,0.5668,8375.0,39.48,-87.31,primary-based
Hattiesburg MS MSA,2013,0.6362,7102.0,31.27,-89.3,primary-based
Tulsa OK MSA,2013,0.6853,67670.0,36.25,-96.18,party registration
Hot Springs AR MSA,2013,0.6855,2295.0,34.58,-93.15,party registration
Jonesboro AR MSA,2013,0.685,4049.0,35.7,-90.65,party registration
Lake Charles LA MSA,2013,0.6484,11690.0,29.98,-93.25,party registration
Charleston WV MSA,2013,0.5772,11130.0,38.36,-81.62,party registration
Oxnard-Thousand Oaks-Ventura CA MSA,2013,0.4284,46560.0,34.36,-119.1,party registration
Wilmington NC MSA,2013,0.5717,26650.0,34.43,-77.89,party registration
Las Cruces NM MSA,2013,0.4018,7491.0,32.35,-106.8,party registration
Columbus OH MSA,2013,0.4837,180400.0,39.97,-82.84,primary-based
Colorado Springs CO MSA,2013,0.6343,55960.0,38.85,-104.6,party registration
Sarasota-Bradenton-Venice FL MSA,2013,0.6453,39560.0,27.33,-82.41,party registration
Richmond VA MSA,2013,0.4479,117300.0,37.41,-77.44,primary-based
Anderson IN MSA,2013,0.6365,4725.0,39.75,-86.21,primary-based
Philadelphia-Camden-Wilmington PA-NJ-DE-MD MSA,2013,0.3733,425200.0,39.89,-75.31,party registration
Houston-Sugar Land-Baytown TX MSA,2013,0.5208,413500.0,29.75,-95.35,primary-based
Memphis TN-AR-MS MSA,2013,0.469,82050.0,35.02,-89.87,primary-based
Macon GA MSA,2013,0.4752,2964.0,32.86,-83.71,primary-based
Danville IL MSA,2013,0.7025,776.0,40.19,-87.73,primary-based
Flagstaff AZ MSA,2013,0.3832,7789.0,35.83,-111.8,party registration
Pocatello ID MSA,2013,0.7185,4079.0,42.69,-112.6,party registration
Davenport-Moline-Rock Island IA-IL MSA,2013,0.5087,21150.0,41.39,-90.46,party registration
Deltona-Daytona Beach-Ormond Beach FL MSA,2013,0.6119,20730.0,29.18,-81.19,party registration
Muskegon-Norton Shores MI MSA,2013,0.4927,6999.0,43.43,-86.42,primary-based
Utica-Rome NY MSA,2013,0.6017,11980.0,43.33,-75.17,party registration
Wenatchee WA MSA,2013,0.5432,4246.0,47.77,-120.3,primary-based
Augusta-Richmond County GA-SC MSA,2013,0.6243,10240.0,33.46,-81.98,primary-based
Beaumont-Port Arthur TX MSA,2013,0.6414,12630.0,30.08,-94.2,primary-based
Youngstown-Warren-Boardman OH-PA MSA,2013,0.5201,18700.0,41.24,-80.56,primary-based
College Station-Bryan TX MSA,2013,0.6553,11910.0,30.75,-96.49,primary-based
Binghamton NY MSA,2013,0.5219,12140.0,42.16,-76.02,party registration
Clarksville TN-KY MSA,2013,0.5955,15160.0,36.7,-87.62,primary-based
Poughkeepsie-Newburgh-Middletown NY MSA,2013,0.4659,32560.0,41.58,-74.03,party registration
Cincinnati-Middletown OH-KY-IN MSA,2013,0.5981,170800.0,39.1,-84.48,primary-based
Sioux Falls SD MSA,2013,0.6715,20520.0,43.5,-97.0,party registration
Albuquerque NM MSA,2013,0.4202,47760.0,35.12,-106.5,party registration
Wichita KS MSA,2013,0.6896,41410.0,37.64,-97.25,party registration
Nashville-Davidson-Murfreesboro-Franklin TN MSA,2013,0.5806,149300.0,36.12,-86.64,primary-based
Tampa-St. Petersburg-Clearwater FL,2013,0.5449,187900.0,28.12,-82.53,party registration
Gainesville GA MSA,2013,0.7203,1340.0,34.32,-83.82,primary-based
Rocky Mount NC MSA,2013,0.4281,5170.0,35.94,-77.8,party registration
Owensboro KY MSA,2013,0.562,5159.0,37.69,-87.08,party registration
Atlantic City NJ MSA,2013,0.4883,9600.0,39.47,-74.63,party registration
Sheboygan WI MSA,2013,0.7571,8101.0,43.74,-87.73,modelled by L2
Texarkana TX-Texarkana AR MSA,2013,0.7193,3847.0,33.48,-94.21,party registration
Merced CA MSA,2013,0.4737,5664.0,37.19,-120.7,party registration
Yakima WA MSA,2013,0.5124,7276.0,46.46,-120.7,primary-based
Lafayette IN MSA,2013,0.5639,15180.0,40.48,-87.02,primary-based
Monroe MI MSA,2013,0.6266,2985.0,41.92,-83.49,primary-based
Michigan City-La Porte IN MSA,2013,0.511,3806.0,41.55,-86.74,primary-based
Green Bay WI MSA,2013,0.7557,26960.0,44.47,-88.0,modelled by L2
Appleton WI MSA,2013,0.7519,20840.0,44.29,-88.37,modelled by L2
Worcester MA MSA,2013,0.3508,47810.0,42.22,-71.93,party registration
Fort Collins-Loveland CO MSA,2013,0.4604,34040.0,40.66,-105.5,party registration
Baltimore-Towson MD MSA,2013,0.3671,205600.0,39.3,-76.55,party registration
Peoria IL MSA,2013,0.6053,21680.0,40.71,-89.7,primary-based
Fresno CA MSA,2013,0.5446,33920.0,36.76,-119.7,party registration
Jackson MS MSA,2013,0.5352,33710.0,32.43,-90.2,primary-based
Minneapolis-St. Paul-Bloomington MN-WI MSA,2013,0.5591,283500.0,45.1,-93.28,modelled by L2
New York-Northern New Jersey-Long Island NY-NJ-PA MSA,2013,0.3183,1266000.0,40.77,-73.87,party registration
Springfield MA MSA,2013,0.2795,36370.0,42.36,-72.62,party registration
Chicago-Naperville-Joliet IL-IN-WI MSA,2013,0.313,708300.0,41.82,-87.83,primary-based
Athens-Clark County GA MSA,2013,0.4858,2369.0,33.94,-83.21,primary-based
Jackson TN MSA,2013,0.7024,922.0,35.75,-88.88,primary-based
Morristown TN MSA,2013,0.8305,2464.0,36.17,-83.42,primary-based
Sebastian-Vero Beach FL MSA,2013,0.7007,5896.0,27.7,-80.57,party registration
State College PA MSA,2013,0.4526,10950.0,40.91,-77.85,party registration
Palm Bay-Melbourne-Titusville FL MSA,2013,0.6592,18460.0,28.3,-80.7,party registration
Monroe LA MSA,2013,0.5948,11770.0,32.73,-92.1,party registration
Anderson SC MSA,2013,0.7151,6299.0,34.68,-82.41,primary-based
Bowling Green KY MSA,2013,0.5713,7104.0,37.05,-86.4,party registration
Olympia WA MSA,2013,0.3429,14740.0,46.94,-122.8,primary-based
Parkersburg-Marietta-Vienna WV-OH MSA,2013,0.7241,4873.0,39.14,-81.46,party registration
Springfield IL MSA,2013,0.584,12690.0,39.83,-89.7,primary-based
Iowa City IA MSA,2013,0.2969,14870.0,41.52,-91.65,party registration
Canton-Massillon OH MSA,2013,0.584,26160.0,40.71,-81.26,primary-based
Des Moines-West Des Moines IA MSA,2013,0.5065,64300.0,41.58,-93.76,party registration
Eau Claire WI MSA,2013,0.6181,11880.0,44.94,-91.28,modelled by L2
Fayetteville NC MSA,2013,0.4217,16020.0,35.16,-78.93,party registration
Elkhart-Goshen IN MSA,2013,0.7002,10070.0,41.6,-85.86,primary-based
Gulfport-Biloxi MS MSA,2013,0.717,11870.0,30.48,-89.0,primary-based
Chico CA MSA,2013,0.4735,9521.0,39.67,-121.6,party registration
Wheeling WV-OH MSA,2013,0.6242,4533.0,39.98,-80.85,party registration
Myrtle Beach-Conway-North Myrtle Beach SC MSA,2013,0.6843,15660.0,33.97,-78.61,primary-based
Providence-New Bedford-Fall River RI-MA MSA,2013,0.3151,94700.0,41.71,-71.29,party registration
Lawton OK MSA,2013,0.6161,3942.0,34.53,-98.43,party registration
Ames IA MSA,2013,0.4305,8045.0,42.04,-93.7,party registration
Florence SC MSA,2013,0.5388,8028.0,34.15,-79.81,primary-based
Atlanta-Sandy Springs-Marietta GA MSA,2013,0.4162,251300.0,33.69,-84.4,primary-based
Pittsburgh PA MSA,2013,0.4811,194000.0,40.44,-79.84,party registration
Las Vegas-Paradise NV MSA,2013,0.4901,129600.0,36.21,-115.0,party registration
Detroit-Warren-Livonia MI MSA,2013,0.4275,270600.0,42.72,-83.2,primary-based
Rome GA MSA,2013,0.6839,692.0,34.26,-85.21,primary-based
Battle Creek MI MSA,2013,0.5118,6682.0,42.24,-85.01,primary-based
Cheyenne WY MSA,2013,0.7852,5393.0,41.29,-104.7,party registration
Grand Forks ND-MN MSA,2013,0.4879,5404.0,47.84,-96.84,modelled by L2
Glens Falls NY MSA,2013,0.5665,5450.0,43.44,-73.64,party registration
Kokomo IN MSA,2013,0.7128,4975.0,40.48,-86.11,primary-based
Mansfield OH MSA,2013,0.7764,927.0,40.77,-82.54,primary-based
Altoona PA MSA,2013,0.715,5749.0,40.5,-78.31,party registration
Tallahassee FL MSA,2013,0.4043,28990.0,30.35,-84.27,party registration
Harrisburg-Carlisle PA MSA,2013,0.5718,46920.0,40.34,-77.05,party registration
Rochester MN MSA,2013,0.6504,15370.0,43.95,-92.33,modelled by L2
Casper WY MSA,2013,0.7669,6292.0,42.98,-106.8,party registration
Missoula MT MSA,2013,0.5018,7868.0,47.03,-113.9,modelled by L2
Cape Girardeau-Jackson MO-IL MSA,2013,0.7852,3710.0,37.33,-89.76,modelled by L2
Gainesville FL MSA,2013,0.3967,20950.0,29.45,-82.67,party registration
South Bend-Mishawaka IN-MI MSA,2013,0.4922,20880.0,41.77,-86.12,primary-based
Dayton OH MSA,2013,0.6201,60560.0,39.83,-84.14,primary-based
St. Louis MO-IL MSA,2013,0.5954,205800.0,38.74,-90.35,modelled by L2
Dallas-Fort Worth-Arlington TX MSA,2013,0.5555,455000.0,32.85,-96.97,primary-based
Florence-Muscle Shoals AL MSA,2013,0.7219,5020.0,34.8,-87.72,modelled by L2
Warner Robins GA MSA,2013,0.6008,1441.0,32.49,-83.71,primary-based
St. George UT MSA,2013,0.8769,5249.0,37.26,-113.5,party registration
Salisbury MD MSA,2013,0.5104,4957.0,38.4,-75.48,party registration
Mankato-North Mankato MN MSA,2013,0.5902,6621.0,44.15,-94.15,modelled by L2
Bloomington-Normal IL MSA,2013,0.5357,9918.0,40.49,-88.84,primary-based
Hartford-West Hartford-East Hartford CT MSA,2013,0.3796,79200.0,41.72,-72.57,party registration
Springfield MO MSA,2013,0.8002,28180.0,37.36,-93.18,modelled by L2
Charleston-North Charleston SC MSA,2013,0.5925,57470.0,33.02,-80.01,primary-based
Fort Smith AR-OK MSA,2013,0.7548,9853.0,35.46,-94.3,party registration
Oklahoma City OK MSA,2013,0.6413,86060.0,35.43,-97.51,party registration
New Orleans-Metairie-Kenner LA MSA,2013,0.4932,74770.0,30.05,-89.93,party registration
Denver-Aurora CO MSA,2013,0.4074,284700.0,39.43,-104.9,party registration
St. Joseph MO-KS MSA,2013,0.8233,888.0,39.83,-94.78,modelled by L2
Goldsboro NC MSA,2013,0.5754,4174.0,35.35,-78.01,party registration
Valdosta GA MSA,2013,0.5574,1374.0,30.83,-83.24,primary-based
Springfield OH MSA,2013,0.6416,5582.0,39.92,-83.78,primary-based
Kankakee-Bradley IL MSA,2013,0.6223,4271.0,41.14,-87.86,primary-based
San Angelo TX MSA,2013,0.6922,4680.0,31.48,-100.8,primary-based
Burlington NC MSA,2013,0.5099,7765.0,36.04,-79.4,party registration
Morgantown WV MSA,2013,0.5091,8090.0,39.53,-79.8,party registration
Rockford IL MSA,2013,0.547,19660.0,42.33,-89.04,primary-based
Erie PA MSA,2013,0.4909,16750.0,42.12,-80.1,party registration
Bismarck ND MSA,2013,0.74,6623.0,46.89,-101.0,modelled by L2
Spartanburg SC MSA,2013,0.6739,13440.0,34.93,-81.99,primary-based
Waterloo-Cedar Falls IA MSA,2013,0.5204,10250.0,42.54,-92.47,party registration
Duluth MN-WI MSA,2013,0.5148,16230.0,47.35,-92.16,modelled by L2
York-Hanover PA MSA,2013,0.6475,23010.0,39.92,-76.73,party registration
Chattanooga TN-GA MSA,2013,0.6579,32730.0,35.05,-85.36,primary-based
Corpus Christi TX MSA,2013,0.5485,17990.0,27.83,-97.51,primary-based
Akron OH MSA,2013,0.5104,44750.0,41.15,-81.35,primary-based
Louisville/Jefferson County KY-IN MSA,2013,0.4903,97270.0,38.31,-85.68,party registration
Salt Lake City UT MSA,2013,0.6662,97480.0,40.57,-113.0,party registration
Greenville-Mauldin-Easley SC MSA,2013,0.6957,55160.0,34.68,-82.41,primary-based
Port St. Lucie FL MSA,2013,0.6016,17910.0,27.23,-80.43,party registration
Huntsville AL MSA,2013,0.6402,31880.0,34.78,-86.73,modelled by L2
Charlottesville VA MSA,2013,0.3605,20390.0,37.95,-78.59,primary-based
Boise City-Nampa ID MSA,2013,0.6855,51660.0,43.01,-116.1,party registration
Phoenix-Mesa-Scottsdale AZ MSA,2013,0.5656,297000.0,33.19,-112.1,party registration
Albany-Schenectady-Troy NY MSA,2013,0.4096,63300.0,42.79,-73.94,party registration
Orlando-Kissimmee FL MSA,2013,0.4626,187400.0,28.43,-81.36,party registration
Lawrence KS MSA,2013,0.4211,1816.0,38.9,-95.29,party registration
Jackson MI MSA,2013,0.6162,2056.0,42.25,-84.42,primary-based
Fairbanks AK MSA,2013,0.6504,5183.0,64.68,-146.5,party registration
Mount Vernon-Anacortes WA MSA,2013,0.4124,4224.0,48.49,-121.8,primary-based
Logan UT-ID MSA,2013,0.8273,6314.0,41.89,-111.8,party registration
Trenton-Ewing NJ MSA,2013,0.2995,26600.0,40.28,-74.7,party registration
Fayetteville-Springdale-Rogers AR-MO MSA,2013,0.6622,37380.0,36.12,-94.08,party registration
Santa Rosa-Petaluma CA MSA,2013,0.25,26780.0,38.53,-122.9,party registration
Tucson AZ MSA,2013,0.446,60340.0,32.13,-111.8,party registration
Flint MI MSA,2013,0.4032,14640.0,43.02,-83.71,primary-based
Riverside-San Bernardino-Ontario CA MSA,2013,0.4984,143600.0,34.54,-116.1,party registration
Mobile AL MSA,2013,0.6127,20120.0,30.97,-88.21,modelled by L2
Johnson City TN MSA,2013,0.7743,9254.0,36.27,-82.33,primary-based
Santa Barbara-Santa Maria-Goleta CA MSA,2013,0.3279,26800.0,34.54,-120.0,party registration
Amarillo TX MSA,2013,0.7614,11900.0,35.25,-101.9,primary-based
Toledo OH MSA,2013,0.5067,38460.0,41.56,-83.52,primary-based
Washington-Arlington-Alexandria DC-VA-MD-WV MSA,2013,0.2923,419000.0,38.8,-77.49,party registration
Charlotte-Gastonia-Concord NC-SC MSA,2013,0.4822,192600.0,35.17,-80.8,party registration
Brunswick GA MSA,2013,0.6527,586.0,31.3,-81.59,primary-based
Farmington NM MSA,2013,0.7318,3193.0,36.51,-108.3,party registration
Manhattan KS MSA,2013,0.6164,5122.0,39.27,-96.56,party registration
Modesto CA MSA,2013,0.5348,17610.0,37.56,-121.0,party registration
Buffalo-Niagara Falls NY MSA,2013,0.4426,52290.0,43.04,-78.78,party registration
Ocala FL MSA,2013,0.6649,12140.0,29.2,-82.04,party registration
Waco TX MSA,2013,0.6508,13520.0,31.43,-97.09,primary-based
Gadsden AL MSA,2013,0.7525,2970.0,34.05,-86.03,modelled by L2
Syracuse NY MSA,2013,0.4746,45670.0,43.01,-76.2,party registration
Fort Wayne IN MSA,2013,0.6639,31930.0,41.11,-85.22,primary-based
Allentown-Bethlehem-Easton PA-NJ MSA,2013,0.514,55660.0,40.79,-75.4,party registration
Lexington-Fayette KY MSA,2013,0.4744,42630.0,38.1,-84.44,party registration
Ogden-Clearfield UT MSA,2013,0.826,24020.0,41.62,-113.1,party registration
Portland-Vancouver-Beaverton OR-WA MSA,2013,0.3043,223400.0,45.6,-122.5,party registration
Odessa TX MSA,2013,0.6191,6671.0,31.87,-102.5,primary-based
Raleigh-Cary NC MSA,2013,0.4102,146400.0,35.76,-78.46,party registration
Boston-Cambridge-Quincy MA-NH MSA,2013,0.2562,457000.0,42.52,-71.02,party registration
Fond du Lac WI MSA,2013,0.769,1257.0,43.75,-88.49,modelled by L2
Dothan AL MSA,2013,0.7454,4713.0,31.25,-85.47,modelled by L2
Decatur IL MSA,2013,0.6517,884.0,39.86,-88.96,primary-based
Decatur AL MSA,2013,0.8065,1505.0,34.49,-87.1,modelled by L2
Cleveland TN MSA,2013,0.7586,1405.0,35.14,-84.66,primary-based
Bloomington IN MSA,2013,0.3945,14300.0,39.24,-86.67,primary-based
Sherman-Denison TX MSA,2013,0.8007,4211.0,33.62,-96.68,primary-based
La Crosse WI-MN MSA,2013,0.5885,10850.0,43.78,-91.32,modelled by L2
Cumberland MD-WV MSA,2013,0.6403,2685.0,39.53,-78.81,party registration
Billings MT MSA,2013,0.7371,8604.0,45.64,-108.8,modelled by L2
McAllen-Edinburg-Mission TX MSA,2013,0.1467,8754.0,26.4,-98.18,primary-based
Stockton CA MSA,2013,0.4563,21180.0,37.93,-121.3,party registration
Lafayette LA MSA,2013,0.6876,20470.0,29.96,-92.05,party registration
Oshkosh-Neenah WI MSA,2013,0.6759,14360.0,44.09,-88.67,modelled by L2
Dover DE MSA,2013,0.4739,7028.0,39.1,-75.5,party registration
Muncie IN MSA,2013,0.544,6643.0,40.23,-85.4,primary-based
Pittsfield MA MSA,2013,0.1669,7100.0,42.37,-73.22,party registration
Cedar Rapids IA MSA,2013,0.4889,22800.0,42.09,-91.63,party registration
Lincoln NE MSA,2013,0.5556,28030.0,40.82,-96.87,party registration
Anniston-Oxford AL MSA,2013,0.7328,2600.0,33.77,-85.83,modelled by L2
Lancaster PA MSA,2013,0.6021,32450.0,40.04,-76.25,party registration
Rochester NY MSA,2013,0.4685,84500.0,43.15,-77.52,party registration
Durham NC MSA,2013,0.2582,51470.0,36.06,-78.99,party registration
Carson City NV MSA,2013,0.6221,2564.0,39.15,-119.7,party registration
Lewiston ID-WA MSA,2013,0.7108,1706.0,46.25,-116.9,party registration
Columbus IN MSA,2013,0.6476,1083.0,39.21,-85.9,primary-based
Weirton-Steubenville WV-OH MSA,2013,0.6214,3177.0,40.39,-80.7,party registration
Winchester VA-WV MSA,2013,0.6217,5854.0,39.27,-78.47,primary-based
Huntington-Ashland WV-KY-OH MSA,2013,0.5963,7754.0,38.41,-82.54,party registration
Sioux City IA-NE-SD MSA,2013,0.6773,5882.0,42.51,-96.44,party registration
Bay City MI MSA,2013,0.5167,3497.0,43.7,-83.98,primary-based
Blacksburg-Christiansburg-Radford VA MSA,2013,0.455,9751.0,37.12,-80.56,primary-based
Midland TX MSA,2013,0.6879,10750.0,32.09,-102.0,primary-based
Grand Junction CO MSA,2013,0.7514,7954.0,39.02,-108.5,party registration
Janesville WI MSA,2013,0.5596,7155.0,42.67,-89.08,modelled by L2
Dubuque IA MSA,2013,0.5192,7573.0,42.46,-90.88,party registration
Sumter SC MSA,2013,0.5078,3875.0,33.79,-80.29,primary-based
Lewiston-Auburn ME MSA,2013,0.5244,2771.0,44.17,-70.21,party registration
Rapid City SD MSA,2013,0.7555,6712.0,44.31,-102.8,party registration
Wichita Falls TX MSA,2013,0.8594,5682.0,33.78,-98.5,primary-based
Bakersfield CA MSA,2013,0.6149,27930.0,35.35,-118.7,party registration
Reading PA MSA,2013,0.5586,20920.0,40.41,-75.93,party registration
Visalia-Porterville CA MSA,2013,0.6088,9752.0,36.23,-118.8,party registration
Virginia Beach-Norfolk-Newport News VA-NC MSA,2013,0.4501,119700.0,36.8,-76.45,primary-based
Cape Coral-Fort Myers FL MSA,2013,0.6634,33270.0,26.56,-81.98,party registration
Indianapolis-Carmel IN MSA,2013,0.5588,174200.0,39.75,-86.21,primary-based
San Antonio TX MSA,2013,0.4864,154000.0,29.43,-98.61,primary-based
Montgomery AL MSA,2013,0.5439,20840.0,32.37,-86.4,modelled by L2
Hinesville-Fort Stewart GA MSA,2013,0.4308,1143.0,31.78,-81.58,primary-based
Kansas City MO-KS MSA,2013,0.5918,193600.0,38.93,-94.44,modelled by L2
Grand Rapids-Wyoming MI MSA,2013,0.5257,71220.0,43.04,-85.78,primary-based
Elmira NY MSA,2013,0.6133,2341.0,42.15,-76.75,party registration
Longview WA MSA,2013,0.5609,1920.0,46.2,-122.7,primary-based
Santa Fe NM MSA,2013,0.1991,7663.0,35.51,-106.0,party registration
Abilene TX MSA,2013,0.8645,7551.0,32.45,-99.72,primary-based
Panama City-Lynn Haven FL MSA,2013,0.7589,3444.0,30.16,-85.53,party registration
Yuba City CA MSA,2013,0.6304,3750.0,39.16,-121.5,party registration
Idaho Falls ID MSA,2013,0.8685,6423.0,43.62,-112.4,party registration
Alexandria LA MSA,2013,0.7236,2240.0,31.33,-92.55,party registration
Naples-Marco Island FL MSA,2013,0.6979,2271.0,26.12,-81.4,party registration
Vallejo-Fairfield CA MSA,2013,0.3677,16140.0,38.27,-121.9,party registration
Fort Walton Beach-Crestview-Destin FL MSA,2013,0.7624,10160.0,30.59,-86.36,party registration
Manchester-Nashua NH MSA,2013,0.5129,22630.0,42.91,-71.72,party registration
Jacksonville NC MSA,2013,0.6847,5207.0,34.76,-77.5,party registration
Fargo ND-MN MSA,2013,0.5183,18650.0,46.91,-96.96,modelled by L2
Williamsport PA MSA,2013,0.6972,6107.0,41.34,-77.06,party registration
San Luis Obispo-Paso Robles CA MSA,2013,0.4299,16790.0,35.39,-120.4,party registration
Lake Havasu City-Kingman AZ MSA,2013,0.8124,4307.0,35.72,-113.7,party registration
Evansville IN-KY MSA,2013,0.6248,21180.0,38.02,-87.59,primary-based
Birmingham-Hoover AL MSA,2013,0.6714,23570.0,33.4,-86.73,modelled by L2
Pensacola-Ferry Pass-Brent FL MSA,2013,0.696,26860.0,30.61,-87.16,party registration
Sacramento-Arden-Arcade-Roseville CA MSA,2013,0.4285,145400.0,38.79,-121.0,party registration
San Francisco-Oakland-Fremont CA MSA,2013,0.1993,302500.0,37.77,-122.3,party registration
Milwaukee-Waukesha-West Allis WI MSA,2013,0.621,156300.0,42.91,-87.86,modelled by L2
Madison WI MSA,2013,0.4563,80920.0,43.08,-89.6,modelled by L2
San Jose-Sunnyvale-Santa Clara CA MSA,2013,0.2468,177000.0,36.91,-121.4,party registration
Lynchburg VA MSA,2013,0.6321,13310.0,37.36,-79.22,primary-based
Houma-Bayou Cane-Thibodaux LA MSA,2013,0.7351,8894.0,29.33,-90.84,party registration
Greeley CO MSA,2013,0.6417,12140.0,40.56,-104.4,party registration
Los Angeles-Long Beach-Santa Ana CA MSA,2013,0.3446,694700.0,34.11,-118.2,party registration
San Diego-Carlsbad-San Marcos CA MSA,2013,0.408,277100.0,33.02,-116.8,party registration
Austin-Round Rock TX MSA,2013,0.3902,226200.0,30.25,-97.65,primary-based
Punta Gorda FL MSA,2013,0.7079,2581.0,26.91,-82.0,party registration
Champaign-Urbana IL MSA,2013,0.4162,17220.0,40.1,-88.32,primary-based
Niles-Benton Harbor MI MSA,2013,0.534,6127.0,41.79,-86.74,primary-based
Hagerstown-Martinsburg MD-WV MSA,2013,0.638,10150.0,39.55,-77.98,party registration
Napa CA MSA,2013,0.3142,7685.0,38.51,-122.3,party registration
Bangor ME MSA,2013,0.5375,3657.0,45.41,-68.67,party registration
Pine Bluff AR MSA,2013,0.43,2148.0,34.08,-91.95,party registration
Little Rock-North Little Rock-Conway AR MSA,2013,0.5584,44340.0,34.76,-92.4,party registration
Boulder CO MSA,2013,0.2717,39190.0,40.09,-105.4,party registration
Bend OR MSA,2013,0.4591,12540.0,43.92,-121.2,party registration
Omaha-Council Bluffs NE-IA MSA,2013,0.5893,85160.0,41.29,-96.0,party registration
Burlington-South Burlington VT MSA,2013,0.2534,18460.0,44.69,-73.04,modelled by L2
Tuscaloosa AL MSA,2013,0.576,11720.0,33.1,-87.8,modelled by L2
Spokane WA MSA,2013,0.4871,35100.0,48.09,-117.7,primary-based
Columbia SC MSA,2013,0.4929,47800.0,34.08,-81.04,primary-based
Columbia MO MSA,2013,0.5634,16170.0,38.99,-92.59,modelled by L2
Greensboro-High Point NC MSA,2013,0.4955,55540.0,36.03,-79.79,party registration
Auburn-Opelika AL MSA,2013,0.6262,3601.0,32.6,-85.35,modelled by L2
Kingsport-Bristol-Bristol TN-VA MSA,2013,0.8127,8564.0,36.6,-82.44,primary-based
Provo-Orem UT MSA,2013,0.8625,39530.0,39.87,-112.4,party registration
Victoria TX MSA,2013,0.698,1457.0,28.73,-97.2,primary-based
Lima OH MSA,2013,0.7733,1128.0,40.77,-84.11,primary-based
Vineland-Millville-Bridgeton NJ MSA,2013,0.4814,4154.0,39.33,-75.12,party registration
Greenville NC MSA,2013,0.4577,11430.0,35.59,-77.37,party registration
Asheville NC MSA,2013,0.4527,26120.0,35.6,-82.68,party registration
Shreveport-Bossier City LA MSA,2013,0.6049,17220.0,32.44,-93.74,party registration
Columbus GA-AL MSA,2013,0.5042,2483.0,32.42,-84.84,primary-based
Prescott AZ MSA,2013,0.7171,5781.0,34.63,-112.6,party registration
Anchorage AK MSA,2013,0.6269,24190.0,62.21,-149.7,party registration
Baton Rouge LA MSA,2013,0.5873,50540.0,30.52,-91.13,party registration
Winston-Salem NC MSA,2013,0.6675,9169.0,36.08,-80.35,party registration
Miami-Fort Lauderdale-Pompano Beach FL MSA,2013,0.4034,286500.0,26.1,-80.48,party registration
Madera CA MSA,2013,0.631,1133.0,37.21,-119.7,party registration
Redding CA MSA,2013,0.6975,6336.0,40.76,-122.0,party registration
Norwich-New London CT MSA,2013,0.4215,15060.0,41.47,-72.11,party registration
Hickory-Lenoir-Morganton NC MSA,2013,0.7256,14280.0,35.81,-81.46,party registration
Coeur d'Alene ID MSA,2013,0.8383,2801.0,47.68,-116.7,party registration
Johnstown PA MSA,2013,0.6174,5104.0,40.51,-78.71,party registration
Bremerton-Silverdale WA MSA,2013,0.4088,12280.0,47.64,-122.6,primary-based
El Paso TX MSA,2013,0.2287,29650.0,31.53,-105.5,primary-based
Wausau WI MSA,2013,0.7181,8156.0,45.05,-89.76,modelled by L2
Scranton--Wilkes-Barre PA MSA,2013,0.4765,20730.0,41.32,-75.9,party registration
New Haven-Milford CT MSA,2013,0.3714,47280.0,41.35,-72.9,party registration
Lansing-East Lansing MI MSA,2013,0.3697,39890.0,42.77,-84.5,primary-based
Killeen-Temple-Fort Hood TX MSA,2013,0.5589,23050.0,31.2,-97.79,primary-based
Ithaca NY MSA,2013,0.2475,10470.0,42.45,-76.47,party registration
St. Cloud MN MSA,2013,0.7051,12840.0,45.59,-94.49,modelled by L2
Topeka KS MSA,2013,0.6185,14030.0,39.04,-95.8,party registration
Salinas CA MSA,2013,0.331,16920.0,36.24,-121.3,party registration
Knoxville TN MSA,2013,0.6866,52740.0,36.01,-84.21,primary-based
Ann Arbor MI MSA,2013,0.2881,42660.0,42.25,-83.84,primary-based
Lakeland FL MSA,2013,0.6279,25420.0,27.95,-81.69,party registration
Barnstable Town MA MSA,2013,0.3519,10260.0,41.71,-70.16,party registration
Joplin MO MSA,2013,0.8524,6749.0,37.06,-94.34,modelled by L2
El Centro CA MSA,2013,0.3863,2912.0,33.04,-115.4,party registration
Dalton GA MSA,2013,0.7802,1106.0,34.8,-84.86,primary-based
Yuma AZ MSA,2013,0.5964,5332.0,32.77,-113.9,party registration
Hanford-Corcoran CA MSA,2013,0.6112,3018.0,36.07,-119.8,party registration
Pueblo CO MSA,2013,0.5046,6295.0,38.16,-104.5,party registration
Laredo TX MSA,2013,0.1073,5001.0,27.76,-99.34,primary-based
Albany GA MSA,2013,0.5133,491.0,31.64,-84.11,primary-based
Lebanon PA MSA,2013,0.6745,8125.0,40.37,-76.46,party registration
Salem OR MSA,2013,0.4885,17060.0,44.9,-122.9,party registration
Kalamazoo-Portage MI MSA,2013,0.4383,27720.0,42.25,-85.53,primary-based
Reno-Sparks NV MSA,2013,0.5482,28640.0,40.5,-119.7,party registration
Kingston NY MSA,2013,0.354,4944.0,41.95,-74.27,party registration
Jefferson City MO MSA,2013,0.8106,8292.0,38.64,-92.09,modelled by L2
Tyler TX MSA,2013,0.7296,11690.0,32.38,-95.27,primary-based
Ocean City NJ MSA,2013,0.6218,2877.0,39.09,-74.85,party registration
Elizabethtown KY MSA,2013,0.5787,5708.0,37.73,-85.97,party registration
Harrisonburg VA MSA,2013,0.5137,6804.0,38.51,-78.89,primary-based
Saginaw-Saginaw Township North MI MSA,2013,0.4935,9627.0,43.33,-84.06,primary-based
Great Falls MT MSA,2013,0.7194,3161.0,47.32,-111.4,modelled by L2
Longview TX MSA,2013,0.7442,9645.0,32.43,-94.68,primary-based
Savannah GA MSA,2013,0.5071,3147.0,32.11,-81.27,primary-based
Eugene-Springfield OR MSA,2013,0.3352,24150.0,43.93,-122.9,party registration
Cumberland MD-WV MSA,2014,0.6416,2764.0,39.53,-78.81,party registration
Bloomington IN MSA,2014,0.3862,15270.0,39.24,-86.67,primary-based
Billings MT MSA,2014,0.7355,9097.0,45.64,-108.8,modelled by L2
McAllen-Edinburg-Mission TX MSA,2014,0.1428,9338.0,26.4,-98.18,primary-based
Dover DE MSA,2014,0.4671,7256.0,39.1,-75.5,party registration
Oshkosh-Neenah WI MSA,2014,0.6691,14860.0,44.09,-88.67,modelled by L2
Lafayette LA MSA,2014,0.6859,21720.0,29.96,-92.05,party registration
Lincoln NE MSA,2014,0.5516,29380.0,40.82,-96.87,party registration
Decatur IL MSA,2014,0.6428,898.0,39.86,-88.96,primary-based
El Centro CA MSA,2014,0.3806,3032.0,33.04,-115.4,party registration
Roanoke VA MSA,2014,0.5675,22610.0,37.29,-79.95,primary-based
Jonesboro AR MSA,2014,0.6849,4282.0,35.7,-90.65,party registration
Lake Charles LA MSA,2014,0.6489,12680.0,29.98,-93.25,party registration
Lubbock TX MSA,2014,0.6571,20050.0,33.47,-101.6,primary-based
Hot Springs AR MSA,2014,0.6774,2339.0,34.58,-93.15,party registration
Racine WI MSA,2014,0.5943,11060.0,42.78,-87.77,modelled by L2
Yuma AZ MSA,2014,0.582,5512.0,32.77,-113.9,party registration
Lebanon PA MSA,2014,0.6692,8555.0,40.37,-76.46,party registration
Victoria TX MSA,2014,0.6892,1587.0,28.73,-97.2,primary-based
Greenville NC MSA,2014,0.458,12060.0,35.59,-77.37,party registration
Lakeland FL MSA,2014,0.6237,26840.0,27.95,-81.69,party registration
Topeka KS MSA,2014,0.608,14550.0,39.04,-95.8,party registration
Columbus GA-AL MSA,2014,0.5008,2640.0,32.42,-84.84,primary-based
Prescott AZ MSA,2014,0.7107,6015.0,34.63,-112.6,party registration
Lima OH MSA,2014,0.7739,1157.0,40.77,-84.11,primary-based
Jacksonville FL MSA,2014,0.5945,116400.0,30.24,-81.75,party registration
Pueblo CO MSA,2014,0.5031,6589.0,38.16,-104.5,party registration
Bellingham WA MSA,2014,0.3358,15610.0,48.84,-121.8,primary-based
Seattle-Tacoma-Bellevue WA MSA,2014,0.2565,362800.0,47.49,-121.8,primary-based
Charleston WV MSA,2014,0.575,11540.0,38.36,-81.62,party registration
Cleveland-Elyria-Mentor OH MSA,2014,0.4481,175200.0,41.56,-81.6,primary-based
Rochester NY MSA,2014,0.4629,87460.0,43.15,-77.52,party registration
Panama City-Lynn Haven FL MSA,2014,0.7515,3610.0,30.16,-85.53,party registration
Lynchburg VA MSA,2014,0.629,14080.0,37.36,-79.22,primary-based
Yuba City CA MSA,2014,0.6212,3911.0,39.16,-121.5,party registration
Vallejo-Fairfield CA MSA,2014,0.3633,16760.0,38.27,-121.9,party registration
Greeley CO MSA,2014,0.6386,13090.0,40.56,-104.4,party registration
Jacksonville NC MSA,2014,0.6893,5186.0,34.76,-77.5,party registration
San Luis Obispo-Paso Robles CA MSA,2014,0.4239,18000.0,35.39,-120.4,party registration
Williamsport PA MSA,2014,0.6933,6413.0,41.34,-77.06,party registration
Alexandria LA MSA,2014,0.7321,2301.0,31.33,-92.55,party registration
Elmira NY MSA,2014,0.6217,2363.0,42.15,-76.75,party registration
Lake Havasu City-Kingman AZ MSA,2014,0.8075,4420.0,35.72,-113.7,party registration
Abilene TX MSA,2014,0.8629,7940.0,32.45,-99.72,primary-based
Longview WA MSA,2014,0.5593,2023.0,46.2,-122.7,primary-based
Columbia MO MSA,2014,0.543,17130.0,38.99,-92.59,modelled by L2
Little Rock-North Little Rock-Conway AR MSA,2014,0.5565,46460.0,34.76,-92.4,party registration
Columbia SC MSA,2014,0.4883,50420.0,34.08,-81.04,primary-based
Bend OR MSA,2014,0.4523,13320.0,43.92,-121.2,party registration
Spokane WA MSA,2014,0.4825,36980.0,48.09,-117.7,primary-based
Provo-Orem UT MSA,2014,0.8588,42780.0,39.87,-112.4,party registration
Champaign-Urbana IL MSA,2014,0.4053,18240.0,40.1,-88.32,primary-based
Greensboro-High Point NC MSA,2014,0.4918,58920.0,36.03,-79.79,party registration
Omaha-Council Bluffs NE-IA MSA,2014,0.5844,89420.0,41.29,-96.0,party registration
Pine Bluff AR MSA,2014,0.4319,2221.0,34.08,-91.95,party registration
Hagerstown-Martinsburg MD-WV MSA,2014,0.6378,10600.0,39.55,-77.98,party registration
Burlington-South Burlington VT MSA,2014,0.2485,19360.0,44.69,-73.04,modelled by L2
Boulder CO MSA,2014,0.2685,41540.0,40.09,-105.4,party registration
Kingsport-Bristol-Bristol TN-VA MSA,2014,0.8082,8799.0,36.6,-82.44,primary-based
Niles-Benton Harbor MI MSA,2014,0.5302,6337.0,41.79,-86.74,primary-based
Tuscaloosa AL MSA,2014,0.5693,12570.0,33.1,-87.8,modelled by L2
Bangor ME MSA,2014,0.5341,3800.0,45.41,-68.67,party registration
Auburn-Opelika AL MSA,2014,0.6261,3746.0,32.6,-85.35,modelled by L2
Napa CA MSA,2014,0.3126,8008.0,38.51,-122.3,party registration
Punta Gorda FL MSA,2014,0.6924,2719.0,26.91,-82.0,party registration
Richmond VA MSA,2014,0.4415,123300.0,37.41,-77.44,primary-based
Philadelphia-Camden-Wilmington PA-NJ-DE-MD MSA,2014,0.3706,444900.0,39.89,-75.31,party registration
Houston-Sugar Land-Baytown TX MSA,2014,0.5138,441100.0,29.75,-95.35,primary-based
Bridgeport-Stamford-Norwalk CT MSA,2014,0.376,68900.0,41.23,-73.37,party registration
Eugene-Springfield OR MSA,2014,0.3347,25370.0,43.93,-122.9,party registration
Macon GA MSA,2014,0.4618,3116.0,32.86,-83.71,primary-based
Memphis TN-AR-MS MSA,2014,0.4658,85600.0,35.02,-89.87,primary-based
Reno-Sparks NV MSA,2014,0.5445,30210.0,40.5,-119.7,party registration
Columbus OH MSA,2014,0.4771,190600.0,39.97,-82.84,primary-based
Colorado Springs CO MSA,2014,0.6283,58430.0,38.85,-104.6,party registration
Sarasota-Bradenton-Venice FL MSA,2014,0.6441,41750.0,27.33,-82.41,party registration
Kalamazoo-Portage MI MSA,2014,0.4297,28790.0,42.25,-85.53,primary-based
Wilmington NC MSA,2014,0.568,28010.0,34.43,-77.89,party registration
Ocean City NJ MSA,2014,0.609,3066.0,39.09,-74.85,party registration
Portland-South Portland-Biddeford ME MSA,2014,0.3743,27660.0,43.65,-70.42,party registration
Tyler TX MSA,2014,0.7254,12480.0,32.38,-95.27,primary-based
Salem OR MSA,2014,0.4882,17820.0,44.9,-122.9,party registration
Las Cruces NM MSA,2014,0.3965,7859.0,32.35,-106.8,party registration
Kingston NY MSA,2014,0.3498,5166.0,41.95,-74.27,party registration
Longview TX MSA,2014,0.7386,10170.0,32.43,-94.68,primary-based
Elizabethtown KY MSA,2014,0.5873,5763.0,37.73,-85.97,party registration
Jefferson City MO MSA,2014,0.8031,8649.0,38.64,-92.09,modelled by L2
Saginaw-Saginaw Township North MI MSA,2014,0.482,10070.0,43.33,-84.06,primary-based
Harrisonburg VA MSA,2014,0.5145,7106.0,38.51,-78.89,primary-based
Savannah GA MSA,2014,0.5102,3262.0,32.11,-81.27,primary-based
Great Falls MT MSA,2014,0.7176,3309.0,47.32,-111.4,modelled by L2
Anderson IN MSA,2014,0.6312,4976.0,39.75,-86.21,primary-based
Oxnard-Thousand Oaks-Ventura CA MSA,2014,0.4232,48340.0,34.36,-119.1,party registration
Miami-Fort Lauderdale-Pompano Beach FL MSA,2014,0.3996,304600.0,26.1,-80.48,party registration
Brownsville-Harlingen TX MSA,2014,0.1984,7642.0,26.1,-97.48,primary-based
Lansing-East Lansing MI MSA,2014,0.3624,42100.0,42.77,-84.5,primary-based
Johnstown PA MSA,2014,0.6151,5247.0,40.51,-78.71,party registration
New Haven-Milford CT MSA,2014,0.3683,49140.0,41.35,-72.9,party registration
Baton Rouge LA MSA,2014,0.5823,53780.0,30.52,-91.13,party registration
El Paso TX MSA,2014,0.2186,31130.0,31.53,-105.5,primary-based
Hickory-Lenoir-Morganton NC MSA,2014,0.7264,14970.0,35.81,-81.46,party registration
Tulsa OK MSA,2014,0.6831,71400.0,36.25,-96.18,party registration
Killeen-Temple-Fort Hood TX MSA,2014,0.5548,23460.0,31.2,-97.79,primary-based
Coeur d'Alene ID MSA,2014,0.8393,2919.0,47.68,-116.7,party registration
Norwich-New London CT MSA,2014,0.4176,15400.0,41.47,-72.11,party registration
Bremerton-Silverdale WA MSA,2014,0.4022,12790.0,47.64,-122.6,primary-based
Anchorage AK MSA,2014,0.6213,25420.0,62.21,-149.7,party registration
Hattiesburg MS MSA,2014,0.6328,7475.0,31.27,-89.3,primary-based
Medford OR MSA,2014,0.5918,8639.0,42.41,-122.7,party registration
Redding CA MSA,2014,0.7009,6746.0,40.76,-122.0,party registration
Winston-Salem NC MSA,2014,0.666,9500.0,36.08,-80.35,party registration
Terre Haute IN MSA,2014,0.5664,8901.0,39.48,-87.31,primary-based
Ithaca NY MSA,2014,0.2402,11080.0,42.45,-76.47,party registration
Scranton--Wilkes-Barre PA MSA,2014,0.4767,21660.0,41.32,-75.9,party registration
Wausau WI MSA,2014,0.7192,8587.0,45.05,-89.76,modelled by L2
Madera CA MSA,2014,0.6493,1166.0,37.21,-119.7,party registration
Dallas-Fort Worth-Arlington TX MSA,2014,0.5495,481600.0,32.85,-96.97,primary-based
St. Louis MO-IL MSA,2014,0.5865,215400.0,38.74,-90.35,modelled by L2
Tallahassee FL MSA,2014,0.3997,30970.0,30.35,-84.27,party registration
Dayton OH MSA,2014,0.6159,62760.0,39.83,-84.14,primary-based
Kokomo IN MSA,2014,0.711,5241.0,40.48,-86.11,primary-based
Missoula MT MSA,2014,0.4931,8373.0,47.03,-113.9,modelled by L2
Grand Forks ND-MN MSA,2014,0.4803,5755.0,47.84,-96.84,modelled by L2
Gainesville FL MSA,2014,0.3938,22320.0,29.45,-82.67,party registration
Cape Girardeau-Jackson MO-IL MSA,2014,0.7749,3898.0,37.33,-89.76,modelled by L2
Harrisburg-Carlisle PA MSA,2014,0.5671,49260.0,40.34,-77.05,party registration
Florence-Muscle Shoals AL MSA,2014,0.7229,5255.0,34.8,-87.72,modelled by L2
South Bend-Mishawaka IN-MI MSA,2014,0.4839,21820.0,41.77,-86.12,primary-based
Rochester MN MSA,2014,0.6406,15990.0,43.95,-92.33,modelled by L2
Casper WY MSA,2014,0.7647,6726.0,42.98,-106.8,party registration
Glens Falls NY MSA,2014,0.5606,5655.0,43.44,-73.64,party registration
Cheyenne WY MSA,2014,0.7838,5644.0,41.29,-104.7,party registration
Altoona PA MSA,2014,0.7098,6051.0,40.5,-78.31,party registration
Battle Creek MI MSA,2014,0.5008,7009.0,42.24,-85.01,primary-based
Rome GA MSA,2014,0.6795,715.0,34.26,-85.21,primary-based
Mansfield OH MSA,2014,0.7782,966.0,40.77,-82.54,primary-based
Fort Collins-Loveland CO MSA,2014,0.4541,35970.0,40.66,-105.5,party registration
Minneapolis-St. Paul-Bloomington MN-WI MSA,2014,0.55,290700.0,45.1,-93.28,modelled by L2
Baltimore-Towson MD MSA,2014,0.3641,215600.0,39.3,-76.55,party registration
New York-Northern New Jersey-Long Island NY-NJ-PA MSA,2014,0.3145,1337000.0,40.77,-73.87,party registration
Chicago-Naperville-Joliet IL-IN-WI MSA,2014,0.3075,743600.0,41.82,-87.83,primary-based
Sheboygan WI MSA,2014,0.7547,8525.0,43.74,-87.73,modelled by L2
Monroe MI MSA,2014,0.6168,3074.0,41.92,-83.49,primary-based
Worcester MA MSA,2014,0.3468,49750.0,42.22,-71.93,party registration
Merced CA MSA,2014,0.4718,6042.0,37.19,-120.7,party registration
Springfield MA MSA,2014,0.2765,37950.0,42.36,-72.62,party registration
Green Bay WI MSA,2014,0.7546,28030.0,44.47,-88.0,modelled by L2
Appleton WI MSA,2014,0.7464,21800.0,44.29,-88.37,modelled by L2
Jackson MS MSA,2014,0.529,35630.0,32.43,-90.2,primary-based
Fresno CA MSA,2014,0.539,35970.0,36.76,-119.7,party registration
Yakima WA MSA,2014,0.4999,7753.0,46.46,-120.7,primary-based
Atlantic City NJ MSA,2014,0.4838,9803.0,39.47,-74.63,party registration
Athens-Clark County GA MSA,2014,0.4792,2461.0,33.94,-83.21,primary-based
Lafayette IN MSA,2014,0.5568,16120.0,40.48,-87.02,primary-based
Texarkana TX-Texarkana AR MSA,2014,0.7209,4023.0,33.48,-94.21,party registration
Peoria IL MSA,2014,0.6,22340.0,40.71,-89.7,primary-based
Rocky Mount NC MSA,2014,0.4282,5296.0,35.94,-77.8,party registration
Owensboro KY MSA,2014,0.5601,5441.0,37.69,-87.08,party registration
Gainesville GA MSA,2014,0.7074,1461.0,34.32,-83.82,primary-based
Michigan City-La Porte IN MSA,2014,0.507,3903.0,41.55,-86.74,primary-based
Fort Wayne IN MSA,2014,0.6604,33720.0,41.11,-85.22,primary-based
Raleigh-Cary NC MSA,2014,0.4058,156700.0,35.76,-78.46,party registration
Allentown-Bethlehem-Easton PA-NJ MSA,2014,0.5103,58260.0,40.79,-75.4,party registration
Portland-Vancouver-Beaverton OR-WA MSA,2014,0.3007,236100.0,45.6,-122.5,party registration
Boston-Cambridge-Quincy MA-NH MSA,2014,0.2526,481700.0,42.52,-71.02,party registration
Lexington-Fayette KY MSA,2014,0.4731,45140.0,38.1,-84.44,party registration
Buffalo-Niagara Falls NY MSA,2014,0.4365,54130.0,43.04,-78.78,party registration
Waco TX MSA,2014,0.6405,14400.0,31.43,-97.09,primary-based
Syracuse NY MSA,2014,0.4702,47520.0,43.01,-76.2,party registration
Modesto CA MSA,2014,0.5237,18630.0,37.56,-121.0,party registration
Manhattan KS MSA,2014,0.6139,5307.0,39.27,-96.56,party registration
Odessa TX MSA,2014,0.6045,8006.0,31.87,-102.5,primary-based
Ogden-Clearfield UT MSA,2014,0.8237,24960.0,41.62,-113.1,party registration
Ocala FL MSA,2014,0.6679,12710.0,29.2,-82.04,party registration
Farmington NM MSA,2014,0.734,3312.0,36.51,-108.3,party registration
Gadsden AL MSA,2014,0.7527,3127.0,34.05,-86.03,modelled by L2
Brunswick GA MSA,2014,0.6484,647.0,31.3,-81.59,primary-based
Huntsville AL MSA,2014,0.635,33520.0,34.78,-86.73,modelled by L2
Louisville/Jefferson County KY-IN MSA,2014,0.486,102600.0,38.31,-85.68,party registration
Albany-Schenectady-Troy NY MSA,2014,0.4062,66300.0,42.79,-73.94,party registration
Salt Lake City UT MSA,2014,0.6616,102900.0,40.57,-113.0,party registration
Charlottesville VA MSA,2014,0.3568,21600.0,37.95,-78.59,primary-based
Orlando-Kissimmee FL MSA,2014,0.4559,199500.0,28.43,-81.36,party registration
Phoenix-Mesa-Scottsdale AZ MSA,2014,0.5606,313100.0,33.19,-112.1,party registration
Boise City-Nampa ID MSA,2014,0.6819,54340.0,43.01,-116.1,party registration
Chattanooga TN-GA MSA,2014,0.6515,34570.0,35.05,-85.36,primary-based
Port St. Lucie FL MSA,2014,0.5941,18800.0,27.23,-80.43,party registration
Greenville-Mauldin-Easley SC MSA,2014,0.6901,58740.0,34.68,-82.41,primary-based
Waterloo-Cedar Falls IA MSA,2014,0.5151,10740.0,42.54,-92.47,party registration
Akron OH MSA,2014,0.5047,46080.0,41.15,-81.35,primary-based
Erie PA MSA,2014,0.49,17480.0,42.12,-80.1,party registration
Spartanburg SC MSA,2014,0.6696,14120.0,34.93,-81.99,primary-based
Corpus Christi TX MSA,2014,0.5449,19290.0,27.83,-97.51,primary-based
Burlington NC MSA,2014,0.5067,8077.0,36.04,-79.4,party registration
Kankakee-Bradley IL MSA,2014,0.6167,4436.0,41.14,-87.86,primary-based
York-Hanover PA MSA,2014,0.6442,23860.0,39.92,-76.73,party registration
Rockford IL MSA,2014,0.5471,20540.0,42.33,-89.04,primary-based
Duluth MN-WI MSA,2014,0.4997,17180.0,47.35,-92.16,modelled by L2
San Angelo TX MSA,2014,0.6865,4967.0,31.48,-100.8,primary-based
Morgantown WV MSA,2014,0.5095,8672.0,39.53,-79.8,party registration
St. Joseph MO-KS MSA,2014,0.8237,926.0,39.83,-94.78,modelled by L2
Goldsboro NC MSA,2014,0.5773,4337.0,35.35,-78.01,party registration
Springfield OH MSA,2014,0.6418,5782.0,39.92,-83.78,primary-based
Bismarck ND MSA,2014,0.7331,7100.0,46.89,-101.0,modelled by L2
Valdosta GA MSA,2014,0.5747,1355.0,30.83,-83.24,primary-based
Grand Rapids-Wyoming MI MSA,2014,0.5138,75350.0,43.04,-85.78,primary-based
Indianapolis-Carmel IN MSA,2014,0.5521,183300.0,39.75,-86.21,primary-based
Cape Coral-Fort Myers FL MSA,2014,0.6582,35150.0,26.56,-81.98,party registration
Virginia Beach-Norfolk-Newport News VA-NC MSA,2014,0.4435,124300.0,36.8,-76.45,primary-based
Kansas City MO-KS MSA,2014,0.5833,202800.0,38.93,-94.44,modelled by L2
Bay City MI MSA,2014,0.5131,3579.0,43.7,-83.98,primary-based
San Antonio TX MSA,2014,0.4796,163800.0,29.43,-98.61,primary-based
Winchester VA-WV MSA,2014,0.6185,6162.0,39.27,-78.47,primary-based
Carson City NV MSA,2014,0.6279,2638.0,39.15,-119.7,party registration
Dubuque IA MSA,2014,0.5166,7914.0,42.46,-90.88,party registration
Montgomery AL MSA,2014,0.541,21770.0,32.37,-86.4,modelled by L2
Lewiston ID-WA MSA,2014,0.7074,1781.0,46.25,-116.9,party registration
Wichita Falls TX MSA,2014,0.8552,5885.0,33.78,-98.5,primary-based
Grand Junction CO MSA,2014,0.7483,8349.0,39.02,-108.5,party registration
Bakersfield CA MSA,2014,0.6076,29650.0,35.35,-118.7,party registration
Reading PA MSA,2014,0.5582,21750.0,40.41,-75.93,party registration
Visalia-Porterville CA MSA,2014,0.6019,10390.0,36.23,-118.8,party registration
Sioux City IA-NE-SD MSA,2014,0.6725,6242.0,42.51,-96.44,party registration
Sumter SC MSA,2014,0.5146,4010.0,33.79,-80.29,primary-based
Midland TX MSA,2014,0.68,11600.0,32.09,-102.0,primary-based
Blacksburg-Christiansburg-Radford VA MSA,2014,0.4434,10330.0,37.12,-80.56,primary-based
Lewiston-Auburn ME MSA,2014,0.5121,2847.0,44.17,-70.21,party registration
Janesville WI MSA,2014,0.5601,7388.0,42.67,-89.08,modelled by L2
Columbus IN MSA,2014,0.6324,1133.0,39.21,-85.9,primary-based
Huntington-Ashland WV-KY-OH MSA,2014,0.5929,8052.0,38.41,-82.54,party registration
Rapid City SD MSA,2014,0.7488,6959.0,44.31,-102.8,party registration
Hinesville-Fort Stewart GA MSA,2014,0.4232,1057.0,31.78,-81.58,primary-based
Weirton-Steubenville WV-OH MSA,2014,0.6162,3316.0,40.39,-80.7,party registration
Oklahoma City OK MSA,2014,0.6373,91380.0,35.43,-97.51,party registration
Denver-Aurora CO MSA,2014,0.4022,301600.0,39.43,-104.9,party registration
Charleston-North Charleston SC MSA,2014,0.5845,61030.0,33.02,-80.01,primary-based
New Orleans-Metairie-Kenner LA MSA,2014,0.488,79150.0,30.05,-89.93,party registration
Hartford-West Hartford-East Hartford CT MSA,2014,0.3753,82590.0,41.72,-72.57,party registration
St. George UT MSA,2014,0.8717,5485.0,37.26,-113.5,party registration
Springfield MO MSA,2014,0.7879,29780.0,37.36,-93.18,modelled by L2
Bloomington-Normal IL MSA,2014,0.529,10150.0,40.49,-88.84,primary-based
Salisbury MD MSA,2014,0.5114,5110.0,38.4,-75.48,party registration
Warner Robins GA MSA,2014,0.6014,1468.0,32.49,-83.71,primary-based
Fort Smith AR-OK MSA,2014,0.753,10420.0,35.46,-94.3,party registration
Mankato-North Mankato MN MSA,2014,0.5801,6889.0,44.15,-94.15,modelled by L2
Washington-Arlington-Alexandria DC-VA-MD-WV MSA,2014,0.2892,432700.0,38.8,-77.49,party registration
Santa Barbara-Santa Maria-Goleta CA MSA,2014,0.3265,28290.0,34.54,-120.0,party registration
Riverside-San Bernardino-Ontario CA MSA,2014,0.4934,151000.0,34.54,-116.1,party registration
Flint MI MSA,2014,0.3972,15080.0,43.02,-83.71,primary-based
Charlotte-Gastonia-Concord NC-SC MSA,2014,0.4778,204400.0,35.17,-80.8,party registration
Tucson AZ MSA,2014,0.4404,62930.0,32.13,-111.8,party registration
Santa Rosa-Petaluma CA MSA,2014,0.252,27980.0,38.53,-122.9,party registration
Trenton-Ewing NJ MSA,2014,0.2959,27550.0,40.28,-74.7,party registration
Logan UT-ID MSA,2014,0.8198,6732.0,41.89,-111.8,party registration
Mobile AL MSA,2014,0.6097,21170.0,30.97,-88.21,modelled by L2
Johnson City TN MSA,2014,0.771,9815.0,36.27,-82.33,primary-based
Lawrence KS MSA,2014,0.4188,1873.0,38.9,-95.29,party registration
Fayetteville-Springdale-Rogers AR-MO MSA,2014,0.6542,39930.0,36.12,-94.08,party registration
Toledo OH MSA,2014,0.4983,40360.0,41.56,-83.52,primary-based
Amarillo TX MSA,2014,0.754,12510.0,35.25,-101.9,primary-based
Jackson MI MSA,2014,0.6095,2169.0,42.25,-84.42,primary-based
Mount Vernon-Anacortes WA MSA,2014,0.4079,4418.0,48.49,-121.8,primary-based
Fairbanks AK MSA,2014,0.6442,5338.0,64.68,-146.5,party registration
Tampa-St. Petersburg-Clearwater FL,2014,0.5383,199500.0,28.12,-82.53,party registration
Nashville-Davidson-Murfreesboro-Franklin TN MSA,2014,0.5734,159600.0,36.12,-86.64,primary-based
College Station-Bryan TX MSA,2014,0.658,12300.0,30.75,-96.49,primary-based
Clarksville TN-KY MSA,2014,0.5888,15640.0,36.7,-87.62,primary-based
Flagstaff AZ MSA,2014,0.3784,8493.0,35.83,-111.8,party registration
Albuquerque NM MSA,2014,0.4148,49390.0,35.12,-106.5,party registration
Cincinnati-Middletown OH-KY-IN MSA,2014,0.5946,178900.0,39.1,-84.48,primary-based
Wichita KS MSA,2014,0.6866,43500.0,37.64,-97.25,party registration
Utica-Rome NY MSA,2014,0.5969,12470.0,43.33,-75.17,party registration
Beaumont-Port Arthur TX MSA,2014,0.642,13370.0,30.08,-94.2,primary-based
Davenport-Moline-Rock Island IA-IL MSA,2014,0.5073,22160.0,41.39,-90.46,party registration
Pocatello ID MSA,2014,0.717,4280.0,42.69,-112.6,party registration
Muskegon-Norton Shores MI MSA,2014,0.482,7298.0,43.43,-86.42,primary-based
Youngstown-Warren-Boardman OH-PA MSA,2014,0.5181,19540.0,41.24,-80.56,primary-based
Sioux Falls SD MSA,2014,0.6704,21580.0,43.5,-97.0,party registration
Poughkeepsie-Newburgh-Middletown NY MSA,2014,0.4605,33880.0,41.58,-74.03,party registration
Wenatchee WA MSA,2014,0.5392,4519.0,47.77,-120.3,primary-based
Augusta-Richmond County GA-SC MSA,2014,0.6183,10720.0,33.46,-81.98,primary-based
Deltona-Daytona Beach-Ormond Beach FL MSA,2014,0.6102,21720.0,29.18,-81.19,party registration
Binghamton NY MSA,2014,0.5169,12590.0,42.16,-76.02,party registration
Danville IL MSA,2014,0.7103,796.0,40.19,-87.73,primary-based
Pittsburgh PA MSA,2014,0.4781,203100.0,40.44,-79.84,party registration
Canton-Massillon OH MSA,2014,0.5798,27300.0,40.71,-81.26,primary-based
Detroit-Warren-Livonia MI MSA,2014,0.4196,284400.0,42.72,-83.2,primary-based
Las Vegas-Paradise NV MSA,2014,0.4868,137900.0,36.21,-115.0,party registration
Atlanta-Sandy Springs-Marietta GA MSA,2014,0.4091,267600.0,33.69,-84.4,primary-based
Springfield IL MSA,2014,0.578,13310.0,39.83,-89.7,primary-based
Des Moines-West Des Moines IA MSA,2014,0.5026,67590.0,41.58,-93.76,party registration
Providence-New Bedford-Fall River RI-MA MSA,2014,0.3129,99530.0,41.71,-71.29,party registration
Ames IA MSA,2014,0.4203,8834.0,42.04,-93.7,party registration
Bowling Green KY MSA,2014,0.565,7635.0,37.05,-86.4,party registration
Palm Bay-Melbourne-Titusville FL MSA,2014,0.6578,19010.0,28.3,-80.7,party registration
Eau Claire WI MSA,2014,0.6173,12420.0,44.94,-91.28,modelled by L2
Myrtle Beach-Conway-North Myrtle Beach SC MSA,2014,0.6754,16570.0,33.97,-78.61,primary-based
Sebastian-Vero Beach FL MSA,2014,0.7036,6180.0,27.7,-80.57,party registration
Iowa City IA MSA,2014,0.2948,15700.0,41.52,-91.65,party registration
Olympia WA MSA,2014,0.3402,15360.0,46.94,-122.8,primary-based
Lawton OK MSA,2014,0.6179,4037.0,34.53,-98.43,party registration
Fayetteville NC MSA,2014,0.4203,16610.0,35.16,-78.93,party registration
Gulfport-Biloxi MS MSA,2014,0.7156,12330.0,30.48,-89.0,primary-based
Monroe LA MSA,2014,0.5937,12420.0,32.73,-92.1,party registration
Anniston-Oxford AL MSA,2014,0.7202,2701.0,33.77,-85.83,modelled by L2
Fond du Lac WI MSA,2014,0.7661,1302.0,43.75,-88.49,modelled by L2
Joplin MO MSA,2014,0.8448,7029.0,37.06,-94.34,modelled by L2
Asheville NC MSA,2014,0.45,27820.0,35.6,-82.68,party registration
St. Cloud MN MSA,2014,0.6969,13550.0,45.59,-94.49,modelled by L2
Vineland-Millville-Bridgeton NJ MSA,2014,0.4835,4351.0,39.33,-75.12,party registration
Shreveport-Bossier City LA MSA,2014,0.6035,18030.0,32.44,-93.74,party registration
Knoxville TN MSA,2014,0.6799,55510.0,36.01,-84.21,primary-based
Salinas CA MSA,2014,0.3282,17760.0,36.24,-121.3,party registration
Wheeling WV-OH MSA,2014,0.6291,4807.0,39.98,-80.85,party registration
State College PA MSA,2014,0.4445,11750.0,40.91,-77.85,party registration
Morristown TN MSA,2014,0.828,2533.0,36.17,-83.42,primary-based
Chico CA MSA,2014,0.4618,10150.0,39.67,-121.6,party registration
Jackson TN MSA,2014,0.7091,978.0,35.75,-88.88,primary-based
Parkersburg-Marietta-Vienna WV-OH MSA,2014,0.7224,5195.0,39.14,-81.46,party registration
Florence SC MSA,2014,0.5402,8306.0,34.15,-79.81,primary-based
Kennewick-Richland-Pasco WA MSA,2014,0.5763,12700.0,46.36,-119.3,primary-based
Hanford-Corcoran CA MSA,2014,0.6143,3184.0,36.07,-119.8,party registration
Laredo TX MSA,2014,0.107,5293.0,27.76,-99.34,primary-based
Dalton GA MSA,2014,0.7735,1220.0,34.8,-84.86,primary-based
Albany GA MSA,2014,0.5064,509.0,31.64,-84.11,primary-based
Milwaukee-Waukesha-West Allis WI MSA,2014,0.6165,162400.0,42.91,-87.86,modelled by L2
Los Angeles-Long Beach-Santa Ana CA MSA,2014,0.3406,736500.0,34.11,-118.2,party registration
Barnstable Town MA MSA,2014,0.3484,10730.0,41.71,-70.16,party registration
Ann Arbor MI MSA,2014,0.2838,44930.0,42.25,-83.84,primary-based
Anderson SC MSA,2014,0.7095,6650.0,34.68,-82.41,primary-based
Elkhart-Goshen IN MSA,2014,0.6941,10670.0,41.6,-85.86,primary-based
Sherman-Denison TX MSA,2014,0.7956,4335.0,33.62,-96.68,primary-based
Pittsfield MA MSA,2014,0.1616,7445.0,42.37,-73.22,party registration
Dothan AL MSA,2014,0.7463,4937.0,31.25,-85.47,modelled by L2
Cleveland TN MSA,2014,0.7512,1513.0,35.14,-84.66,primary-based
Decatur AL MSA,2014,0.8006,1560.0,34.49,-87.1,modelled by L2
San Francisco-Oakland-Fremont CA MSA,2014,0.1985,319400.0,37.77,-122.3,party registration
Sacramento-Arden-Arcade-Roseville CA MSA,2014,0.4249,153500.0,38.79,-121.0,party registration
San Jose-Sunnyvale-Santa Clara CA MSA,2014,0.2438,185000.0,36.91,-121.4,party registration
Austin-Round Rock TX MSA,2014,0.3839,241600.0,30.25,-97.65,primary-based
San Diego-Carlsbad-San Marcos CA MSA,2014,0.403,290500.0,33.02,-116.8,party registration
Birmingham-Hoover AL MSA,2014,0.6694,24400.0,33.4,-86.73,modelled by L2
Fargo ND-MN MSA,2014,0.5084,19770.0,46.91,-96.96,modelled by L2
Madison WI MSA,2014,0.4535,85100.0,43.08,-89.6,modelled by L2
Pensacola-Ferry Pass-Brent FL MSA,2014,0.6934,28250.0,30.61,-87.16,party registration
Fort Walton Beach-Crestview-Destin FL MSA,2014,0.7561,10530.0,30.59,-86.36,party registration
Manchester-Nashua NH MSA,2014,0.5036,23350.0,42.91,-71.72,party registration
Naples-Marco Island FL MSA,2014,0.6989,2377.0,26.12,-81.4,party registration
Houma-Bayou Cane-Thibodaux LA MSA,2014,0.7337,9420.0,29.33,-90.84,party registration
Evansville IN-KY MSA,2014,0.6218,22350.0,38.02,-87.59,primary-based
Santa Fe NM MSA,2014,0.1991,7894.0,35.51,-106.0,party registration
Idaho Falls ID MSA,2014,0.8618,6740.0,43.62,-112.4,party registration
Lancaster PA MSA,2014,0.5991,34260.0,40.04,-76.25,party registration
Cedar Rapids IA MSA,2014,0.4841,23670.0,42.09,-91.63,party registration
Muncie IN MSA,2014,0.5347,7112.0,40.23,-85.4,primary-based
La Crosse WI-MN MSA,2014,0.5872,11300.0,43.78,-91.32,modelled by L2
Stockton CA MSA,2014,0.451,22300.0,37.93,-121.3,party registration
Durham NC MSA,2014,0.2542,53010.0,36.06,-78.99,party registration
Santa Cruz-Watsonville CA MSA,2014,0.2184,9141.0,37.01,-122.0,party registration
Lake Charles LA MSA,2015,0.6477,13700.0,29.98,-93.25,party registration
Jacksonville FL MSA,2015,0.5914,122000.0,30.24,-81.75,party registration
Pueblo CO MSA,2015,0.501,6915.0,38.16,-104.5,party registration
Cleveland-Elyria-Mentor OH MSA,2015,0.4427,183500.0,41.56,-81.6,primary-based
Kennewick-Richland-Pasco WA MSA,2015,0.5705,13120.0,46.36,-119.3,primary-based
Lebanon PA MSA,2015,0.6641,8921.0,40.37,-76.46,party registration
Racine WI MSA,2015,0.5881,11310.0,42.78,-87.77,modelled by L2
Charleston WV MSA,2015,0.5753,11950.0,38.36,-81.62,party registration
Roanoke VA MSA,2015,0.5615,23460.0,37.29,-79.95,primary-based
Bellingham WA MSA,2015,0.3326,16440.0,48.84,-121.8,primary-based
Laredo TX MSA,2015,0.1006,5536.0,27.76,-99.34,primary-based
Yuma AZ MSA,2015,0.5798,5661.0,32.77,-113.9,party registration
Hanford-Corcoran CA MSA,2015,0.6099,3354.0,36.07,-119.8,party registration
Lubbock TX MSA,2015,0.6475,21360.0,33.47,-101.6,primary-based
Atlantic City NJ MSA,2015,0.4787,9938.0,39.47,-74.63,party registration
Jackson MS MSA,2015,0.5298,37160.0,32.43,-90.2,primary-based
Hot Springs AR MSA,2015,0.6797,2401.0,34.58,-93.15,party registration
El Centro CA MSA,2015,0.3725,3150.0,33.04,-115.4,party registration
Dalton GA MSA,2015,0.7801,1254.0,34.8,-84.86,primary-based
Albany GA MSA,2015,0.5075,511.0,31.64,-84.11,primary-based
Charleston-North Charleston SC MSA,2015,0.5792,64680.0,33.02,-80.01,primary-based
Salisbury MD MSA,2015,0.5084,5339.0,38.4,-75.48,party registration
New Orleans-Metairie-Kenner LA MSA,2015,0.4824,82720.0,30.05,-89.93,party registration
Denver-Aurora CO MSA,2015,0.3959,319500.0,39.43,-104.9,party registration
Oklahoma City OK MSA,2015,0.6332,95560.0,35.43,-97.51,party registration
Hartford-West Hartford-East Hartford CT MSA,2015,0.3699,86160.0,41.72,-72.57,party registration
Mankato-North Mankato MN MSA,2015,0.5767,7154.0,44.15,-94.15,modelled by L2
St. George UT MSA,2015,0.8691,5837.0,37.26,-113.5,party registration
Springfield MO MSA,2015,0.7735,31420.0,37.36,-93.18,modelled by L2
Fort Smith AR-OK MSA,2015,0.7507,11000.0,35.46,-94.3,party registration
Gainesville GA MSA,2015,0.6967,1555.0,34.32,-83.82,primary-based
Seattle-Tacoma-Bellevue WA MSA,2015,0.2528,384900.0,47.49,-121.8,primary-based
Columbia MO MSA,2015,0.5235,18140.0,38.99,-92.59,modelled by L2
Greensboro-High Point NC MSA,2015,0.4892,62370.0,36.03,-79.79,party registration
Niles-Benton Harbor MI MSA,2015,0.5198,6594.0,41.79,-86.74,primary-based
Provo-Orem UT MSA,2015,0.8546,46330.0,39.87,-112.4,party registration
Omaha-Council Bluffs NE-IA MSA,2015,0.5799,93390.0,41.29,-96.0,party registration
Burlington-South Burlington VT MSA,2015,0.2403,20370.0,44.69,-73.04,modelled by L2
Boulder CO MSA,2015,0.2642,43590.0,40.09,-105.4,party registration
Columbia SC MSA,2015,0.4847,53170.0,34.08,-81.04,primary-based
Champaign-Urbana IL MSA,2015,0.4018,18970.0,40.1,-88.32,primary-based
Little Rock-North Little Rock-Conway AR MSA,2015,0.5543,48760.0,34.76,-92.4,party registration
Bend OR MSA,2015,0.4475,14170.0,43.92,-121.2,party registration
Napa CA MSA,2015,0.3066,8374.0,38.51,-122.3,party registration
Spokane WA MSA,2015,0.4776,38970.0,48.09,-117.7,primary-based
Tuscaloosa AL MSA,2015,0.5686,13540.0,33.1,-87.8,modelled by L2
Jonesboro AR MSA,2015,0.6812,4581.0,35.7,-90.65,party registration
Santa Cruz-Watsonville CA MSA,2015,0.2185,9406.0,37.01,-122.0,party registration
Punta Gorda FL MSA,2015,0.696,2820.0,26.91,-82.0,party registration
Kingsport-Bristol-Bristol TN-VA MSA,2015,0.8111,9089.0,36.6,-82.44,primary-based
Bangor ME MSA,2015,0.5207,3911.0,45.41,-68.67,party registration
Pine Bluff AR MSA,2015,0.4258,2277.0,34.08,-91.95,party registration
Portland-Vancouver-Beaverton OR-WA MSA,2015,0.2951,250200.0,45.6,-122.5,party registration
Raleigh-Cary NC MSA,2015,0.4001,168400.0,35.76,-78.46,party registration
Boston-Cambridge-Quincy MA-NH MSA,2015,0.249,507200.0,42.52,-71.02,party registration
Syracuse NY MSA,2015,0.4686,49380.0,43.01,-76.2,party registration
Lexington-Fayette KY MSA,2015,0.4704,47570.0,38.1,-84.44,party registration
Ogden-Clearfield UT MSA,2015,0.8192,26250.0,41.62,-113.1,party registration
Buffalo-Niagara Falls NY MSA,2015,0.4328,55880.0,43.04,-78.78,party registration
Waco TX MSA,2015,0.64,15320.0,31.43,-97.09,primary-based
Ocala FL MSA,2015,0.662,13270.0,29.2,-82.04,party registration
Allentown-Bethlehem-Easton PA-NJ MSA,2015,0.5056,60630.0,40.79,-75.4,party registration
Bloomington-Normal IL MSA,2015,0.5294,10340.0,40.49,-88.84,primary-based
Warner Robins GA MSA,2015,0.5894,1494.0,32.49,-83.71,primary-based
Odessa TX MSA,2015,0.6116,8450.0,31.87,-102.5,primary-based
Modesto CA MSA,2015,0.5107,19560.0,37.56,-121.0,party registration
Farmington NM MSA,2015,0.7234,3410.0,36.51,-108.3,party registration
Gadsden AL MSA,2015,0.7555,3220.0,34.05,-86.03,modelled by L2
Brunswick GA MSA,2015,0.6667,692.0,31.3,-81.59,primary-based
Sioux Falls SD MSA,2015,0.6682,22430.0,43.5,-97.0,party registration
Tampa-St. Petersburg-Clearwater FL,2015,0.5335,212300.0,28.12,-82.53,party registration
Nashville-Davidson-Murfreesboro-Franklin TN MSA,2015,0.5668,170800.0,36.12,-86.64,primary-based
Cincinnati-Middletown OH-KY-IN MSA,2015,0.5892,187400.0,39.1,-84.48,primary-based
Wichita KS MSA,2015,0.6827,45310.0,37.64,-97.25,party registration
Poughkeepsie-Newburgh-Middletown NY MSA,2015,0.4545,35370.0,41.58,-74.03,party registration
Augusta-Richmond County GA-SC MSA,2015,0.613,11100.0,33.46,-81.98,primary-based
Albuquerque NM MSA,2015,0.4132,51200.0,35.12,-106.5,party registration
Clarksville TN-KY MSA,2015,0.5886,15990.0,36.7,-87.62,primary-based
Hagerstown-Martinsburg MD-WV MSA,2015,0.6401,10850.0,39.55,-77.98,party registration
Auburn-Opelika AL MSA,2015,0.6261,3851.0,32.6,-85.35,modelled by L2
Muskegon-Norton Shores MI MSA,2015,0.4811,7538.0,43.43,-86.42,primary-based
College Station-Bryan TX MSA,2015,0.6525,12550.0,30.75,-96.49,primary-based
Deltona-Daytona Beach-Ormond Beach FL MSA,2015,0.6106,22800.0,29.18,-81.19,party registration
Flagstaff AZ MSA,2015,0.3791,9088.0,35.83,-111.8,party registration
Wenatchee WA MSA,2015,0.5344,4791.0,47.77,-120.3,primary-based
Youngstown-Warren-Boardman OH-PA MSA,2015,0.5174,20160.0,41.24,-80.56,primary-based
Danville IL MSA,2015,0.7166,805.0,40.19,-87.73,primary-based
Utica-Rome NY MSA,2015,0.589,12870.0,43.33,-75.17,party registration
Pocatello ID MSA,2015,0.7178,4527.0,42.69,-112.6,party registration
Beaumont-Port Arthur TX MSA,2015,0.6393,13980.0,30.08,-94.2,primary-based
Philadelphia-Camden-Wilmington PA-NJ-DE-MD MSA,2015,0.367,465500.0,39.89,-75.31,party registration
Richmond VA MSA,2015,0.4354,129400.0,37.41,-77.44,primary-based
Houston-Sugar Land-Baytown TX MSA,2015,0.5083,460800.0,29.75,-95.35,primary-based
Longview TX MSA,2015,0.7437,10390.0,32.43,-94.68,primary-based
Fort Wayne IN MSA,2015,0.6531,35460.0,41.11,-85.22,primary-based
Manhattan KS MSA,2015,0.6129,5379.0,39.27,-96.56,party registration
Columbus OH MSA,2015,0.4706,200500.0,39.97,-82.84,primary-based
Portland-South Portland-Biddeford ME MSA,2015,0.3709,28810.0,43.65,-70.42,party registration
Eugene-Springfield OR MSA,2015,0.3311,26630.0,43.93,-122.9,party registration
Memphis TN-AR-MS MSA,2015,0.462,89260.0,35.02,-89.87,primary-based
Colorado Springs CO MSA,2015,0.625,61020.0,38.85,-104.6,party registration
Anderson IN MSA,2015,0.6246,5058.0,39.75,-86.21,primary-based
Bridgeport-Stamford-Norwalk CT MSA,2015,0.3724,71290.0,41.23,-73.37,party registration
Ocean City NJ MSA,2015,0.6121,3244.0,39.09,-74.85,party registration
Wilmington NC MSA,2015,0.5622,29530.0,34.43,-77.89,party registration
Saginaw-Saginaw Township North MI MSA,2015,0.4771,10540.0,43.33,-84.06,primary-based
Elizabethtown KY MSA,2015,0.5857,5894.0,37.73,-85.97,party registration
Sarasota-Bradenton-Venice FL MSA,2015,0.639,43770.0,27.33,-82.41,party registration
Macon GA MSA,2015,0.4536,3284.0,32.86,-83.71,primary-based
Salem OR MSA,2015,0.484,18630.0,44.9,-122.9,party registration
Davenport-Moline-Rock Island IA-IL MSA,2015,0.5012,22830.0,41.39,-90.46,party registration
Binghamton NY MSA,2015,0.5119,13200.0,42.16,-76.02,party registration
Las Cruces NM MSA,2015,0.3965,8098.0,32.35,-106.8,party registration
Kingston NY MSA,2015,0.3454,5329.0,41.95,-74.27,party registration
Harrisonburg VA MSA,2015,0.5071,7493.0,38.51,-78.89,primary-based
Savannah GA MSA,2015,0.5079,3337.0,32.11,-81.27,primary-based
Great Falls MT MSA,2015,0.7069,3429.0,47.32,-111.4,modelled by L2
Springfield OH MSA,2015,0.6446,5872.0,39.92,-83.78,primary-based
Phoenix-Mesa-Scottsdale AZ MSA,2015,0.5563,329600.0,33.19,-112.1,party registration
Orlando-Kissimmee FL MSA,2015,0.4499,212100.0,28.43,-81.36,party registration
Albany-Schenectady-Troy NY MSA,2015,0.4014,69450.0,42.79,-73.94,party registration
Goldsboro NC MSA,2015,0.5828,4505.0,35.35,-78.01,party registration
Louisville/Jefferson County KY-IN MSA,2015,0.4842,107900.0,38.31,-85.68,party registration
Rockford IL MSA,2015,0.5392,21060.0,42.33,-89.04,primary-based
Boise City-Nampa ID MSA,2015,0.6777,57370.0,43.01,-116.1,party registration
Corpus Christi TX MSA,2015,0.5421,20200.0,27.83,-97.51,primary-based
Kalamazoo-Portage MI MSA,2015,0.4189,30210.0,42.25,-85.53,primary-based
Reno-Sparks NV MSA,2015,0.5386,32310.0,40.5,-119.7,party registration
Erie PA MSA,2015,0.4897,18060.0,42.12,-80.1,party registration
Greenville-Mauldin-Easley SC MSA,2015,0.6836,62040.0,34.68,-82.41,primary-based
York-Hanover PA MSA,2015,0.6402,24940.0,39.92,-76.73,party registration
Charlottesville VA MSA,2015,0.3493,22880.0,37.95,-78.59,primary-based
Akron OH MSA,2015,0.5013,46980.0,41.15,-81.35,primary-based
Duluth MN-WI MSA,2015,0.4932,17970.0,47.35,-92.16,modelled by L2
Spartanburg SC MSA,2015,0.6642,14710.0,34.93,-81.99,primary-based
Morgantown WV MSA,2015,0.5069,9287.0,39.53,-79.8,party registration
Chattanooga TN-GA MSA,2015,0.6452,36710.0,35.05,-85.36,primary-based
Huntsville AL MSA,2015,0.6327,35380.0,34.78,-86.73,modelled by L2
Port St. Lucie FL MSA,2015,0.5939,19770.0,27.23,-80.43,party registration
Waterloo-Cedar Falls IA MSA,2015,0.513,10990.0,42.54,-92.47,party registration
Burlington NC MSA,2015,0.502,8465.0,36.04,-79.4,party registration
Bismarck ND MSA,2015,0.7299,7479.0,46.89,-101.0,modelled by L2
Tyler TX MSA,2015,0.7199,13220.0,32.38,-95.27,primary-based
Jefferson City MO MSA,2015,0.7925,8909.0,38.64,-92.09,modelled by L2
St. Joseph MO-KS MSA,2015,0.8272,914.0,39.83,-94.78,modelled by L2
Los Angeles-Long Beach-Santa Ana CA MSA,2015,0.336,780700.0,34.11,-118.2,party registration
Santa Fe NM MSA,2015,0.1894,8217.0,35.51,-106.0,party registration
San Francisco-Oakland-Fremont CA MSA,2015,0.1967,336300.0,37.77,-122.3,party registration
Milwaukee-Waukesha-West Allis WI MSA,2015,0.613,168500.0,42.91,-87.86,modelled by L2
San Diego-Carlsbad-San Marcos CA MSA,2015,0.3986,305100.0,33.02,-116.8,party registration
San Jose-Sunnyvale-Santa Clara CA MSA,2015,0.2423,191800.0,36.91,-121.4,party registration
Madison WI MSA,2015,0.4523,89710.0,43.08,-89.6,modelled by L2
Sacramento-Arden-Arcade-Roseville CA MSA,2015,0.4215,161500.0,38.79,-121.0,party registration
Austin-Round Rock TX MSA,2015,0.3787,258500.0,30.25,-97.65,primary-based
Houma-Bayou Cane-Thibodaux LA MSA,2015,0.7362,9608.0,29.33,-90.84,party registration
Fargo ND-MN MSA,2015,0.5011,20760.0,46.91,-96.96,modelled by L2
Pensacola-Ferry Pass-Brent FL MSA,2015,0.6889,29800.0,30.61,-87.16,party registration
Longview WA MSA,2015,0.5622,2090.0,46.2,-122.7,primary-based
Salt Lake City UT MSA,2015,0.6562,109100.0,40.57,-113.0,party registration
Kankakee-Bradley IL MSA,2015,0.6106,4636.0,41.14,-87.86,primary-based
Manchester-Nashua NH MSA,2015,0.5027,23930.0,42.91,-71.72,party registration
Fort Walton Beach-Crestview-Destin FL MSA,2015,0.7567,10960.0,30.59,-86.36,party registration
Evansville IN-KY MSA,2015,0.616,23540.0,38.02,-87.59,primary-based
Lynchburg VA MSA,2015,0.6265,14740.0,37.36,-79.22,primary-based
Yuba City CA MSA,2015,0.6171,4102.0,39.16,-121.5,party registration
Panama City-Lynn Haven FL MSA,2015,0.7482,3718.0,30.16,-85.53,party registration
Birmingham-Hoover AL MSA,2015,0.6696,24950.0,33.4,-86.73,modelled by L2
Greeley CO MSA,2015,0.6295,13690.0,40.56,-104.4,party registration
Alexandria LA MSA,2015,0.738,2351.0,31.33,-92.55,party registration
San Luis Obispo-Paso Robles CA MSA,2015,0.4242,19150.0,35.39,-120.4,party registration
Elmira NY MSA,2015,0.617,2371.0,42.15,-76.75,party registration
Williamsport PA MSA,2015,0.6894,6669.0,41.34,-77.06,party registration
Naples-Marco Island FL MSA,2015,0.6875,2505.0,26.12,-81.4,party registration
Jacksonville NC MSA,2015,0.6903,5176.0,34.76,-77.5,party registration
San Angelo TX MSA,2015,0.6887,5160.0,31.48,-100.8,primary-based
Valdosta GA MSA,2015,0.5664,1334.0,30.83,-83.24,primary-based
Scranton--Wilkes-Barre PA MSA,2015,0.4743,22600.0,41.32,-75.9,party registration
Miami-Fort Lauderdale-Pompano Beach FL MSA,2015,0.3979,321800.0,26.1,-80.48,party registration
Hickory-Lenoir-Morganton NC MSA,2015,0.7232,15660.0,35.81,-81.46,party registration
Lansing-East Lansing MI MSA,2015,0.3555,44290.0,42.77,-84.5,primary-based
Tulsa OK MSA,2015,0.6818,74500.0,36.25,-96.18,party registration
El Paso TX MSA,2015,0.2123,32670.0,31.53,-105.5,primary-based
Baton Rouge LA MSA,2015,0.581,56700.0,30.52,-91.13,party registration
Killeen-Temple-Fort Hood TX MSA,2015,0.5533,23810.0,31.2,-97.79,primary-based
Terre Haute IN MSA,2015,0.5673,9290.0,39.48,-87.31,primary-based
Anchorage AK MSA,2015,0.6188,26450.0,62.21,-149.7,party registration
Oxnard-Thousand Oaks-Ventura CA MSA,2015,0.4205,49810.0,34.36,-119.1,party registration
Ithaca NY MSA,2015,0.2398,11600.0,42.45,-76.47,party registration
Medford OR MSA,2015,0.5877,9061.0,42.41,-122.7,party registration
Bremerton-Silverdale WA MSA,2015,0.3957,13340.0,47.64,-122.6,primary-based
Vallejo-Fairfield CA MSA,2015,0.362,17420.0,38.27,-121.9,party registration
Abilene TX MSA,2015,0.8627,8228.0,32.45,-99.72,primary-based
Winston-Salem NC MSA,2015,0.6655,9836.0,36.08,-80.35,party registration
Wausau WI MSA,2015,0.714,8925.0,45.05,-89.76,modelled by L2
Redding CA MSA,2015,0.6989,7059.0,40.76,-122.0,party registration
Norwich-New London CT MSA,2015,0.4111,16140.0,41.47,-72.11,party registration
Brownsville-Harlingen TX MSA,2015,0.1897,8080.0,26.1,-97.48,primary-based
Coeur d'Alene ID MSA,2015,0.8339,3017.0,47.68,-116.7,party registration
Hattiesburg MS MSA,2015,0.6312,7838.0,31.27,-89.3,primary-based
Madera CA MSA,2015,0.6353,1165.0,37.21,-119.7,party registration
Greenville NC MSA,2015,0.457,12840.0,35.59,-77.37,party registration
Knoxville TN MSA,2015,0.6757,58390.0,36.01,-84.21,primary-based
Lakeland FL MSA,2015,0.6186,28290.0,27.95,-81.69,party registration
Shreveport-Bossier City LA MSA,2015,0.6015,18450.0,32.44,-93.74,party registration
Ann Arbor MI MSA,2015,0.2767,47330.0,42.25,-83.84,primary-based
Topeka KS MSA,2015,0.6107,15150.0,39.04,-95.8,party registration
Idaho Falls ID MSA,2015,0.8602,7066.0,43.62,-112.4,party registration
Lake Havasu City-Kingman AZ MSA,2015,0.8003,4566.0,35.72,-113.7,party registration
Vineland-Millville-Bridgeton NJ MSA,2015,0.4787,4513.0,39.33,-75.12,party registration
Salinas CA MSA,2015,0.3252,18840.0,36.24,-121.3,party registration
Asheville NC MSA,2015,0.4473,29540.0,35.6,-82.68,party registration
Barnstable Town MA MSA,2015,0.3436,11140.0,41.71,-70.16,party registration
Prescott AZ MSA,2015,0.7138,6294.0,34.63,-112.6,party registration
Joplin MO MSA,2015,0.8433,7353.0,37.06,-94.34,modelled by L2
Victoria TX MSA,2015,0.6759,1715.0,28.73,-97.2,primary-based
Lima OH MSA,2015,0.7782,1187.0,40.77,-84.11,primary-based
Huntington-Ashland WV-KY-OH MSA,2015,0.5938,8417.0,38.41,-82.54,party registration
Kansas City MO-KS MSA,2015,0.5759,212200.0,38.93,-94.44,modelled by L2
Indianapolis-Carmel IN MSA,2015,0.5462,193100.0,39.75,-86.21,primary-based
Montgomery AL MSA,2015,0.5357,22710.0,32.37,-86.4,modelled by L2
Blacksburg-Christiansburg-Radford VA MSA,2015,0.4323,10910.0,37.12,-80.56,primary-based
Virginia Beach-Norfolk-Newport News VA-NC MSA,2015,0.4361,129000.0,36.8,-76.45,primary-based
New Haven-Milford CT MSA,2015,0.3629,51260.0,41.35,-72.9,party registration
Johnstown PA MSA,2015,0.6176,5396.0,40.51,-78.71,party registration
Cape Coral-Fort Myers FL MSA,2015,0.6542,37260.0,26.56,-81.98,party registration
Bakersfield CA MSA,2015,0.6006,30820.0,35.35,-118.7,party registration
Grand Rapids-Wyoming MI MSA,2015,0.5032,80100.0,43.04,-85.78,primary-based
Visalia-Porterville CA MSA,2015,0.594,10910.0,36.23,-118.8,party registration
Dubuque IA MSA,2015,0.5146,8257.0,42.46,-90.88,party registration
Sumter SC MSA,2015,0.5079,4120.0,33.79,-80.29,primary-based
Midland TX MSA,2015,0.6752,11690.0,32.09,-102.0,primary-based
Reading PA MSA,2015,0.5555,22460.0,40.41,-75.93,party registration
Lewiston-Auburn ME MSA,2015,0.5123,2844.0,44.17,-70.21,party registration
Rapid City SD MSA,2015,0.7546,7277.0,44.31,-102.8,party registration
Winchester VA-WV MSA,2015,0.6086,6451.0,39.27,-78.47,primary-based
Janesville WI MSA,2015,0.5561,7557.0,42.67,-89.08,modelled by L2
Weirton-Steubenville WV-OH MSA,2015,0.6218,3437.0,40.39,-80.7,party registration
Grand Junction CO MSA,2015,0.748,8741.0,39.02,-108.5,party registration
Columbus GA-AL MSA,2015,0.4903,2708.0,32.42,-84.84,primary-based
St. Cloud MN MSA,2015,0.6956,14050.0,45.59,-94.49,modelled by L2
Carson City NV MSA,2015,0.6287,2663.0,39.15,-119.7,party registration
Hinesville-Fort Stewart GA MSA,2015,0.427,980.0,31.78,-81.58,primary-based
Wichita Falls TX MSA,2015,0.8598,6088.0,33.78,-98.5,primary-based
Columbus IN MSA,2015,0.6417,1177.0,39.21,-85.9,primary-based
Pittsburgh PA MSA,2015,0.4749,212200.0,40.44,-79.84,party registration
Canton-Massillon OH MSA,2015,0.5748,28330.0,40.71,-81.26,primary-based
Atlanta-Sandy Springs-Marietta GA MSA,2015,0.4033,281700.0,33.69,-84.4,primary-based
Monroe LA MSA,2015,0.5932,12940.0,32.73,-92.1,party registration
Providence-New Bedford-Fall River RI-MA MSA,2015,0.3071,103900.0,41.71,-71.29,party registration
Detroit-Warren-Livonia MI MSA,2015,0.4118,299400.0,42.72,-83.2,primary-based
Lawton OK MSA,2015,0.6106,4056.0,34.53,-98.43,party registration
Des Moines-West Des Moines IA MSA,2015,0.495,71390.0,41.58,-93.76,party registration
Chico CA MSA,2015,0.4599,10850.0,39.67,-121.6,party registration
Myrtle Beach-Conway-North Myrtle Beach SC MSA,2015,0.6667,17520.0,33.97,-78.61,primary-based
San Antonio TX MSA,2015,0.472,173500.0,29.43,-98.61,primary-based
Sioux City IA-NE-SD MSA,2015,0.6709,6600.0,42.51,-96.44,party registration
Olympia WA MSA,2015,0.3383,16140.0,46.94,-122.8,primary-based
Wheeling WV-OH MSA,2015,0.6178,4991.0,39.98,-80.85,party registration
Ames IA MSA,2015,0.411,9298.0,42.04,-93.7,party registration
Parkersburg-Marietta-Vienna WV-OH MSA,2015,0.7237,5441.0,39.14,-81.46,party registration
Eau Claire WI MSA,2015,0.6129,12900.0,44.94,-91.28,modelled by L2
Springfield IL MSA,2015,0.5732,13550.0,39.83,-89.7,primary-based
Iowa City IA MSA,2015,0.2936,16710.0,41.52,-91.65,party registration
Florence SC MSA,2015,0.5321,8585.0,34.15,-79.81,primary-based
Gulfport-Biloxi MS MSA,2015,0.7107,12860.0,30.48,-89.0,primary-based
Palm Bay-Melbourne-Titusville FL MSA,2015,0.6511,19620.0,28.3,-80.7,party registration
Bowling Green KY MSA,2015,0.5674,8173.0,37.05,-86.4,party registration
Sebastian-Vero Beach FL MSA,2015,0.697,6464.0,27.7,-80.57,party registration
Elkhart-Goshen IN MSA,2015,0.6927,11220.0,41.6,-85.86,primary-based
Anderson SC MSA,2015,0.6985,6991.0,34.68,-82.41,primary-based
Bay City MI MSA,2015,0.4997,3651.0,43.7,-83.98,primary-based
Lewiston ID-WA MSA,2015,0.7148,1891.0,46.25,-116.9,party registration
Jackson TN MSA,2015,0.7105,985.0,35.75,-88.88,primary-based
Dallas-Fort Worth-Arlington TX MSA,2015,0.5444,509600.0,32.85,-96.97,primary-based
Tallahassee FL MSA,2015,0.3988,32420.0,30.35,-84.27,party registration
St. Louis MO-IL MSA,2015,0.577,224600.0,38.74,-90.35,modelled by L2
Glens Falls NY MSA,2015,0.5563,5933.0,43.44,-73.64,party registration
Gainesville FL MSA,2015,0.3969,23820.0,29.45,-82.67,party registration
Dayton OH MSA,2015,0.6109,65460.0,39.83,-84.14,primary-based
South Bend-Mishawaka IN-MI MSA,2015,0.4803,22880.0,41.77,-86.12,primary-based
Harrisburg-Carlisle PA MSA,2015,0.5654,51440.0,40.34,-77.05,party registration
Casper WY MSA,2015,0.7699,6894.0,42.98,-106.8,party registration
Rochester MN MSA,2015,0.6287,16820.0,43.95,-92.33,modelled by L2
Battle Creek MI MSA,2015,0.4944,7280.0,42.24,-85.01,primary-based
Cheyenne WY MSA,2015,0.782,5888.0,41.29,-104.7,party registration
Grand Forks ND-MN MSA,2015,0.472,6011.0,47.84,-96.84,modelled by L2
Las Vegas-Paradise NV MSA,2015,0.4798,145600.0,36.21,-115.0,party registration
Fayetteville NC MSA,2015,0.4181,17160.0,35.16,-78.93,party registration
Florence-Muscle Shoals AL MSA,2015,0.716,5502.0,34.8,-87.72,modelled by L2
Kokomo IN MSA,2015,0.7067,5492.0,40.48,-86.11,primary-based
Altoona PA MSA,2015,0.7103,6327.0,40.5,-78.31,party registration
Mansfield OH MSA,2015,0.7681,984.0,40.77,-82.54,primary-based
Rome GA MSA,2015,0.6891,732.0,34.26,-85.21,primary-based
Trenton-Ewing NJ MSA,2015,0.2958,28460.0,40.28,-74.7,party registration
Riverside-San Bernardino-Ontario CA MSA,2015,0.4883,158600.0,34.54,-116.1,party registration
Charlotte-Gastonia-Concord NC-SC MSA,2015,0.4711,217500.0,35.17,-80.8,party registration
Tucson AZ MSA,2015,0.4357,65790.0,32.13,-111.8,party registration
Washington-Arlington-Alexandria DC-VA-MD-WV MSA,2015,0.286,448400.0,38.8,-77.49,party registration
Mobile AL MSA,2015,0.6094,22140.0,30.97,-88.21,modelled by L2
Fayetteville-Springdale-Rogers AR-MO MSA,2015,0.6493,42450.0,36.12,-94.08,party registration
Amarillo TX MSA,2015,0.7438,13140.0,35.25,-101.9,primary-based
Jackson MI MSA,2015,0.6092,2191.0,42.25,-84.42,primary-based
Morristown TN MSA,2015,0.8309,2573.0,36.17,-83.42,primary-based
State College PA MSA,2015,0.4384,12510.0,40.91,-77.85,party registration
Santa Rosa-Petaluma CA MSA,2015,0.2513,29200.0,38.53,-122.9,party registration
Santa Barbara-Santa Maria-Goleta CA MSA,2015,0.3206,29910.0,34.54,-120.0,party registration
Logan UT-ID MSA,2015,0.8174,7381.0,41.89,-111.8,party registration
Johnson City TN MSA,2015,0.7662,10350.0,36.27,-82.33,primary-based
Fairbanks AK MSA,2015,0.6392,5533.0,64.68,-146.5,party registration
Mount Vernon-Anacortes WA MSA,2015,0.4078,4609.0,48.49,-121.8,primary-based
Lawrence KS MSA,2015,0.4154,1924.0,38.9,-95.29,party registration
Rochester NY MSA,2015,0.4578,90550.0,43.15,-77.52,party registration
Durham NC MSA,2015,0.2498,54050.0,36.06,-78.99,party registration
Lancaster PA MSA,2015,0.5963,35940.0,40.04,-76.25,party registration
Oshkosh-Neenah WI MSA,2015,0.6688,15380.0,44.09,-88.67,modelled by L2
La Crosse WI-MN MSA,2015,0.5771,11880.0,43.78,-91.32,modelled by L2
Lincoln NE MSA,2015,0.5492,30960.0,40.82,-96.87,party registration
Cedar Rapids IA MSA,2015,0.4789,24360.0,42.09,-91.63,party registration
Cape Girardeau-Jackson MO-IL MSA,2015,0.7635,4108.0,37.33,-89.76,modelled by L2
Missoula MT MSA,2015,0.4894,8805.0,47.03,-113.9,modelled by L2
Billings MT MSA,2015,0.7326,9411.0,45.64,-108.8,modelled by L2
Stockton CA MSA,2015,0.4491,23480.0,37.93,-121.3,party registration
Lafayette LA MSA,2015,0.6867,22200.0,29.96,-92.05,party registration
Muncie IN MSA,2015,0.5293,7527.0,40.23,-85.4,primary-based
Anniston-Oxford AL MSA,2015,0.7184,2807.0,33.77,-85.83,modelled by L2
Sherman-Denison TX MSA,2015,0.7916,4505.0,33.62,-96.68,primary-based
Dothan AL MSA,2015,0.7467,5139.0,31.25,-85.47,modelled by L2
McAllen-Edinburg-Mission TX MSA,2015,0.1414,9825.0,26.4,-98.18,primary-based
Decatur IL MSA,2015,0.6723,888.0,39.86,-88.96,primary-based
Pittsfield MA MSA,2015,0.1651,7657.0,42.37,-73.22,party registration
Decatur AL MSA,2015,0.8057,1550.0,34.49,-87.1,modelled by L2
Cumberland MD-WV MSA,2015,0.6394,2892.0,39.53,-78.81,party registration
Fond du Lac WI MSA,2015,0.7686,1297.0,43.75,-88.49,modelled by L2
Cleveland TN MSA,2015,0.742,1572.0,35.14,-84.66,primary-based
Toledo OH MSA,2015,0.4921,41980.0,41.56,-83.52,primary-based
Flint MI MSA,2015,0.3906,15600.0,43.02,-83.71,primary-based
Lafayette IN MSA,2015,0.5457,16980.0,40.48,-87.02,primary-based
Worcester MA MSA,2015,0.34,51490.0,42.22,-71.93,party registration
Sheboygan WI MSA,2015,0.7468,8860.0,43.74,-87.73,modelled by L2
Green Bay WI MSA,2015,0.7513,29110.0,44.47,-88.0,modelled by L2
Fresno CA MSA,2015,0.5332,38010.0,36.76,-119.7,party registration
Peoria IL MSA,2015,0.5945,23200.0,40.71,-89.7,primary-based
Athens-Clark County GA MSA,2015,0.4801,2523.0,33.94,-83.21,primary-based
Yakima WA MSA,2015,0.4903,8266.0,46.46,-120.7,primary-based
Rocky Mount NC MSA,2015,0.4211,5407.0,35.94,-77.8,party registration
Appleton WI MSA,2015,0.7447,22700.0,44.29,-88.37,modelled by L2
Merced CA MSA,2015,0.4608,6369.0,37.19,-120.7,party registration
Michigan City-La Porte IN MSA,2015,0.5059,4033.0,41.55,-86.74,primary-based
Texarkana TX-Texarkana AR MSA,2015,0.7213,4212.0,33.48,-94.21,party registration
Monroe MI MSA,2015,0.6126,3174.0,41.92,-83.49,primary-based
Dover DE MSA,2015,0.4643,7608.0,39.1,-75.5,party registration
Bloomington IN MSA,2015,0.3828,16110.0,39.24,-86.67,primary-based
Chicago-Naperville-Joliet IL-IN-WI MSA,2015,0.3025,777500.0,41.82,-87.83,primary-based
Fort Collins-Loveland CO MSA,2015,0.4491,38260.0,40.66,-105.5,party registration
New York-Northern New Jersey-Long Island NY-NJ-PA MSA,2015,0.3111,1410000.0,40.77,-73.87,party registration
Baltimore-Towson MD MSA,2015,0.3608,225800.0,39.3,-76.55,party registration
Minneapolis-St. Paul-Bloomington MN-WI MSA,2015,0.5411,297600.0,45.1,-93.28,modelled by L2
Owensboro KY MSA,2015,0.5618,5735.0,37.69,-87.08,party registration
Springfield MA MSA,2015,0.2745,39330.0,42.36,-72.62,party registration
Laredo TX MSA,2016,0.1016,5826.0,27.76,-99.34,primary-based
Lake Charles LA MSA,2016,0.6458,14630.0,29.98,-93.25,party registration
Charleston WV MSA,2016,0.5755,12360.0,38.36,-81.62,party registration
Bellingham WA MSA,2016,0.3218,17360.0,48.84,-121.8,primary-based
Lubbock TX MSA,2016,0.6431,22600.0,33.47,-101.6,primary-based
Roanoke VA MSA,2016,0.5539,24310.0,37.29,-79.95,primary-based
Pueblo CO MSA,2016,0.4938,7160.0,38.16,-104.5,party registration
Yuma AZ MSA,2016,0.5736,5873.0,32.77,-113.9,party registration
Santa Cruz-Watsonville CA MSA,2016,0.2199,9636.0,37.01,-122.0,party registration
Springfield IL MSA,2016,0.5702,13950.0,39.83,-89.7,primary-based
Eau Claire WI MSA,2016,0.6088,13490.0,44.94,-91.28,modelled by L2
Fayetteville NC MSA,2016,0.4135,17880.0,35.16,-78.93,party registration
Olympia WA MSA,2016,0.337,16980.0,46.94,-122.8,primary-based
Ames IA MSA,2016,0.413,9877.0,42.04,-93.7,party registration
Iowa City IA MSA,2016,0.2929,17550.0,41.52,-91.65,party registration
Palm Bay-Melbourne-Titusville FL MSA,2016,0.6479,20270.0,28.3,-80.7,party registration
Monroe LA MSA,2016,0.589,13540.0,32.73,-92.1,party registration
State College PA MSA,2016,0.4351,13330.0,40.91,-77.85,party registration
Des Moines-West Des Moines IA MSA,2016,0.4896,74820.0,41.58,-93.76,party registration
Jackson TN MSA,2016,0.7149,1005.0,35.75,-88.88,primary-based
Las Vegas-Paradise NV MSA,2016,0.4748,154300.0,36.21,-115.0,party registration
Florence SC MSA,2016,0.5254,8985.0,34.15,-79.81,primary-based
Detroit-Warren-Livonia MI MSA,2016,0.403,314500.0,42.72,-83.2,primary-based
Pittsburgh PA MSA,2016,0.4712,221300.0,40.44,-79.84,party registration
Atlanta-Sandy Springs-Marietta GA MSA,2016,0.3975,292700.0,33.69,-84.4,primary-based
Elkhart-Goshen IN MSA,2016,0.6906,11780.0,41.6,-85.86,primary-based
Myrtle Beach-Conway-North Myrtle Beach SC MSA,2016,0.6589,18300.0,33.97,-78.61,primary-based
Providence-New Bedford-Fall River RI-MA MSA,2016,0.302,108300.0,41.71,-71.29,party registration
Canton-Massillon OH MSA,2016,0.5695,29280.0,40.71,-81.26,primary-based
Jonesboro AR MSA,2016,0.6784,4822.0,35.7,-90.65,party registration
El Centro CA MSA,2016,0.3662,3325.0,33.04,-115.4,party registration
Kennewick-Richland-Pasco WA MSA,2016,0.5658,13710.0,46.36,-119.3,primary-based
Youngstown-Warren-Boardman OH-PA MSA,2016,0.5146,20910.0,41.24,-80.56,primary-based
College Station-Bryan TX MSA,2016,0.644,13090.0,30.75,-96.49,primary-based
Deltona-Daytona Beach-Ormond Beach FL MSA,2016,0.6043,23940.0,29.18,-81.19,party registration
Albuquerque NM MSA,2016,0.4096,53170.0,35.12,-106.5,party registration
Muskegon-Norton Shores MI MSA,2016,0.4703,7721.0,43.43,-86.42,primary-based
Binghamton NY MSA,2016,0.5044,13820.0,42.16,-76.02,party registration
Clarksville TN-KY MSA,2016,0.5837,16480.0,36.7,-87.62,primary-based
Davenport-Moline-Rock Island IA-IL MSA,2016,0.4969,23550.0,41.39,-90.46,party registration
Flagstaff AZ MSA,2016,0.3708,9728.0,35.83,-111.8,party registration
Beaumont-Port Arthur TX MSA,2016,0.6355,14400.0,30.08,-94.2,primary-based
Utica-Rome NY MSA,2016,0.5854,13340.0,43.33,-75.17,party registration
Augusta-Richmond County GA-SC MSA,2016,0.6128,11490.0,33.46,-81.98,primary-based
Sioux Falls SD MSA,2016,0.6662,23520.0,43.5,-97.0,party registration
Wenatchee WA MSA,2016,0.5232,5059.0,47.77,-120.3,primary-based
Danville IL MSA,2016,0.7066,827.0,40.19,-87.73,primary-based
Pocatello ID MSA,2016,0.7145,4691.0,42.69,-112.6,party registration
Ann Arbor MI MSA,2016,0.2686,49700.0,42.25,-83.84,primary-based
Salinas CA MSA,2016,0.3225,19900.0,36.24,-121.3,party registration
Greenville NC MSA,2016,0.4497,13620.0,35.59,-77.37,party registration
Joplin MO MSA,2016,0.8366,7613.0,37.06,-94.34,modelled by L2
Asheville NC MSA,2016,0.446,30920.0,35.6,-82.68,party registration
Knoxville TN MSA,2016,0.6706,61260.0,36.01,-84.21,primary-based
Lima OH MSA,2016,0.7697,1216.0,40.77,-84.11,primary-based
Lakeland FL MSA,2016,0.6145,29730.0,27.95,-81.69,party registration
Barnstable Town MA MSA,2016,0.3406,11740.0,41.71,-70.16,party registration
Topeka KS MSA,2016,0.6082,15750.0,39.04,-95.8,party registration
Vineland-Millville-Bridgeton NJ MSA,2016,0.4704,4703.0,39.33,-75.12,party registration
Shreveport-Bossier City LA MSA,2016,0.5993,18930.0,32.44,-93.74,party registration
Prescott AZ MSA,2016,0.7082,6579.0,34.63,-112.6,party registration
St. Cloud MN MSA,2016,0.6924,14620.0,45.59,-94.49,modelled by L2
Victoria TX MSA,2016,0.6777,1764.0,28.73,-97.2,primary-based
Columbus GA-AL MSA,2016,0.4944,2659.0,32.42,-84.84,primary-based
Little Rock-North Little Rock-Conway AR MSA,2016,0.5532,50760.0,34.76,-92.4,party registration
Boulder CO MSA,2016,0.2597,45520.0,40.09,-105.4,party registration
Greensboro-High Point NC MSA,2016,0.4867,65660.0,36.03,-79.79,party registration
Tuscaloosa AL MSA,2016,0.5573,14610.0,33.1,-87.8,modelled by L2
Columbia SC MSA,2016,0.4785,55840.0,34.08,-81.04,primary-based
Provo-Orem UT MSA,2016,0.8507,50100.0,39.87,-112.4,party registration
Columbia MO MSA,2016,0.5066,19050.0,38.99,-92.59,modelled by L2
Bend OR MSA,2016,0.4429,15400.0,43.92,-121.2,party registration
Spokane WA MSA,2016,0.471,41200.0,48.09,-117.7,primary-based
Niles-Benton Harbor MI MSA,2016,0.5108,6866.0,41.79,-86.74,primary-based
Omaha-Council Bluffs NE-IA MSA,2016,0.5745,97040.0,41.29,-96.0,party registration
Burlington-South Burlington VT MSA,2016,0.2347,21210.0,44.69,-73.04,modelled by L2
Hagerstown-Martinsburg MD-WV MSA,2016,0.6357,11220.0,39.55,-77.98,party registration
Champaign-Urbana IL MSA,2016,0.3932,19800.0,40.1,-88.32,primary-based
Punta Gorda FL MSA,2016,0.688,2916.0,26.91,-82.0,party registration
Pine Bluff AR MSA,2016,0.4241,2371.0,34.08,-91.95,party registration
Bangor ME MSA,2016,0.5044,4010.0,45.41,-68.67,party registration
Kingsport-Bristol-Bristol TN-VA MSA,2016,0.8102,9377.0,36.6,-82.44,primary-based
Napa CA MSA,2016,0.3029,8619.0,38.51,-122.3,party registration
Auburn-Opelika AL MSA,2016,0.6279,3974.0,32.6,-85.35,modelled by L2
Philadelphia-Camden-Wilmington PA-NJ-DE-MD MSA,2016,0.3627,486400.0,39.89,-75.31,party registration
Houston-Sugar Land-Baytown TX MSA,2016,0.5027,473300.0,29.75,-95.35,primary-based
Columbus OH MSA,2016,0.4635,210100.0,39.97,-82.84,primary-based
Colorado Springs CO MSA,2016,0.6197,63810.0,38.85,-104.6,party registration
Ocean City NJ MSA,2016,0.6083,3457.0,39.09,-74.85,party registration
Wilmington NC MSA,2016,0.5601,31210.0,34.43,-77.89,party registration
Memphis TN-AR-MS MSA,2016,0.4572,93450.0,35.02,-89.87,primary-based
Richmond VA MSA,2016,0.428,135700.0,37.41,-77.44,primary-based
Sarasota-Bradenton-Venice FL MSA,2016,0.6369,45710.0,27.33,-82.41,party registration
Bridgeport-Stamford-Norwalk CT MSA,2016,0.3686,73090.0,41.23,-73.37,party registration
Kalamazoo-Portage MI MSA,2016,0.4099,31690.0,42.25,-85.53,primary-based
Great Falls MT MSA,2016,0.7014,3526.0,47.32,-111.4,modelled by L2
Reno-Sparks NV MSA,2016,0.5311,34710.0,40.5,-119.7,party registration
Harrisonburg VA MSA,2016,0.4953,7907.0,38.51,-78.89,primary-based
Tyler TX MSA,2016,0.7183,13810.0,32.38,-95.27,primary-based
Eugene-Springfield OR MSA,2016,0.3263,27920.0,43.93,-122.9,party registration
Portland-South Portland-Biddeford ME MSA,2016,0.3647,29640.0,43.65,-70.42,party registration
Saginaw-Saginaw Township North MI MSA,2016,0.4701,11100.0,43.33,-84.06,primary-based
Salem OR MSA,2016,0.4811,19560.0,44.9,-122.9,party registration
Elizabethtown KY MSA,2016,0.5885,6063.0,37.73,-85.97,party registration
Jefferson City MO MSA,2016,0.7864,9173.0,38.64,-92.09,modelled by L2
Kingston NY MSA,2016,0.3357,5471.0,41.95,-74.27,party registration
Macon GA MSA,2016,0.4399,3337.0,32.86,-83.71,primary-based
Las Cruces NM MSA,2016,0.3923,8422.0,32.35,-106.8,party registration
Longview TX MSA,2016,0.7397,10560.0,32.43,-94.68,primary-based
Anderson IN MSA,2016,0.6263,5140.0,39.75,-86.21,primary-based
Savannah GA MSA,2016,0.4996,3236.0,32.11,-81.27,primary-based
El Paso TX MSA,2016,0.2026,34340.0,31.53,-105.5,primary-based
Miami-Fort Lauderdale-Pompano Beach FL MSA,2016,0.3957,337600.0,26.1,-80.48,party registration
Oxnard-Thousand Oaks-Ventura CA MSA,2016,0.416,51480.0,34.36,-119.1,party registration
Lansing-East Lansing MI MSA,2016,0.3465,46680.0,42.77,-84.5,primary-based
Brownsville-Harlingen TX MSA,2016,0.1866,8473.0,26.1,-97.48,primary-based
Ithaca NY MSA,2016,0.2345,12280.0,42.45,-76.47,party registration
New Haven-Milford CT MSA,2016,0.3563,53170.0,41.35,-72.9,party registration
Wausau WI MSA,2016,0.7123,9300.0,45.05,-89.76,modelled by L2
Bremerton-Silverdale WA MSA,2016,0.3923,13740.0,47.64,-122.6,primary-based
Anchorage AK MSA,2016,0.6147,27070.0,62.21,-149.7,party registration
Baton Rouge LA MSA,2016,0.58,59160.0,30.52,-91.13,party registration
Winston-Salem NC MSA,2016,0.6552,10130.0,36.08,-80.35,party registration
Redding CA MSA,2016,0.6936,7413.0,40.76,-122.0,party registration
Terre Haute IN MSA,2016,0.5599,9791.0,39.48,-87.31,primary-based
Killeen-Temple-Fort Hood TX MSA,2016,0.5463,24280.0,31.2,-97.79,primary-based
Norwich-New London CT MSA,2016,0.4066,16660.0,41.47,-72.11,party registration
Tulsa OK MSA,2016,0.6798,76420.0,36.25,-96.18,party registration
Scranton--Wilkes-Barre PA MSA,2016,0.474,23470.0,41.32,-75.9,party registration
Medford OR MSA,2016,0.5819,9528.0,42.41,-122.7,party registration
Hickory-Lenoir-Morganton NC MSA,2016,0.725,16320.0,35.81,-81.46,party registration
Madera CA MSA,2016,0.6295,1233.0,37.21,-119.7,party registration
Hattiesburg MS MSA,2016,0.6343,8213.0,31.27,-89.3,primary-based
Johnstown PA MSA,2016,0.615,5566.0,40.51,-78.71,party registration
Coeur d'Alene ID MSA,2016,0.8306,3102.0,47.68,-116.7,party registration
San Diego-Carlsbad-San Marcos CA MSA,2016,0.3937,319100.0,33.02,-116.8,party registration
Los Angeles-Long Beach-Santa Ana CA MSA,2016,0.3319,822500.0,34.11,-118.2,party registration
Sacramento-Arden-Arcade-Roseville CA MSA,2016,0.4169,169900.0,38.79,-121.0,party registration
San Jose-Sunnyvale-Santa Clara CA MSA,2016,0.2398,196800.0,36.91,-121.4,party registration
Austin-Round Rock TX MSA,2016,0.3729,274800.0,30.25,-97.65,primary-based
San Francisco-Oakland-Fremont CA MSA,2016,0.1958,350200.0,37.77,-122.3,party registration
Pensacola-Ferry Pass-Brent FL MSA,2016,0.6853,31120.0,30.61,-87.16,party registration
Evansville IN-KY MSA,2016,0.6135,24560.0,38.02,-87.59,primary-based
Milwaukee-Waukesha-West Allis WI MSA,2016,0.6082,173900.0,42.91,-87.86,modelled by L2
Madison WI MSA,2016,0.45,93960.0,43.08,-89.6,modelled by L2
Birmingham-Hoover AL MSA,2016,0.6685,25500.0,33.4,-86.73,modelled by L2
Greeley CO MSA,2016,0.6261,14110.0,40.56,-104.4,party registration
Fort Walton Beach-Crestview-Destin FL MSA,2016,0.7517,11460.0,30.59,-86.36,party registration
San Luis Obispo-Paso Robles CA MSA,2016,0.4174,20260.0,35.39,-120.4,party registration
Abilene TX MSA,2016,0.8589,8550.0,32.45,-99.72,primary-based
Manchester-Nashua NH MSA,2016,0.5011,24290.0,42.91,-71.72,party registration
Naples-Marco Island FL MSA,2016,0.6869,2594.0,26.12,-81.4,party registration
Jacksonville NC MSA,2016,0.6882,5121.0,34.76,-77.5,party registration
Fargo ND-MN MSA,2016,0.4908,21670.0,46.91,-96.96,modelled by L2
Williamsport PA MSA,2016,0.6856,6905.0,41.34,-77.06,party registration
Vallejo-Fairfield CA MSA,2016,0.3587,18070.0,38.27,-121.9,party registration
Santa Fe NM MSA,2016,0.1895,8441.0,35.51,-106.0,party registration
Yuba City CA MSA,2016,0.6199,4283.0,39.16,-121.5,party registration
Panama City-Lynn Haven FL MSA,2016,0.7477,3821.0,30.16,-85.53,party registration
Elmira NY MSA,2016,0.6136,2360.0,42.15,-76.75,party registration
Idaho Falls ID MSA,2016,0.8594,7419.0,43.62,-112.4,party registration
Alexandria LA MSA,2016,0.7398,2375.0,31.33,-92.55,party registration
Houma-Bayou Cane-Thibodaux LA MSA,2016,0.7395,9639.0,29.33,-90.84,party registration
Lynchburg VA MSA,2016,0.6202,15490.0,37.36,-79.22,primary-based
Lake Havasu City-Kingman AZ MSA,2016,0.7981,4689.0,35.72,-113.7,party registration
Longview WA MSA,2016,0.5594,2170.0,46.2,-122.7,primary-based
Kansas City MO-KS MSA,2016,0.5664,222100.0,38.93,-94.44,modelled by L2
Reading PA MSA,2016,0.5513,23320.0,40.41,-75.93,party registration
San Antonio TX MSA,2016,0.4659,182900.0,29.43,-98.61,primary-based
Grand Rapids-Wyoming MI MSA,2016,0.4942,84460.0,43.04,-85.78,primary-based
Indianapolis-Carmel IN MSA,2016,0.5406,203100.0,39.75,-86.21,primary-based
Visalia-Porterville CA MSA,2016,0.5922,11570.0,36.23,-118.8,party registration
Bakersfield CA MSA,2016,0.5921,32050.0,35.35,-118.7,party registration
Virginia Beach-Norfolk-Newport News VA-NC MSA,2016,0.4303,133500.0,36.8,-76.45,primary-based
Bay City MI MSA,2016,0.4932,3735.0,43.7,-83.98,primary-based
Huntington-Ashland WV-KY-OH MSA,2016,0.5897,8802.0,38.41,-82.54,party registration
Lewiston-Auburn ME MSA,2016,0.5168,2878.0,44.17,-70.21,party registration
Grand Junction CO MSA,2016,0.7434,9153.0,39.02,-108.5,party registration
Cape Coral-Fort Myers FL MSA,2016,0.6492,39220.0,26.56,-81.98,party registration
Midland TX MSA,2016,0.6722,11800.0,32.09,-102.0,primary-based
Wichita Falls TX MSA,2016,0.8582,6271.0,33.78,-98.5,primary-based
Dubuque IA MSA,2016,0.5098,8591.0,42.46,-90.88,party registration
Janesville WI MSA,2016,0.5446,7813.0,42.67,-89.08,modelled by L2
Sumter SC MSA,2016,0.5029,4205.0,33.79,-80.29,primary-based
Montgomery AL MSA,2016,0.5319,23570.0,32.37,-86.4,modelled by L2
Sioux City IA-NE-SD MSA,2016,0.6679,6889.0,42.51,-96.44,party registration
Blacksburg-Christiansburg-Radford VA MSA,2016,0.424,11460.0,37.12,-80.56,primary-based
Winchester VA-WV MSA,2016,0.6026,6766.0,39.27,-78.47,primary-based
Rapid City SD MSA,2016,0.7554,7569.0,44.31,-102.8,party registration
Weirton-Steubenville WV-OH MSA,2016,0.6312,3605.0,40.39,-80.7,party registration
Hinesville-Fort Stewart GA MSA,2016,0.4138,856.0,31.78,-81.58,primary-based
Columbus IN MSA,2016,0.6343,1134.0,39.21,-85.9,primary-based
Lewiston ID-WA MSA,2016,0.7072,1969.0,46.25,-116.9,party registration
Carson City NV MSA,2016,0.6288,2824.0,39.15,-119.7,party registration
Rochester NY MSA,2016,0.4518,93710.0,43.15,-77.52,party registration
Bloomington IN MSA,2016,0.3794,17170.0,39.24,-86.67,primary-based
Billings MT MSA,2016,0.7293,9798.0,45.64,-108.8,modelled by L2
Lincoln NE MSA,2016,0.5443,32410.0,40.82,-96.87,party registration
Oshkosh-Neenah WI MSA,2016,0.6678,16140.0,44.09,-88.67,modelled by L2
La Crosse WI-MN MSA,2016,0.5727,12390.0,43.78,-91.32,modelled by L2
Lancaster PA MSA,2016,0.5927,37700.0,40.04,-76.25,party registration
Cedar Rapids IA MSA,2016,0.4756,24990.0,42.09,-91.63,party registration
Muncie IN MSA,2016,0.5236,7866.0,40.23,-85.4,primary-based
Dover DE MSA,2016,0.4589,7880.0,39.1,-75.5,party registration
Durham NC MSA,2016,0.249,55920.0,36.06,-78.99,party registration
Dothan AL MSA,2016,0.7453,5397.0,31.25,-85.47,modelled by L2
Stockton CA MSA,2016,0.4436,24770.0,37.93,-121.3,party registration
Sherman-Denison TX MSA,2016,0.781,4676.0,33.62,-96.68,primary-based
Fond du Lac WI MSA,2016,0.7571,1361.0,43.75,-88.49,modelled by L2
McAllen-Edinburg-Mission TX MSA,2016,0.1378,10460.0,26.4,-98.18,primary-based
Lafayette LA MSA,2016,0.6836,22320.0,29.96,-92.05,party registration
Pittsfield MA MSA,2016,0.1636,7970.0,42.37,-73.22,party registration
Anniston-Oxford AL MSA,2016,0.7156,2975.0,33.77,-85.83,modelled by L2
Decatur AL MSA,2016,0.8052,1617.0,34.49,-87.1,modelled by L2
Cumberland MD-WV MSA,2016,0.6396,3013.0,39.53,-78.81,party registration
Decatur IL MSA,2016,0.6808,899.0,39.86,-88.96,primary-based
Cleveland TN MSA,2016,0.7473,1583.0,35.14,-84.66,primary-based
Phoenix-Mesa-Scottsdale AZ MSA,2016,0.5507,346000.0,33.19,-112.1,party registration
York-Hanover PA MSA,2016,0.6378,25940.0,39.92,-76.73,party registration
Chattanooga TN-GA MSA,2016,0.6395,38860.0,35.05,-85.36,primary-based
Louisville/Jefferson County KY-IN MSA,2016,0.4816,113700.0,38.31,-85.68,party registration
Orlando-Kissimmee FL MSA,2016,0.4427,224800.0,28.43,-81.36,party registration
Boise City-Nampa ID MSA,2016,0.6723,60700.0,43.01,-116.1,party registration
Salt Lake City UT MSA,2016,0.6521,115100.0,40.57,-113.0,party registration
Huntsville AL MSA,2016,0.6306,37460.0,34.78,-86.73,modelled by L2
Charlottesville VA MSA,2016,0.342,24230.0,37.95,-78.59,primary-based
Bismarck ND MSA,2016,0.7362,7669.0,46.89,-101.0,modelled by L2
Corpus Christi TX MSA,2016,0.5393,20870.0,27.83,-97.51,primary-based
Akron OH MSA,2016,0.4952,48020.0,41.15,-81.35,primary-based
Albany-Schenectady-Troy NY MSA,2016,0.397,72720.0,42.79,-73.94,party registration
Greenville-Mauldin-Easley SC MSA,2016,0.6756,65350.0,34.68,-82.41,primary-based
Goldsboro NC MSA,2016,0.5768,4604.0,35.35,-78.01,party registration
Rockford IL MSA,2016,0.5343,21750.0,42.33,-89.04,primary-based
Erie PA MSA,2016,0.486,18590.0,42.12,-80.1,party registration
Port St. Lucie FL MSA,2016,0.5902,20560.0,27.23,-80.43,party registration
Spartanburg SC MSA,2016,0.6571,15330.0,34.93,-81.99,primary-based
Duluth MN-WI MSA,2016,0.4857,18580.0,47.35,-92.16,modelled by L2
Morgantown WV MSA,2016,0.5018,9748.0,39.53,-79.8,party registration
Springfield OH MSA,2016,0.6505,5997.0,39.92,-83.78,primary-based
San Angelo TX MSA,2016,0.6853,5402.0,31.48,-100.8,primary-based
Burlington NC MSA,2016,0.4973,8950.0,36.04,-79.4,party registration
Waterloo-Cedar Falls IA MSA,2016,0.5094,11340.0,42.54,-92.47,party registration
Kankakee-Bradley IL MSA,2016,0.6027,4776.0,41.14,-87.86,primary-based
Valdosta GA MSA,2016,0.5764,1327.0,30.83,-83.24,primary-based
St. Joseph MO-KS MSA,2016,0.8259,944.0,39.83,-94.78,modelled by L2
Portland-Vancouver-Beaverton OR-WA MSA,2016,0.2916,263700.0,45.6,-122.5,party registration
Raleigh-Cary NC MSA,2016,0.3941,179600.0,35.76,-78.46,party registration
Boston-Cambridge-Quincy MA-NH MSA,2016,0.2458,531900.0,42.52,-71.02,party registration
Odessa TX MSA,2016,0.6133,8711.0,31.87,-102.5,primary-based
Fort Wayne IN MSA,2016,0.6498,37030.0,41.11,-85.22,primary-based
Waco TX MSA,2016,0.6358,16260.0,31.43,-97.09,primary-based
Ocala FL MSA,2016,0.6551,13930.0,29.2,-82.04,party registration
Lexington-Fayette KY MSA,2016,0.468,50020.0,38.1,-84.44,party registration
Syracuse NY MSA,2016,0.4618,51600.0,43.01,-76.2,party registration
Allentown-Bethlehem-Easton PA-NJ MSA,2016,0.5016,63380.0,40.79,-75.4,party registration
Buffalo-Niagara Falls NY MSA,2016,0.4294,58150.0,43.04,-78.78,party registration
Ogden-Clearfield UT MSA,2016,0.8153,27440.0,41.62,-113.1,party registration
Modesto CA MSA,2016,0.5029,20580.0,37.56,-121.0,party registration
Gadsden AL MSA,2016,0.7542,3338.0,34.05,-86.03,modelled by L2
Manhattan KS MSA,2016,0.6189,5266.0,39.27,-96.56,party registration
Farmington NM MSA,2016,0.7249,3399.0,36.51,-108.3,party registration
Brunswick GA MSA,2016,0.6709,714.0,31.3,-81.59,primary-based
Gainesville FL MSA,2016,0.3927,25670.0,29.45,-82.67,party registration
Dallas-Fort Worth-Arlington TX MSA,2016,0.539,538000.0,32.85,-96.97,primary-based
Tallahassee FL MSA,2016,0.3965,34200.0,30.35,-84.27,party registration
St. Louis MO-IL MSA,2016,0.567,233800.0,38.74,-90.35,modelled by L2
Harrisburg-Carlisle PA MSA,2016,0.5612,53300.0,40.34,-77.05,party registration
Rochester MN MSA,2016,0.6163,17560.0,43.95,-92.33,modelled by L2
Dayton OH MSA,2016,0.6073,68070.0,39.83,-84.14,primary-based
South Bend-Mishawaka IN-MI MSA,2016,0.4746,23780.0,41.77,-86.12,primary-based
Cape Girardeau-Jackson MO-IL MSA,2016,0.7464,4281.0,37.33,-89.76,modelled by L2
Glens Falls NY MSA,2016,0.5528,6161.0,43.44,-73.64,party registration
Rome GA MSA,2016,0.7023,740.0,34.26,-85.21,primary-based
Casper WY MSA,2016,0.7693,7045.0,42.98,-106.8,party registration
Missoula MT MSA,2016,0.4853,9257.0,47.03,-113.9,modelled by L2
Altoona PA MSA,2016,0.7143,6550.0,40.5,-78.31,party registration
Battle Creek MI MSA,2016,0.4893,7410.0,42.24,-85.01,primary-based
Cheyenne WY MSA,2016,0.7824,6047.0,41.29,-104.7,party registration
Florence-Muscle Shoals AL MSA,2016,0.7101,5823.0,34.8,-87.72,modelled by L2
Grand Forks ND-MN MSA,2016,0.4619,6234.0,47.84,-96.84,modelled by L2
Kokomo IN MSA,2016,0.7029,5694.0,40.48,-86.11,primary-based
Mansfield OH MSA,2016,0.7656,988.0,40.77,-82.54,primary-based
Washington-Arlington-Alexandria DC-VA-MD-WV MSA,2016,0.2826,465800.0,38.8,-77.49,party registration
Tucson AZ MSA,2016,0.4315,68880.0,32.13,-111.8,party registration
Riverside-San Bernardino-Ontario CA MSA,2016,0.4836,166200.0,34.54,-116.1,party registration
Santa Barbara-Santa Maria-Goleta CA MSA,2016,0.3162,31380.0,34.54,-120.0,party registration
Johnson City TN MSA,2016,0.7641,10850.0,36.27,-82.33,primary-based
Charlotte-Gastonia-Concord NC-SC MSA,2016,0.4655,231100.0,35.17,-80.8,party registration
Toledo OH MSA,2016,0.4888,43920.0,41.56,-83.52,primary-based
Flint MI MSA,2016,0.3863,16240.0,43.02,-83.71,primary-based
Fairbanks AK MSA,2016,0.6439,5608.0,64.68,-146.5,party registration
Santa Rosa-Petaluma CA MSA,2016,0.2483,30370.0,38.53,-122.9,party registration
Trenton-Ewing NJ MSA,2016,0.2931,29260.0,40.28,-74.7,party registration
Amarillo TX MSA,2016,0.7431,13700.0,35.25,-101.9,primary-based
Jackson MI MSA,2016,0.5987,2230.0,42.25,-84.42,primary-based
Logan UT-ID MSA,2016,0.8132,7811.0,41.89,-111.8,party registration
Mobile AL MSA,2016,0.6084,23130.0,30.97,-88.21,modelled by L2
Fayetteville-Springdale-Rogers AR-MO MSA,2016,0.6407,45010.0,36.12,-94.08,party registration
Lawrence KS MSA,2016,0.4134,1934.0,38.9,-95.29,party registration
Mount Vernon-Anacortes WA MSA,2016,0.3958,4888.0,48.49,-121.8,primary-based
New York-Northern New Jersey-Long Island NY-NJ-PA MSA,2016,0.3076,1479000.0,40.77,-73.87,party registration
Chicago-Naperville-Joliet IL-IN-WI MSA,2016,0.2969,809700.0,41.82,-87.83,primary-based
Minneapolis-St. Paul-Bloomington MN-WI MSA,2016,0.5333,305000.0,45.1,-93.28,modelled by L2
Baltimore-Towson MD MSA,2016,0.3573,235900.0,39.3,-76.55,party registration
Yakima WA MSA,2016,0.4856,8680.0,46.46,-120.7,primary-based
Lafayette IN MSA,2016,0.5414,17930.0,40.48,-87.02,primary-based
Worcester MA MSA,2016,0.3343,53200.0,42.22,-71.93,party registration
Green Bay WI MSA,2016,0.7482,30160.0,44.47,-88.0,modelled by L2
Fresno CA MSA,2016,0.5256,40030.0,36.76,-119.7,party registration
Fort Collins-Loveland CO MSA,2016,0.4447,40150.0,40.66,-105.5,party registration
Springfield MA MSA,2016,0.2717,40680.0,42.36,-72.62,party registration
Appleton WI MSA,2016,0.7393,23540.0,44.29,-88.37,modelled by L2
Jackson MS MSA,2016,0.5304,38720.0,32.43,-90.2,primary-based
Sheboygan WI MSA,2016,0.7464,9291.0,43.74,-87.73,modelled by L2
Atlantic City NJ MSA,2016,0.4708,10280.0,39.47,-74.63,party registration
Peoria IL MSA,2016,0.5935,23450.0,40.71,-89.7,primary-based
Owensboro KY MSA,2016,0.5584,6054.0,37.69,-87.08,party registration
Texarkana TX-Texarkana AR MSA,2016,0.7146,4414.0,33.48,-94.21,party registration
Merced CA MSA,2016,0.4483,6815.0,37.19,-120.7,party registration
Monroe MI MSA,2016,0.6026,3232.0,41.92,-83.49,primary-based
Parkersburg-Marietta-Vienna WV-OH MSA,2016,0.7196,5635.0,39.14,-81.46,party registration
Bowling Green KY MSA,2016,0.5627,8804.0,37.05,-86.4,party registration
Chico CA MSA,2016,0.4525,11570.0,39.67,-121.6,party registration
Wheeling WV-OH MSA,2016,0.6187,5103.0,39.98,-80.85,party registration
Lawton OK MSA,2016,0.6167,4159.0,34.53,-98.43,party registration
Morristown TN MSA,2016,0.83,2645.0,36.17,-83.42,primary-based
Denver-Aurora CO MSA,2016,0.3903,336500.0,39.43,-104.9,party registration
Dalton GA MSA,2016,0.7652,1259.0,34.8,-84.86,primary-based
Hanford-Corcoran CA MSA,2016,0.6041,3478.0,36.07,-119.8,party registration
Michigan City-La Porte IN MSA,2016,0.502,4151.0,41.55,-86.74,primary-based
Rocky Mount NC MSA,2016,0.4158,5584.0,35.94,-77.8,party registration
Racine WI MSA,2016,0.5882,11470.0,42.78,-87.77,modelled by L2
Hot Springs AR MSA,2016,0.6785,2418.0,34.58,-93.15,party registration
Lebanon PA MSA,2016,0.6574,9298.0,40.37,-76.46,party registration
Athens-Clark County GA MSA,2016,0.4872,2429.0,33.94,-83.21,primary-based
Gainesville GA MSA,2016,0.6858,1589.0,34.32,-83.82,primary-based
New Orleans-Metairie-Kenner LA MSA,2016,0.4807,85850.0,30.05,-89.93,party registration
Fort Smith AR-OK MSA,2016,0.7532,11420.0,35.46,-94.3,party registration
Charleston-North Charleston SC MSA,2016,0.5744,68050.0,33.02,-80.01,primary-based
Springfield MO MSA,2016,0.761,32830.0,37.36,-93.18,modelled by L2
Oklahoma City OK MSA,2016,0.6309,98660.0,35.43,-97.51,party registration
Mankato-North Mankato MN MSA,2016,0.5661,7349.0,44.15,-94.15,modelled by L2
Hartford-West Hartford-East Hartford CT MSA,2016,0.3651,89960.0,41.72,-72.57,party registration
St. George UT MSA,2016,0.865,6267.0,37.26,-113.5,party registration
Bloomington-Normal IL MSA,2016,0.5186,10580.0,40.49,-88.84,primary-based
Salisbury MD MSA,2016,0.5098,5554.0,38.4,-75.48,party registration
Warner Robins GA MSA,2016,0.5962,1479.0,32.49,-83.71,primary-based
Tampa-St. Petersburg-Clearwater FL,2016,0.5294,225100.0,28.12,-82.53,party registration
Cincinnati-Middletown OH-KY-IN MSA,2016,0.5844,195300.0,39.1,-84.48,primary-based
Nashville-Davidson-Murfreesboro-Franklin TN MSA,2016,0.5611,181600.0,36.12,-86.64,primary-based
Wichita KS MSA,2016,0.68,47140.0,37.64,-97.25,party registration
Poughkeepsie-Newburgh-Middletown NY MSA,2016,0.4508,36830.0,41.58,-74.03,party registration
Anderson SC MSA,2016,0.6948,7301.0,34.68,-82.41,primary-based
Gulfport-Biloxi MS MSA,2016,0.712,13280.0,30.48,-89.0,primary-based
Sebastian-Vero Beach FL MSA,2016,0.6958,6668.0,27.7,-80.57,party registration
Cleveland-Elyria-Mentor OH MSA,2016,0.4372,191400.0,41.56,-81.6,primary-based
Jacksonville FL MSA,2016,0.5875,128300.0,30.24,-81.75,party registration
Seattle-Tacoma-Bellevue WA MSA,2016,0.2476,407000.0,47.49,-121.8,primary-based
Albany GA MSA,2016,0.511,503.0,31.64,-84.11,primary-based
Lexington-Fayette KY MSA,2017,0.4648,52520.0,38.1,-84.44,party registration
Portland-Vancouver-Beaverton OR-WA MSA,2017,0.2876,276100.0,45.6,-122.5,party registration
Buffalo-Niagara Falls NY MSA,2017,0.4257,60770.0,43.04,-78.78,party registration
Raleigh-Cary NC MSA,2017,0.3889,190400.0,35.76,-78.46,party registration
Ocala FL MSA,2017,0.6549,14550.0,29.2,-82.04,party registration
Syracuse NY MSA,2017,0.4567,53820.0,43.01,-76.2,party registration
Ogden-Clearfield UT MSA,2017,0.8106,28550.0,41.62,-113.1,party registration
Allentown-Bethlehem-Easton PA-NJ MSA,2017,0.4979,66050.0,40.79,-75.4,party registration
Modesto CA MSA,2017,0.4944,21630.0,37.56,-121.0,party registration
Waco TX MSA,2017,0.6324,17160.0,31.43,-97.09,primary-based
Manhattan KS MSA,2017,0.6097,5216.0,39.27,-96.56,party registration
Farmington NM MSA,2017,0.7267,3401.0,36.51,-108.3,party registration
Odessa TX MSA,2017,0.6092,10270.0,31.87,-102.5,primary-based
Gadsden AL MSA,2017,0.7572,3489.0,34.05,-86.03,modelled by L2
San Francisco-Oakland-Fremont CA MSA,2017,0.1947,363200.0,37.77,-122.3,party registration
Austin-Round Rock TX MSA,2017,0.3682,291400.0,30.25,-97.65,primary-based
Sacramento-Arden-Arcade-Roseville CA MSA,2017,0.4107,178900.0,38.79,-121.0,party registration
Madison WI MSA,2017,0.448,97880.0,43.08,-89.6,modelled by L2
San Diego-Carlsbad-San Marcos CA MSA,2017,0.3894,334000.0,33.02,-116.8,party registration
San Luis Obispo-Paso Robles CA MSA,2017,0.4112,21550.0,35.39,-120.4,party registration
Milwaukee-Waukesha-West Allis WI MSA,2017,0.6059,179400.0,42.91,-87.86,modelled by L2
Vallejo-Fairfield CA MSA,2017,0.3556,18640.0,38.27,-121.9,party registration
Yuba City CA MSA,2017,0.5968,4494.0,39.16,-121.5,party registration
Fort Walton Beach-Crestview-Destin FL MSA,2017,0.7476,12010.0,30.59,-86.36,party registration
Jacksonville NC MSA,2017,0.6863,5170.0,34.76,-77.5,party registration
Idaho Falls ID MSA,2017,0.8584,7771.0,43.62,-112.4,party registration
San Jose-Sunnyvale-Santa Clara CA MSA,2017,0.2377,201700.0,36.91,-121.4,party registration
Evansville IN-KY MSA,2017,0.6091,25490.0,38.02,-87.59,primary-based
Boston-Cambridge-Quincy MA-NH MSA,2017,0.2427,556700.0,42.52,-71.02,party registration
Fort Wayne IN MSA,2017,0.6466,38770.0,41.11,-85.22,primary-based
Manchester-Nashua NH MSA,2017,0.4994,24530.0,42.91,-71.72,party registration
Birmingham-Hoover AL MSA,2017,0.671,25990.0,33.4,-86.73,modelled by L2
Pensacola-Ferry Pass-Brent FL MSA,2017,0.6834,32900.0,30.61,-87.16,party registration
Panama City-Lynn Haven FL MSA,2017,0.7472,3979.0,30.16,-85.53,party registration
Longview WA MSA,2017,0.5571,2182.0,46.2,-122.7,primary-based
Williamsport PA MSA,2017,0.6825,7164.0,41.34,-77.06,party registration
Santa Fe NM MSA,2017,0.1925,8658.0,35.51,-106.0,party registration
Greeley CO MSA,2017,0.6201,14960.0,40.56,-104.4,party registration
Houma-Bayou Cane-Thibodaux LA MSA,2017,0.7417,9761.0,29.33,-90.84,party registration
Lynchburg VA MSA,2017,0.617,16250.0,37.36,-79.22,primary-based
Lake Havasu City-Kingman AZ MSA,2017,0.794,4886.0,35.72,-113.7,party registration
Alexandria LA MSA,2017,0.7447,2415.0,31.33,-92.55,party registration
Elmira NY MSA,2017,0.6128,2385.0,42.15,-76.75,party registration
Naples-Marco Island FL MSA,2017,0.6981,2582.0,26.12,-81.4,party registration
Brunswick GA MSA,2017,0.6993,697.0,31.3,-81.59,primary-based
Los Angeles-Long Beach-Santa Ana CA MSA,2017,0.3279,866600.0,34.11,-118.2,party registration
Las Vegas-Paradise NV MSA,2017,0.4695,163600.0,36.21,-115.0,party registration
Canton-Massillon OH MSA,2017,0.5699,30250.0,40.71,-81.26,primary-based
Detroit-Warren-Livonia MI MSA,2017,0.3932,330000.0,42.72,-83.2,primary-based
Monroe LA MSA,2017,0.5834,14180.0,32.73,-92.1,party registration
Atlanta-Sandy Springs-Marietta GA MSA,2017,0.392,301200.0,33.69,-84.4,primary-based
Providence-New Bedford-Fall River RI-MA MSA,2017,0.2975,112600.0,41.71,-71.29,party registration
Fayetteville NC MSA,2017,0.4133,18630.0,35.16,-78.93,party registration
Elkhart-Goshen IN MSA,2017,0.6847,12550.0,41.6,-85.86,primary-based
Ames IA MSA,2017,0.4076,10390.0,42.04,-93.7,party registration
Palm Bay-Melbourne-Titusville FL MSA,2017,0.6494,21000.0,28.3,-80.7,party registration
State College PA MSA,2017,0.4338,14110.0,40.91,-77.85,party registration
Olympia WA MSA,2017,0.3334,17780.0,46.94,-122.8,primary-based
Springfield IL MSA,2017,0.5673,14320.0,39.83,-89.7,primary-based
Lawton OK MSA,2017,0.6108,4192.0,34.53,-98.43,party registration
Fargo ND-MN MSA,2017,0.4855,22300.0,46.91,-96.96,modelled by L2
Abilene TX MSA,2017,0.8646,8919.0,32.45,-99.72,primary-based
Bowling Green KY MSA,2017,0.565,9219.0,37.05,-86.4,party registration
Wheeling WV-OH MSA,2017,0.631,5275.0,39.98,-80.85,party registration
Myrtle Beach-Conway-North Myrtle Beach SC MSA,2017,0.6499,19290.0,33.97,-78.61,primary-based
Florence SC MSA,2017,0.5241,9391.0,34.15,-79.81,primary-based
Gulfport-Biloxi MS MSA,2017,0.7131,13780.0,30.48,-89.0,primary-based
Eau Claire WI MSA,2017,0.6081,14130.0,44.94,-91.28,modelled by L2
Chico CA MSA,2017,0.4468,12210.0,39.67,-121.6,party registration
Morristown TN MSA,2017,0.8333,2696.0,36.17,-83.42,primary-based
Anderson SC MSA,2017,0.6886,7590.0,34.68,-82.41,primary-based
Parkersburg-Marietta-Vienna WV-OH MSA,2017,0.7262,5842.0,39.14,-81.46,party registration
Jackson TN MSA,2017,0.7203,974.0,35.75,-88.88,primary-based
Seattle-Tacoma-Bellevue WA MSA,2017,0.2433,430400.0,47.49,-121.8,primary-based
Laredo TX MSA,2017,0.09801,6136.0,27.76,-99.34,primary-based
Lubbock TX MSA,2017,0.6346,23910.0,33.47,-101.6,primary-based
Des Moines-West Des Moines IA MSA,2017,0.4843,78050.0,41.58,-93.76,party registration
Pittsburgh PA MSA,2017,0.4677,231200.0,40.44,-79.84,party registration
Cleveland-Elyria-Mentor OH MSA,2017,0.4308,199200.0,41.56,-81.6,primary-based
Lake Charles LA MSA,2017,0.6454,15540.0,29.98,-93.25,party registration
Bellingham WA MSA,2017,0.3192,18190.0,48.84,-121.8,primary-based
Santa Cruz-Watsonville CA MSA,2017,0.2191,9859.0,37.01,-122.0,party registration
Roanoke VA MSA,2017,0.5496,25420.0,37.29,-79.95,primary-based
Yuma AZ MSA,2017,0.5684,6088.0,32.77,-113.9,party registration
Charleston WV MSA,2017,0.5794,12760.0,38.36,-81.62,party registration
Jonesboro AR MSA,2017,0.6743,5073.0,35.7,-90.65,party registration
Kennewick-Richland-Pasco WA MSA,2017,0.5614,14460.0,46.36,-119.3,primary-based
Hanford-Corcoran CA MSA,2017,0.5987,3629.0,36.07,-119.8,party registration
Albany GA MSA,2017,0.5075,519.0,31.64,-84.11,primary-based
Racine WI MSA,2017,0.58,11810.0,42.78,-87.77,modelled by L2
Pueblo CO MSA,2017,0.4868,7437.0,38.16,-104.5,party registration
Hot Springs AR MSA,2017,0.6818,2436.0,34.58,-93.15,party registration
Sebastian-Vero Beach FL MSA,2017,0.6963,6980.0,27.7,-80.57,party registration
Iowa City IA MSA,2017,0.2838,18640.0,41.52,-91.65,party registration
Billings MT MSA,2017,0.7242,10130.0,45.64,-108.8,modelled by L2
Lincoln NE MSA,2017,0.5419,33880.0,40.82,-96.87,party registration
Stockton CA MSA,2017,0.4393,26100.0,37.93,-121.3,party registration
Durham NC MSA,2017,0.2439,58130.0,36.06,-78.99,party registration
Oshkosh-Neenah WI MSA,2017,0.6608,16590.0,44.09,-88.67,modelled by L2
Rochester NY MSA,2017,0.4478,96800.0,43.15,-77.52,party registration
La Crosse WI-MN MSA,2017,0.5667,12860.0,43.78,-91.32,modelled by L2
Lafayette LA MSA,2017,0.6852,22770.0,29.96,-92.05,party registration
Cedar Rapids IA MSA,2017,0.4732,25660.0,42.09,-91.63,party registration
McAllen-Edinburg-Mission TX MSA,2017,0.1382,11000.0,26.4,-98.18,primary-based
Bloomington IN MSA,2017,0.3747,18360.0,39.24,-86.67,primary-based
Lancaster PA MSA,2017,0.5864,39430.0,40.04,-76.25,party registration
Dothan AL MSA,2017,0.7427,5628.0,31.25,-85.47,modelled by L2
Anniston-Oxford AL MSA,2017,0.7217,3081.0,33.77,-85.83,modelled by L2
Jacksonville FL MSA,2017,0.5855,134400.0,30.24,-81.75,party registration
Lebanon PA MSA,2017,0.6598,9687.0,40.37,-76.46,party registration
Muncie IN MSA,2017,0.5247,8243.0,40.23,-85.4,primary-based
Sherman-Denison TX MSA,2017,0.7795,4932.0,33.62,-96.68,primary-based
Cleveland TN MSA,2017,0.769,1552.0,35.14,-84.66,primary-based
Decatur IL MSA,2017,0.6658,905.0,39.86,-88.96,primary-based
Dover DE MSA,2017,0.4576,8160.0,39.1,-75.5,party registration
Decatur AL MSA,2017,0.7986,1647.0,34.49,-87.1,modelled by L2
Fond du Lac WI MSA,2017,0.7571,1418.0,43.75,-88.49,modelled by L2
Kingsport-Bristol-Bristol TN-VA MSA,2017,0.8093,9640.0,36.6,-82.44,primary-based
Greensboro-High Point NC MSA,2017,0.482,68510.0,36.03,-79.79,party registration
Columbia SC MSA,2017,0.4734,58170.0,34.08,-81.04,primary-based
Provo-Orem UT MSA,2017,0.848,53840.0,39.87,-112.4,party registration
Omaha-Council Bluffs NE-IA MSA,2017,0.5705,101100.0,41.29,-96.0,party registration
Bend OR MSA,2017,0.4349,16500.0,43.92,-121.2,party registration
Boulder CO MSA,2017,0.2552,47760.0,40.09,-105.4,party registration
El Centro CA MSA,2017,0.3639,3478.0,33.04,-115.4,party registration
Dalton GA MSA,2017,0.7614,1242.0,34.8,-84.86,primary-based
Burlington-South Burlington VT MSA,2017,0.2271,22190.0,44.69,-73.04,modelled by L2
Spokane WA MSA,2017,0.4655,43290.0,48.09,-117.7,primary-based
Columbia MO MSA,2017,0.4941,19820.0,38.99,-92.59,modelled by L2
Little Rock-North Little Rock-Conway AR MSA,2017,0.5484,53060.0,34.76,-92.4,party registration
Tuscaloosa AL MSA,2017,0.5513,15650.0,33.1,-87.8,modelled by L2
Niles-Benton Harbor MI MSA,2017,0.5048,7116.0,41.79,-86.74,primary-based
Punta Gorda FL MSA,2017,0.6873,2940.0,26.91,-82.0,party registration
Napa CA MSA,2017,0.3026,9022.0,38.51,-122.3,party registration
Hagerstown-Martinsburg MD-WV MSA,2017,0.6338,11650.0,39.55,-77.98,party registration
Auburn-Opelika AL MSA,2017,0.6224,4082.0,32.6,-85.35,modelled by L2
Bangor ME MSA,2017,0.5053,4132.0,45.41,-68.67,party registration
Chicago-Naperville-Joliet IL-IN-WI MSA,2017,0.2916,842600.0,41.82,-87.83,primary-based
New York-Northern New Jersey-Long Island NY-NJ-PA MSA,2017,0.3047,1547000.0,40.77,-73.87,party registration
Baltimore-Towson MD MSA,2017,0.3545,246100.0,39.3,-76.55,party registration
Cumberland MD-WV MSA,2017,0.6424,3122.0,39.53,-78.81,party registration
Pittsfield MA MSA,2017,0.1627,8285.0,42.37,-73.22,party registration
Minneapolis-St. Paul-Bloomington MN-WI MSA,2017,0.5238,313200.0,45.1,-93.28,modelled by L2
Worcester MA MSA,2017,0.3289,54810.0,42.22,-71.93,party registration
Atlantic City NJ MSA,2017,0.4687,10620.0,39.47,-74.63,party registration
Fort Collins-Loveland CO MSA,2017,0.4384,42120.0,40.66,-105.5,party registration
Jackson MS MSA,2017,0.5278,40290.0,32.43,-90.2,primary-based
Springfield MA MSA,2017,0.2698,41990.0,42.36,-72.62,party registration
Merced CA MSA,2017,0.446,7281.0,37.19,-120.7,party registration
Peoria IL MSA,2017,0.5898,23720.0,40.71,-89.7,primary-based
Michigan City-La Porte IN MSA,2017,0.4939,4266.0,41.55,-86.74,primary-based
Fresno CA MSA,2017,0.5217,42070.0,36.76,-119.7,party registration
Monroe MI MSA,2017,0.6011,3303.0,41.92,-83.49,primary-based
Sheboygan WI MSA,2017,0.7411,9663.0,43.74,-87.73,modelled by L2
Gainesville GA MSA,2017,0.6896,1561.0,34.32,-83.82,primary-based
Lafayette IN MSA,2017,0.5351,18890.0,40.48,-87.02,primary-based
Pine Bluff AR MSA,2017,0.415,2459.0,34.08,-91.95,party registration
Champaign-Urbana IL MSA,2017,0.382,20680.0,40.1,-88.32,primary-based
Texarkana TX-Texarkana AR MSA,2017,0.7138,4626.0,33.48,-94.21,party registration
Rocky Mount NC MSA,2017,0.4122,5739.0,35.94,-77.8,party registration
Athens-Clark County GA MSA,2017,0.4997,2257.0,33.94,-83.21,primary-based
Washington-Arlington-Alexandria DC-VA-MD-WV MSA,2017,0.2795,482900.0,38.8,-77.49,party registration
Flint MI MSA,2017,0.3798,16770.0,43.02,-83.71,primary-based
Riverside-San Bernardino-Ontario CA MSA,2017,0.4785,173700.0,34.54,-116.1,party registration
Charlotte-Gastonia-Concord NC-SC MSA,2017,0.4596,244200.0,35.17,-80.8,party registration
Toledo OH MSA,2017,0.4853,45530.0,41.56,-83.52,primary-based
Santa Barbara-Santa Maria-Goleta CA MSA,2017,0.3141,32880.0,34.54,-120.0,party registration
Tucson AZ MSA,2017,0.426,72350.0,32.13,-111.8,party registration
Mobile AL MSA,2017,0.6068,24270.0,30.97,-88.21,modelled by L2
Johnson City TN MSA,2017,0.7634,11430.0,36.27,-82.33,primary-based
Trenton-Ewing NJ MSA,2017,0.2882,30160.0,40.28,-74.7,party registration
Santa Rosa-Petaluma CA MSA,2017,0.2471,31450.0,38.53,-122.9,party registration
Green Bay WI MSA,2017,0.7447,31250.0,44.47,-88.0,modelled by L2
Appleton WI MSA,2017,0.7376,24180.0,44.29,-88.37,modelled by L2
Amarillo TX MSA,2017,0.7371,14250.0,35.25,-101.9,primary-based
Fairbanks AK MSA,2017,0.6443,5646.0,64.68,-146.5,party registration
Lawrence KS MSA,2017,0.4248,1855.0,38.9,-95.29,party registration
Mount Vernon-Anacortes WA MSA,2017,0.3878,5132.0,48.49,-121.8,primary-based
Jackson MI MSA,2017,0.6031,2256.0,42.25,-84.42,primary-based
Greenville-Mauldin-Easley SC MSA,2017,0.6694,69030.0,34.68,-82.41,primary-based
Phoenix-Mesa-Scottsdale AZ MSA,2017,0.5458,363700.0,33.19,-112.1,party registration
Orlando-Kissimmee FL MSA,2017,0.4373,238900.0,28.43,-81.36,party registration
Akron OH MSA,2017,0.4897,49160.0,41.15,-81.35,primary-based
Boise City-Nampa ID MSA,2017,0.6699,64230.0,43.01,-116.1,party registration
Rockford IL MSA,2017,0.5263,22620.0,42.33,-89.04,primary-based
Goldsboro NC MSA,2017,0.5779,4782.0,35.35,-78.01,party registration
Burlington NC MSA,2017,0.4952,9463.0,36.04,-79.4,party registration
Port St. Lucie FL MSA,2017,0.5835,21370.0,27.23,-80.43,party registration
Owensboro KY MSA,2017,0.5577,6296.0,37.69,-87.08,party registration
Yakima WA MSA,2017,0.4777,9178.0,46.46,-120.7,primary-based
Erie PA MSA,2017,0.4854,19210.0,42.12,-80.1,party registration
York-Hanover PA MSA,2017,0.6368,27070.0,39.92,-76.73,party registration
Spartanburg SC MSA,2017,0.6496,15860.0,34.93,-81.99,primary-based
Albany-Schenectady-Troy NY MSA,2017,0.3914,75880.0,42.79,-73.94,party registration
Huntsville AL MSA,2017,0.6295,39810.0,34.78,-86.73,modelled by L2
Chattanooga TN-GA MSA,2017,0.6374,40950.0,35.05,-85.36,primary-based
Duluth MN-WI MSA,2017,0.4734,19340.0,47.35,-92.16,modelled by L2
Corpus Christi TX MSA,2017,0.5341,21560.0,27.83,-97.51,primary-based
Kankakee-Bradley IL MSA,2017,0.6058,4968.0,41.14,-87.86,primary-based
Bismarck ND MSA,2017,0.7391,7874.0,46.89,-101.0,modelled by L2
Charlottesville VA MSA,2017,0.3362,25880.0,37.95,-78.59,primary-based
St. Joseph MO-KS MSA,2017,0.8472,944.0,39.83,-94.78,modelled by L2
San Angelo TX MSA,2017,0.6767,5715.0,31.48,-100.8,primary-based
Springfield OH MSA,2017,0.6431,6173.0,39.92,-83.78,primary-based
Fayetteville-Springdale-Rogers AR-MO MSA,2017,0.6371,47100.0,36.12,-94.08,party registration
Logan UT-ID MSA,2017,0.811,8347.0,41.89,-111.8,party registration
Valdosta GA MSA,2017,0.5803,1310.0,30.83,-83.24,primary-based
Knoxville TN MSA,2017,0.6658,64430.0,36.01,-84.21,primary-based
Greenville NC MSA,2017,0.4473,14460.0,35.59,-77.37,party registration
Ann Arbor MI MSA,2017,0.26,52620.0,42.25,-83.84,primary-based
Lakeland FL MSA,2017,0.6123,31160.0,27.95,-81.69,party registration
Lima OH MSA,2017,0.7867,1240.0,40.77,-84.11,primary-based
Joplin MO MSA,2017,0.8297,7929.0,37.06,-94.34,modelled by L2
Topeka KS MSA,2017,0.6039,16300.0,39.04,-95.8,party registration
St. Cloud MN MSA,2017,0.6871,15070.0,45.59,-94.49,modelled by L2
Shreveport-Bossier City LA MSA,2017,0.5955,19630.0,32.44,-93.74,party registration
Barnstable Town MA MSA,2017,0.3391,12140.0,41.71,-70.16,party registration
Asheville NC MSA,2017,0.4421,32360.0,35.6,-82.68,party registration
Salinas CA MSA,2017,0.3193,20770.0,36.24,-121.3,party registration
Prescott AZ MSA,2017,0.7113,6810.0,34.63,-112.6,party registration
Salt Lake City UT MSA,2017,0.648,121300.0,40.57,-113.0,party registration
Louisville/Jefferson County KY-IN MSA,2017,0.4788,118900.0,38.31,-85.68,party registration
Columbus GA-AL MSA,2017,0.4985,2645.0,32.42,-84.84,primary-based
Miami-Fort Lauderdale-Pompano Beach FL MSA,2017,0.394,352300.0,26.1,-80.48,party registration
El Paso TX MSA,2017,0.1967,35640.0,31.53,-105.5,primary-based
Norwich-New London CT MSA,2017,0.4036,17160.0,41.47,-72.11,party registration
Medford OR MSA,2017,0.5811,10030.0,42.41,-122.7,party registration
Redding CA MSA,2017,0.6912,7737.0,40.76,-122.0,party registration
Tulsa OK MSA,2017,0.6777,79520.0,36.25,-96.18,party registration
Baton Rouge LA MSA,2017,0.5757,61550.0,30.52,-91.13,party registration
Hickory-Lenoir-Morganton NC MSA,2017,0.7227,17210.0,35.81,-81.46,party registration
Johnstown PA MSA,2017,0.6171,5775.0,40.51,-78.71,party registration
Scranton--Wilkes-Barre PA MSA,2017,0.4717,24580.0,41.32,-75.9,party registration
New Haven-Milford CT MSA,2017,0.3523,55100.0,41.35,-72.9,party registration
Anchorage AK MSA,2017,0.6118,27810.0,62.21,-149.7,party registration
Terre Haute IN MSA,2017,0.5582,10220.0,39.48,-87.31,primary-based
Waterloo-Cedar Falls IA MSA,2017,0.5053,11620.0,42.54,-92.47,party registration
Morgantown WV MSA,2017,0.5016,10330.0,39.53,-79.8,party registration
Wausau WI MSA,2017,0.7142,9515.0,45.05,-89.76,modelled by L2
Hattiesburg MS MSA,2017,0.6301,8658.0,31.27,-89.3,primary-based
Bremerton-Silverdale WA MSA,2017,0.3923,14190.0,47.64,-122.6,primary-based
Winston-Salem NC MSA,2017,0.6588,10480.0,36.08,-80.35,party registration
Lansing-East Lansing MI MSA,2017,0.3367,49170.0,42.77,-84.5,primary-based
Killeen-Temple-Fort Hood TX MSA,2017,0.5434,24850.0,31.2,-97.79,primary-based
Ithaca NY MSA,2017,0.2321,13040.0,42.45,-76.47,party registration
Brownsville-Harlingen TX MSA,2017,0.1814,8820.0,26.1,-97.48,primary-based
Madera CA MSA,2017,0.6158,1271.0,37.21,-119.7,party registration
Virginia Beach-Norfolk-Newport News VA-NC MSA,2017,0.4238,138800.0,36.8,-76.45,primary-based
Kansas City MO-KS MSA,2017,0.5573,232500.0,38.93,-94.44,modelled by L2
Indianapolis-Carmel IN MSA,2017,0.5351,212500.0,39.75,-86.21,primary-based
San Antonio TX MSA,2017,0.4599,193000.0,29.43,-98.61,primary-based
Blacksburg-Christiansburg-Radford VA MSA,2017,0.4096,12090.0,37.12,-80.56,primary-based
Vineland-Millville-Bridgeton NJ MSA,2017,0.4642,4922.0,39.33,-75.12,party registration
Victoria TX MSA,2017,0.6616,1808.0,28.73,-97.2,primary-based
Bakersfield CA MSA,2017,0.5866,33640.0,35.35,-118.7,party registration
Midland TX MSA,2017,0.6652,12940.0,32.09,-102.0,primary-based
Cape Coral-Fort Myers FL MSA,2017,0.6466,41500.0,26.56,-81.98,party registration
Montgomery AL MSA,2017,0.5312,24630.0,32.37,-86.4,modelled by L2
Winchester VA-WV MSA,2017,0.5928,7190.0,39.27,-78.47,primary-based
Huntington-Ashland WV-KY-OH MSA,2017,0.5881,9165.0,38.41,-82.54,party registration
Wichita Falls TX MSA,2017,0.8649,6557.0,33.78,-98.5,primary-based
Reading PA MSA,2017,0.5485,24110.0,40.41,-75.93,party registration
Visalia-Porterville CA MSA,2017,0.5874,12200.0,36.23,-118.8,party registration
Dubuque IA MSA,2017,0.5099,8862.0,42.46,-90.88,party registration
Sioux City IA-NE-SD MSA,2017,0.6682,7013.0,42.51,-96.44,party registration
Rapid City SD MSA,2017,0.7557,7872.0,44.31,-102.8,party registration
Janesville WI MSA,2017,0.5388,8197.0,42.67,-89.08,modelled by L2
Sumter SC MSA,2017,0.5025,4341.0,33.79,-80.29,primary-based
Oxnard-Thousand Oaks-Ventura CA MSA,2017,0.4097,53110.0,34.36,-119.1,party registration
Coeur d'Alene ID MSA,2017,0.832,3209.0,47.68,-116.7,party registration
Columbus IN MSA,2017,0.6491,1136.0,39.21,-85.9,primary-based
Lewiston-Auburn ME MSA,2017,0.5097,3004.0,44.17,-70.21,party registration
Lewiston ID-WA MSA,2017,0.7185,1984.0,46.25,-116.9,party registration
Weirton-Steubenville WV-OH MSA,2017,0.6322,3731.0,40.39,-80.7,party registration
Hinesville-Fort Stewart GA MSA,2017,0.4181,775.0,31.78,-81.58,primary-based
Houston-Sugar Land-Baytown TX MSA,2017,0.4974,489400.0,29.75,-95.35,primary-based
Richmond VA MSA,2017,0.4183,142700.0,37.41,-77.44,primary-based
Longview TX MSA,2017,0.7383,10980.0,32.43,-94.68,primary-based
Philadelphia-Camden-Wilmington PA-NJ-DE-MD MSA,2017,0.3593,509000.0,39.89,-75.31,party registration
Columbus OH MSA,2017,0.4564,220900.0,39.97,-82.84,primary-based
Bridgeport-Stamford-Norwalk CT MSA,2017,0.3649,74580.0,41.23,-73.37,party registration
Kingston NY MSA,2017,0.3286,5626.0,41.95,-74.27,party registration
Anderson IN MSA,2017,0.6186,5246.0,39.75,-86.21,primary-based
Colorado Springs CO MSA,2017,0.6165,67000.0,38.85,-104.6,party registration
Grand Rapids-Wyoming MI MSA,2017,0.4852,89060.0,43.04,-85.78,primary-based
Grand Junction CO MSA,2017,0.7437,9599.0,39.02,-108.5,party registration
Salem OR MSA,2017,0.4773,20340.0,44.9,-122.9,party registration
Memphis TN-AR-MS MSA,2017,0.4527,97920.0,35.02,-89.87,primary-based
Portland-South Portland-Biddeford ME MSA,2017,0.361,30500.0,43.65,-70.42,party registration
Kalamazoo-Portage MI MSA,2017,0.4001,33260.0,42.25,-85.53,primary-based
Eugene-Springfield OR MSA,2017,0.3222,29300.0,43.93,-122.9,party registration
Reno-Sparks NV MSA,2017,0.5259,37290.0,40.5,-119.7,party registration
Harrisonburg VA MSA,2017,0.49,8319.0,38.51,-78.89,primary-based
Jefferson City MO MSA,2017,0.7771,9521.0,38.64,-92.09,modelled by L2
Ocean City NJ MSA,2017,0.6044,3619.0,39.09,-74.85,party registration
Elizabethtown KY MSA,2017,0.5869,6298.0,37.73,-85.97,party registration
Macon GA MSA,2017,0.4396,3531.0,32.86,-83.71,primary-based
Wilmington NC MSA,2017,0.5572,32920.0,34.43,-77.89,party registration
Tyler TX MSA,2017,0.7162,14400.0,32.38,-95.27,primary-based
Las Cruces NM MSA,2017,0.3878,8819.0,32.35,-106.8,party registration
Bay City MI MSA,2017,0.4966,3852.0,43.7,-83.98,primary-based
Carson City NV MSA,2017,0.6281,2922.0,39.15,-119.7,party registration
Dallas-Fort Worth-Arlington TX MSA,2017,0.5341,564600.0,32.85,-96.97,primary-based
Dayton OH MSA,2017,0.6034,70870.0,39.83,-84.14,primary-based
St. Louis MO-IL MSA,2017,0.5554,243600.0,38.74,-90.35,modelled by L2
Harrisburg-Carlisle PA MSA,2017,0.558,55730.0,40.34,-77.05,party registration
Kokomo IN MSA,2017,0.701,6001.0,40.48,-86.11,primary-based
Cheyenne WY MSA,2017,0.7899,6182.0,41.29,-104.7,party registration
Rochester MN MSA,2017,0.6013,18310.0,43.95,-92.33,modelled by L2
Battle Creek MI MSA,2017,0.4853,7520.0,42.24,-85.01,primary-based
Gainesville FL MSA,2017,0.3893,27630.0,29.45,-82.67,party registration
South Bend-Mishawaka IN-MI MSA,2017,0.4705,24830.0,41.77,-86.12,primary-based
Casper WY MSA,2017,0.7713,7215.0,42.98,-106.8,party registration
Florence-Muscle Shoals AL MSA,2017,0.7055,6114.0,34.8,-87.72,modelled by L2
Tallahassee FL MSA,2017,0.3917,35960.0,30.35,-84.27,party registration
Glens Falls NY MSA,2017,0.5475,6348.0,43.44,-73.64,party registration
Saginaw-Saginaw Township North MI MSA,2017,0.4602,11570.0,43.33,-84.06,primary-based
Sarasota-Bradenton-Venice FL MSA,2017,0.6305,47720.0,27.33,-82.41,party registration
Grand Forks ND-MN MSA,2017,0.4544,6417.0,47.84,-96.84,modelled by L2
Mansfield OH MSA,2017,0.7719,983.0,40.77,-82.54,primary-based
Cape Girardeau-Jackson MO-IL MSA,2017,0.74,4458.0,37.33,-89.76,modelled by L2
Rome GA MSA,2017,0.7022,748.0,34.26,-85.21,primary-based
Cincinnati-Middletown OH-KY-IN MSA,2017,0.5794,203500.0,39.1,-84.48,primary-based
Tampa-St. Petersburg-Clearwater FL,2017,0.5253,237100.0,28.12,-82.53,party registration
Wenatchee WA MSA,2017,0.529,5298.0,47.77,-120.3,primary-based
Poughkeepsie-Newburgh-Middletown NY MSA,2017,0.4477,38360.0,41.58,-74.03,party registration
Nashville-Davidson-Murfreesboro-Franklin TN MSA,2017,0.5555,193500.0,36.12,-86.64,primary-based
Beaumont-Port Arthur TX MSA,2017,0.6324,14990.0,30.08,-94.2,primary-based
Flagstaff AZ MSA,2017,0.3708,10280.0,35.83,-111.8,party registration
Danville IL MSA,2017,0.7094,828.0,40.19,-87.73,primary-based
Deltona-Daytona Beach-Ormond Beach FL MSA,2017,0.6014,25170.0,29.18,-81.19,party registration
Sioux Falls SD MSA,2017,0.6667,24490.0,43.5,-97.0,party registration
Great Falls MT MSA,2017,0.6994,3716.0,47.32,-111.4,modelled by L2
Savannah GA MSA,2017,0.4989,3110.0,32.11,-81.27,primary-based
Wichita KS MSA,2017,0.6774,48930.0,37.64,-97.25,party registration
Utica-Rome NY MSA,2017,0.5791,13840.0,43.33,-75.17,party registration
Albuquerque NM MSA,2017,0.406,54930.0,35.12,-106.5,party registration
Clarksville TN-KY MSA,2017,0.5793,17000.0,36.7,-87.62,primary-based
Davenport-Moline-Rock Island IA-IL MSA,2017,0.4974,24210.0,41.39,-90.46,party registration
College Station-Bryan TX MSA,2017,0.6395,13790.0,30.75,-96.49,primary-based
Binghamton NY MSA,2017,0.4958,14460.0,42.16,-76.02,party registration
Pocatello ID MSA,2017,0.7049,4934.0,42.69,-112.6,party registration
Augusta-Richmond County GA-SC MSA,2017,0.6103,11870.0,33.46,-81.98,primary-based
Youngstown-Warren-Boardman OH-PA MSA,2017,0.5152,21700.0,41.24,-80.56,primary-based
Muskegon-Norton Shores MI MSA,2017,0.4595,8037.0,43.43,-86.42,primary-based
Altoona PA MSA,2017,0.7126,6851.0,40.5,-78.31,party registration
Missoula MT MSA,2017,0.4768,9681.0,47.03,-113.9,modelled by L2
Denver-Aurora CO MSA,2017,0.3847,355900.0,39.43,-104.9,party registration
New Orleans-Metairie-Kenner LA MSA,2017,0.4761,89150.0,30.05,-89.93,party registration
Charleston-North Charleston SC MSA,2017,0.5692,71690.0,33.02,-80.01,primary-based
Springfield MO MSA,2017,0.7441,34560.0,37.36,-93.18,modelled by L2
Oklahoma City OK MSA,2017,0.6297,103000.0,35.43,-97.51,party registration
Bloomington-Normal IL MSA,2017,0.5099,11110.0,40.49,-88.84,primary-based
Mankato-North Mankato MN MSA,2017,0.5575,7589.0,44.15,-94.15,modelled by L2
Hartford-West Hartford-East Hartford CT MSA,2017,0.3595,93500.0,41.72,-72.57,party registration
Salisbury MD MSA,2017,0.5077,5783.0,38.4,-75.48,party registration
Fort Smith AR-OK MSA,2017,0.7542,11880.0,35.46,-94.3,party registration
St. George UT MSA,2017,0.8677,6623.0,37.26,-113.5,party registration
Warner Robins GA MSA,2017,0.5877,1514.0,32.49,-83.71,primary-based
San Angelo TX MSA,2018,0.6734,6008.0,31.48,-100.8,primary-based
Corpus Christi TX MSA,2018,0.5312,22440.0,27.83,-97.51,primary-based
St. Joseph MO-KS MSA,2018,0.8347,960.0,39.83,-94.78,modelled by L2
Erie PA MSA,2018,0.4846,19870.0,42.12,-80.1,party registration
Bismarck ND MSA,2018,0.7426,8067.0,46.89,-101.0,modelled by L2
York-Hanover PA MSA,2018,0.638,27880.0,39.92,-76.73,party registration
Akron OH MSA,2018,0.4857,50520.0,41.15,-81.35,primary-based
Kankakee-Bradley IL MSA,2018,0.6034,5191.0,41.14,-87.86,primary-based
Spartanburg SC MSA,2018,0.6453,16440.0,34.93,-81.99,primary-based
Rockford IL MSA,2018,0.5213,23260.0,42.33,-89.04,primary-based
Burlington NC MSA,2018,0.496,9902.0,36.04,-79.4,party registration
Port St. Lucie FL MSA,2018,0.5805,22290.0,27.23,-80.43,party registration
Duluth MN-WI MSA,2018,0.4647,19870.0,47.35,-92.16,modelled by L2
Charlottesville VA MSA,2018,0.329,27180.0,37.95,-78.59,primary-based
Greenville-Mauldin-Easley SC MSA,2018,0.6638,72400.0,34.68,-82.41,primary-based
Chattanooga TN-GA MSA,2018,0.6341,43090.0,35.05,-85.36,primary-based
Lancaster PA MSA,2018,0.5856,41220.0,40.04,-76.25,party registration
Cedar Rapids IA MSA,2018,0.4707,26420.0,42.09,-91.63,party registration
Sherman-Denison TX MSA,2018,0.7739,5182.0,33.62,-96.68,primary-based
Oshkosh-Neenah WI MSA,2018,0.6603,16870.0,44.09,-88.67,modelled by L2
Rochester NY MSA,2018,0.4443,99600.0,43.15,-77.52,party registration
Lafayette LA MSA,2018,0.6827,23590.0,29.96,-92.05,party registration
Stockton CA MSA,2018,0.4319,27360.0,37.93,-121.3,party registration
Billings MT MSA,2018,0.7235,10520.0,45.64,-108.8,modelled by L2
Anniston-Oxford AL MSA,2018,0.7129,3260.0,33.77,-85.83,modelled by L2
Muncie IN MSA,2018,0.5277,8476.0,40.23,-85.4,primary-based
Dover DE MSA,2018,0.4547,8428.0,39.1,-75.5,party registration
Laredo TX MSA,2018,0.09395,6487.0,27.76,-99.34,primary-based
El Centro CA MSA,2018,0.3552,3619.0,33.04,-115.4,party registration
Kennewick-Richland-Pasco WA MSA,2018,0.5514,15290.0,46.36,-119.3,primary-based
La Crosse WI-MN MSA,2018,0.5666,13120.0,43.78,-91.32,modelled by L2
Springfield OH MSA,2018,0.6434,6332.0,39.92,-83.78,primary-based
Baltimore-Towson MD MSA,2018,0.3521,254600.0,39.3,-76.55,party registration
Minneapolis-St. Paul-Bloomington MN-WI MSA,2018,0.5147,324300.0,45.1,-93.28,modelled by L2
Peoria IL MSA,2018,0.5873,24350.0,40.71,-89.7,primary-based
Fresno CA MSA,2018,0.5151,44090.0,36.76,-119.7,party registration
Albany GA MSA,2018,0.5083,531.0,31.64,-84.11,primary-based
Dalton GA MSA,2018,0.7713,1217.0,34.8,-84.86,primary-based
Hot Springs AR MSA,2018,0.6861,2388.0,34.58,-93.15,party registration
Lebanon PA MSA,2018,0.6613,10080.0,40.37,-76.46,party registration
Jonesboro AR MSA,2018,0.6727,5272.0,35.7,-90.65,party registration
Yuma AZ MSA,2018,0.569,6328.0,32.77,-113.9,party registration
Santa Cruz-Watsonville CA MSA,2018,0.2231,9949.0,37.01,-122.0,party registration
Asheville NC MSA,2018,0.4406,34130.0,35.6,-82.68,party registration
Monroe MI MSA,2018,0.6006,3359.0,41.92,-83.49,primary-based
Michigan City-La Porte IN MSA,2018,0.486,4444.0,41.55,-86.74,primary-based
Pueblo CO MSA,2018,0.4898,7744.0,38.16,-104.5,party registration
Lubbock TX MSA,2018,0.6326,25050.0,33.47,-101.6,primary-based
Yakima WA MSA,2018,0.4757,9629.0,46.46,-120.7,primary-based
Lafayette IN MSA,2018,0.5346,19990.0,40.48,-87.02,primary-based
Green Bay WI MSA,2018,0.739,32340.0,44.47,-88.0,modelled by L2
Rocky Mount NC MSA,2018,0.4072,5925.0,35.94,-77.8,party registration
Merced CA MSA,2018,0.4435,7647.0,37.19,-120.7,party registration
Appleton WI MSA,2018,0.7342,24940.0,44.29,-88.37,modelled by L2
Worcester MA MSA,2018,0.3258,56360.0,42.22,-71.93,party registration
Sheboygan WI MSA,2018,0.7379,10010.0,43.74,-87.73,modelled by L2
Jackson MS MSA,2018,0.5245,41880.0,32.43,-90.2,primary-based
Atlantic City NJ MSA,2018,0.4647,11400.0,39.47,-74.63,party registration
Springfield MA MSA,2018,0.2667,43040.0,42.36,-72.62,party registration
Spokane WA MSA,2018,0.4587,45590.0,48.09,-117.7,primary-based
Lima OH MSA,2018,0.7857,1280.0,40.77,-84.11,primary-based
Columbus GA-AL MSA,2018,0.5022,2692.0,32.42,-84.84,primary-based
Chicago-Naperville-Joliet IL-IN-WI MSA,2018,0.2863,874300.0,41.82,-87.83,primary-based
New York-Northern New Jersey-Long Island NY-NJ-PA MSA,2018,0.302,1615000.0,40.77,-73.87,party registration
Joplin MO MSA,2018,0.8257,8143.0,37.06,-94.34,modelled by L2
Lakeland FL MSA,2018,0.6084,32650.0,27.95,-81.69,party registration
Salinas CA MSA,2018,0.3138,21710.0,36.24,-121.3,party registration
Victoria TX MSA,2018,0.6545,1912.0,28.73,-97.2,primary-based
Prescott AZ MSA,2018,0.7152,7102.0,34.63,-112.6,party registration
Ann Arbor MI MSA,2018,0.2552,55130.0,42.25,-83.84,primary-based
St. Cloud MN MSA,2018,0.6852,15450.0,45.59,-94.49,modelled by L2
Vineland-Millville-Bridgeton NJ MSA,2018,0.4596,5098.0,39.33,-75.12,party registration
Topeka KS MSA,2018,0.6034,16750.0,39.04,-95.8,party registration
Knoxville TN MSA,2018,0.6635,67490.0,36.01,-84.21,primary-based
Barnstable Town MA MSA,2018,0.3349,12520.0,41.71,-70.16,party registration
Auburn-Opelika AL MSA,2018,0.621,4185.0,32.6,-85.35,modelled by L2
Tuscaloosa AL MSA,2018,0.5476,16540.0,33.1,-87.8,modelled by L2
Punta Gorda FL MSA,2018,0.678,3079.0,26.91,-82.0,party registration
Gainesville GA MSA,2018,0.7146,1479.0,34.32,-83.82,primary-based
Texarkana TX-Texarkana AR MSA,2018,0.7126,4779.0,33.48,-94.21,party registration
Omaha-Council Bluffs NE-IA MSA,2018,0.5676,104700.0,41.29,-96.0,party registration
Little Rock-North Little Rock-Conway AR MSA,2018,0.5449,55090.0,34.76,-92.4,party registration
Champaign-Urbana IL MSA,2018,0.3802,21180.0,40.1,-88.32,primary-based
Kingsport-Bristol-Bristol TN-VA MSA,2018,0.8097,9945.0,36.6,-82.44,primary-based
Niles-Benton Harbor MI MSA,2018,0.4997,7289.0,41.79,-86.74,primary-based
Provo-Orem UT MSA,2018,0.8466,57080.0,39.87,-112.4,party registration
Columbia SC MSA,2018,0.4715,60030.0,34.08,-81.04,primary-based
Boulder CO MSA,2018,0.2535,50060.0,40.09,-105.4,party registration
Greensboro-High Point NC MSA,2018,0.4776,71100.0,36.03,-79.79,party registration
Burlington-South Burlington VT MSA,2018,0.2223,22950.0,44.69,-73.04,modelled by L2
Columbia MO MSA,2018,0.4809,20410.0,38.99,-92.59,modelled by L2
Tulsa OK MSA,2018,0.6774,82820.0,36.25,-96.18,party registration
Warner Robins GA MSA,2018,0.5778,1468.0,32.49,-83.71,primary-based
St. George UT MSA,2018,0.8652,7054.0,37.26,-113.5,party registration
Greenville NC MSA,2018,0.4448,15050.0,35.59,-77.37,party registration
Shreveport-Bossier City LA MSA,2018,0.5952,20140.0,32.44,-93.74,party registration
Mankato-North Mankato MN MSA,2018,0.5491,7770.0,44.15,-94.15,modelled by L2
Bloomington-Normal IL MSA,2018,0.4979,11890.0,40.49,-88.84,primary-based
Oklahoma City OK MSA,2018,0.6264,107700.0,35.43,-97.51,party registration
Fort Smith AR-OK MSA,2018,0.7557,12340.0,35.46,-94.3,party registration
Hartford-West Hartford-East Hartford CT MSA,2018,0.3545,95700.0,41.72,-72.57,party registration
New Orleans-Metairie-Kenner LA MSA,2018,0.472,92760.0,30.05,-89.93,party registration
Denver-Aurora CO MSA,2018,0.3785,376500.0,39.43,-104.9,party registration
Charleston-North Charleston SC MSA,2018,0.5643,75230.0,33.02,-80.01,primary-based
Pine Bluff AR MSA,2018,0.4271,2570.0,34.08,-91.95,party registration
Bangor ME MSA,2018,0.5046,4317.0,45.41,-68.67,party registration
Napa CA MSA,2018,0.3019,9448.0,38.51,-122.3,party registration
Wausau WI MSA,2018,0.7131,9680.0,45.05,-89.76,modelled by L2
Redding CA MSA,2018,0.6941,8056.0,40.76,-122.0,party registration
Hattiesburg MS MSA,2018,0.6291,9048.0,31.27,-89.3,primary-based
Bend OR MSA,2018,0.4307,17590.0,43.92,-121.2,party registration
Hagerstown-Martinsburg MD-WV MSA,2018,0.6315,12040.0,39.55,-77.98,party registration
Brownsville-Harlingen TX MSA,2018,0.1765,9147.0,26.1,-97.48,primary-based
Scranton--Wilkes-Barre PA MSA,2018,0.471,25310.0,41.32,-75.9,party registration
El Paso TX MSA,2018,0.1937,37310.0,31.53,-105.5,primary-based
Killeen-Temple-Fort Hood TX MSA,2018,0.5424,25330.0,31.2,-97.79,primary-based
Anchorage AK MSA,2018,0.61,28570.0,62.21,-149.7,party registration
Ithaca NY MSA,2018,0.2261,13660.0,42.45,-76.47,party registration
Baton Rouge LA MSA,2018,0.5757,63590.0,30.52,-91.13,party registration
Oxnard-Thousand Oaks-Ventura CA MSA,2018,0.4058,54600.0,34.36,-119.1,party registration
Lansing-East Lansing MI MSA,2018,0.329,51290.0,42.77,-84.5,primary-based
New Haven-Milford CT MSA,2018,0.3482,56890.0,41.35,-72.9,party registration
Miami-Fort Lauderdale-Pompano Beach FL MSA,2018,0.3917,367100.0,26.1,-80.48,party registration
Fayetteville-Springdale-Rogers AR-MO MSA,2018,0.6337,49260.0,36.12,-94.08,party registration
Mount Vernon-Anacortes WA MSA,2018,0.3868,5336.0,48.49,-121.8,primary-based
Mobile AL MSA,2018,0.603,25220.0,30.97,-88.21,modelled by L2
Springfield MO MSA,2018,0.7311,36090.0,37.36,-93.18,modelled by L2
Salisbury MD MSA,2018,0.51,5988.0,38.4,-75.48,party registration
Charlotte-Gastonia-Concord NC-SC MSA,2018,0.4551,257100.0,35.17,-80.8,party registration
Johnson City TN MSA,2018,0.7622,12020.0,36.27,-82.33,primary-based
Tucson AZ MSA,2018,0.4222,75850.0,32.13,-111.8,party registration
Riverside-San Bernardino-Ontario CA MSA,2018,0.4717,180600.0,34.54,-116.1,party registration
Madera CA MSA,2018,0.6131,1299.0,37.21,-119.7,party registration
Coeur d'Alene ID MSA,2018,0.8315,3328.0,47.68,-116.7,party registration
Norwich-New London CT MSA,2018,0.3978,17640.0,41.47,-72.11,party registration
Bremerton-Silverdale WA MSA,2018,0.3826,14740.0,47.64,-122.6,primary-based
Terre Haute IN MSA,2018,0.5607,10530.0,39.48,-87.31,primary-based
Medford OR MSA,2018,0.5776,10360.0,42.41,-122.7,party registration
Hickory-Lenoir-Morganton NC MSA,2018,0.7243,17800.0,35.81,-81.46,party registration
Des Moines-West Des Moines IA MSA,2018,0.48,81290.0,41.58,-93.76,party registration
Atlanta-Sandy Springs-Marietta GA MSA,2018,0.3877,306500.0,33.69,-84.4,primary-based
Palm Bay-Melbourne-Titusville FL MSA,2018,0.6448,21930.0,28.3,-80.7,party registration
Winston-Salem NC MSA,2018,0.6535,10800.0,36.08,-80.35,party registration
Johnstown PA MSA,2018,0.6166,5929.0,40.51,-78.71,party registration
Providence-New Bedford-Fall River RI-MA MSA,2018,0.2937,116200.0,41.71,-71.29,party registration
Detroit-Warren-Livonia MI MSA,2018,0.3847,344200.0,42.72,-83.2,primary-based
Lawrence KS MSA,2018,0.4322,1764.0,38.9,-95.29,party registration
Jackson MI MSA,2018,0.6052,2274.0,42.25,-84.42,primary-based
Trenton-Ewing NJ MSA,2018,0.2822,31030.0,40.28,-74.7,party registration
Logan UT-ID MSA,2018,0.8152,8889.0,41.89,-111.8,party registration
Flint MI MSA,2018,0.3745,17230.0,43.02,-83.71,primary-based
Fairbanks AK MSA,2018,0.6416,5771.0,64.68,-146.5,party registration
Santa Barbara-Santa Maria-Goleta CA MSA,2018,0.3098,34220.0,34.54,-120.0,party registration
Amarillo TX MSA,2018,0.7381,14930.0,35.25,-101.9,primary-based
Toledo OH MSA,2018,0.4779,47000.0,41.56,-83.52,primary-based
Wheeling WV-OH MSA,2018,0.6267,5418.0,39.98,-80.85,party registration
Bowling Green KY MSA,2018,0.5653,9595.0,37.05,-86.4,party registration
Elkhart-Goshen IN MSA,2018,0.6885,13210.0,41.6,-85.86,primary-based
Santa Rosa-Petaluma CA MSA,2018,0.2451,32410.0,38.53,-122.9,party registration
Washington-Arlington-Alexandria DC-VA-MD-WV MSA,2018,0.2762,502200.0,38.8,-77.49,party registration
Parkersburg-Marietta-Vienna WV-OH MSA,2018,0.7284,6111.0,39.14,-81.46,party registration
Myrtle Beach-Conway-North Myrtle Beach SC MSA,2018,0.6476,20050.0,33.97,-78.61,primary-based
Eau Claire WI MSA,2018,0.6026,14700.0,44.94,-91.28,modelled by L2
Iowa City IA MSA,2018,0.2755,19540.0,41.52,-91.65,party registration
Morristown TN MSA,2018,0.8387,2695.0,36.17,-83.42,primary-based
Fayetteville NC MSA,2018,0.4095,19320.0,35.16,-78.93,party registration
Florence SC MSA,2018,0.5228,9764.0,34.15,-79.81,primary-based
Olympia WA MSA,2018,0.3307,18560.0,46.94,-122.8,primary-based
Pittsburgh PA MSA,2018,0.4656,241600.0,40.44,-79.84,party registration
Las Vegas-Paradise NV MSA,2018,0.4645,173200.0,36.21,-115.0,party registration
Monroe LA MSA,2018,0.5856,14560.0,32.73,-92.1,party registration
South Bend-Mishawaka IN-MI MSA,2018,0.4692,25570.0,41.77,-86.12,primary-based
Cape Girardeau-Jackson MO-IL MSA,2018,0.7242,4668.0,37.33,-89.76,modelled by L2
Tallahassee FL MSA,2018,0.3861,37680.0,30.35,-84.27,party registration
Gulfport-Biloxi MS MSA,2018,0.7117,14400.0,30.48,-89.0,primary-based
Canton-Massillon OH MSA,2018,0.5653,31160.0,40.71,-81.26,primary-based
St. Louis MO-IL MSA,2018,0.5444,253400.0,38.74,-90.35,modelled by L2
Harrisburg-Carlisle PA MSA,2018,0.5543,58080.0,40.34,-77.05,party registration
Rochester MN MSA,2018,0.5913,18910.0,43.95,-92.33,modelled by L2
Dayton OH MSA,2018,0.6017,73320.0,39.83,-84.14,primary-based
Dallas-Fort Worth-Arlington TX MSA,2018,0.5303,588900.0,32.85,-96.97,primary-based
Jackson TN MSA,2018,0.7176,958.0,35.75,-88.88,primary-based
Sebastian-Vero Beach FL MSA,2018,0.6891,7282.0,27.7,-80.57,party registration
Anderson SC MSA,2018,0.6834,7893.0,34.68,-82.41,primary-based
State College PA MSA,2018,0.4289,14950.0,40.91,-77.85,party registration
Lawton OK MSA,2018,0.6139,4332.0,34.53,-98.43,party registration
Ames IA MSA,2018,0.4017,10750.0,42.04,-93.7,party registration
Reno-Sparks NV MSA,2018,0.5192,39770.0,40.5,-119.7,party registration
Philadelphia-Camden-Wilmington PA-NJ-DE-MD MSA,2018,0.3557,530800.0,39.89,-75.31,party registration
Kalamazoo-Portage MI MSA,2018,0.3931,34700.0,42.25,-85.53,primary-based
Chico CA MSA,2018,0.4469,12710.0,39.67,-121.6,party registration
Springfield IL MSA,2018,0.5591,14690.0,39.83,-89.7,primary-based
Columbus OH MSA,2018,0.4511,230400.0,39.97,-82.84,primary-based
Rome GA MSA,2018,0.6831,742.0,34.26,-85.21,primary-based
Mansfield OH MSA,2018,0.7756,1012.0,40.77,-82.54,primary-based
Florence-Muscle Shoals AL MSA,2018,0.7039,6400.0,34.8,-87.72,modelled by L2
Kokomo IN MSA,2018,0.7082,6229.0,40.48,-86.11,primary-based
Casper WY MSA,2018,0.7791,7313.0,42.98,-106.8,party registration
Battle Creek MI MSA,2018,0.4706,7728.0,42.24,-85.01,primary-based
Altoona PA MSA,2018,0.7104,7062.0,40.5,-78.31,party registration
Grand Forks ND-MN MSA,2018,0.4496,6494.0,47.84,-96.84,modelled by L2
Cheyenne WY MSA,2018,0.7908,6407.0,41.29,-104.7,party registration
Gainesville FL MSA,2018,0.3837,29180.0,29.45,-82.67,party registration
Macon GA MSA,2018,0.4329,3764.0,32.86,-83.71,primary-based
Sarasota-Bradenton-Venice FL MSA,2018,0.6298,49570.0,27.33,-82.41,party registration
Jefferson City MO MSA,2018,0.7671,9889.0,38.64,-92.09,modelled by L2
Missoula MT MSA,2018,0.4681,10200.0,47.03,-113.9,modelled by L2
Glens Falls NY MSA,2018,0.5464,6529.0,43.44,-73.64,party registration
Salem OR MSA,2018,0.474,21300.0,44.9,-122.9,party registration
Great Falls MT MSA,2018,0.6937,3806.0,47.32,-111.4,modelled by L2
Longview TX MSA,2018,0.7355,11440.0,32.43,-94.68,primary-based
Savannah GA MSA,2018,0.4949,3044.0,32.11,-81.27,primary-based
Wilmington NC MSA,2018,0.556,34700.0,34.43,-77.89,party registration
Memphis TN-AR-MS MSA,2018,0.4475,102300.0,35.02,-89.87,primary-based
Eugene-Springfield OR MSA,2018,0.3175,30580.0,43.93,-122.9,party registration
Saginaw-Saginaw Township North MI MSA,2018,0.4539,11960.0,43.33,-84.06,primary-based
Richmond VA MSA,2018,0.4112,149500.0,37.41,-77.44,primary-based
Colorado Springs CO MSA,2018,0.6117,70010.0,38.85,-104.6,party registration
Tyler TX MSA,2018,0.7173,15080.0,32.38,-95.27,primary-based
Poughkeepsie-Newburgh-Middletown NY MSA,2018,0.4429,39720.0,41.58,-74.03,party registration
Flagstaff AZ MSA,2018,0.3708,10880.0,35.83,-111.8,party registration
Augusta-Richmond County GA-SC MSA,2018,0.6079,12210.0,33.46,-81.98,primary-based
Bridgeport-Stamford-Norwalk CT MSA,2018,0.361,76210.0,41.23,-73.37,party registration
Houston-Sugar Land-Baytown TX MSA,2018,0.4917,511500.0,29.75,-95.35,primary-based
Cincinnati-Middletown OH-KY-IN MSA,2018,0.5754,211300.0,39.1,-84.48,primary-based
Nashville-Davidson-Murfreesboro-Franklin TN MSA,2018,0.5502,205000.0,36.12,-86.64,primary-based
Wichita KS MSA,2018,0.6739,50830.0,37.64,-97.25,party registration
Deltona-Daytona Beach-Ormond Beach FL MSA,2018,0.5986,26370.0,29.18,-81.19,party registration
Clarksville TN-KY MSA,2018,0.5769,17370.0,36.7,-87.62,primary-based
Tampa-St. Petersburg-Clearwater FL,2018,0.5207,249000.0,28.12,-82.53,party registration
Kingston NY MSA,2018,0.3324,5785.0,41.95,-74.27,party registration
Las Cruces NM MSA,2018,0.3827,9258.0,32.35,-106.8,party registration
Anderson IN MSA,2018,0.6126,5349.0,39.75,-86.21,primary-based
Harrisonburg VA MSA,2018,0.4806,8794.0,38.51,-78.89,primary-based
Elizabethtown KY MSA,2018,0.5876,6521.0,37.73,-85.97,party registration
Milwaukee-Waukesha-West Allis WI MSA,2018,0.603,184900.0,42.91,-87.86,modelled by L2
Madison WI MSA,2018,0.446,101500.0,43.08,-89.6,modelled by L2
San Francisco-Oakland-Fremont CA MSA,2018,0.1931,377400.0,37.77,-122.3,party registration
Portland-South Portland-Biddeford ME MSA,2018,0.3583,31390.0,43.65,-70.42,party registration
Ocean City NJ MSA,2018,0.6047,3782.0,39.09,-74.85,party registration
Austin-Round Rock TX MSA,2018,0.3625,310100.0,30.25,-97.65,primary-based
Pocatello ID MSA,2018,0.6989,5119.0,42.69,-112.6,party registration
Danville IL MSA,2018,0.7058,828.0,40.19,-87.73,primary-based
Muskegon-Norton Shores MI MSA,2018,0.4531,8302.0,43.43,-86.42,primary-based
Wenatchee WA MSA,2018,0.5193,5573.0,47.77,-120.3,primary-based
Youngstown-Warren-Boardman OH-PA MSA,2018,0.5142,22390.0,41.24,-80.56,primary-based
Binghamton NY MSA,2018,0.494,15100.0,42.16,-76.02,party registration
Utica-Rome NY MSA,2018,0.5755,14250.0,43.33,-75.17,party registration
Beaumont-Port Arthur TX MSA,2018,0.6251,15630.0,30.08,-94.2,primary-based
Davenport-Moline-Rock Island IA-IL MSA,2018,0.4918,25070.0,41.39,-90.46,party registration
College Station-Bryan TX MSA,2018,0.6279,15220.0,30.75,-96.49,primary-based
Yuba City CA MSA,2018,0.6007,4643.0,39.16,-121.5,party registration
Fargo ND-MN MSA,2018,0.4809,23060.0,46.91,-96.96,modelled by L2
Idaho Falls ID MSA,2018,0.8565,8273.0,43.62,-112.4,party registration
Albuquerque NM MSA,2018,0.4031,56690.0,35.12,-106.5,party registration
Sioux Falls SD MSA,2018,0.6668,25520.0,43.5,-97.0,party registration
Evansville IN-KY MSA,2018,0.6069,26450.0,38.02,-87.59,primary-based
Pensacola-Ferry Pass-Brent FL MSA,2018,0.6825,34550.0,30.61,-87.16,party registration
Houma-Bayou Cane-Thibodaux LA MSA,2018,0.7421,9959.0,29.33,-90.84,party registration
San Luis Obispo-Paso Robles CA MSA,2018,0.4065,22730.0,35.39,-120.4,party registration
Greeley CO MSA,2018,0.6164,15770.0,40.56,-104.4,party registration
Lynchburg VA MSA,2018,0.6131,17090.0,37.36,-79.22,primary-based
Vallejo-Fairfield CA MSA,2018,0.3534,19200.0,38.27,-121.9,party registration
San Jose-Sunnyvale-Santa Clara CA MSA,2018,0.2363,208400.0,36.91,-121.4,party registration
Birmingham-Hoover AL MSA,2018,0.6685,26530.0,33.4,-86.73,modelled by L2
Sacramento-Arden-Arcade-Roseville CA MSA,2018,0.4061,187500.0,38.79,-121.0,party registration
Elmira NY MSA,2018,0.6102,2424.0,42.15,-76.75,party registration
San Antonio TX MSA,2018,0.4548,202400.0,29.43,-98.61,primary-based
Weirton-Steubenville WV-OH MSA,2018,0.6287,3947.0,40.39,-80.7,party registration
Kansas City MO-KS MSA,2018,0.5494,241900.0,38.93,-94.44,modelled by L2
San Diego-Carlsbad-San Marcos CA MSA,2018,0.3849,348300.0,33.02,-116.8,party registration
Los Angeles-Long Beach-Santa Ana CA MSA,2018,0.3242,908900.0,34.11,-118.2,party registration
Virginia Beach-Norfolk-Newport News VA-NC MSA,2018,0.4183,143900.0,36.8,-76.45,primary-based
Indianapolis-Carmel IN MSA,2018,0.5297,221200.0,39.75,-86.21,primary-based
Longview WA MSA,2018,0.5499,2286.0,46.2,-122.7,primary-based
Santa Fe NM MSA,2018,0.1892,8984.0,35.51,-106.0,party registration
Alexandria LA MSA,2018,0.7385,2387.0,31.33,-92.55,party registration
Jacksonville NC MSA,2018,0.6912,5234.0,34.76,-77.5,party registration
Manchester-Nashua NH MSA,2018,0.4973,24720.0,42.91,-71.72,party registration
Naples-Marco Island FL MSA,2018,0.6911,2640.0,26.12,-81.4,party registration
Williamsport PA MSA,2018,0.6821,7366.0,41.34,-77.06,party registration
Fort Walton Beach-Crestview-Destin FL MSA,2018,0.7476,12450.0,30.59,-86.36,party registration
Panama City-Lynn Haven FL MSA,2018,0.7434,4102.0,30.16,-85.53,party registration
Carson City NV MSA,2018,0.6239,3006.0,39.15,-119.7,party registration
Lewiston-Auburn ME MSA,2018,0.4975,3147.0,44.17,-70.21,party registration
Rapid City SD MSA,2018,0.7524,8095.0,44.31,-102.8,party registration
Abilene TX MSA,2018,0.8713,9323.0,32.45,-99.72,primary-based
Lake Havasu City-Kingman AZ MSA,2018,0.7938,5060.0,35.72,-113.7,party registration
Dubuque IA MSA,2018,0.5081,9216.0,42.46,-90.88,party registration
Bakersfield CA MSA,2018,0.5819,35360.0,35.35,-118.7,party registration
Blacksburg-Christiansburg-Radford VA MSA,2018,0.4056,12700.0,37.12,-80.56,primary-based
Wichita Falls TX MSA,2018,0.8615,6863.0,33.78,-98.5,primary-based
Huntington-Ashland WV-KY-OH MSA,2018,0.5912,9364.0,38.41,-82.54,party registration
Cape Coral-Fort Myers FL MSA,2018,0.6439,43610.0,26.56,-81.98,party registration
Sioux City IA-NE-SD MSA,2018,0.6661,7253.0,42.51,-96.44,party registration
Montgomery AL MSA,2018,0.525,25600.0,32.37,-86.4,modelled by L2
Grand Junction CO MSA,2018,0.7429,10040.0,39.02,-108.5,party registration
Reading PA MSA,2018,0.5432,25080.0,40.41,-75.93,party registration
Visalia-Porterville CA MSA,2018,0.5862,12840.0,36.23,-118.8,party registration
Fort Wayne IN MSA,2018,0.643,40510.0,41.11,-85.22,primary-based
Modesto CA MSA,2018,0.4895,22400.0,37.56,-121.0,party registration
Manhattan KS MSA,2018,0.619,5054.0,39.27,-96.56,party registration
Grand Rapids-Wyoming MI MSA,2018,0.4778,93010.0,43.04,-85.78,primary-based
Midland TX MSA,2018,0.6647,14200.0,32.09,-102.0,primary-based
Raleigh-Cary NC MSA,2018,0.3855,200300.0,35.76,-78.46,party registration
Waco TX MSA,2018,0.6274,18020.0,31.43,-97.09,primary-based
Lexington-Fayette KY MSA,2018,0.4628,54870.0,38.1,-84.44,party registration
Portland-Vancouver-Beaverton OR-WA MSA,2018,0.2833,287200.0,45.6,-122.5,party registration
Odessa TX MSA,2018,0.5965,11430.0,31.87,-102.5,primary-based
Boston-Cambridge-Quincy MA-NH MSA,2018,0.2397,581300.0,42.52,-71.02,party registration
Hinesville-Fort Stewart GA MSA,2018,0.408,680.0,31.78,-81.58,primary-based
Columbus IN MSA,2018,0.6656,1079.0,39.21,-85.9,primary-based
Bay City MI MSA,2018,0.4844,4008.0,43.7,-83.98,primary-based
Winchester VA-WV MSA,2018,0.5919,7504.0,39.27,-78.47,primary-based
Sumter SC MSA,2018,0.4992,4553.0,33.79,-80.29,primary-based
Waterloo-Cedar Falls IA MSA,2018,0.501,12020.0,42.54,-92.47,party registration
Louisville/Jefferson County KY-IN MSA,2018,0.4764,123900.0,38.31,-85.68,party registration
Huntsville AL MSA,2018,0.6257,42660.0,34.78,-86.73,modelled by L2
Janesville WI MSA,2018,0.5306,8643.0,42.67,-89.08,modelled by L2
Lewiston ID-WA MSA,2018,0.7199,1998.0,46.25,-116.9,party registration
Salt Lake City UT MSA,2018,0.6449,127700.0,40.57,-113.0,party registration
Phoenix-Mesa-Scottsdale AZ MSA,2018,0.5426,382400.0,33.19,-112.1,party registration
Orlando-Kissimmee FL MSA,2018,0.4311,252600.0,28.43,-81.36,party registration
Albany-Schenectady-Troy NY MSA,2018,0.3865,78320.0,42.79,-73.94,party registration
Boise City-Nampa ID MSA,2018,0.6665,67800.0,43.01,-116.1,party registration
Brunswick GA MSA,2018,0.6845,676.0,31.3,-81.59,primary-based
Farmington NM MSA,2018,0.7175,3429.0,36.51,-108.3,party registration
Ocala FL MSA,2018,0.6544,15380.0,29.2,-82.04,party registration
Gadsden AL MSA,2018,0.755,3555.0,34.05,-86.03,modelled by L2
Syracuse NY MSA,2018,0.4531,55910.0,43.01,-76.2,party registration
Ogden-Clearfield UT MSA,2018,0.8109,29610.0,41.62,-113.1,party registration
Valdosta GA MSA,2018,0.5803,1249.0,30.83,-83.24,primary-based
Goldsboro NC MSA,2018,0.5685,4963.0,35.35,-78.01,party registration
Morgantown WV MSA,2018,0.495,10740.0,39.53,-79.8,party registration
Allentown-Bethlehem-Easton PA-NJ MSA,2018,0.4957,68310.0,40.79,-75.4,party registration
Buffalo-Niagara Falls NY MSA,2018,0.4196,63820.0,43.04,-78.78,party registration
Bellingham WA MSA,2018,0.3109,19220.0,48.84,-121.8,primary-based
Hanford-Corcoran CA MSA,2018,0.5956,3765.0,36.07,-119.8,party registration
Charleston WV MSA,2018,0.5783,13160.0,38.36,-81.62,party registration
Lake Charles LA MSA,2018,0.6511,16200.0,29.98,-93.25,party registration
Roanoke VA MSA,2018,0.5412,26550.0,37.29,-79.95,primary-based
Racine WI MSA,2018,0.5795,12060.0,42.78,-87.77,modelled by L2
Cleveland-Elyria-Mentor OH MSA,2018,0.4259,206400.0,41.56,-81.6,primary-based
Jacksonville FL MSA,2018,0.5835,139700.0,30.24,-81.75,party registration
Seattle-Tacoma-Bellevue WA MSA,2018,0.2393,450900.0,47.49,-121.8,primary-based
Decatur IL MSA,2018,0.6585,901.0,39.86,-88.96,primary-based
Cumberland MD-WV MSA,2018,0.6422,3225.0,39.53,-78.81,party registration
Owensboro KY MSA,2018,0.5615,6528.0,37.69,-87.08,party registration
Athens-Clark County GA MSA,2018,0.4935,2113.0,33.94,-83.21,primary-based
Fort Collins-Loveland CO MSA,2018,0.4351,44010.0,40.66,-105.5,party registration
Dothan AL MSA,2018,0.7459,5775.0,31.25,-85.47,modelled by L2
Cleveland TN MSA,2018,0.7698,1526.0,35.14,-84.66,primary-based
Bloomington IN MSA,2018,0.3734,19350.0,39.24,-86.67,primary-based
Decatur AL MSA,2018,0.7983,1700.0,34.49,-87.1,modelled by L2
Pittsfield MA MSA,2018,0.1624,8569.0,42.37,-73.22,party registration
Fond du Lac WI MSA,2018,0.7541,1420.0,43.75,-88.49,modelled by L2
Lincoln NE MSA,2018,0.5406,35230.0,40.82,-96.87,party registration
McAllen-Edinburg-Mission TX MSA,2018,0.1347,11590.0,26.4,-98.18,primary-based
Durham NC MSA,2018,0.2421,61270.0,36.06,-78.99,party registration
Buffalo-Niagara Falls NY MSA,2019,0.4135,67420.0,43.04,-78.78,party registration
Allentown-Bethlehem-Easton PA-NJ MSA,2019,0.4911,70210.0,40.79,-75.4,party registration
Boston-Cambridge-Quincy MA-NH MSA,2019,0.2369,601800.0,42.52,-71.02,party registration
Ogden-Clearfield UT MSA,2019,0.8072,30710.0,41.62,-113.1,party registration
Syracuse NY MSA,2019,0.4516,57360.0,43.01,-76.2,party registration
Raleigh-Cary NC MSA,2019,0.3833,208000.0,35.76,-78.46,party registration
Waco TX MSA,2019,0.63,18640.0,31.43,-97.09,primary-based
Casper WY MSA,2019,0.7782,7415.0,42.98,-106.8,party registration
Cape Girardeau-Jackson MO-IL MSA,2019,0.7212,4775.0,37.33,-89.76,modelled by L2
Grand Forks ND-MN MSA,2019,0.4382,6612.0,47.84,-96.84,modelled by L2
Rome GA MSA,2019,0.7088,677.0,34.26,-85.21,primary-based
Boulder CO MSA,2019,0.249,52200.0,40.09,-105.4,party registration
Omaha-Council Bluffs NE-IA MSA,2019,0.5657,108100.0,41.29,-96.0,party registration
Greensboro-High Point NC MSA,2019,0.4768,72100.0,36.03,-79.79,party registration
Columbia SC MSA,2019,0.4692,61510.0,34.08,-81.04,primary-based
Kingsport-Bristol-Bristol TN-VA MSA,2019,0.8145,10170.0,36.6,-82.44,primary-based
Champaign-Urbana IL MSA,2019,0.3804,21730.0,40.1,-88.32,primary-based
Columbia MO MSA,2019,0.4708,21100.0,38.99,-92.59,modelled by L2
Lexington-Fayette KY MSA,2019,0.4609,56880.0,38.1,-84.44,party registration
Fort Wayne IN MSA,2019,0.6407,41820.0,41.11,-85.22,primary-based
Lancaster PA MSA,2019,0.5833,42230.0,40.04,-76.25,party registration
Bloomington IN MSA,2019,0.368,20180.0,39.24,-86.67,primary-based
Pittsfield MA MSA,2019,0.1571,8714.0,42.37,-73.22,party registration
La Crosse WI-MN MSA,2019,0.5606,13390.0,43.78,-91.32,modelled by L2
Lafayette LA MSA,2019,0.6827,23940.0,29.96,-92.05,party registration
McAllen-Edinburg-Mission TX MSA,2019,0.1317,12260.0,26.4,-98.18,primary-based
Muncie IN MSA,2019,0.532,8671.0,40.23,-85.4,primary-based
Sherman-Denison TX MSA,2019,0.7683,5460.0,33.62,-96.68,primary-based
Lincoln NE MSA,2019,0.5396,36160.0,40.82,-96.87,party registration
Anniston-Oxford AL MSA,2019,0.7147,3277.0,33.77,-85.83,modelled by L2
Oshkosh-Neenah WI MSA,2019,0.6589,17110.0,44.09,-88.67,modelled by L2
Portland-Vancouver-Beaverton OR-WA MSA,2019,0.2799,296500.0,45.6,-122.5,party registration
San Antonio TX MSA,2019,0.4515,210600.0,29.43,-98.61,primary-based
Montgomery AL MSA,2019,0.5208,26110.0,32.37,-86.4,modelled by L2
Kansas City MO-KS MSA,2019,0.5425,249500.0,38.93,-94.44,modelled by L2
Bakersfield CA MSA,2019,0.5784,36710.0,35.35,-118.7,party registration
Virginia Beach-Norfolk-Newport News VA-NC MSA,2019,0.4137,147400.0,36.8,-76.45,primary-based
Indianapolis-Carmel IN MSA,2019,0.5264,227800.0,39.75,-86.21,primary-based
Cape Coral-Fort Myers FL MSA,2019,0.6434,45190.0,26.56,-81.98,party registration
Dover DE MSA,2019,0.4479,8603.0,39.1,-75.5,party registration
Cumberland MD-WV MSA,2019,0.6383,3265.0,39.53,-78.81,party registration
Stockton CA MSA,2019,0.4297,28350.0,37.93,-121.3,party registration
Decatur AL MSA,2019,0.8008,1737.0,34.49,-87.1,modelled by L2
Dothan AL MSA,2019,0.7494,5969.0,31.25,-85.47,modelled by L2
Billings MT MSA,2019,0.719,10820.0,45.64,-108.8,modelled by L2
Fond du Lac WI MSA,2019,0.7587,1447.0,43.75,-88.49,modelled by L2
Cleveland TN MSA,2019,0.7699,1482.0,35.14,-84.66,primary-based
Decatur IL MSA,2019,0.6574,881.0,39.86,-88.96,primary-based
Visalia-Porterville CA MSA,2019,0.5844,13210.0,36.23,-118.8,party registration
Lewiston-Auburn ME MSA,2019,0.4868,3315.0,44.17,-70.21,party registration
Huntington-Ashland WV-KY-OH MSA,2019,0.5974,9639.0,38.41,-82.54,party registration
Wichita Falls TX MSA,2019,0.8697,6998.0,33.78,-98.5,primary-based
Carson City NV MSA,2019,0.6194,3183.0,39.15,-119.7,party registration
Dubuque IA MSA,2019,0.5055,9528.0,42.46,-90.88,party registration
Rapid City SD MSA,2019,0.7517,8304.0,44.31,-102.8,party registration
Columbus GA-AL MSA,2019,0.4983,2667.0,32.42,-84.84,primary-based
Asheville NC MSA,2019,0.438,35190.0,35.6,-82.68,party registration
Lima OH MSA,2019,0.786,1278.0,40.77,-84.11,primary-based
Greenville NC MSA,2019,0.4435,15600.0,35.59,-77.37,party registration
Prescott AZ MSA,2019,0.7117,7340.0,34.63,-112.6,party registration
Barnstable Town MA MSA,2019,0.3307,12830.0,41.71,-70.16,party registration
Topeka KS MSA,2019,0.6032,17030.0,39.04,-95.8,party registration
Joplin MO MSA,2019,0.8244,8371.0,37.06,-94.34,modelled by L2
Vineland-Millville-Bridgeton NJ MSA,2019,0.4667,5230.0,39.33,-75.12,party registration
New Orleans-Metairie-Kenner LA MSA,2019,0.4707,96060.0,30.05,-89.93,party registration
Charleston-North Charleston SC MSA,2019,0.5618,78080.0,33.02,-80.01,primary-based
Fort Smith AR-OK MSA,2019,0.7543,12660.0,35.46,-94.3,party registration
Salisbury MD MSA,2019,0.5055,6167.0,38.4,-75.48,party registration
Mankato-North Mankato MN MSA,2019,0.5426,8157.0,44.15,-94.15,modelled by L2
Bloomington-Normal IL MSA,2019,0.4833,12900.0,40.49,-88.84,primary-based
St. George UT MSA,2019,0.8642,7448.0,37.26,-113.5,party registration
Reading PA MSA,2019,0.5398,25730.0,40.41,-75.93,party registration
Grand Junction CO MSA,2019,0.7381,10420.0,39.02,-108.5,party registration
Janesville WI MSA,2019,0.5273,8984.0,42.67,-89.08,modelled by L2
Grand Rapids-Wyoming MI MSA,2019,0.4715,95760.0,43.04,-85.78,primary-based
Midland TX MSA,2019,0.6517,15080.0,32.09,-102.0,primary-based
Blacksburg-Christiansburg-Radford VA MSA,2019,0.395,13430.0,37.12,-80.56,primary-based
Winchester VA-WV MSA,2019,0.5901,7797.0,39.27,-78.47,primary-based
Sioux City IA-NE-SD MSA,2019,0.6607,7480.0,42.51,-96.44,party registration
Weirton-Steubenville WV-OH MSA,2019,0.6287,4016.0,40.39,-80.7,party registration
Sioux Falls SD MSA,2019,0.6655,26210.0,43.5,-97.0,party registration
Youngstown-Warren-Boardman OH-PA MSA,2019,0.5149,22790.0,41.24,-80.56,primary-based
Davenport-Moline-Rock Island IA-IL MSA,2019,0.4886,25550.0,41.39,-90.46,party registration
Muskegon-Norton Shores MI MSA,2019,0.4485,8527.0,43.43,-86.42,primary-based
Deltona-Daytona Beach-Ormond Beach FL MSA,2019,0.5984,27150.0,29.18,-81.19,party registration
Pocatello ID MSA,2019,0.7021,5214.0,42.69,-112.6,party registration
College Station-Bryan TX MSA,2019,0.6071,17160.0,30.75,-96.49,primary-based
Bay City MI MSA,2019,0.4755,4143.0,43.7,-83.98,primary-based
Sumter SC MSA,2019,0.4991,4647.0,33.79,-80.29,primary-based
Columbus IN MSA,2019,0.6848,995.0,39.21,-85.9,primary-based
Lewiston ID-WA MSA,2019,0.7185,2034.0,46.25,-116.9,party registration
Hinesville-Fort Stewart GA MSA,2019,0.3948,601.0,31.78,-81.58,primary-based
Hartford-West Hartford-East Hartford CT MSA,2019,0.3525,96790.0,41.72,-72.57,party registration
Denver-Aurora CO MSA,2019,0.3737,394400.0,39.43,-104.9,party registration
Springfield MO MSA,2019,0.7229,37000.0,37.36,-93.18,modelled by L2
Oklahoma City OK MSA,2019,0.6251,110800.0,35.43,-97.51,party registration
Minneapolis-St. Paul-Bloomington MN-WI MSA,2019,0.5047,337000.0,45.1,-93.28,modelled by L2
Michigan City-La Porte IN MSA,2019,0.4887,4559.0,41.55,-86.74,primary-based
Jackson MS MSA,2019,0.5248,42840.0,32.43,-90.2,primary-based
Owensboro KY MSA,2019,0.5624,6648.0,37.69,-87.08,party registration
Baltimore-Towson MD MSA,2019,0.3503,260900.0,39.3,-76.55,party registration
Springfield MA MSA,2019,0.2661,43320.0,42.36,-72.62,party registration
Fort Collins-Loveland CO MSA,2019,0.4328,45540.0,40.66,-105.5,party registration
Warner Robins GA MSA,2019,0.5922,1431.0,32.49,-83.71,primary-based
Tampa-St. Petersburg-Clearwater FL,2019,0.5192,257900.0,28.12,-82.53,party registration
Wichita KS MSA,2019,0.6699,52500.0,37.64,-97.25,party registration
Poughkeepsie-Newburgh-Middletown NY MSA,2019,0.4383,41370.0,41.58,-74.03,party registration
Binghamton NY MSA,2019,0.488,15680.0,42.16,-76.02,party registration
Cincinnati-Middletown OH-KY-IN MSA,2019,0.5723,217600.0,39.1,-84.48,primary-based
Augusta-Richmond County GA-SC MSA,2019,0.6061,12530.0,33.46,-81.98,primary-based
Nashville-Davidson-Murfreesboro-Franklin TN MSA,2019,0.547,215200.0,36.12,-86.64,primary-based
Albuquerque NM MSA,2019,0.3996,58440.0,35.12,-106.5,party registration
Athens-Clark County GA MSA,2019,0.5014,2023.0,33.94,-83.21,primary-based
Rocky Mount NC MSA,2019,0.4164,5998.0,35.94,-77.8,party registration
Merced CA MSA,2019,0.44,7927.0,37.19,-120.7,party registration
Gainesville GA MSA,2019,0.7192,1403.0,34.32,-83.82,primary-based
Monroe MI MSA,2019,0.5921,3372.0,41.92,-83.49,primary-based
Seattle-Tacoma-Bellevue WA MSA,2019,0.2358,469700.0,47.49,-121.8,primary-based
Kennewick-Richland-Pasco WA MSA,2019,0.5461,16220.0,46.36,-119.3,primary-based
Utica-Rome NY MSA,2019,0.5708,14550.0,43.33,-75.17,party registration
Beaumont-Port Arthur TX MSA,2019,0.6198,16490.0,30.08,-94.2,primary-based
Clarksville TN-KY MSA,2019,0.5782,17720.0,36.7,-87.62,primary-based
Flagstaff AZ MSA,2019,0.3689,11220.0,35.83,-111.8,party registration
Wenatchee WA MSA,2019,0.5175,5775.0,47.77,-120.3,primary-based
Danville IL MSA,2019,0.7197,808.0,40.19,-87.73,primary-based
New York-Northern New Jersey-Long Island NY-NJ-PA MSA,2019,0.3001,1671000.0,40.77,-73.87,party registration
Chicago-Naperville-Joliet IL-IN-WI MSA,2019,0.2828,899400.0,41.82,-87.83,primary-based
Lafayette IN MSA,2019,0.5295,20880.0,40.48,-87.02,primary-based
Lake Charles LA MSA,2019,0.6504,16420.0,29.98,-93.25,party registration
Santa Cruz-Watsonville CA MSA,2019,0.2214,9922.0,37.01,-122.0,party registration
Lebanon PA MSA,2019,0.6548,10450.0,40.37,-76.46,party registration
Racine WI MSA,2019,0.5773,12140.0,42.78,-87.77,modelled by L2
Hot Springs AR MSA,2019,0.6933,2360.0,34.58,-93.15,party registration
Albany GA MSA,2019,0.5169,517.0,31.64,-84.11,primary-based
Dalton GA MSA,2019,0.7742,1143.0,34.8,-84.86,primary-based
Worcester MA MSA,2019,0.3224,58220.0,42.22,-71.93,party registration
Appleton WI MSA,2019,0.7323,25450.0,44.29,-88.37,modelled by L2
Fresno CA MSA,2019,0.5131,45560.0,36.76,-119.7,party registration
Green Bay WI MSA,2019,0.7389,32950.0,44.47,-88.0,modelled by L2
Sheboygan WI MSA,2019,0.7409,10040.0,43.74,-87.73,modelled by L2
Atlantic City NJ MSA,2019,0.464,11720.0,39.47,-74.63,party registration
Yakima WA MSA,2019,0.4701,9869.0,46.46,-120.7,primary-based
Peoria IL MSA,2019,0.587,24790.0,40.71,-89.7,primary-based
Texarkana TX-Texarkana AR MSA,2019,0.7127,4895.0,33.48,-94.21,party registration
Bridgeport-Stamford-Norwalk CT MSA,2019,0.3591,77280.0,41.23,-73.37,party registration
Jefferson City MO MSA,2019,0.7624,10270.0,38.64,-92.09,modelled by L2
Memphis TN-AR-MS MSA,2019,0.4447,105200.0,35.02,-89.87,primary-based
Eugene-Springfield OR MSA,2019,0.3166,31450.0,43.93,-122.9,party registration
Sarasota-Bradenton-Venice FL MSA,2019,0.631,51180.0,27.33,-82.41,party registration
Kalamazoo-Portage MI MSA,2019,0.3863,35480.0,42.25,-85.53,primary-based
Anderson IN MSA,2019,0.6141,5423.0,39.75,-86.21,primary-based
Hanford-Corcoran CA MSA,2019,0.5994,3896.0,36.07,-119.8,party registration
Jacksonville FL MSA,2019,0.5817,144000.0,30.24,-81.75,party registration
Cleveland-Elyria-Mentor OH MSA,2019,0.4223,211600.0,41.56,-81.6,primary-based
Charleston WV MSA,2019,0.5731,13380.0,38.36,-81.62,party registration
Lubbock TX MSA,2019,0.6329,25910.0,33.47,-101.6,primary-based
Bellingham WA MSA,2019,0.3065,19970.0,48.84,-121.8,primary-based
Roanoke VA MSA,2019,0.5383,27410.0,37.29,-79.95,primary-based
Yuma AZ MSA,2019,0.5713,6498.0,32.77,-113.9,party registration
Laredo TX MSA,2019,0.0925,6746.0,27.76,-99.34,primary-based
Great Falls MT MSA,2019,0.6944,3807.0,47.32,-111.4,modelled by L2
Elizabethtown KY MSA,2019,0.5894,6665.0,37.73,-85.97,party registration
Ocean City NJ MSA,2019,0.603,3896.0,39.09,-74.85,party registration
Kingston NY MSA,2019,0.3331,5915.0,41.95,-74.27,party registration
Macon GA MSA,2019,0.4356,3835.0,32.86,-83.71,primary-based
Miami-Fort Lauderdale-Pompano Beach FL MSA,2019,0.3914,378900.0,26.1,-80.48,party registration
New Haven-Milford CT MSA,2019,0.3441,59000.0,41.35,-72.9,party registration
Pueblo CO MSA,2019,0.4858,8000.0,38.16,-104.5,party registration
Jonesboro AR MSA,2019,0.6769,5405.0,35.7,-90.65,party registration
El Centro CA MSA,2019,0.3587,3774.0,33.04,-115.4,party registration
Houston-Sugar Land-Baytown TX MSA,2019,0.4885,530700.0,29.75,-95.35,primary-based
Reno-Sparks NV MSA,2019,0.5179,41230.0,40.5,-119.7,party registration
Philadelphia-Camden-Wilmington PA-NJ-DE-MD MSA,2019,0.3535,549100.0,39.89,-75.31,party registration
Colorado Springs CO MSA,2019,0.6115,72530.0,38.85,-104.6,party registration
Richmond VA MSA,2019,0.4043,154900.0,37.41,-77.44,primary-based
Columbus OH MSA,2019,0.4459,237700.0,39.97,-82.84,primary-based
Lansing-East Lansing MI MSA,2019,0.3226,52810.0,42.77,-84.5,primary-based
Brownsville-Harlingen TX MSA,2019,0.1758,9647.0,26.1,-97.48,primary-based
Norwich-New London CT MSA,2019,0.395,18160.0,41.47,-72.11,party registration
Killeen-Temple-Fort Hood TX MSA,2019,0.5445,25760.0,31.2,-97.79,primary-based
Terre Haute IN MSA,2019,0.5616,10750.0,39.48,-87.31,primary-based
Wausau WI MSA,2019,0.7127,9834.0,45.05,-89.76,modelled by L2
Medford OR MSA,2019,0.5776,10570.0,42.41,-122.7,party registration
Saginaw-Saginaw Township North MI MSA,2019,0.4494,12200.0,43.33,-84.06,primary-based
Las Cruces NM MSA,2019,0.375,9483.0,32.35,-106.8,party registration
Portland-South Portland-Biddeford ME MSA,2019,0.3557,32020.0,43.65,-70.42,party registration
Savannah GA MSA,2019,0.504,2940.0,32.11,-81.27,primary-based
Salem OR MSA,2019,0.4699,22050.0,44.9,-122.9,party registration
Harrisonburg VA MSA,2019,0.4714,9109.0,38.51,-78.89,primary-based
Wilmington NC MSA,2019,0.5543,36220.0,34.43,-77.89,party registration
Tyler TX MSA,2019,0.7168,15510.0,32.38,-95.27,primary-based
Longview TX MSA,2019,0.7337,11720.0,32.43,-94.68,primary-based
Washington-Arlington-Alexandria DC-VA-MD-WV MSA,2019,0.2719,526100.0,38.8,-77.49,party registration
Riverside-San Bernardino-Ontario CA MSA,2019,0.4671,186800.0,34.54,-116.1,party registration
Charlotte-Gastonia-Concord NC-SC MSA,2019,0.4516,268600.0,35.17,-80.8,party registration
Mobile AL MSA,2019,0.6018,25930.0,30.97,-88.21,modelled by L2
Toledo OH MSA,2019,0.4749,47570.0,41.56,-83.52,primary-based
Tucson AZ MSA,2019,0.4193,78530.0,32.13,-111.8,party registration
Jackson MI MSA,2019,0.5971,2264.0,42.25,-84.42,primary-based
Oxnard-Thousand Oaks-Ventura CA MSA,2019,0.4043,56250.0,34.36,-119.1,party registration
Scranton--Wilkes-Barre PA MSA,2019,0.4686,25850.0,41.32,-75.9,party registration
Bremerton-Silverdale WA MSA,2019,0.3821,15390.0,47.64,-122.6,primary-based
Winston-Salem NC MSA,2019,0.6571,11080.0,36.08,-80.35,party registration
Hickory-Lenoir-Morganton NC MSA,2019,0.7227,18240.0,35.81,-81.46,party registration
El Paso TX MSA,2019,0.1877,38550.0,31.53,-105.5,primary-based
Baton Rouge LA MSA,2019,0.5762,65080.0,30.52,-91.13,party registration
Anchorage AK MSA,2019,0.6088,29150.0,62.21,-149.7,party registration
Tulsa OK MSA,2019,0.6762,85460.0,36.25,-96.18,party registration
Orlando-Kissimmee FL MSA,2019,0.4267,263200.0,28.43,-81.36,party registration
Louisville/Jefferson County KY-IN MSA,2019,0.4744,127900.0,38.31,-85.68,party registration
Duluth MN-WI MSA,2019,0.4601,20380.0,47.35,-92.16,modelled by L2
Greenville-Mauldin-Easley SC MSA,2019,0.6575,74690.0,34.68,-82.41,primary-based
Albany-Schenectady-Troy NY MSA,2019,0.3838,80300.0,42.79,-73.94,party registration
Morgantown WV MSA,2019,0.4964,11260.0,39.53,-79.8,party registration
Akron OH MSA,2019,0.4822,52330.0,41.15,-81.35,primary-based
Hattiesburg MS MSA,2019,0.6329,9333.0,31.27,-89.3,primary-based
Redding CA MSA,2019,0.6934,8251.0,40.76,-122.0,party registration
Johnstown PA MSA,2019,0.6204,5927.0,40.51,-78.71,party registration
Ithaca NY MSA,2019,0.2217,14040.0,42.45,-76.47,party registration
Coeur d'Alene ID MSA,2019,0.8318,3433.0,47.68,-116.7,party registration
Madera CA MSA,2019,0.6236,1328.0,37.21,-119.7,party registration
Fayetteville-Springdale-Rogers AR-MO MSA,2019,0.6295,51580.0,36.12,-94.08,party registration
Flint MI MSA,2019,0.3703,17540.0,43.02,-83.71,primary-based
Santa Rosa-Petaluma CA MSA,2019,0.2416,33140.0,38.53,-122.9,party registration
Waterloo-Cedar Falls IA MSA,2019,0.5026,12170.0,42.54,-92.47,party registration
Erie PA MSA,2019,0.4839,20380.0,42.12,-80.1,party registration
Bismarck ND MSA,2019,0.7438,8273.0,46.89,-101.0,modelled by L2
Burlington NC MSA,2019,0.4913,10170.0,36.04,-79.4,party registration
Port St. Lucie FL MSA,2019,0.58,23140.0,27.23,-80.43,party registration
Springfield OH MSA,2019,0.6486,6404.0,39.92,-83.78,primary-based
Kankakee-Bradley IL MSA,2019,0.5958,5332.0,41.14,-87.86,primary-based
Logan UT-ID MSA,2019,0.8147,9372.0,41.89,-111.8,party registration
Johnson City TN MSA,2019,0.7619,12320.0,36.27,-82.33,primary-based
Trenton-Ewing NJ MSA,2019,0.2792,32200.0,40.28,-74.7,party registration
Amarillo TX MSA,2019,0.7347,15400.0,35.25,-101.9,primary-based
Santa Barbara-Santa Maria-Goleta CA MSA,2019,0.3058,35320.0,34.54,-120.0,party registration
Mount Vernon-Anacortes WA MSA,2019,0.3796,5485.0,48.49,-121.8,primary-based
Fairbanks AK MSA,2019,0.6474,5876.0,64.68,-146.5,party registration
Lawrence KS MSA,2019,0.4331,1744.0,38.9,-95.29,party registration
Phoenix-Mesa-Scottsdale AZ MSA,2019,0.5397,399000.0,33.19,-112.1,party registration
Panama City-Lynn Haven FL MSA,2019,0.7465,4264.0,30.16,-85.53,party registration
Vallejo-Fairfield CA MSA,2019,0.3503,19620.0,38.27,-121.9,party registration
San Francisco-Oakland-Fremont CA MSA,2019,0.1918,391000.0,37.77,-122.3,party registration
Idaho Falls ID MSA,2019,0.8544,8646.0,43.62,-112.4,party registration
San Diego-Carlsbad-San Marcos CA MSA,2019,0.381,359900.0,33.02,-116.8,party registration
Milwaukee-Waukesha-West Allis WI MSA,2019,0.5995,189200.0,42.91,-87.86,modelled by L2
Evansville IN-KY MSA,2019,0.6063,27140.0,38.02,-87.59,primary-based
Charlottesville VA MSA,2019,0.322,28430.0,37.95,-78.59,primary-based
Salt Lake City UT MSA,2019,0.6432,132300.0,40.57,-113.0,party registration
Rockford IL MSA,2019,0.5195,23610.0,42.33,-89.04,primary-based
York-Hanover PA MSA,2019,0.6351,28640.0,39.92,-76.73,party registration
Boise City-Nampa ID MSA,2019,0.6647,70760.0,43.01,-116.1,party registration
Huntsville AL MSA,2019,0.6211,45400.0,34.78,-86.73,modelled by L2
Chattanooga TN-GA MSA,2019,0.6315,44860.0,35.05,-85.36,primary-based
Goldsboro NC MSA,2019,0.5664,5085.0,35.35,-78.01,party registration
Corpus Christi TX MSA,2019,0.5278,23240.0,27.83,-97.51,primary-based
Williamsport PA MSA,2019,0.685,7520.0,41.34,-77.06,party registration
Houma-Bayou Cane-Thibodaux LA MSA,2019,0.744,10150.0,29.33,-90.84,party registration
Birmingham-Hoover AL MSA,2019,0.669,26880.0,33.4,-86.73,modelled by L2
Santa Fe NM MSA,2019,0.1898,9345.0,35.51,-106.0,party registration
Alexandria LA MSA,2019,0.7472,2388.0,31.33,-92.55,party registration
Naples-Marco Island FL MSA,2019,0.7004,2622.0,26.12,-81.4,party registration
Yuba City CA MSA,2019,0.5937,4824.0,39.16,-121.5,party registration
Spartanburg SC MSA,2019,0.6416,17200.0,34.93,-81.99,primary-based
San Angelo TX MSA,2019,0.6734,6259.0,31.48,-100.8,primary-based
Valdosta GA MSA,2019,0.602,1165.0,30.83,-83.24,primary-based
St. Joseph MO-KS MSA,2019,0.8352,964.0,39.83,-94.78,modelled by L2
Austin-Round Rock TX MSA,2019,0.3581,327500.0,30.25,-97.65,primary-based
Los Angeles-Long Beach-Santa Ana CA MSA,2019,0.3207,943100.0,34.11,-118.2,party registration
San Jose-Sunnyvale-Santa Clara CA MSA,2019,0.2344,213600.0,36.91,-121.4,party registration
Manchester-Nashua NH MSA,2019,0.5002,25060.0,42.91,-71.72,party registration
Madison WI MSA,2019,0.443,105000.0,43.08,-89.6,modelled by L2
Gulfport-Biloxi MS MSA,2019,0.7082,14820.0,30.48,-89.0,primary-based
Palm Bay-Melbourne-Titusville FL MSA,2019,0.6442,22710.0,28.3,-80.7,party registration
Las Vegas-Paradise NV MSA,2019,0.4613,180700.0,36.21,-115.0,party registration
Monroe LA MSA,2019,0.5871,14900.0,32.73,-92.1,party registration
Myrtle Beach-Conway-North Myrtle Beach SC MSA,2019,0.6428,20840.0,33.97,-78.61,primary-based
Des Moines-West Des Moines IA MSA,2019,0.4761,84050.0,41.58,-93.76,party registration
Eau Claire WI MSA,2019,0.6008,15000.0,44.94,-91.28,modelled by L2
San Luis Obispo-Paso Robles CA MSA,2019,0.4044,23480.0,35.39,-120.4,party registration
Pensacola-Ferry Pass-Brent FL MSA,2019,0.6806,35900.0,30.61,-87.16,party registration
Lynchburg VA MSA,2019,0.6087,17690.0,37.36,-79.22,primary-based
Sacramento-Arden-Arcade-Roseville CA MSA,2019,0.402,193600.0,38.79,-121.0,party registration
Fort Walton Beach-Crestview-Destin FL MSA,2019,0.7479,12780.0,30.59,-86.36,party registration
Greeley CO MSA,2019,0.6161,16410.0,40.56,-104.4,party registration
Lake Havasu City-Kingman AZ MSA,2019,0.7979,5219.0,35.72,-113.7,party registration
Fargo ND-MN MSA,2019,0.4765,23510.0,46.91,-96.96,modelled by L2
Jacksonville NC MSA,2019,0.7052,5270.0,34.76,-77.5,party registration
Elkhart-Goshen IN MSA,2019,0.6871,13360.0,41.6,-85.86,primary-based
Chico CA MSA,2019,0.4484,13020.0,39.67,-121.6,party registration
Lawton OK MSA,2019,0.6102,4409.0,34.53,-98.43,party registration
Morristown TN MSA,2019,0.8413,2667.0,36.17,-83.42,primary-based
Parkersburg-Marietta-Vienna WV-OH MSA,2019,0.7224,6253.0,39.14,-81.46,party registration
Jackson TN MSA,2019,0.7185,948.0,35.75,-88.88,primary-based
Wheeling WV-OH MSA,2019,0.6304,5436.0,39.98,-80.85,party registration
Abilene TX MSA,2019,0.8762,9539.0,32.45,-99.72,primary-based
Longview WA MSA,2019,0.5606,2295.0,46.2,-122.7,primary-based
Elmira NY MSA,2019,0.6124,2485.0,42.15,-76.75,party registration
Pittsburgh PA MSA,2019,0.4633,249900.0,40.44,-79.84,party registration
Detroit-Warren-Livonia MI MSA,2019,0.3774,353700.0,42.72,-83.2,primary-based
Providence-New Bedford-Fall River RI-MA MSA,2019,0.2898,119100.0,41.71,-71.29,party registration
Anderson SC MSA,2019,0.6792,8085.0,34.68,-82.41,primary-based
Ames IA MSA,2019,0.3952,11060.0,42.04,-93.7,party registration
Atlanta-Sandy Springs-Marietta GA MSA,2019,0.3863,301500.0,33.69,-84.4,primary-based
Rochester MN MSA,2019,0.5839,19440.0,43.95,-92.33,modelled by L2
Florence-Muscle Shoals AL MSA,2019,0.705,6576.0,34.8,-87.72,modelled by L2
Kokomo IN MSA,2019,0.7051,6344.0,40.48,-86.11,primary-based
Mansfield OH MSA,2019,0.7784,1023.0,40.77,-82.54,primary-based
Battle Creek MI MSA,2019,0.47,7814.0,42.24,-85.01,primary-based
Cheyenne WY MSA,2019,0.7903,6605.0,41.29,-104.7,party registration
Altoona PA MSA,2019,0.7129,7202.0,40.5,-78.31,party registration
Fayetteville NC MSA,2019,0.4098,19630.0,35.16,-78.93,party registration
Sebastian-Vero Beach FL MSA,2019,0.691,7467.0,27.7,-80.57,party registration
Iowa City IA MSA,2019,0.2724,20250.0,41.52,-91.65,party registration
Springfield IL MSA,2019,0.5591,14750.0,39.83,-89.7,primary-based
Olympia WA MSA,2019,0.3244,19300.0,46.94,-122.8,primary-based
Bowling Green KY MSA,2019,0.564,9844.0,37.05,-86.4,party registration
Florence SC MSA,2019,0.5179,10050.0,34.15,-79.81,primary-based
State College PA MSA,2019,0.4271,15970.0,40.91,-77.85,party registration
Canton-Massillon OH MSA,2019,0.5654,31900.0,40.71,-81.26,primary-based
Spokane WA MSA,2019,0.4574,46960.0,48.09,-117.7,primary-based
Bend OR MSA,2019,0.4243,18610.0,43.92,-121.2,party registration
Bangor ME MSA,2019,0.5088,4430.0,45.41,-68.67,party registration
Provo-Orem UT MSA,2019,0.8481,59910.0,39.87,-112.4,party registration
Tuscaloosa AL MSA,2019,0.5479,17150.0,33.1,-87.8,modelled by L2
Little Rock-North Little Rock-Conway AR MSA,2019,0.5439,56360.0,34.76,-92.4,party registration
Burlington-South Burlington VT MSA,2019,0.2147,23750.0,44.69,-73.04,modelled by L2
St. Louis MO-IL MSA,2019,0.536,261200.0,38.74,-90.35,modelled by L2
Dallas-Fort Worth-Arlington TX MSA,2019,0.5269,609000.0,32.85,-96.97,primary-based
Tallahassee FL MSA,2019,0.3816,39260.0,30.35,-84.27,party registration
Harrisburg-Carlisle PA MSA,2019,0.5525,59840.0,40.34,-77.05,party registration
South Bend-Mishawaka IN-MI MSA,2019,0.4639,26190.0,41.77,-86.12,primary-based
Missoula MT MSA,2019,0.4628,10660.0,47.03,-113.9,modelled by L2
Gainesville FL MSA,2019,0.3777,30630.0,29.45,-82.67,party registration
Dayton OH MSA,2019,0.6006,75530.0,39.83,-84.14,primary-based
Glens Falls NY MSA,2019,0.5497,6618.0,43.44,-73.64,party registration
Ann Arbor MI MSA,2019,0.2477,57540.0,42.25,-83.84,primary-based
Knoxville TN MSA,2019,0.6614,69940.0,36.01,-84.21,primary-based
Lakeland FL MSA,2019,0.6056,33940.0,27.95,-81.69,party registration
Salinas CA MSA,2019,0.3152,22620.0,36.24,-121.3,party registration
St. Cloud MN MSA,2019,0.6842,15720.0,45.59,-94.49,modelled by L2
Shreveport-Bossier City LA MSA,2019,0.5984,20450.0,32.44,-93.74,party registration
Victoria TX MSA,2019,0.6436,1990.0,28.73,-97.2,primary-based
Rochester NY MSA,2019,0.4431,101100.0,43.15,-77.52,party registration
Durham NC MSA,2019,0.2387,65460.0,36.06,-78.99,party registration
Ocala FL MSA,2019,0.6556,15890.0,29.2,-82.04,party registration
Modesto CA MSA,2019,0.4793,22940.0,37.56,-121.0,party registration
Farmington NM MSA,2019,0.7112,3506.0,36.51,-108.3,party registration
Odessa TX MSA,2019,0.5979,11400.0,31.87,-102.5,primary-based
Manhattan KS MSA,2019,0.6313,4830.0,39.27,-96.56,party registration
Gadsden AL MSA,2019,0.751,3636.0,34.05,-86.03,modelled by L2
Brunswick GA MSA,2019,0.7014,641.0,31.3,-81.59,primary-based
Pine Bluff AR MSA,2019,0.4248,2638.0,34.08,-91.95,party registration
Punta Gorda FL MSA,2019,0.6831,3201.0,26.91,-82.0,party registration
Auburn-Opelika AL MSA,2019,0.622,4298.0,32.6,-85.35,modelled by L2
Napa CA MSA,2019,0.3008,9595.0,38.51,-122.3,party registration
Niles-Benton Harbor MI MSA,2019,0.492,7362.0,41.79,-86.74,primary-based
Hagerstown-Martinsburg MD-WV MSA,2019,0.629,12310.0,39.55,-77.98,party registration
Cedar Rapids IA MSA,2019,0.4673,26860.0,42.09,-91.63,party registration
Lansing-East Lansing MI MSA,2020,0.3208,52670.0,42.77,-84.5,primary-based
Terre Haute IN MSA,2020,0.5637,10710.0,39.48,-87.31,primary-based
Bremerton-Silverdale WA MSA,2020,0.3803,15630.0,47.64,-122.6,primary-based
Hickory-Lenoir-Morganton NC MSA,2020,0.7225,18410.0,35.81,-81.46,party registration
Anchorage AK MSA,2020,0.6091,29080.0,62.21,-149.7,party registration
Ithaca NY MSA,2020,0.2217,13710.0,42.45,-76.47,party registration
Madera CA MSA,2020,0.6226,1326.0,37.21,-119.7,party registration
Coeur d'Alene ID MSA,2020,0.8305,3564.0,47.68,-116.7,party registration
Redding CA MSA,2020,0.6904,8445.0,40.76,-122.0,party registration
Topeka KS MSA,2020,0.5998,17160.0,39.04,-95.8,party registration
Asheville NC MSA,2020,0.4369,35680.0,35.6,-82.68,party registration
Greenville NC MSA,2020,0.4449,15590.0,35.59,-77.37,party registration
Ann Arbor MI MSA,2020,0.2442,58150.0,42.25,-83.84,primary-based
Shreveport-Bossier City LA MSA,2020,0.5979,20150.0,32.44,-93.74,party registration
Saginaw-Saginaw Township North MI MSA,2020,0.4502,12050.0,43.33,-84.06,primary-based
Longview TX MSA,2020,0.7355,11710.0,32.43,-94.68,primary-based
Clarksville TN-KY MSA,2020,0.575,17630.0,36.7,-87.62,primary-based
Augusta-Richmond County GA-SC MSA,2020,0.6096,12640.0,33.46,-81.98,primary-based
Muskegon-Norton Shores MI MSA,2020,0.4471,8518.0,43.43,-86.42,primary-based
Binghamton NY MSA,2020,0.4856,15820.0,42.16,-76.02,party registration
Pocatello ID MSA,2020,0.7075,5191.0,42.69,-112.6,party registration
Danville IL MSA,2020,0.741,788.0,40.19,-87.73,primary-based
Knoxville TN MSA,2020,0.6614,71000.0,36.01,-84.21,primary-based
Lakeland FL MSA,2020,0.6037,34540.0,27.95,-81.69,party registration
Prescott AZ MSA,2020,0.7102,7508.0,34.63,-112.6,party registration
Joplin MO MSA,2020,0.8257,8465.0,37.06,-94.34,modelled by L2
Barnstable Town MA MSA,2020,0.3319,12900.0,41.71,-70.16,party registration
Salinas CA MSA,2020,0.3192,22860.0,36.24,-121.3,party registration
Columbus GA-AL MSA,2020,0.488,2629.0,32.42,-84.84,primary-based
St. Cloud MN MSA,2020,0.6849,15620.0,45.59,-94.49,modelled by L2
Vineland-Millville-Bridgeton NJ MSA,2020,0.466,5253.0,39.33,-75.12,party registration
Tulsa OK MSA,2020,0.6744,85940.0,36.25,-96.18,party registration
Rochester NY MSA,2020,0.4431,100200.0,43.15,-77.52,party registration
Bloomington IN MSA,2020,0.3675,20380.0,39.24,-86.67,primary-based
Pittsfield MA MSA,2020,0.1549,8470.0,42.37,-73.22,party registration
Lafayette LA MSA,2020,0.6847,23480.0,29.96,-92.05,party registration
Lancaster PA MSA,2020,0.5838,42540.0,40.04,-76.25,party registration
La Crosse WI-MN MSA,2020,0.5625,13320.0,43.78,-91.32,modelled by L2
Lincoln NE MSA,2020,0.539,36220.0,40.82,-96.87,party registration
Cedar Rapids IA MSA,2020,0.4666,26870.0,42.09,-91.63,party registration
Billings MT MSA,2020,0.7163,11050.0,45.64,-108.8,modelled by L2
Stockton CA MSA,2020,0.4286,28800.0,37.93,-121.3,party registration
Dover DE MSA,2020,0.4479,8678.0,39.1,-75.5,party registration
Cleveland TN MSA,2020,0.7697,1426.0,35.14,-84.66,primary-based
Fond du Lac WI MSA,2020,0.7641,1470.0,43.75,-88.49,modelled by L2
Oshkosh-Neenah WI MSA,2020,0.6575,17100.0,44.09,-88.67,modelled by L2
Dothan AL MSA,2020,0.7506,6084.0,31.25,-85.47,modelled by L2
Muncie IN MSA,2020,0.5317,8494.0,40.23,-85.4,primary-based
Sherman-Denison TX MSA,2020,0.7679,5729.0,33.62,-96.68,primary-based
Anniston-Oxford AL MSA,2020,0.7081,3261.0,33.77,-85.83,modelled by L2
Decatur IL MSA,2020,0.6814,856.0,39.86,-88.96,primary-based
Cumberland MD-WV MSA,2020,0.6398,3320.0,39.53,-78.81,party registration
Decatur AL MSA,2020,0.8008,1731.0,34.49,-87.1,modelled by L2
State College PA MSA,2020,0.4252,16350.0,40.91,-77.85,party registration
Pittsburgh PA MSA,2020,0.4628,252100.0,40.44,-79.84,party registration
Des Moines-West Des Moines IA MSA,2020,0.4757,85180.0,41.58,-93.76,party registration
Eau Claire WI MSA,2020,0.6012,15090.0,44.94,-91.28,modelled by L2
Detroit-Warren-Livonia MI MSA,2020,0.3732,356500.0,42.72,-83.2,primary-based
Olympia WA MSA,2020,0.3214,19770.0,46.94,-122.8,primary-based
Canton-Massillon OH MSA,2020,0.5601,32060.0,40.71,-81.26,primary-based
Myrtle Beach-Conway-North Myrtle Beach SC MSA,2020,0.6449,21080.0,33.97,-78.61,primary-based
Gulfport-Biloxi MS MSA,2020,0.7073,14880.0,30.48,-89.0,primary-based
Providence-New Bedford-Fall River RI-MA MSA,2020,0.2895,119100.0,41.71,-71.29,party registration
Monroe LA MSA,2020,0.5857,15130.0,32.73,-92.1,party registration
Fayetteville NC MSA,2020,0.4057,19670.0,35.16,-78.93,party registration
Palm Bay-Melbourne-Titusville FL MSA,2020,0.6442,23440.0,28.3,-80.7,party registration
Sebastian-Vero Beach FL MSA,2020,0.686,7613.0,27.7,-80.57,party registration
McAllen-Edinburg-Mission TX MSA,2020,0.1315,12670.0,26.4,-98.18,primary-based
Durham NC MSA,2020,0.2365,70680.0,36.06,-78.99,party registration
Bowling Green KY MSA,2020,0.5685,9939.0,37.05,-86.4,party registration
Florence SC MSA,2020,0.521,10200.0,34.15,-79.81,primary-based
Anderson SC MSA,2020,0.678,8325.0,34.68,-82.41,primary-based
Ames IA MSA,2020,0.3987,11100.0,42.04,-93.7,party registration
Chico CA MSA,2020,0.4506,12960.0,39.67,-121.6,party registration
Elkhart-Goshen IN MSA,2020,0.6862,13520.0,41.6,-85.86,primary-based
Springfield IL MSA,2020,0.559,14440.0,39.83,-89.7,primary-based
Parkersburg-Marietta-Vienna WV-OH MSA,2020,0.7309,6333.0,39.14,-81.46,party registration
Wheeling WV-OH MSA,2020,0.6329,5388.0,39.98,-80.85,party registration
Morristown TN MSA,2020,0.8464,2648.0,36.17,-83.42,primary-based
Jackson TN MSA,2020,0.7193,922.0,35.75,-88.88,primary-based
Orlando-Kissimmee FL MSA,2020,0.4263,264100.0,28.43,-81.36,party registration
Phoenix-Mesa-Scottsdale AZ MSA,2020,0.5388,407200.0,33.19,-112.1,party registration
York-Hanover PA MSA,2020,0.6366,28560.0,39.92,-76.73,party registration
Atlanta-Sandy Springs-Marietta GA MSA,2020,0.3881,274900.0,33.69,-84.4,primary-based
Las Vegas-Paradise NV MSA,2020,0.4607,182100.0,36.21,-115.0,party registration
Greenville-Mauldin-Easley SC MSA,2020,0.657,75020.0,34.68,-82.41,primary-based
Akron OH MSA,2020,0.4809,53680.0,41.15,-81.35,primary-based
Boise City-Nampa ID MSA,2020,0.6631,72890.0,43.01,-116.1,party registration
Rockford IL MSA,2020,0.5185,23450.0,42.33,-89.04,primary-based
Charlottesville VA MSA,2020,0.3236,28500.0,37.95,-78.59,primary-based
Chattanooga TN-GA MSA,2020,0.6304,45570.0,35.05,-85.36,primary-based
Port St. Lucie FL MSA,2020,0.58,23580.0,27.23,-80.43,party registration
Huntsville AL MSA,2020,0.6197,47240.0,34.78,-86.73,modelled by L2
Albany-Schenectady-Troy NY MSA,2020,0.3826,80260.0,42.79,-73.94,party registration
Erie PA MSA,2020,0.482,20510.0,42.12,-80.1,party registration
Corpus Christi TX MSA,2020,0.5295,23280.0,27.83,-97.51,primary-based
Morgantown WV MSA,2020,0.4962,11450.0,39.53,-79.8,party registration
Spartanburg SC MSA,2020,0.6407,17520.0,34.93,-81.99,primary-based
Kankakee-Bradley IL MSA,2020,0.5973,5277.0,41.14,-87.86,primary-based
Lawton OK MSA,2020,0.6118,4413.0,34.53,-98.43,party registration
Iowa City IA MSA,2020,0.2697,20420.0,41.52,-91.65,party registration
Springfield OH MSA,2020,0.6495,6596.0,39.92,-83.78,primary-based
Goldsboro NC MSA,2020,0.5726,5118.0,35.35,-78.01,party registration
Burlington NC MSA,2020,0.487,10370.0,36.04,-79.4,party registration
Duluth MN-WI MSA,2020,0.4593,20370.0,47.35,-92.16,modelled by L2
San Angelo TX MSA,2020,0.6756,6327.0,31.48,-100.8,primary-based
St. Joseph MO-KS MSA,2020,0.8324,943.0,39.83,-94.78,modelled by L2
Valdosta GA MSA,2020,0.6029,1038.0,30.83,-83.24,primary-based
Los Angeles-Long Beach-Santa Ana CA MSA,2020,0.3187,950800.0,34.11,-118.2,party registration
Manchester-Nashua NH MSA,2020,0.5003,24890.0,42.91,-71.72,party registration
San Diego-Carlsbad-San Marcos CA MSA,2020,0.3788,365000.0,33.02,-116.8,party registration
San Francisco-Oakland-Fremont CA MSA,2020,0.1905,397800.0,37.77,-122.3,party registration
Milwaukee-Waukesha-West Allis WI MSA,2020,0.5993,189400.0,42.91,-87.86,modelled by L2
San Jose-Sunnyvale-Santa Clara CA MSA,2020,0.2321,214700.0,36.91,-121.4,party registration
Sacramento-Arden-Arcade-Roseville CA MSA,2020,0.3991,195700.0,38.79,-121.0,party registration
Salt Lake City UT MSA,2020,0.6395,134400.0,40.57,-113.0,party registration
Louisville/Jefferson County KY-IN MSA,2020,0.4736,129500.0,38.31,-85.68,party registration
Fargo ND-MN MSA,2020,0.4744,23710.0,46.91,-96.96,modelled by L2
Santa Fe NM MSA,2020,0.187,9376.0,35.51,-106.0,party registration
San Luis Obispo-Paso Robles CA MSA,2020,0.4048,23700.0,35.39,-120.4,party registration
Abilene TX MSA,2020,0.8818,9624.0,32.45,-99.72,primary-based
Evansville IN-KY MSA,2020,0.6104,27170.0,38.02,-87.59,primary-based
Yuba City CA MSA,2020,0.5992,4847.0,39.16,-121.5,party registration
Birmingham-Hoover AL MSA,2020,0.6653,27290.0,33.4,-86.73,modelled by L2
Vallejo-Fairfield CA MSA,2020,0.3491,19890.0,38.27,-121.9,party registration
Houma-Bayou Cane-Thibodaux LA MSA,2020,0.7498,10110.0,29.33,-90.84,party registration
Williamsport PA MSA,2020,0.6884,7570.0,41.34,-77.06,party registration
Lake Havasu City-Kingman AZ MSA,2020,0.7967,5352.0,35.72,-113.7,party registration
Fort Walton Beach-Crestview-Destin FL MSA,2020,0.7522,13070.0,30.59,-86.36,party registration
Longview WA MSA,2020,0.5447,2321.0,46.2,-122.7,primary-based
Greeley CO MSA,2020,0.621,16470.0,40.56,-104.4,party registration
Waterloo-Cedar Falls IA MSA,2020,0.5034,12170.0,42.54,-92.47,party registration
Bismarck ND MSA,2020,0.7466,8350.0,46.89,-101.0,modelled by L2
Elmira NY MSA,2020,0.6117,2453.0,42.15,-76.75,party registration
Alexandria LA MSA,2020,0.7497,2456.0,31.33,-92.55,party registration
Panama City-Lynn Haven FL MSA,2020,0.7388,4377.0,30.16,-85.53,party registration
Jacksonville NC MSA,2020,0.7079,5306.0,34.76,-77.5,party registration
Idaho Falls ID MSA,2020,0.8541,8943.0,43.62,-112.4,party registration
Naples-Marco Island FL MSA,2020,0.7,2600.0,26.12,-81.4,party registration
Boulder CO MSA,2020,0.2488,52910.0,40.09,-105.4,party registration
Omaha-Council Bluffs NE-IA MSA,2020,0.5656,109300.0,41.29,-96.0,party registration
Spokane WA MSA,2020,0.4563,47250.0,48.09,-117.7,primary-based
Columbia SC MSA,2020,0.4674,60820.0,34.08,-81.04,primary-based
Burlington-South Burlington VT MSA,2020,0.213,23720.0,44.69,-73.04,modelled by L2
Champaign-Urbana IL MSA,2020,0.3817,21360.0,40.1,-88.32,primary-based
Provo-Orem UT MSA,2020,0.8478,61910.0,39.87,-112.4,party registration
Greensboro-High Point NC MSA,2020,0.4763,70330.0,36.03,-79.79,party registration
Austin-Round Rock TX MSA,2020,0.3556,336700.0,30.25,-97.65,primary-based
Madison WI MSA,2020,0.4417,106300.0,43.08,-89.6,modelled by L2
Little Rock-North Little Rock-Conway AR MSA,2020,0.5447,56650.0,34.76,-92.4,party registration
Columbia MO MSA,2020,0.459,21460.0,38.99,-92.59,modelled by L2
Pine Bluff AR MSA,2020,0.4283,2631.0,34.08,-91.95,party registration
Hagerstown-Martinsburg MD-WV MSA,2020,0.6275,12580.0,39.55,-77.98,party registration
Bangor ME MSA,2020,0.5039,4564.0,45.41,-68.67,party registration
Bend OR MSA,2020,0.4187,19320.0,43.92,-121.2,party registration
Niles-Benton Harbor MI MSA,2020,0.4909,7251.0,41.79,-86.74,primary-based
Punta Gorda FL MSA,2020,0.6861,3324.0,26.91,-82.0,party registration
Napa CA MSA,2020,0.3054,9685.0,38.51,-122.3,party registration
Auburn-Opelika AL MSA,2020,0.6291,4349.0,32.6,-85.35,modelled by L2
Hartford-West Hartford-East Hartford CT MSA,2020,0.3524,94910.0,41.72,-72.57,party registration
Mankato-North Mankato MN MSA,2020,0.5416,8306.0,44.15,-94.15,modelled by L2
New Orleans-Metairie-Kenner LA MSA,2020,0.4699,96570.0,30.05,-89.93,party registration
Charleston-North Charleston SC MSA,2020,0.56,78260.0,33.02,-80.01,primary-based
Lynchburg VA MSA,2020,0.6129,17780.0,37.36,-79.22,primary-based
Pensacola-Ferry Pass-Brent FL MSA,2020,0.6806,36450.0,30.61,-87.16,party registration
Salisbury MD MSA,2020,0.5083,6181.0,38.4,-75.48,party registration
St. George UT MSA,2020,0.8637,7948.0,37.26,-113.5,party registration
Bloomington-Normal IL MSA,2020,0.4755,14160.0,40.49,-88.84,primary-based
Fort Smith AR-OK MSA,2020,0.7559,12740.0,35.46,-94.3,party registration
Springfield MO MSA,2020,0.7181,37280.0,37.36,-93.18,modelled by L2
Warner Robins GA MSA,2020,0.5943,1249.0,32.49,-83.71,primary-based
New York-Northern New Jersey-Long Island NY-NJ-PA MSA,2020,0.3001,1679000.0,40.77,-73.87,party registration
Minneapolis-St. Paul-Bloomington MN-WI MSA,2020,0.4957,352500.0,45.1,-93.28,modelled by L2
Lafayette IN MSA,2020,0.5263,21090.0,40.48,-87.02,primary-based
Green Bay WI MSA,2020,0.736,33030.0,44.47,-88.0,modelled by L2
Chicago-Naperville-Joliet IL-IN-WI MSA,2020,0.2809,903000.0,41.82,-87.83,primary-based
Baltimore-Towson MD MSA,2020,0.3498,261300.0,39.3,-76.55,party registration
Appleton WI MSA,2020,0.7326,25560.0,44.29,-88.37,modelled by L2
Fresno CA MSA,2020,0.5126,46240.0,36.76,-119.7,party registration
Kingsport-Bristol-Bristol TN-VA MSA,2020,0.8144,10120.0,36.6,-82.44,primary-based
Tuscaloosa AL MSA,2020,0.5501,17050.0,33.1,-87.8,modelled by L2
Peoria IL MSA,2020,0.5881,24560.0,40.71,-89.7,primary-based
Fort Collins-Loveland CO MSA,2020,0.4291,46260.0,40.66,-105.5,party registration
Rocky Mount NC MSA,2020,0.4135,5949.0,35.94,-77.8,party registration
Springfield MA MSA,2020,0.2667,42100.0,42.36,-72.62,party registration
Texarkana TX-Texarkana AR MSA,2020,0.722,4909.0,33.48,-94.21,party registration
Atlantic City NJ MSA,2020,0.4635,11780.0,39.47,-74.63,party registration
Worcester MA MSA,2020,0.3204,59330.0,42.22,-71.93,party registration
Monroe MI MSA,2020,0.588,3345.0,41.92,-83.49,primary-based
Owensboro KY MSA,2020,0.5668,6688.0,37.69,-87.08,party registration
Sheboygan WI MSA,2020,0.7374,9915.0,43.74,-87.73,modelled by L2
Yakima WA MSA,2020,0.4659,9927.0,46.46,-120.7,primary-based
Athens-Clark County GA MSA,2020,0.4973,1898.0,33.94,-83.21,primary-based
Merced CA MSA,2020,0.4342,8002.0,37.19,-120.7,party registration
Gainesville GA MSA,2020,0.7291,1239.0,34.32,-83.82,primary-based
Denver-Aurora CO MSA,2020,0.3695,401800.0,39.43,-104.9,party registration
Oklahoma City OK MSA,2020,0.6248,110500.0,35.43,-97.51,party registration
Modesto CA MSA,2020,0.4767,23260.0,37.56,-121.0,party registration
Raleigh-Cary NC MSA,2020,0.3846,205100.0,35.76,-78.46,party registration
Syracuse NY MSA,2020,0.4503,57480.0,43.01,-76.2,party registration
Portland-Vancouver-Beaverton OR-WA MSA,2020,0.2774,296800.0,45.6,-122.5,party registration
Allentown-Bethlehem-Easton PA-NJ MSA,2020,0.4926,70810.0,40.79,-75.4,party registration
Buffalo-Niagara Falls NY MSA,2020,0.4096,71230.0,43.04,-78.78,party registration
Lexington-Fayette KY MSA,2020,0.4604,57860.0,38.1,-84.44,party registration
Waco TX MSA,2020,0.6324,18880.0,31.43,-97.09,primary-based
Odessa TX MSA,2020,0.5918,10080.0,31.87,-102.5,primary-based
Ogden-Clearfield UT MSA,2020,0.808,31980.0,41.62,-113.1,party registration
Manhattan KS MSA,2020,0.6344,4482.0,39.27,-96.56,party registration
Ocala FL MSA,2020,0.6529,16310.0,29.2,-82.04,party registration
Farmington NM MSA,2020,0.7133,3515.0,36.51,-108.3,party registration
Gadsden AL MSA,2020,0.7499,3627.0,34.05,-86.03,modelled by L2
Jackson MS MSA,2020,0.5256,42800.0,32.43,-90.2,primary-based
Michigan City-La Porte IN MSA,2020,0.4885,4628.0,41.55,-86.74,primary-based
Grand Rapids-Wyoming MI MSA,2020,0.4674,96440.0,43.04,-85.78,primary-based
San Antonio TX MSA,2020,0.4498,212700.0,29.43,-98.61,primary-based
Indianapolis-Carmel IN MSA,2020,0.5242,229600.0,39.75,-86.21,primary-based
Rapid City SD MSA,2020,0.7515,8396.0,44.31,-102.8,party registration
Virginia Beach-Norfolk-Newport News VA-NC MSA,2020,0.412,147900.0,36.8,-76.45,primary-based
Sioux City IA-NE-SD MSA,2020,0.6687,7528.0,42.51,-96.44,party registration
Wichita Falls TX MSA,2020,0.8722,7059.0,33.78,-98.5,primary-based
Cape Coral-Fort Myers FL MSA,2020,0.644,45960.0,26.56,-81.98,party registration
Midland TX MSA,2020,0.655,15190.0,32.09,-102.0,primary-based
Sumter SC MSA,2020,0.4944,4637.0,33.79,-80.29,primary-based
Blacksburg-Christiansburg-Radford VA MSA,2020,0.3889,13760.0,37.12,-80.56,primary-based
Montgomery AL MSA,2020,0.5229,26340.0,32.37,-86.4,modelled by L2
Bakersfield CA MSA,2020,0.5748,36980.0,35.35,-118.7,party registration
Reading PA MSA,2020,0.5396,25720.0,40.41,-75.93,party registration
Fort Wayne IN MSA,2020,0.6411,42310.0,41.11,-85.22,primary-based
Boston-Cambridge-Quincy MA-NH MSA,2020,0.2364,605800.0,42.52,-71.02,party registration
Lewiston-Auburn ME MSA,2020,0.4797,3470.0,44.17,-70.21,party registration
Dubuque IA MSA,2020,0.5055,9518.0,42.46,-90.88,party registration
Grand Junction CO MSA,2020,0.7332,10600.0,39.02,-108.5,party registration
Weirton-Steubenville WV-OH MSA,2020,0.6274,4007.0,40.39,-80.7,party registration
Lewiston ID-WA MSA,2020,0.7241,2048.0,46.25,-116.9,party registration
Visalia-Porterville CA MSA,2020,0.5774,13470.0,36.23,-118.8,party registration
Bay City MI MSA,2020,0.4688,4204.0,43.7,-83.98,primary-based
Winchester VA-WV MSA,2020,0.577,8146.0,39.27,-78.47,primary-based
Huntington-Ashland WV-KY-OH MSA,2020,0.6006,9698.0,38.41,-82.54,party registration
Hinesville-Fort Stewart GA MSA,2020,0.3968,520.0,31.78,-81.58,primary-based
Columbus IN MSA,2020,0.7147,863.0,39.21,-85.9,primary-based
Washington-Arlington-Alexandria DC-VA-MD-WV MSA,2020,0.2684,553000.0,38.8,-77.49,party registration
Charlotte-Gastonia-Concord NC-SC MSA,2020,0.4492,274700.0,35.17,-80.8,party registration
Flint MI MSA,2020,0.3664,17610.0,43.02,-83.71,primary-based
Brunswick GA MSA,2020,0.6941,586.0,31.3,-81.59,primary-based
Kansas City MO-KS MSA,2020,0.5371,252700.0,38.93,-94.44,modelled by L2
Tucson AZ MSA,2020,0.4176,79410.0,32.13,-111.8,party registration
Lawrence KS MSA,2020,0.4346,1713.0,38.9,-95.29,party registration
Santa Barbara-Santa Maria-Goleta CA MSA,2020,0.3068,35280.0,34.54,-120.0,party registration
Santa Rosa-Petaluma CA MSA,2020,0.2452,33460.0,38.53,-122.9,party registration
Mount Vernon-Anacortes WA MSA,2020,0.3782,5556.0,48.49,-121.8,primary-based
Logan UT-ID MSA,2020,0.8129,9832.0,41.89,-111.8,party registration
Fayetteville-Springdale-Rogers AR-MO MSA,2020,0.6294,52650.0,36.12,-94.08,party registration
Trenton-Ewing NJ MSA,2020,0.2793,32420.0,40.28,-74.7,party registration
Jackson MI MSA,2020,0.5967,2268.0,42.25,-84.42,primary-based
Amarillo TX MSA,2020,0.7343,15630.0,35.25,-101.9,primary-based
Mobile AL MSA,2020,0.6063,25920.0,30.97,-88.21,modelled by L2
Johnson City TN MSA,2020,0.7632,12400.0,36.27,-82.33,primary-based
Fairbanks AK MSA,2020,0.6424,5905.0,64.68,-146.5,party registration
Seattle-Tacoma-Bellevue WA MSA,2020,0.2337,477200.0,47.49,-121.8,primary-based
Janesville WI MSA,2020,0.5231,9473.0,42.67,-89.08,modelled by L2
Carson City NV MSA,2020,0.6163,3275.0,39.15,-119.7,party registration
Lake Charles LA MSA,2020,0.6495,16500.0,29.98,-93.25,party registration
Roanoke VA MSA,2020,0.5365,27660.0,37.29,-79.95,primary-based
Yuma AZ MSA,2020,0.5752,6529.0,32.77,-113.9,party registration
Kennewick-Richland-Pasco WA MSA,2020,0.5436,17190.0,46.36,-119.3,primary-based
Jonesboro AR MSA,2020,0.6842,5520.0,35.7,-90.65,party registration
Racine WI MSA,2020,0.5752,12070.0,42.78,-87.77,modelled by L2
Hanford-Corcoran CA MSA,2020,0.5964,3904.0,36.07,-119.8,party registration
Lebanon PA MSA,2020,0.6592,10930.0,40.37,-76.46,party registration
Pueblo CO MSA,2020,0.4837,8110.0,38.16,-104.5,party registration
Lubbock TX MSA,2020,0.6331,26410.0,33.47,-101.6,primary-based
Charleston WV MSA,2020,0.5769,13460.0,38.36,-81.62,party registration
Laredo TX MSA,2020,0.09472,6760.0,27.76,-99.34,primary-based
El Centro CA MSA,2020,0.3585,3840.0,33.04,-115.4,party registration
Bellingham WA MSA,2020,0.307,20050.0,48.84,-121.8,primary-based
Riverside-San Bernardino-Ontario CA MSA,2020,0.4648,190000.0,34.54,-116.1,party registration
Toledo OH MSA,2020,0.4761,47270.0,41.56,-83.52,primary-based
Hot Springs AR MSA,2020,0.7007,2222.0,34.58,-93.15,party registration
Albany GA MSA,2020,0.4882,504.0,31.64,-84.11,primary-based
Dallas-Fort Worth-Arlington TX MSA,2020,0.5248,608400.0,32.85,-96.97,primary-based
St. Louis MO-IL MSA,2020,0.53,264200.0,38.74,-90.35,modelled by L2
Dayton OH MSA,2020,0.6012,75780.0,39.83,-84.14,primary-based
Florence-Muscle Shoals AL MSA,2020,0.7069,6658.0,34.8,-87.72,modelled by L2
Gainesville FL MSA,2020,0.3773,31200.0,29.45,-82.67,party registration
Tallahassee FL MSA,2020,0.3828,39490.0,30.35,-84.27,party registration
Harrisburg-Carlisle PA MSA,2020,0.5518,60010.0,40.34,-77.05,party registration
Mansfield OH MSA,2020,0.7852,1024.0,40.77,-82.54,primary-based
Grand Forks ND-MN MSA,2020,0.4455,6560.0,47.84,-96.84,modelled by L2
South Bend-Mishawaka IN-MI MSA,2020,0.4651,26030.0,41.77,-86.12,primary-based
Casper WY MSA,2020,0.7911,7183.0,42.98,-106.8,party registration
Rochester MN MSA,2020,0.5769,19760.0,43.95,-92.33,modelled by L2
Cleveland-Elyria-Mentor OH MSA,2020,0.4205,211600.0,41.56,-81.6,primary-based
Jacksonville FL MSA,2020,0.5826,146300.0,30.24,-81.75,party registration
Cheyenne WY MSA,2020,0.8014,6577.0,41.29,-104.7,party registration
Cape Girardeau-Jackson MO-IL MSA,2020,0.7241,4754.0,37.33,-89.76,modelled by L2
Battle Creek MI MSA,2020,0.466,7833.0,42.24,-85.01,primary-based
Altoona PA MSA,2020,0.7139,7222.0,40.5,-78.31,party registration
Kokomo IN MSA,2020,0.7123,6339.0,40.48,-86.11,primary-based
Rome GA MSA,2020,0.7332,653.0,34.26,-85.21,primary-based
Philadelphia-Camden-Wilmington PA-NJ-DE-MD MSA,2020,0.3526,554200.0,39.89,-75.31,party registration
Houston-Sugar Land-Baytown TX MSA,2020,0.4869,534000.0,29.75,-95.35,primary-based
Richmond VA MSA,2020,0.4015,156800.0,37.41,-77.44,primary-based
Las Cruces NM MSA,2020,0.3743,9491.0,32.35,-106.8,party registration
Portland-South Portland-Biddeford ME MSA,2020,0.3528,32480.0,43.65,-70.42,party registration
Columbus OH MSA,2020,0.4431,239000.0,39.97,-82.84,primary-based
Sarasota-Bradenton-Venice FL MSA,2020,0.6303,52260.0,27.33,-82.41,party registration
Kingston NY MSA,2020,0.3308,5858.0,41.95,-74.27,party registration
Santa Cruz-Watsonville CA MSA,2020,0.2255,9683.0,37.01,-122.0,party registration
Dalton GA MSA,2020,0.7915,1003.0,34.8,-84.86,primary-based
Colorado Springs CO MSA,2020,0.609,73310.0,38.85,-104.6,party registration
Tyler TX MSA,2020,0.7178,15770.0,32.38,-95.27,primary-based
Eugene-Springfield OR MSA,2020,0.3158,31310.0,43.93,-122.9,party registration
Wilmington NC MSA,2020,0.5553,37300.0,34.43,-77.89,party registration
Kalamazoo-Portage MI MSA,2020,0.3828,35650.0,42.25,-85.53,primary-based
Reno-Sparks NV MSA,2020,0.5178,41970.0,40.5,-119.7,party registration
Bridgeport-Stamford-Norwalk CT MSA,2020,0.3583,77110.0,41.23,-73.37,party registration
Harrisonburg VA MSA,2020,0.4669,9294.0,38.51,-78.89,primary-based
Elizabethtown KY MSA,2020,0.595,6785.0,37.73,-85.97,party registration
Great Falls MT MSA,2020,0.6826,3868.0,47.32,-111.4,modelled by L2
Jefferson City MO MSA,2020,0.7579,10570.0,38.64,-92.09,modelled by L2
Macon GA MSA,2020,0.4436,3674.0,32.86,-83.71,primary-based
Savannah GA MSA,2020,0.5071,2731.0,32.11,-81.27,primary-based
Ocean City NJ MSA,2020,0.6101,4012.0,39.09,-74.85,party registration
Missoula MT MSA,2020,0.4585,10950.0,47.03,-113.9,modelled by L2
Glens Falls NY MSA,2020,0.559,6618.0,43.44,-73.64,party registration
Anderson IN MSA,2020,0.6127,5468.0,39.75,-86.21,primary-based
Killeen-Temple-Fort Hood TX MSA,2020,0.5467,25760.0,31.2,-97.79,primary-based
Oxnard-Thousand Oaks-Ventura CA MSA,2020,0.4037,57030.0,34.36,-119.1,party registration
Miami-Fort Lauderdale-Pompano Beach FL MSA,2020,0.3921,381300.0,26.1,-80.48,party registration
Wausau WI MSA,2020,0.7136,9854.0,45.05,-89.76,modelled by L2
Hattiesburg MS MSA,2020,0.6339,9430.0,31.27,-89.3,primary-based
New Haven-Milford CT MSA,2020,0.3426,59860.0,41.35,-72.9,party registration
Medford OR MSA,2020,0.5775,10730.0,42.41,-122.7,party registration
Baton Rouge LA MSA,2020,0.5786,65150.0,30.52,-91.13,party registration
Winston-Salem NC MSA,2020,0.6511,11480.0,36.08,-80.35,party registration
Johnstown PA MSA,2020,0.6218,5908.0,40.51,-78.71,party registration
Brownsville-Harlingen TX MSA,2020,0.1735,9984.0,26.1,-97.48,primary-based
Scranton--Wilkes-Barre PA MSA,2020,0.4697,26050.0,41.32,-75.9,party registration
Norwich-New London CT MSA,2020,0.3909,18660.0,41.47,-72.11,party registration
Salem OR MSA,2020,0.4665,22540.0,44.9,-122.9,party registration
Memphis TN-AR-MS MSA,2020,0.4447,106100.0,35.02,-89.87,primary-based
Davenport-Moline-Rock Island IA-IL MSA,2020,0.4906,25730.0,41.39,-90.46,party registration
Utica-Rome NY MSA,2020,0.5698,14500.0,43.33,-75.17,party registration
Beaumont-Port Arthur TX MSA,2020,0.6198,17140.0,30.08,-94.2,primary-based
Poughkeepsie-Newburgh-Middletown NY MSA,2020,0.4373,42300.0,41.58,-74.03,party registration
College Station-Bryan TX MSA,2020,0.5993,19210.0,30.75,-96.49,primary-based
Deltona-Daytona Beach-Ormond Beach FL MSA,2020,0.5984,27500.0,29.18,-81.19,party registration
Wenatchee WA MSA,2020,0.5185,5947.0,47.77,-120.3,primary-based
El Paso TX MSA,2020,0.1849,38760.0,31.53,-105.5,primary-based
Albuquerque NM MSA,2020,0.3966,58820.0,35.12,-106.5,party registration
Wichita KS MSA,2020,0.6689,52560.0,37.64,-97.25,party registration
Sioux Falls SD MSA,2020,0.6665,26490.0,43.5,-97.0,party registration
Victoria TX MSA,2020,0.6394,2029.0,28.73,-97.2,primary-based
Lima OH MSA,2020,0.7939,1280.0,40.77,-84.11,primary-based
Cincinnati-Middletown OH-KY-IN MSA,2020,0.5708,219700.0,39.1,-84.48,primary-based
Nashville-Davidson-Murfreesboro-Franklin TN MSA,2020,0.5456,219900.0,36.12,-86.64,primary-based
Youngstown-Warren-Boardman OH-PA MSA,2020,0.5171,22810.0,41.24,-80.56,primary-based
Flagstaff AZ MSA,2020,0.3675,11120.0,35.83,-111.8,party registration
Tampa-St. Petersburg-Clearwater FL,2020,0.5189,259800.0,28.12,-82.53,party registration
Gainesville GA MSA,2021,0.7433,1108.0,34.32,-83.82,primary-based
Seattle-Tacoma-Bellevue WA MSA,2021,0.2307,484900.0,47.49,-121.8,primary-based
Jacksonville FL MSA,2021,0.5814,148200.0,30.24,-81.75,party registration
Yuma AZ MSA,2021,0.5681,6602.0,32.77,-113.9,party registration
Cleveland-Elyria-Mentor OH MSA,2021,0.4183,212200.0,41.56,-81.6,primary-based
Sherman-Denison TX MSA,2021,0.7689,5928.0,33.62,-96.68,primary-based
Dover DE MSA,2021,0.4478,8612.0,39.1,-75.5,party registration
Oshkosh-Neenah WI MSA,2021,0.6547,17000.0,44.09,-88.67,modelled by L2
Fond du Lac WI MSA,2021,0.7706,1508.0,43.75,-88.49,modelled by L2
Billings MT MSA,2021,0.7145,11190.0,45.64,-108.8,modelled by L2
Decatur IL MSA,2021,0.6849,846.0,39.86,-88.96,primary-based
Pittsfield MA MSA,2021,0.1544,8474.0,42.37,-73.22,party registration
Cleveland TN MSA,2021,0.7776,1372.0,35.14,-84.66,primary-based
Anniston-Oxford AL MSA,2021,0.7021,3194.0,33.77,-85.83,modelled by L2
Cumberland MD-WV MSA,2021,0.6478,3384.0,39.53,-78.81,party registration
Decatur AL MSA,2021,0.7894,1771.0,34.49,-87.1,modelled by L2
Atlantic City NJ MSA,2021,0.4615,11870.0,39.47,-74.63,party registration
Appleton WI MSA,2021,0.7281,25720.0,44.29,-88.37,modelled by L2
Rocky Mount NC MSA,2021,0.4126,5995.0,35.94,-77.8,party registration
Sheboygan WI MSA,2021,0.7393,9915.0,43.74,-87.73,modelled by L2
Green Bay WI MSA,2021,0.735,33120.0,44.47,-88.0,modelled by L2
Texarkana TX-Texarkana AR MSA,2021,0.7223,4908.0,33.48,-94.21,party registration
Athens-Clark County GA MSA,2021,0.4979,1954.0,33.94,-83.21,primary-based
Merced CA MSA,2021,0.4339,8072.0,37.19,-120.7,party registration
Monroe MI MSA,2021,0.5867,3346.0,41.92,-83.49,primary-based
Yakima WA MSA,2021,0.4621,9989.0,46.46,-120.7,primary-based
Worcester MA MSA,2021,0.3187,60670.0,42.22,-71.93,party registration
Chicago-Naperville-Joliet IL-IN-WI MSA,2021,0.2787,912100.0,41.82,-87.83,primary-based
Springfield MA MSA,2021,0.2678,41580.0,42.36,-72.62,party registration
Minneapolis-St. Paul-Bloomington MN-WI MSA,2021,0.4866,367200.0,45.1,-93.28,modelled by L2
Baltimore-Towson MD MSA,2021,0.3479,262300.0,39.3,-76.55,party registration
Michigan City-La Porte IN MSA,2021,0.4874,4624.0,41.55,-86.74,primary-based
Hot Springs AR MSA,2021,0.7088,2061.0,34.58,-93.15,party registration
Canton-Massillon OH MSA,2021,0.5598,32050.0,40.71,-81.26,primary-based
Pittsburgh PA MSA,2021,0.4599,255700.0,40.44,-79.84,party registration
Detroit-Warren-Livonia MI MSA,2021,0.3685,360200.0,42.72,-83.2,primary-based
Fayetteville NC MSA,2021,0.4076,19740.0,35.16,-78.93,party registration
Monroe LA MSA,2021,0.5906,15240.0,32.73,-92.1,party registration
Des Moines-West Des Moines IA MSA,2021,0.4755,86350.0,41.58,-93.76,party registration
Atlanta-Sandy Springs-Marietta GA MSA,2021,0.3893,252100.0,33.69,-84.4,primary-based
Providence-New Bedford-Fall River RI-MA MSA,2021,0.2879,119600.0,41.71,-71.29,party registration
Las Vegas-Paradise NV MSA,2021,0.4595,183600.0,36.21,-115.0,party registration
Olympia WA MSA,2021,0.3165,20380.0,46.94,-122.8,primary-based
Florence SC MSA,2021,0.5219,10220.0,34.15,-79.81,primary-based
Springfield IL MSA,2021,0.5596,14170.0,39.83,-89.7,primary-based
Myrtle Beach-Conway-North Myrtle Beach SC MSA,2021,0.6414,21570.0,33.97,-78.61,primary-based
Iowa City IA MSA,2021,0.2689,20800.0,41.52,-91.65,party registration
Parkersburg-Marietta-Vienna WV-OH MSA,2021,0.7326,6351.0,39.14,-81.46,party registration
Gulfport-Biloxi MS MSA,2021,0.7116,14900.0,30.48,-89.0,primary-based
Elkhart-Goshen IN MSA,2021,0.6854,13740.0,41.6,-85.86,primary-based
Eau Claire WI MSA,2021,0.597,15200.0,44.94,-91.28,modelled by L2
Palm Bay-Melbourne-Titusville FL MSA,2021,0.6411,24240.0,28.3,-80.7,party registration
Anderson SC MSA,2021,0.6734,8579.0,34.68,-82.41,primary-based
Sebastian-Vero Beach FL MSA,2021,0.6911,7756.0,27.7,-80.57,party registration
Lawton OK MSA,2021,0.6172,4397.0,34.53,-98.43,party registration
Bowling Green KY MSA,2021,0.5707,10150.0,37.05,-86.4,party registration
Wheeling WV-OH MSA,2021,0.6363,5322.0,39.98,-80.85,party registration
State College PA MSA,2021,0.4231,16860.0,40.91,-77.85,party registration
Ames IA MSA,2021,0.4053,11420.0,42.04,-93.7,party registration
Chico CA MSA,2021,0.4473,12990.0,39.67,-121.6,party registration
Morristown TN MSA,2021,0.8396,2593.0,36.17,-83.42,primary-based
Jackson TN MSA,2021,0.7085,921.0,35.75,-88.88,primary-based
Topeka KS MSA,2021,0.5995,17220.0,39.04,-95.8,party registration
Lakeland FL MSA,2021,0.6038,35070.0,27.95,-81.69,party registration
Knoxville TN MSA,2021,0.6613,72660.0,36.01,-84.21,primary-based
Salinas CA MSA,2021,0.3183,23040.0,36.24,-121.3,party registration
Ann Arbor MI MSA,2021,0.2388,59640.0,42.25,-83.84,primary-based
Asheville NC MSA,2021,0.432,36590.0,35.6,-82.68,party registration
Barnstable Town MA MSA,2021,0.3302,13010.0,41.71,-70.16,party registration
Joplin MO MSA,2021,0.8238,8440.0,37.06,-94.34,modelled by L2
St. Cloud MN MSA,2021,0.6869,15500.0,45.59,-94.49,modelled by L2
Shreveport-Bossier City LA MSA,2021,0.5956,20040.0,32.44,-93.74,party registration
Vineland-Millville-Bridgeton NJ MSA,2021,0.4694,5345.0,39.33,-75.12,party registration
Prescott AZ MSA,2021,0.7189,7722.0,34.63,-112.6,party registration
Greenville NC MSA,2021,0.4432,15850.0,35.59,-77.37,party registration
Victoria TX MSA,2021,0.648,1981.0,28.73,-97.2,primary-based
Lima OH MSA,2021,0.7891,1301.0,40.77,-84.11,primary-based
Columbus GA-AL MSA,2021,0.4881,2615.0,32.42,-84.84,primary-based
Wichita KS MSA,2021,0.6687,52780.0,37.64,-97.25,party registration
Beaumont-Port Arthur TX MSA,2021,0.621,17510.0,30.08,-94.2,primary-based
Tampa-St. Petersburg-Clearwater FL,2021,0.5185,263400.0,28.12,-82.53,party registration
Nashville-Davidson-Murfreesboro-Franklin TN MSA,2021,0.546,226500.0,36.12,-86.64,primary-based
Cincinnati-Middletown OH-KY-IN MSA,2021,0.5692,222200.0,39.1,-84.48,primary-based
Davenport-Moline-Rock Island IA-IL MSA,2021,0.4902,25850.0,41.39,-90.46,party registration
Albuquerque NM MSA,2021,0.3949,59130.0,35.12,-106.5,party registration
Sioux Falls SD MSA,2021,0.6674,26920.0,43.5,-97.0,party registration
Deltona-Daytona Beach-Ormond Beach FL MSA,2021,0.5985,27850.0,29.18,-81.19,party registration
Flagstaff AZ MSA,2021,0.3679,11200.0,35.83,-111.8,party registration
Binghamton NY MSA,2021,0.4827,16100.0,42.16,-76.02,party registration
Utica-Rome NY MSA,2021,0.5707,14490.0,43.33,-75.17,party registration
Danville IL MSA,2021,0.7606,755.0,40.19,-87.73,primary-based
Poughkeepsie-Newburgh-Middletown NY MSA,2021,0.4339,43050.0,41.58,-74.03,party registration
College Station-Bryan TX MSA,2021,0.592,21130.0,30.75,-96.49,primary-based
Augusta-Richmond County GA-SC MSA,2021,0.6122,12670.0,33.46,-81.98,primary-based
Clarksville TN-KY MSA,2021,0.5732,17480.0,36.7,-87.62,primary-based
Youngstown-Warren-Boardman OH-PA MSA,2021,0.5192,22840.0,41.24,-80.56,primary-based
Muskegon-Norton Shores MI MSA,2021,0.44,8594.0,43.43,-86.42,primary-based
Pocatello ID MSA,2021,0.7053,5211.0,42.69,-112.6,party registration
Wenatchee WA MSA,2021,0.5083,6116.0,47.77,-120.3,primary-based
Fayetteville-Springdale-Rogers AR-MO MSA,2021,0.6268,54260.0,36.12,-94.08,party registration
Riverside-San Bernardino-Ontario CA MSA,2021,0.462,192600.0,34.54,-116.1,party registration
Santa Barbara-Santa Maria-Goleta CA MSA,2021,0.3034,35490.0,34.54,-120.0,party registration
Charlotte-Gastonia-Concord NC-SC MSA,2021,0.4469,281900.0,35.17,-80.8,party registration
Tucson AZ MSA,2021,0.4148,80340.0,32.13,-111.8,party registration
Washington-Arlington-Alexandria DC-VA-MD-WV MSA,2021,0.264,576000.0,38.8,-77.49,party registration
Trenton-Ewing NJ MSA,2021,0.2766,33210.0,40.28,-74.7,party registration
Toledo OH MSA,2021,0.4734,46750.0,41.56,-83.52,primary-based
Logan UT-ID MSA,2021,0.8172,10240.0,41.89,-111.8,party registration
Amarillo TX MSA,2021,0.736,15740.0,35.25,-101.9,primary-based
Jackson MI MSA,2021,0.5903,2230.0,42.25,-84.42,primary-based
Mobile AL MSA,2021,0.6035,26070.0,30.97,-88.21,modelled by L2
Johnson City TN MSA,2021,0.7625,12420.0,36.27,-82.33,primary-based
Santa Rosa-Petaluma CA MSA,2021,0.2433,33600.0,38.53,-122.9,party registration
Flint MI MSA,2021,0.3607,17570.0,43.02,-83.71,primary-based
Fairbanks AK MSA,2021,0.6503,5926.0,64.68,-146.5,party registration
Mount Vernon-Anacortes WA MSA,2021,0.3752,5669.0,48.49,-121.8,primary-based
Lawrence KS MSA,2021,0.4421,1675.0,38.9,-95.29,party registration
Bakersfield CA MSA,2021,0.5717,37150.0,35.35,-118.7,party registration
Grand Rapids-Wyoming MI MSA,2021,0.4629,97250.0,43.04,-85.78,primary-based
Kansas City MO-KS MSA,2021,0.5319,255200.0,38.93,-94.44,modelled by L2
Indianapolis-Carmel IN MSA,2021,0.5221,231500.0,39.75,-86.21,primary-based
Montgomery AL MSA,2021,0.5212,26590.0,32.37,-86.4,modelled by L2
San Antonio TX MSA,2021,0.4484,215100.0,29.43,-98.61,primary-based
Reading PA MSA,2021,0.5375,25700.0,40.41,-75.93,party registration
Cape Coral-Fort Myers FL MSA,2021,0.6454,46760.0,26.56,-81.98,party registration
Virginia Beach-Norfolk-Newport News VA-NC MSA,2021,0.4095,148000.0,36.8,-76.45,primary-based
Sioux City IA-NE-SD MSA,2021,0.6687,7545.0,42.51,-96.44,party registration
Winchester VA-WV MSA,2021,0.5752,8255.0,39.27,-78.47,primary-based
Bay City MI MSA,2021,0.4649,4309.0,43.7,-83.98,primary-based
Visalia-Porterville CA MSA,2021,0.5785,13640.0,36.23,-118.8,party registration
Sumter SC MSA,2021,0.4978,4631.0,33.79,-80.29,primary-based
Rapid City SD MSA,2021,0.7519,8544.0,44.31,-102.8,party registration
Blacksburg-Christiansburg-Radford VA MSA,2021,0.3783,14270.0,37.12,-80.56,primary-based
Wichita Falls TX MSA,2021,0.879,7033.0,33.78,-98.5,primary-based
Carson City NV MSA,2021,0.613,3267.0,39.15,-119.7,party registration
Dubuque IA MSA,2021,0.5068,9558.0,42.46,-90.88,party registration
Grand Junction CO MSA,2021,0.7329,10830.0,39.02,-108.5,party registration
Midland TX MSA,2021,0.6566,15310.0,32.09,-102.0,primary-based
Huntington-Ashland WV-KY-OH MSA,2021,0.5988,9711.0,38.41,-82.54,party registration
Janesville WI MSA,2021,0.5254,9725.0,42.67,-89.08,modelled by L2
Lewiston-Auburn ME MSA,2021,0.4717,3572.0,44.17,-70.21,party registration
Lewiston ID-WA MSA,2021,0.7148,2082.0,46.25,-116.9,party registration
Weirton-Steubenville WV-OH MSA,2021,0.639,4013.0,40.39,-80.7,party registration
Columbus IN MSA,2021,0.7138,734.0,39.21,-85.9,primary-based
Hinesville-Fort Stewart GA MSA,2021,0.4144,444.0,31.78,-81.58,primary-based
Little Rock-North Little Rock-Conway AR MSA,2021,0.5461,57070.0,34.76,-92.4,party registration
Auburn-Opelika AL MSA,2021,0.6272,4382.0,32.6,-85.35,modelled by L2
Omaha-Council Bluffs NE-IA MSA,2021,0.5656,110700.0,41.29,-96.0,party registration
Greensboro-High Point NC MSA,2021,0.4737,69220.0,36.03,-79.79,party registration
Columbia SC MSA,2021,0.4672,60460.0,34.08,-81.04,primary-based
Champaign-Urbana IL MSA,2021,0.3816,21460.0,40.1,-88.32,primary-based
Provo-Orem UT MSA,2021,0.8483,63670.0,39.87,-112.4,party registration
Boulder CO MSA,2021,0.2454,54160.0,40.09,-105.4,party registration
Napa CA MSA,2021,0.2991,10000.0,38.51,-122.3,party registration
Bend OR MSA,2021,0.4125,20180.0,43.92,-121.2,party registration
Spokane WA MSA,2021,0.452,47780.0,48.09,-117.7,primary-based
Columbia MO MSA,2021,0.4481,21930.0,38.99,-92.59,modelled by L2
Tuscaloosa AL MSA,2021,0.5548,17310.0,33.1,-87.8,modelled by L2
Kingsport-Bristol-Bristol TN-VA MSA,2021,0.8176,10210.0,36.6,-82.44,primary-based
Burlington-South Burlington VT MSA,2021,0.2085,24060.0,44.69,-73.04,modelled by L2
Niles-Benton Harbor MI MSA,2021,0.4906,7227.0,41.79,-86.74,primary-based
Punta Gorda FL MSA,2021,0.6912,3423.0,26.91,-82.0,party registration
Bangor ME MSA,2021,0.5019,4652.0,45.41,-68.67,party registration
Hagerstown-Martinsburg MD-WV MSA,2021,0.6312,12790.0,39.55,-77.98,party registration
Pine Bluff AR MSA,2021,0.4278,2620.0,34.08,-91.95,party registration
Raleigh-Cary NC MSA,2021,0.3847,205300.0,35.76,-78.46,party registration
Modesto CA MSA,2021,0.4703,23350.0,37.56,-121.0,party registration
Boston-Cambridge-Quincy MA-NH MSA,2021,0.2351,617700.0,42.52,-71.02,party registration
Portland-Vancouver-Beaverton OR-WA MSA,2021,0.2744,299200.0,45.6,-122.5,party registration
Syracuse NY MSA,2021,0.4486,57840.0,43.01,-76.2,party registration
Lexington-Fayette KY MSA,2021,0.4592,58920.0,38.1,-84.44,party registration
Allentown-Bethlehem-Easton PA-NJ MSA,2021,0.491,71570.0,40.79,-75.4,party registration
Waco TX MSA,2021,0.6338,19540.0,31.43,-97.09,primary-based
Brunswick GA MSA,2021,0.7026,521.0,31.3,-81.59,primary-based
Buffalo-Niagara Falls NY MSA,2021,0.4052,74560.0,43.04,-78.78,party registration
Gadsden AL MSA,2021,0.7506,3575.0,34.05,-86.03,modelled by L2
Ogden-Clearfield UT MSA,2021,0.8071,32930.0,41.62,-113.1,party registration
Fort Wayne IN MSA,2021,0.6402,42730.0,41.11,-85.22,primary-based
Ocala FL MSA,2021,0.6541,16610.0,29.2,-82.04,party registration
Manhattan KS MSA,2021,0.6449,4180.0,39.27,-96.56,party registration
Odessa TX MSA,2021,0.5878,8998.0,31.87,-102.5,primary-based
Farmington NM MSA,2021,0.7098,3509.0,36.51,-108.3,party registration
Salt Lake City UT MSA,2021,0.638,136200.0,40.57,-113.0,party registration
Louisville/Jefferson County KY-IN MSA,2021,0.4728,130900.0,38.31,-85.68,party registration
Phoenix-Mesa-Scottsdale AZ MSA,2021,0.5363,414900.0,33.19,-112.1,party registration
Chattanooga TN-GA MSA,2021,0.6294,46350.0,35.05,-85.36,primary-based
Greenville-Mauldin-Easley SC MSA,2021,0.6552,75660.0,34.68,-82.41,primary-based
Boise City-Nampa ID MSA,2021,0.6631,74740.0,43.01,-116.1,party registration
Spartanburg SC MSA,2021,0.6364,17660.0,34.93,-81.99,primary-based
Rockford IL MSA,2021,0.5208,23290.0,42.33,-89.04,primary-based
Albany-Schenectady-Troy NY MSA,2021,0.381,80210.0,42.79,-73.94,party registration
Orlando-Kissimmee FL MSA,2021,0.4247,269100.0,28.43,-81.36,party registration
Huntsville AL MSA,2021,0.6186,48590.0,34.78,-86.73,modelled by L2
San Angelo TX MSA,2021,0.6787,6304.0,31.48,-100.8,primary-based
York-Hanover PA MSA,2021,0.6386,28690.0,39.92,-76.73,party registration
Erie PA MSA,2021,0.4805,20600.0,42.12,-80.1,party registration
Waterloo-Cedar Falls IA MSA,2021,0.5026,12100.0,42.54,-92.47,party registration
Port St. Lucie FL MSA,2021,0.5815,24170.0,27.23,-80.43,party registration
Akron OH MSA,2021,0.4775,54950.0,41.15,-81.35,primary-based
Duluth MN-WI MSA,2021,0.4547,20510.0,47.35,-92.16,modelled by L2
Morgantown WV MSA,2021,0.4925,11760.0,39.53,-79.8,party registration
Corpus Christi TX MSA,2021,0.5259,23360.0,27.83,-97.51,primary-based
Burlington NC MSA,2021,0.4869,10580.0,36.04,-79.4,party registration
Charlottesville VA MSA,2021,0.3172,29110.0,37.95,-78.59,primary-based
St. Joseph MO-KS MSA,2021,0.8264,951.0,39.83,-94.78,modelled by L2
Kankakee-Bradley IL MSA,2021,0.6024,5258.0,41.14,-87.86,primary-based
Bismarck ND MSA,2021,0.7474,8401.0,46.89,-101.0,modelled by L2
Springfield OH MSA,2021,0.6489,6582.0,39.92,-83.78,primary-based
Goldsboro NC MSA,2021,0.5733,5089.0,35.35,-78.01,party registration
Valdosta GA MSA,2021,0.5988,952.0,30.83,-83.24,primary-based
Houston-Sugar Land-Baytown TX MSA,2021,0.4839,537300.0,29.75,-95.35,primary-based
Philadelphia-Camden-Wilmington PA-NJ-DE-MD MSA,2021,0.3503,562800.0,39.89,-75.31,party registration
Richmond VA MSA,2021,0.397,159600.0,37.41,-77.44,primary-based
Sarasota-Bradenton-Venice FL MSA,2021,0.6323,53670.0,27.33,-82.41,party registration
Harrisonburg VA MSA,2021,0.4561,9504.0,38.51,-78.89,primary-based
Kalamazoo-Portage MI MSA,2021,0.3769,35940.0,42.25,-85.53,primary-based
Columbus OH MSA,2021,0.4412,241300.0,39.97,-82.84,primary-based
Wilmington NC MSA,2021,0.5546,38840.0,34.43,-77.89,party registration
Memphis TN-AR-MS MSA,2021,0.4442,106800.0,35.02,-89.87,primary-based
Salem OR MSA,2021,0.4648,22720.0,44.9,-122.9,party registration
Las Cruces NM MSA,2021,0.3756,9634.0,32.35,-106.8,party registration
Reno-Sparks NV MSA,2021,0.5161,42730.0,40.5,-119.7,party registration
Colorado Springs CO MSA,2021,0.6079,74350.0,38.85,-104.6,party registration
Saginaw-Saginaw Township North MI MSA,2021,0.4471,12040.0,43.33,-84.06,primary-based
Elizabethtown KY MSA,2021,0.5893,6721.0,37.73,-85.97,party registration
Jefferson City MO MSA,2021,0.7489,10790.0,38.64,-92.09,modelled by L2
Eugene-Springfield OR MSA,2021,0.3144,31600.0,43.93,-122.9,party registration
Tyler TX MSA,2021,0.7162,15980.0,32.38,-95.27,primary-based
Longview TX MSA,2021,0.7367,11700.0,32.43,-94.68,primary-based
Bridgeport-Stamford-Norwalk CT MSA,2021,0.3585,77730.0,41.23,-73.37,party registration
Portland-South Portland-Biddeford ME MSA,2021,0.3532,32860.0,43.65,-70.42,party registration
Macon GA MSA,2021,0.4372,3611.0,32.86,-83.71,primary-based
Anderson IN MSA,2021,0.6157,5420.0,39.75,-86.21,primary-based
Savannah GA MSA,2021,0.5149,2532.0,32.11,-81.27,primary-based
Ocean City NJ MSA,2021,0.6155,4133.0,39.09,-74.85,party registration
Great Falls MT MSA,2021,0.6853,3882.0,47.32,-111.4,modelled by L2
Kingston NY MSA,2021,0.3323,5923.0,41.95,-74.27,party registration
New Haven-Milford CT MSA,2021,0.3384,60960.0,41.35,-72.9,party registration
Tulsa OK MSA,2021,0.6736,86190.0,36.25,-96.18,party registration
Madera CA MSA,2021,0.6315,1317.0,37.21,-119.7,party registration
Miami-Fort Lauderdale-Pompano Beach FL MSA,2021,0.3924,386600.0,26.1,-80.48,party registration
Lansing-East Lansing MI MSA,2021,0.3153,52820.0,42.77,-84.5,primary-based
Medford OR MSA,2021,0.5759,10770.0,42.41,-122.7,party registration
Killeen-Temple-Fort Hood TX MSA,2021,0.5469,25510.0,31.2,-97.79,primary-based
El Paso TX MSA,2021,0.1809,39160.0,31.53,-105.5,primary-based
Oxnard-Thousand Oaks-Ventura CA MSA,2021,0.4017,57480.0,34.36,-119.1,party registration
Baton Rouge LA MSA,2021,0.579,65020.0,30.52,-91.13,party registration
Anchorage AK MSA,2021,0.6068,28980.0,62.21,-149.7,party registration
Hickory-Lenoir-Morganton NC MSA,2021,0.7248,18550.0,35.81,-81.46,party registration
Scranton--Wilkes-Barre PA MSA,2021,0.4694,26190.0,41.32,-75.9,party registration
Norwich-New London CT MSA,2021,0.3848,19000.0,41.47,-72.11,party registration
Bremerton-Silverdale WA MSA,2021,0.3757,15690.0,47.64,-122.6,primary-based
Redding CA MSA,2021,0.6963,8489.0,40.76,-122.0,party registration
Brownsville-Harlingen TX MSA,2021,0.1754,10090.0,26.1,-97.48,primary-based
Terre Haute IN MSA,2021,0.5679,10670.0,39.48,-87.31,primary-based
Johnstown PA MSA,2021,0.623,5889.0,40.51,-78.71,party registration
Hattiesburg MS MSA,2021,0.6316,9479.0,31.27,-89.3,primary-based
Winston-Salem NC MSA,2021,0.6553,11620.0,36.08,-80.35,party registration
Ithaca NY MSA,2021,0.2165,14140.0,42.45,-76.47,party registration
Wausau WI MSA,2021,0.7102,9781.0,45.05,-89.76,modelled by L2
Coeur d'Alene ID MSA,2021,0.8385,3647.0,47.68,-116.7,party registration
San Francisco-Oakland-Fremont CA MSA,2021,0.1896,407300.0,37.77,-122.3,party registration
San Diego-Carlsbad-San Marcos CA MSA,2021,0.3747,373200.0,33.02,-116.8,party registration
Madison WI MSA,2021,0.4365,107900.0,43.08,-89.6,modelled by L2
Los Angeles-Long Beach-Santa Ana CA MSA,2021,0.316,964800.0,34.11,-118.2,party registration
Milwaukee-Waukesha-West Allis WI MSA,2021,0.5959,189800.0,42.91,-87.86,modelled by L2
Sacramento-Arden-Arcade-Roseville CA MSA,2021,0.396,197400.0,38.79,-121.0,party registration
Austin-Round Rock TX MSA,2021,0.3526,351100.0,30.25,-97.65,primary-based
Pensacola-Ferry Pass-Brent FL MSA,2021,0.6832,37090.0,30.61,-87.16,party registration
San Jose-Sunnyvale-Santa Clara CA MSA,2021,0.2313,217800.0,36.91,-121.4,party registration
Birmingham-Hoover AL MSA,2021,0.6665,27340.0,33.4,-86.73,modelled by L2
Manchester-Nashua NH MSA,2021,0.5013,24420.0,42.91,-71.72,party registration
Greeley CO MSA,2021,0.6219,16530.0,40.56,-104.4,party registration
Lynchburg VA MSA,2021,0.6131,18000.0,37.36,-79.22,primary-based
Vallejo-Fairfield CA MSA,2021,0.3513,19950.0,38.27,-121.9,party registration
Abilene TX MSA,2021,0.8883,9631.0,32.45,-99.72,primary-based
San Luis Obispo-Paso Robles CA MSA,2021,0.4035,23990.0,35.39,-120.4,party registration
Idaho Falls ID MSA,2021,0.8562,9180.0,43.62,-112.4,party registration
Evansville IN-KY MSA,2021,0.6116,27260.0,38.02,-87.59,primary-based
Fargo ND-MN MSA,2021,0.4723,23810.0,46.91,-96.96,modelled by L2
Fort Walton Beach-Crestview-Destin FL MSA,2021,0.7544,13220.0,30.59,-86.36,party registration
Lake Havasu City-Kingman AZ MSA,2021,0.7964,5409.0,35.72,-113.7,party registration
Houma-Bayou Cane-Thibodaux LA MSA,2021,0.7515,9965.0,29.33,-90.84,party registration
Jacksonville NC MSA,2021,0.7104,5099.0,34.76,-77.5,party registration
Naples-Marco Island FL MSA,2021,0.7004,2552.0,26.12,-81.4,party registration
Santa Fe NM MSA,2021,0.1827,9521.0,35.51,-106.0,party registration
Williamsport PA MSA,2021,0.6896,7579.0,41.34,-77.06,party registration
Yuba City CA MSA,2021,0.5995,4890.0,39.16,-121.5,party registration
Alexandria LA MSA,2021,0.7435,2478.0,31.33,-92.55,party registration
Panama City-Lynn Haven FL MSA,2021,0.742,4519.0,30.16,-85.53,party registration
Longview WA MSA,2021,0.5443,2297.0,46.2,-122.7,primary-based
Elmira NY MSA,2021,0.6155,2445.0,42.15,-76.75,party registration
Dallas-Fort Worth-Arlington TX MSA,2021,0.5227,611300.0,32.85,-96.97,primary-based
Harrisburg-Carlisle PA MSA,2021,0.5521,60180.0,40.34,-77.05,party registration
St. Louis MO-IL MSA,2021,0.524,267000.0,38.74,-90.35,modelled by L2
South Bend-Mishawaka IN-MI MSA,2021,0.4624,26030.0,41.77,-86.12,primary-based
Battle Creek MI MSA,2021,0.4622,7969.0,42.24,-85.01,primary-based
Gainesville FL MSA,2021,0.3758,32160.0,29.45,-82.67,party registration
Rochester MN MSA,2021,0.5694,20080.0,43.95,-92.33,modelled by L2
Tallahassee FL MSA,2021,0.3838,40380.0,30.35,-84.27,party registration
Dayton OH MSA,2021,0.6004,76100.0,39.83,-84.14,primary-based
Missoula MT MSA,2021,0.4548,11200.0,47.03,-113.9,modelled by L2
Cheyenne WY MSA,2021,0.8029,6535.0,41.29,-104.7,party registration
Casper WY MSA,2021,0.7932,6948.0,42.98,-106.8,party registration
Cape Girardeau-Jackson MO-IL MSA,2021,0.7207,4799.0,37.33,-89.76,modelled by L2
Grand Forks ND-MN MSA,2021,0.4437,6451.0,47.84,-96.84,modelled by L2
Kokomo IN MSA,2021,0.7152,6256.0,40.48,-86.11,primary-based
Glens Falls NY MSA,2021,0.5556,6635.0,43.44,-73.64,party registration
Altoona PA MSA,2021,0.7092,7335.0,40.5,-78.31,party registration
Florence-Muscle Shoals AL MSA,2021,0.7088,6680.0,34.8,-87.72,modelled by L2
Rome GA MSA,2021,0.7217,646.0,34.26,-85.21,primary-based
Mansfield OH MSA,2021,0.7775,1018.0,40.77,-82.54,primary-based
Denver-Aurora CO MSA,2021,0.3656,412000.0,39.43,-104.9,party registration
New Orleans-Metairie-Kenner LA MSA,2021,0.4688,96820.0,30.05,-89.93,party registration
Salisbury MD MSA,2021,0.5103,6286.0,38.4,-75.48,party registration
Springfield MO MSA,2021,0.7102,37350.0,37.36,-93.18,modelled by L2
Oklahoma City OK MSA,2021,0.6244,110600.0,35.43,-97.51,party registration
Hartford-West Hartford-East Hartford CT MSA,2021,0.3488,93340.0,41.72,-72.57,party registration
Charleston-North Charleston SC MSA,2021,0.5589,79080.0,33.02,-80.01,primary-based
Bloomington-Normal IL MSA,2021,0.474,15290.0,40.49,-88.84,primary-based
St. George UT MSA,2021,0.8633,8448.0,37.26,-113.5,party registration
Fort Smith AR-OK MSA,2021,0.7587,12800.0,35.46,-94.3,party registration
Mankato-North Mankato MN MSA,2021,0.5306,8461.0,44.15,-94.15,modelled by L2
Warner Robins GA MSA,2021,0.6134,1131.0,32.49,-83.71,primary-based
Lincoln NE MSA,2021,0.5397,36190.0,40.82,-96.87,party registration
Lafayette LA MSA,2021,0.6879,23080.0,29.96,-92.05,party registration
Rochester NY MSA,2021,0.4418,99950.0,43.15,-77.52,party registration
Durham NC MSA,2021,0.2357,76090.0,36.06,-78.99,party registration
McAllen-Edinburg-Mission TX MSA,2021,0.1265,13120.0,26.4,-98.18,primary-based
Stockton CA MSA,2021,0.4235,28870.0,37.93,-121.3,party registration
Lancaster PA MSA,2021,0.5843,42830.0,40.04,-76.25,party registration
Cedar Rapids IA MSA,2021,0.4679,26630.0,42.09,-91.63,party registration
Muncie IN MSA,2021,0.5335,8479.0,40.23,-85.4,primary-based
Dothan AL MSA,2021,0.7491,6144.0,31.25,-85.47,modelled by L2
Bloomington IN MSA,2021,0.3685,21020.0,39.24,-86.67,primary-based
La Crosse WI-MN MSA,2021,0.5564,13370.0,43.78,-91.32,modelled by L2
Santa Cruz-Watsonville CA MSA,2021,0.2207,9595.0,37.01,-122.0,party registration
Racine WI MSA,2021,0.5721,12000.0,42.78,-87.77,modelled by L2
Lubbock TX MSA,2021,0.6316,26980.0,33.47,-101.6,primary-based
Pueblo CO MSA,2021,0.4801,8093.0,38.16,-104.5,party registration
Lebanon PA MSA,2021,0.6555,11220.0,40.37,-76.46,party registration
Bellingham WA MSA,2021,0.3008,20400.0,48.84,-121.8,primary-based
Charleston WV MSA,2021,0.5752,13420.0,38.36,-81.62,party registration
Roanoke VA MSA,2021,0.5369,27860.0,37.29,-79.95,primary-based
Kennewick-Richland-Pasco WA MSA,2021,0.5384,18220.0,46.36,-119.3,primary-based
Laredo TX MSA,2021,0.09211,6849.0,27.76,-99.34,primary-based
Lake Charles LA MSA,2021,0.6539,16680.0,29.98,-93.25,party registration
Jonesboro AR MSA,2021,0.6769,5570.0,35.7,-90.65,party registration
El Centro CA MSA,2021,0.3509,3891.0,33.04,-115.4,party registration
Albany GA MSA,2021,0.4824,491.0,31.64,-84.11,primary-based
Dalton GA MSA,2021,0.8031,882.0,34.8,-84.86,primary-based
Hanford-Corcoran CA MSA,2021,0.5924,3865.0,36.07,-119.8,party registration
Jackson MS MSA,2021,0.5282,42970.0,32.43,-90.2,primary-based
Peoria IL MSA,2021,0.5875,24290.0,40.71,-89.7,primary-based
Fort Collins-Loveland CO MSA,2021,0.425,47310.0,40.66,-105.5,party registration
Fresno CA MSA,2021,0.5104,46870.0,36.76,-119.7,party registration
Owensboro KY MSA,2021,0.5634,6744.0,37.69,-87.08,party registration
Lafayette IN MSA,2021,0.5236,21430.0,40.48,-87.02,primary-based
New York-Northern New Jersey-Long Island NY-NJ-PA MSA,2021,0.2989,1716000.0,40.77,-73.87,party registration
Lynchburg VA MSA,2022,0.6115,18240.0,37.36,-79.22,primary-based
Pensacola-Ferry Pass-Brent FL MSA,2022,0.6849,37660.0,30.61,-87.16,party registration
Athens-Clark County GA MSA,2022,0.498,2010.0,33.94,-83.21,primary-based
Santa Fe NM MSA,2022,0.1844,9673.0,35.51,-106.0,party registration
Abilene TX MSA,2022,0.8962,9725.0,32.45,-99.72,primary-based
Manchester-Nashua NH MSA,2022,0.5029,24220.0,42.91,-71.72,party registration
Fargo ND-MN MSA,2022,0.4717,23840.0,46.91,-96.96,modelled by L2
Evansville IN-KY MSA,2022,0.6114,27220.0,38.02,-87.59,primary-based
Chicago-Naperville-Joliet IL-IN-WI MSA,2022,0.2764,921800.0,41.82,-87.83,primary-based
New York-Northern New Jersey-Long Island NY-NJ-PA MSA,2022,0.2972,1759000.0,40.77,-73.87,party registration
Lansing-East Lansing MI MSA,2022,0.3111,53620.0,42.77,-84.5,primary-based
Johnstown PA MSA,2022,0.6247,5868.0,40.51,-78.71,party registration
Scranton--Wilkes-Barre PA MSA,2022,0.4709,26250.0,41.32,-75.9,party registration
Norwich-New London CT MSA,2022,0.3847,19360.0,41.47,-72.11,party registration
Hickory-Lenoir-Morganton NC MSA,2022,0.7257,18660.0,35.81,-81.46,party registration
Ithaca NY MSA,2022,0.2173,14240.0,42.45,-76.47,party registration
Williamsport PA MSA,2022,0.6866,7556.0,41.34,-77.06,party registration
Yuba City CA MSA,2022,0.5954,4852.0,39.16,-121.5,party registration
Longview WA MSA,2022,0.5404,2292.0,46.2,-122.7,primary-based
Alexandria LA MSA,2022,0.7445,2490.0,31.33,-92.55,party registration
Topeka KS MSA,2022,0.6028,17250.0,39.04,-95.8,party registration
San Francisco-Oakland-Fremont CA MSA,2022,0.1887,414200.0,37.77,-122.3,party registration
Madison WI MSA,2022,0.4317,109700.0,43.08,-89.6,modelled by L2
San Jose-Sunnyvale-Santa Clara CA MSA,2022,0.2298,222700.0,36.91,-121.4,party registration
Baltimore-Towson MD MSA,2022,0.3453,262200.0,39.3,-76.55,party registration
Minneapolis-St. Paul-Bloomington MN-WI MSA,2022,0.4799,378000.0,45.1,-93.28,modelled by L2
Green Bay WI MSA,2022,0.7338,33020.0,44.47,-88.0,modelled by L2
Lafayette IN MSA,2022,0.5242,21770.0,40.48,-87.02,primary-based
Milwaukee-Waukesha-West Allis WI MSA,2022,0.5938,191100.0,42.91,-87.86,modelled by L2
Vallejo-Fairfield CA MSA,2022,0.3464,19750.0,38.27,-121.9,party registration
Los Angeles-Long Beach-Santa Ana CA MSA,2022,0.3135,979700.0,34.11,-118.2,party registration
Jacksonville NC MSA,2022,0.7176,4964.0,34.76,-77.5,party registration
Columbus GA-AL MSA,2022,0.4948,2562.0,32.42,-84.84,primary-based
Knoxville TN MSA,2022,0.6615,74150.0,36.01,-84.21,primary-based
Prescott AZ MSA,2022,0.725,7820.0,34.63,-112.6,party registration
St. Cloud MN MSA,2022,0.6864,15510.0,45.59,-94.49,modelled by L2
Vineland-Millville-Bridgeton NJ MSA,2022,0.4693,5361.0,39.33,-75.12,party registration
Worcester MA MSA,2022,0.3185,60830.0,42.22,-71.93,party registration
Appleton WI MSA,2022,0.7304,25700.0,44.29,-88.37,modelled by L2
Fort Collins-Loveland CO MSA,2022,0.4206,48030.0,40.66,-105.5,party registration
Springfield MA MSA,2022,0.2699,41100.0,42.36,-72.62,party registration
Peoria IL MSA,2022,0.5893,24400.0,40.71,-89.7,primary-based
Jackson MS MSA,2022,0.53,42730.0,32.43,-90.2,primary-based
Atlantic City NJ MSA,2022,0.4626,11760.0,39.47,-74.63,party registration
Yakima WA MSA,2022,0.46,10010.0,46.46,-120.7,primary-based
Merced CA MSA,2022,0.4337,8102.0,37.19,-120.7,party registration
Fresno CA MSA,2022,0.5063,47230.0,36.76,-119.7,party registration
Lebanon PA MSA,2022,0.6594,11410.0,40.37,-76.46,party registration
Racine WI MSA,2022,0.5731,12020.0,42.78,-87.77,modelled by L2
Laredo TX MSA,2022,0.09064,6926.0,27.76,-99.34,primary-based
Yuma AZ MSA,2022,0.565,6660.0,32.77,-113.9,party registration
Santa Cruz-Watsonville CA MSA,2022,0.2189,9472.0,37.01,-122.0,party registration
Pueblo CO MSA,2022,0.482,8020.0,38.16,-104.5,party registration
Monroe MI MSA,2022,0.5871,3328.0,41.92,-83.49,primary-based
Gainesville GA MSA,2022,0.7515,991.0,34.32,-83.82,primary-based
Greenville NC MSA,2022,0.4443,16030.0,35.59,-77.37,party registration
Lakeland FL MSA,2022,0.6012,35320.0,27.95,-81.69,party registration
Barnstable Town MA MSA,2022,0.3311,12910.0,41.71,-70.16,party registration
Ann Arbor MI MSA,2022,0.2348,60940.0,42.25,-83.84,primary-based
Shreveport-Bossier City LA MSA,2022,0.5961,19890.0,32.44,-93.74,party registration
Joplin MO MSA,2022,0.822,8457.0,37.06,-94.34,modelled by L2
Asheville NC MSA,2022,0.4295,37320.0,35.6,-82.68,party registration
Salinas CA MSA,2022,0.3141,23140.0,36.24,-121.3,party registration
Dayton OH MSA,2022,0.5995,76330.0,39.83,-84.14,primary-based
South Bend-Mishawaka IN-MI MSA,2022,0.4628,26160.0,41.77,-86.12,primary-based
Tallahassee FL MSA,2022,0.3876,40870.0,30.35,-84.27,party registration
Florence-Muscle Shoals AL MSA,2022,0.7135,6716.0,34.8,-87.72,modelled by L2
Gainesville FL MSA,2022,0.3773,32850.0,29.45,-82.67,party registration
Missoula MT MSA,2022,0.447,11500.0,47.03,-113.9,modelled by L2
Lima OH MSA,2022,0.7956,1315.0,40.77,-84.11,primary-based
Victoria TX MSA,2022,0.6559,1928.0,28.73,-97.2,primary-based
Seattle-Tacoma-Bellevue WA MSA,2022,0.2284,495800.0,47.49,-121.8,primary-based
Bellingham WA MSA,2022,0.2967,20750.0,48.84,-121.8,primary-based
Lubbock TX MSA,2022,0.6314,27390.0,33.47,-101.6,primary-based
Jacksonville FL MSA,2022,0.581,149700.0,30.24,-81.75,party registration
Kennewick-Richland-Pasco WA MSA,2022,0.5378,18860.0,46.36,-119.3,primary-based
Charleston WV MSA,2022,0.5757,13450.0,38.36,-81.62,party registration
Cleveland-Elyria-Mentor OH MSA,2022,0.4157,213100.0,41.56,-81.6,primary-based
Roanoke VA MSA,2022,0.5342,27820.0,37.29,-79.95,primary-based
Rome GA MSA,2022,0.7277,650.0,34.26,-85.21,primary-based
Des Moines-West Des Moines IA MSA,2022,0.4744,86900.0,41.58,-93.76,party registration
Detroit-Warren-Livonia MI MSA,2022,0.3644,362400.0,42.72,-83.2,primary-based
Pittsburgh PA MSA,2022,0.4584,259300.0,40.44,-79.84,party registration
Providence-New Bedford-Fall River RI-MA MSA,2022,0.2862,119900.0,41.71,-71.29,party registration
Springfield IL MSA,2022,0.559,13960.0,39.83,-89.7,primary-based
El Centro CA MSA,2022,0.3469,3875.0,33.04,-115.4,party registration
Hanford-Corcoran CA MSA,2022,0.588,3779.0,36.07,-119.8,party registration
Lake Charles LA MSA,2022,0.6545,16770.0,29.98,-93.25,party registration
Jonesboro AR MSA,2022,0.6744,5490.0,35.7,-90.65,party registration
Albany GA MSA,2022,0.4842,476.0,31.64,-84.11,primary-based
Hot Springs AR MSA,2022,0.7202,1977.0,34.58,-93.15,party registration
Dalton GA MSA,2022,0.8051,811.0,34.8,-84.86,primary-based
St. Louis MO-IL MSA,2022,0.5189,269600.0,38.74,-90.35,modelled by L2
Altoona PA MSA,2022,0.7091,7332.0,40.5,-78.31,party registration
Dallas-Fort Worth-Arlington TX MSA,2022,0.5208,618200.0,32.85,-96.97,primary-based
State College PA MSA,2022,0.4208,17440.0,40.91,-77.85,party registration
Eau Claire WI MSA,2022,0.5976,15180.0,44.94,-91.28,modelled by L2
Lawton OK MSA,2022,0.6232,4275.0,34.53,-98.43,party registration
Chico CA MSA,2022,0.4438,12920.0,39.67,-121.6,party registration
Parkersburg-Marietta-Vienna WV-OH MSA,2022,0.737,6285.0,39.14,-81.46,party registration
Myrtle Beach-Conway-North Myrtle Beach SC MSA,2022,0.642,21900.0,33.97,-78.61,primary-based
Casper WY MSA,2022,0.7921,6892.0,42.98,-106.8,party registration
Harrisburg-Carlisle PA MSA,2022,0.5493,60630.0,40.34,-77.05,party registration
Glens Falls NY MSA,2022,0.5558,6596.0,43.44,-73.64,party registration
Rochester MN MSA,2022,0.5664,20300.0,43.95,-92.33,modelled by L2
Battle Creek MI MSA,2022,0.462,7831.0,42.24,-85.01,primary-based
Kokomo IN MSA,2022,0.7143,6173.0,40.48,-86.11,primary-based
Cape Girardeau-Jackson MO-IL MSA,2022,0.7294,4794.0,37.33,-89.76,modelled by L2
Cheyenne WY MSA,2022,0.8038,6481.0,41.29,-104.7,party registration
Grand Forks ND-MN MSA,2022,0.4443,6396.0,47.84,-96.84,modelled by L2
Mansfield OH MSA,2022,0.7941,999.0,40.77,-82.54,primary-based
Tampa-St. Petersburg-Clearwater FL,2022,0.519,267800.0,28.12,-82.53,party registration
Nashville-Davidson-Murfreesboro-Franklin TN MSA,2022,0.5451,232600.0,36.12,-86.64,primary-based
Albuquerque NM MSA,2022,0.3927,59500.0,35.12,-106.5,party registration
Clarksville TN-KY MSA,2022,0.5767,17390.0,36.7,-87.62,primary-based
Deltona-Daytona Beach-Ormond Beach FL MSA,2022,0.5998,28090.0,29.18,-81.19,party registration
College Station-Bryan TX MSA,2022,0.5971,22190.0,30.75,-96.49,primary-based
Gulfport-Biloxi MS MSA,2022,0.7112,14860.0,30.48,-89.0,primary-based
Palm Bay-Melbourne-Titusville FL MSA,2022,0.64,25030.0,28.3,-80.7,party registration
Atlanta-Sandy Springs-Marietta GA MSA,2022,0.3869,239300.0,33.69,-84.4,primary-based
Las Vegas-Paradise NV MSA,2022,0.4575,187100.0,36.21,-115.0,party registration
Iowa City IA MSA,2022,0.2707,21020.0,41.52,-91.65,party registration
Bowling Green KY MSA,2022,0.5736,10190.0,37.05,-86.4,party registration
Olympia WA MSA,2022,0.3136,20820.0,46.94,-122.8,primary-based
Fayetteville NC MSA,2022,0.4,19700.0,35.16,-78.93,party registration
Canton-Massillon OH MSA,2022,0.5569,32140.0,40.71,-81.26,primary-based
Ames IA MSA,2022,0.4146,11590.0,42.04,-93.7,party registration
Utica-Rome NY MSA,2022,0.5703,14540.0,43.33,-75.17,party registration
Binghamton NY MSA,2022,0.484,16350.0,42.16,-76.02,party registration
Danville IL MSA,2022,0.7532,735.0,40.19,-87.73,primary-based
Syracuse NY MSA,2022,0.4466,58290.0,43.01,-76.2,party registration
Portland-Vancouver-Beaverton OR-WA MSA,2022,0.271,301600.0,45.6,-122.5,party registration
Lexington-Fayette KY MSA,2022,0.4583,59440.0,38.1,-84.44,party registration
Florence SC MSA,2022,0.5243,10190.0,34.15,-79.81,primary-based
Sebastian-Vero Beach FL MSA,2022,0.6915,7862.0,27.7,-80.57,party registration
Monroe LA MSA,2022,0.5938,15090.0,32.73,-92.1,party registration
Anderson SC MSA,2022,0.6737,8681.0,34.68,-82.41,primary-based
Elkhart-Goshen IN MSA,2022,0.6858,13600.0,41.6,-85.86,primary-based
Wheeling WV-OH MSA,2022,0.6418,5293.0,39.98,-80.85,party registration
Morristown TN MSA,2022,0.8402,2537.0,36.17,-83.42,primary-based
Jackson TN MSA,2022,0.7105,918.0,35.75,-88.88,primary-based
Davenport-Moline-Rock Island IA-IL MSA,2022,0.4891,25880.0,41.39,-90.46,party registration
Cincinnati-Middletown OH-KY-IN MSA,2022,0.5677,224800.0,39.1,-84.48,primary-based
Brunswick GA MSA,2022,0.7133,481.0,31.3,-81.59,primary-based
Odessa TX MSA,2022,0.5821,8557.0,31.87,-102.5,primary-based
Gadsden AL MSA,2022,0.7548,3556.0,34.05,-86.03,modelled by L2
Farmington NM MSA,2022,0.7087,3578.0,36.51,-108.3,party registration
Phoenix-Mesa-Scottsdale AZ MSA,2022,0.5345,420400.0,33.19,-112.1,party registration
Akron OH MSA,2022,0.4793,55280.0,41.15,-81.35,primary-based
Wichita KS MSA,2022,0.6686,53260.0,37.64,-97.25,party registration
Youngstown-Warren-Boardman OH-PA MSA,2022,0.5202,22680.0,41.24,-80.56,primary-based
Wenatchee WA MSA,2022,0.507,6224.0,47.77,-120.3,primary-based
Augusta-Richmond County GA-SC MSA,2022,0.6082,12740.0,33.46,-81.98,primary-based
Poughkeepsie-Newburgh-Middletown NY MSA,2022,0.4301,43120.0,41.58,-74.03,party registration
Muskegon-Norton Shores MI MSA,2022,0.4387,8575.0,43.43,-86.42,primary-based
Flagstaff AZ MSA,2022,0.3633,11160.0,35.83,-111.8,party registration
Pocatello ID MSA,2022,0.7136,5202.0,42.69,-112.6,party registration
Beaumont-Port Arthur TX MSA,2022,0.6223,17980.0,30.08,-94.2,primary-based
Sioux Falls SD MSA,2022,0.671,27000.0,43.5,-97.0,party registration
Rockford IL MSA,2022,0.5187,23230.0,42.33,-89.04,primary-based
Spartanburg SC MSA,2022,0.6326,17710.0,34.93,-81.99,primary-based
Port St. Lucie FL MSA,2022,0.5842,24420.0,27.23,-80.43,party registration
York-Hanover PA MSA,2022,0.6399,28720.0,39.92,-76.73,party registration
Corpus Christi TX MSA,2022,0.5251,23360.0,27.83,-97.51,primary-based
Charlottesville VA MSA,2022,0.3166,29450.0,37.95,-78.59,primary-based
Boston-Cambridge-Quincy MA-NH MSA,2022,0.2342,629700.0,42.52,-71.02,party registration
Fort Wayne IN MSA,2022,0.6394,43060.0,41.11,-85.22,primary-based
Raleigh-Cary NC MSA,2022,0.3866,207100.0,35.76,-78.46,party registration
Allentown-Bethlehem-Easton PA-NJ MSA,2022,0.4888,71790.0,40.79,-75.4,party registration
Buffalo-Niagara Falls NY MSA,2022,0.4022,76900.0,43.04,-78.78,party registration
Manhattan KS MSA,2022,0.6525,3907.0,39.27,-96.56,party registration
Ogden-Clearfield UT MSA,2022,0.8078,33400.0,41.62,-113.1,party registration
Ocala FL MSA,2022,0.6556,16750.0,29.2,-82.04,party registration
Modesto CA MSA,2022,0.4676,23320.0,37.56,-121.0,party registration
Waco TX MSA,2022,0.6365,19920.0,31.43,-97.09,primary-based
Lancaster PA MSA,2022,0.583,43080.0,40.04,-76.25,party registration
Lincoln NE MSA,2022,0.5401,36230.0,40.82,-96.87,party registration
Rochester NY MSA,2022,0.4405,99580.0,43.15,-77.52,party registration
Durham NC MSA,2022,0.2361,80540.0,36.06,-78.99,party registration
Lafayette LA MSA,2022,0.6891,22770.0,29.96,-92.05,party registration
Bloomington IN MSA,2022,0.3744,21520.0,39.24,-86.67,primary-based
Erie PA MSA,2022,0.482,20710.0,42.12,-80.1,party registration
Orlando-Kissimmee FL MSA,2022,0.4234,275300.0,28.43,-81.36,party registration
Salt Lake City UT MSA,2022,0.6357,137400.0,40.57,-113.0,party registration
Boise City-Nampa ID MSA,2022,0.6624,75650.0,43.01,-116.1,party registration
Albany-Schenectady-Troy NY MSA,2022,0.379,80300.0,42.79,-73.94,party registration
Greenville-Mauldin-Easley SC MSA,2022,0.6522,76520.0,34.68,-82.41,primary-based
Burlington NC MSA,2022,0.4901,10680.0,36.04,-79.4,party registration
Huntsville AL MSA,2022,0.6191,49750.0,34.78,-86.73,modelled by L2
Louisville/Jefferson County KY-IN MSA,2022,0.4721,131700.0,38.31,-85.68,party registration
Chattanooga TN-GA MSA,2022,0.6273,47170.0,35.05,-85.36,primary-based
Decatur AL MSA,2022,0.8003,1798.0,34.49,-87.1,modelled by L2
Cleveland TN MSA,2022,0.7855,1354.0,35.14,-84.66,primary-based
Dover DE MSA,2022,0.4456,8573.0,39.1,-75.5,party registration
Pittsfield MA MSA,2022,0.1536,8463.0,42.37,-73.22,party registration
Anniston-Oxford AL MSA,2022,0.709,3126.0,33.77,-85.83,modelled by L2
Fond du Lac WI MSA,2022,0.77,1477.0,43.75,-88.49,modelled by L2
Duluth MN-WI MSA,2022,0.4498,20520.0,47.35,-92.16,modelled by L2
San Angelo TX MSA,2022,0.6796,6316.0,31.48,-100.8,primary-based
Springfield OH MSA,2022,0.6497,6448.0,39.92,-83.78,primary-based
Waterloo-Cedar Falls IA MSA,2022,0.5032,12080.0,42.54,-92.47,party registration
Bismarck ND MSA,2022,0.7495,8359.0,46.89,-101.0,modelled by L2
Morgantown WV MSA,2022,0.4979,11810.0,39.53,-79.8,party registration
Goldsboro NC MSA,2022,0.5788,5020.0,35.35,-78.01,party registration
Kankakee-Bradley IL MSA,2022,0.6019,5208.0,41.14,-87.86,primary-based
St. Joseph MO-KS MSA,2022,0.826,946.0,39.83,-94.78,modelled by L2
Valdosta GA MSA,2022,0.6041,914.0,30.83,-83.24,primary-based
Sarasota-Bradenton-Venice FL MSA,2022,0.6343,54560.0,27.33,-82.41,party registration
Elizabethtown KY MSA,2022,0.5917,6736.0,37.73,-85.97,party registration
Memphis TN-AR-MS MSA,2022,0.4431,106900.0,35.02,-89.87,primary-based
Kalamazoo-Portage MI MSA,2022,0.3738,36240.0,42.25,-85.53,primary-based
Salem OR MSA,2022,0.4611,22710.0,44.9,-122.9,party registration
Wilmington NC MSA,2022,0.5554,40000.0,34.43,-77.89,party registration
La Crosse WI-MN MSA,2022,0.5475,13390.0,43.78,-91.32,modelled by L2
McAllen-Edinburg-Mission TX MSA,2022,0.1262,13260.0,26.4,-98.18,primary-based
Billings MT MSA,2022,0.7099,11250.0,45.64,-108.8,modelled by L2
Sherman-Denison TX MSA,2022,0.7672,6105.0,33.62,-96.68,primary-based
Dothan AL MSA,2022,0.7542,6088.0,31.25,-85.47,modelled by L2
Stockton CA MSA,2022,0.4214,28920.0,37.93,-121.3,party registration
Cedar Rapids IA MSA,2022,0.4679,26550.0,42.09,-91.63,party registration
Muncie IN MSA,2022,0.5328,8401.0,40.23,-85.4,primary-based
Oshkosh-Neenah WI MSA,2022,0.6543,16780.0,44.09,-88.67,modelled by L2
Cumberland MD-WV MSA,2022,0.6489,3372.0,39.53,-78.81,party registration
Great Falls MT MSA,2022,0.6862,3907.0,47.32,-111.4,modelled by L2
Macon GA MSA,2022,0.4378,3562.0,32.86,-83.71,primary-based
Greensboro-High Point NC MSA,2022,0.472,68580.0,36.03,-79.79,party registration
Burlington-South Burlington VT MSA,2022,0.2058,24340.0,44.69,-73.04,modelled by L2
Napa CA MSA,2022,0.2992,10150.0,38.51,-122.3,party registration
Spokane WA MSA,2022,0.4498,48160.0,48.09,-117.7,primary-based
Decatur IL MSA,2022,0.6746,806.0,39.86,-88.96,primary-based
Richmond VA MSA,2022,0.394,161600.0,37.41,-77.44,primary-based
Harrisonburg VA MSA,2022,0.4545,9561.0,38.51,-78.89,primary-based
Colorado Springs CO MSA,2022,0.6057,75370.0,38.85,-104.6,party registration
Philadelphia-Camden-Wilmington PA-NJ-DE-MD MSA,2022,0.3488,568500.0,39.89,-75.31,party registration
Houston-Sugar Land-Baytown TX MSA,2022,0.4821,544900.0,29.75,-95.35,primary-based
Columbus OH MSA,2022,0.4386,243500.0,39.97,-82.84,primary-based
Eugene-Springfield OR MSA,2022,0.3108,31890.0,43.93,-122.9,party registration
Reno-Sparks NV MSA,2022,0.5142,43000.0,40.5,-119.7,party registration
Tyler TX MSA,2022,0.7188,16110.0,32.38,-95.27,primary-based
Niles-Benton Harbor MI MSA,2022,0.4876,7180.0,41.79,-86.74,primary-based
Pine Bluff AR MSA,2022,0.424,2601.0,34.08,-91.95,party registration
Hagerstown-Martinsburg MD-WV MSA,2022,0.6275,12900.0,39.55,-77.98,party registration
Tuscaloosa AL MSA,2022,0.5597,17330.0,33.1,-87.8,modelled by L2
Kingsport-Bristol-Bristol TN-VA MSA,2022,0.8172,10340.0,36.6,-82.44,primary-based
Punta Gorda FL MSA,2022,0.6961,3489.0,26.91,-82.0,party registration
Bridgeport-Stamford-Norwalk CT MSA,2022,0.3586,78120.0,41.23,-73.37,party registration
Longview TX MSA,2022,0.736,11830.0,32.43,-94.68,primary-based
Portland-South Portland-Biddeford ME MSA,2022,0.3525,32730.0,43.65,-70.42,party registration
Las Cruces NM MSA,2022,0.3734,9611.0,32.35,-106.8,party registration
Anderson IN MSA,2022,0.6216,5372.0,39.75,-86.21,primary-based
Ocean City NJ MSA,2022,0.6222,4004.0,39.09,-74.85,party registration
Saginaw-Saginaw Township North MI MSA,2022,0.4442,11960.0,43.33,-84.06,primary-based
Jefferson City MO MSA,2022,0.7504,10840.0,38.64,-92.09,modelled by L2
Kingston NY MSA,2022,0.3352,5925.0,41.95,-74.27,party registration
Savannah GA MSA,2022,0.5206,2484.0,32.11,-81.27,primary-based
St. George UT MSA,2022,0.8637,8713.0,37.26,-113.5,party registration
Warner Robins GA MSA,2022,0.6092,1050.0,32.49,-83.71,primary-based
Indianapolis-Carmel IN MSA,2022,0.5209,232800.0,39.75,-86.21,primary-based
Kansas City MO-KS MSA,2022,0.5277,257500.0,38.93,-94.44,modelled by L2
Grand Rapids-Wyoming MI MSA,2022,0.458,98320.0,43.04,-85.78,primary-based
San Antonio TX MSA,2022,0.4472,217400.0,29.43,-98.61,primary-based
Columbia SC MSA,2022,0.4621,60200.0,34.08,-81.04,primary-based
Omaha-Council Bluffs NE-IA MSA,2022,0.5644,111900.0,41.29,-96.0,party registration
Boulder CO MSA,2022,0.2423,54830.0,40.09,-105.4,party registration
Bangor ME MSA,2022,0.505,4743.0,45.41,-68.67,party registration
Columbia MO MSA,2022,0.4437,22150.0,38.99,-92.59,modelled by L2
Auburn-Opelika AL MSA,2022,0.6241,4384.0,32.6,-85.35,modelled by L2
Provo-Orem UT MSA,2022,0.8506,64560.0,39.87,-112.4,party registration
Champaign-Urbana IL MSA,2022,0.3818,21170.0,40.1,-88.32,primary-based
Bend OR MSA,2022,0.4087,20750.0,43.92,-121.2,party registration
Little Rock-North Little Rock-Conway AR MSA,2022,0.544,57210.0,34.76,-92.4,party registration
Winchester VA-WV MSA,2022,0.5769,8305.0,39.27,-78.47,primary-based
Weirton-Steubenville WV-OH MSA,2022,0.6422,4067.0,40.39,-80.7,party registration
Blacksburg-Christiansburg-Radford VA MSA,2022,0.3796,14560.0,37.12,-80.56,primary-based
Grand Junction CO MSA,2022,0.7314,11000.0,39.02,-108.5,party registration
Sioux City IA-NE-SD MSA,2022,0.6707,7484.0,42.51,-96.44,party registration
Carson City NV MSA,2022,0.6094,3328.0,39.15,-119.7,party registration
Denver-Aurora CO MSA,2022,0.3635,421500.0,39.43,-104.9,party registration
Oklahoma City OK MSA,2022,0.6228,111100.0,35.43,-97.51,party registration
Charleston-North Charleston SC MSA,2022,0.5583,80390.0,33.02,-80.01,primary-based
Hartford-West Hartford-East Hartford CT MSA,2022,0.3469,92720.0,41.72,-72.57,party registration
New Orleans-Metairie-Kenner LA MSA,2022,0.4671,97310.0,30.05,-89.93,party registration
Springfield MO MSA,2022,0.7076,37460.0,37.36,-93.18,modelled by L2
Mankato-North Mankato MN MSA,2022,0.5288,8468.0,44.15,-94.15,modelled by L2
Bloomington-Normal IL MSA,2022,0.4721,15870.0,40.49,-88.84,primary-based
Fort Smith AR-OK MSA,2022,0.7594,12860.0,35.46,-94.3,party registration
Salisbury MD MSA,2022,0.5079,6283.0,38.4,-75.48,party registration
Charlotte-Gastonia-Concord NC-SC MSA,2022,0.4466,288600.0,35.17,-80.8,party registration
Trenton-Ewing NJ MSA,2022,0.2756,33690.0,40.28,-74.7,party registration
Tucson AZ MSA,2022,0.4131,81060.0,32.13,-111.8,party registration
Amarillo TX MSA,2022,0.7371,15790.0,35.25,-101.9,primary-based
Riverside-San Bernardino-Ontario CA MSA,2022,0.4606,193700.0,34.54,-116.1,party registration
Fairbanks AK MSA,2022,0.6465,5915.0,64.68,-146.5,party registration
Janesville WI MSA,2022,0.5249,9774.0,42.67,-89.08,modelled by L2
Virginia Beach-Norfolk-Newport News VA-NC MSA,2022,0.4063,147900.0,36.8,-76.45,primary-based
Huntington-Ashland WV-KY-OH MSA,2022,0.6001,9710.0,38.41,-82.54,party registration
Cape Coral-Fort Myers FL MSA,2022,0.646,47790.0,26.56,-81.98,party registration
Reading PA MSA,2022,0.5372,25770.0,40.41,-75.93,party registration
Bakersfield CA MSA,2022,0.5681,37040.0,35.35,-118.7,party registration
Bay City MI MSA,2022,0.4628,4334.0,43.7,-83.98,primary-based
Sumter SC MSA,2022,0.4958,4543.0,33.79,-80.29,primary-based
Visalia-Porterville CA MSA,2022,0.5786,13690.0,36.23,-118.8,party registration
Dubuque IA MSA,2022,0.5093,9449.0,42.46,-90.88,party registration
New Haven-Milford CT MSA,2022,0.338,61330.0,41.35,-72.9,party registration
Tulsa OK MSA,2022,0.6732,87110.0,36.25,-96.18,party registration
Miami-Fort Lauderdale-Pompano Beach FL MSA,2022,0.3936,392600.0,26.1,-80.48,party registration
Hattiesburg MS MSA,2022,0.6362,9468.0,31.27,-89.3,primary-based
Anchorage AK MSA,2022,0.6044,29080.0,62.21,-149.7,party registration
Oxnard-Thousand Oaks-Ventura CA MSA,2022,0.3997,57400.0,34.36,-119.1,party registration
Midland TX MSA,2022,0.6586,15870.0,32.09,-102.0,primary-based
Montgomery AL MSA,2022,0.5249,26450.0,32.37,-86.4,modelled by L2
Rapid City SD MSA,2022,0.7553,8609.0,44.31,-102.8,party registration
Lewiston ID-WA MSA,2022,0.7189,2061.0,46.25,-116.9,party registration
Columbus IN MSA,2022,0.7,655.0,39.21,-85.9,primary-based
Lewiston-Auburn ME MSA,2022,0.4621,3657.0,44.17,-70.21,party registration
Wichita Falls TX MSA,2022,0.8855,6934.0,33.78,-98.5,primary-based
Hinesville-Fort Stewart GA MSA,2022,0.4035,405.0,31.78,-81.58,primary-based
Washington-Arlington-Alexandria DC-VA-MD-WV MSA,2022,0.2607,592600.0,38.8,-77.49,party registration
Fayetteville-Springdale-Rogers AR-MO MSA,2022,0.6263,55870.0,36.12,-94.08,party registration
Winston-Salem NC MSA,2022,0.6562,11650.0,36.08,-80.35,party registration
Medford OR MSA,2022,0.5767,10680.0,42.41,-122.7,party registration
Redding CA MSA,2022,0.6963,8525.0,40.76,-122.0,party registration
Bremerton-Silverdale WA MSA,2022,0.3718,15640.0,47.64,-122.6,primary-based
Brownsville-Harlingen TX MSA,2022,0.1717,10240.0,26.1,-97.48,primary-based
Wausau WI MSA,2022,0.7112,9688.0,45.05,-89.76,modelled by L2
Terre Haute IN MSA,2022,0.5728,10620.0,39.48,-87.31,primary-based
Johnson City TN MSA,2022,0.7597,12490.0,36.27,-82.33,primary-based
Logan UT-ID MSA,2022,0.8194,10380.0,41.89,-111.8,party registration
Flint MI MSA,2022,0.3581,17510.0,43.02,-83.71,primary-based
Mount Vernon-Anacortes WA MSA,2022,0.3709,5714.0,48.49,-121.8,primary-based
Toledo OH MSA,2022,0.4751,46330.0,41.56,-83.52,primary-based
Santa Rosa-Petaluma CA MSA,2022,0.2441,33480.0,38.53,-122.9,party registration
Santa Barbara-Santa Maria-Goleta CA MSA,2022,0.3006,35580.0,34.54,-120.0,party registration
Mobile AL MSA,2022,0.606,26190.0,30.97,-88.21,modelled by L2
Jackson MI MSA,2022,0.5877,2192.0,42.25,-84.42,primary-based
Lawrence KS MSA,2022,0.4455,1669.0,38.9,-95.29,party registration
Owensboro KY MSA,2022,0.5676,6773.0,37.69,-87.08,party registration
Rocky Mount NC MSA,2022,0.411,5956.0,35.94,-77.8,party registration
Texarkana TX-Texarkana AR MSA,2022,0.7224,4901.0,33.48,-94.21,party registration
Sheboygan WI MSA,2022,0.7421,9857.0,43.74,-87.73,modelled by L2
Michigan City-La Porte IN MSA,2022,0.4875,4661.0,41.55,-86.74,primary-based
Panama City-Lynn Haven FL MSA,2022,0.7526,4559.0,30.16,-85.53,party registration
Naples-Marco Island FL MSA,2022,0.6985,2544.0,26.12,-81.4,party registration
Greeley CO MSA,2022,0.6204,16610.0,40.56,-104.4,party registration
Baton Rouge LA MSA,2022,0.5798,64770.0,30.52,-91.13,party registration
Killeen-Temple-Fort Hood TX MSA,2022,0.5518,25030.0,31.2,-97.79,primary-based
El Paso TX MSA,2022,0.1776,39140.0,31.53,-105.5,primary-based
Madera CA MSA,2022,0.6421,1298.0,37.21,-119.7,party registration
Coeur d'Alene ID MSA,2022,0.8358,3692.0,47.68,-116.7,party registration
San Luis Obispo-Paso Robles CA MSA,2022,0.4035,24270.0,35.39,-120.4,party registration
Elmira NY MSA,2022,0.6117,2409.0,42.15,-76.75,party registration
Fort Walton Beach-Crestview-Destin FL MSA,2022,0.7556,13250.0,30.59,-86.36,party registration
Idaho Falls ID MSA,2022,0.8524,9261.0,43.62,-112.4,party registration
Lake Havasu City-Kingman AZ MSA,2022,0.8027,5483.0,35.72,-113.7,party registration
Sacramento-Arden-Arcade-Roseville CA MSA,2022,0.3923,199100.0,38.79,-121.0,party registration
Birmingham-Hoover AL MSA,2022,0.6661,27150.0,33.4,-86.73,modelled by L2
San Diego-Carlsbad-San Marcos CA MSA,2022,0.3711,379300.0,33.02,-116.8,party registration
Austin-Round Rock TX MSA,2022,0.3499,363800.0,30.25,-97.65,primary-based
Houma-Bayou Cane-Thibodaux LA MSA,2022,0.7525,9940.0,29.33,-90.84,party registration
Rockford IL MSA,2023,0.5181,23090.0,42.33,-89.04,primary-based
Boise City-Nampa ID MSA,2023,0.6642,75430.0,43.01,-116.1,party registration
Orlando-Kissimmee FL MSA,2023,0.4228,276500.0,28.43,-81.36,party registration
Huntsville AL MSA,2023,0.6199,50380.0,34.78,-86.73,modelled by L2
Phoenix-Mesa-Scottsdale AZ MSA,2023,0.5349,420800.0,33.19,-112.1,party registration
Charlottesville VA MSA,2023,0.3117,29600.0,37.95,-78.59,primary-based
Chattanooga TN-GA MSA,2023,0.6279,47330.0,35.05,-85.36,primary-based
Goldsboro NC MSA,2023,0.5764,4930.0,35.35,-78.01,party registration
Albany-Schenectady-Troy NY MSA,2023,0.3781,80390.0,42.79,-73.94,party registration
San Angelo TX MSA,2023,0.682,6264.0,31.48,-100.8,primary-based
Erie PA MSA,2023,0.4795,20710.0,42.12,-80.1,party registration
Vallejo-Fairfield CA MSA,2023,0.3449,19440.0,38.27,-121.9,party registration
Pensacola-Ferry Pass-Brent FL MSA,2023,0.6859,37890.0,30.61,-87.16,party registration
Longview WA MSA,2023,0.5421,2271.0,46.2,-122.7,primary-based
Port St. Lucie FL MSA,2023,0.5851,24660.0,27.23,-80.43,party registration
Bowling Green KY MSA,2023,0.5709,10100.0,37.05,-86.4,party registration
Palm Bay-Melbourne-Titusville FL MSA,2023,0.6369,25390.0,28.3,-80.7,party registration
Detroit-Warren-Livonia MI MSA,2023,0.3626,360500.0,42.72,-83.2,primary-based
Las Vegas-Paradise NV MSA,2023,0.4565,188100.0,36.21,-115.0,party registration
Atlanta-Sandy Springs-Marietta GA MSA,2023,0.385,231300.0,33.69,-84.4,primary-based
Gulfport-Biloxi MS MSA,2023,0.7125,14890.0,30.48,-89.0,primary-based
Providence-New Bedford-Fall River RI-MA MSA,2023,0.2853,119400.0,41.71,-71.29,party registration
Anderson SC MSA,2023,0.677,8522.0,34.68,-82.41,primary-based
Myrtle Beach-Conway-North Myrtle Beach SC MSA,2023,0.6413,22060.0,33.97,-78.61,primary-based
Racine WI MSA,2023,0.5701,11920.0,42.78,-87.77,modelled by L2
State College PA MSA,2023,0.421,17460.0,40.91,-77.85,party registration
Des Moines-West Des Moines IA MSA,2023,0.4747,87100.0,41.58,-93.76,party registration
Chico CA MSA,2023,0.4439,12690.0,39.67,-121.6,party registration
Parkersburg-Marietta-Vienna WV-OH MSA,2023,0.7387,6184.0,39.14,-81.46,party registration
Fayetteville NC MSA,2023,0.4003,19580.0,35.16,-78.93,party registration
Iowa City IA MSA,2023,0.2702,20860.0,41.52,-91.65,party registration
Sebastian-Vero Beach FL MSA,2023,0.6904,7895.0,27.7,-80.57,party registration
Eau Claire WI MSA,2023,0.6009,14980.0,44.94,-91.28,modelled by L2
Springfield IL MSA,2023,0.5595,13770.0,39.83,-89.7,primary-based
Olympia WA MSA,2023,0.3091,21100.0,46.94,-122.8,primary-based
Morristown TN MSA,2023,0.8427,2543.0,36.17,-83.42,primary-based
Monroe LA MSA,2023,0.5945,14860.0,32.73,-92.1,party registration
La Crosse WI-MN MSA,2023,0.5439,13410.0,43.78,-91.32,modelled by L2
Canton-Massillon OH MSA,2023,0.559,31860.0,40.71,-81.26,primary-based
Ames IA MSA,2023,0.4205,11410.0,42.04,-93.7,party registration
Wheeling WV-OH MSA,2023,0.6363,5295.0,39.98,-80.85,party registration
Jackson TN MSA,2023,0.7141,896.0,35.75,-88.88,primary-based
Seattle-Tacoma-Bellevue WA MSA,2023,0.2274,493800.0,47.49,-121.8,primary-based
Pittsburgh PA MSA,2023,0.4567,260500.0,40.44,-79.84,party registration
Yuma AZ MSA,2023,0.5626,6581.0,32.77,-113.9,party registration
Jacksonville FL MSA,2023,0.5831,149500.0,30.24,-81.75,party registration
Lake Charles LA MSA,2023,0.6529,16810.0,29.98,-93.25,party registration
Laredo TX MSA,2023,0.09187,6905.0,27.76,-99.34,primary-based
Cleveland-Elyria-Mentor OH MSA,2023,0.4148,213000.0,41.56,-81.6,primary-based
Kennewick-Richland-Pasco WA MSA,2023,0.5357,19280.0,46.36,-119.3,primary-based
Roanoke VA MSA,2023,0.5328,27850.0,37.29,-79.95,primary-based
Decatur IL MSA,2023,0.6881,766.0,39.86,-88.96,primary-based
Charleston WV MSA,2023,0.5766,13380.0,38.36,-81.62,party registration
Bellingham WA MSA,2023,0.2949,20710.0,48.84,-121.8,primary-based
Pueblo CO MSA,2023,0.4826,7902.0,38.16,-104.5,party registration
El Centro CA MSA,2023,0.3458,3860.0,33.04,-115.4,party registration
Jonesboro AR MSA,2023,0.6794,5425.0,35.7,-90.65,party registration
Lawton OK MSA,2023,0.6268,4187.0,34.53,-98.43,party registration
Florence SC MSA,2023,0.5241,10080.0,34.15,-79.81,primary-based
Elkhart-Goshen IN MSA,2023,0.6868,13340.0,41.6,-85.86,primary-based
Albany GA MSA,2023,0.5,445.0,31.64,-84.11,primary-based
Rochester NY MSA,2023,0.4393,98900.0,43.15,-77.52,party registration
Stockton CA MSA,2023,0.4221,28670.0,37.93,-121.3,party registration
Cedar Rapids IA MSA,2023,0.4686,26350.0,42.09,-91.63,party registration
Bloomington IN MSA,2023,0.3805,21260.0,39.24,-86.67,primary-based
Dover DE MSA,2023,0.446,8538.0,39.1,-75.5,party registration
Pittsfield MA MSA,2023,0.1553,8414.0,42.37,-73.22,party registration
Lima OH MSA,2023,0.7975,1300.0,40.77,-84.11,primary-based
Lancaster PA MSA,2023,0.583,42970.0,40.04,-76.25,party registration
Decatur AL MSA,2023,0.7946,1806.0,34.49,-87.1,modelled by L2
Lafayette LA MSA,2023,0.6909,22500.0,29.96,-92.05,party registration
Muncie IN MSA,2023,0.5332,8281.0,40.23,-85.4,primary-based
Durham NC MSA,2023,0.2371,82630.0,36.06,-78.99,party registration
Lebanon PA MSA,2023,0.6544,11430.0,40.37,-76.46,party registration
Lubbock TX MSA,2023,0.6353,27170.0,33.47,-101.6,primary-based
Santa Cruz-Watsonville CA MSA,2023,0.2237,9260.0,37.01,-122.0,party registration
Sherman-Denison TX MSA,2023,0.767,6180.0,33.62,-96.68,primary-based
McAllen-Edinburg-Mission TX MSA,2023,0.1227,13400.0,26.4,-98.18,primary-based
Dothan AL MSA,2023,0.7583,6122.0,31.25,-85.47,modelled by L2
Anniston-Oxford AL MSA,2023,0.7136,3092.0,33.77,-85.83,modelled by L2
Cumberland MD-WV MSA,2023,0.6482,3373.0,39.53,-78.81,party registration
Fond du Lac WI MSA,2023,0.7805,1471.0,43.75,-88.49,modelled by L2
Cleveland TN MSA,2023,0.7806,1317.0,35.14,-84.66,primary-based
Punta Gorda FL MSA,2023,0.6945,3489.0,26.91,-82.0,party registration
Salinas CA MSA,2023,0.3139,23020.0,36.24,-121.3,party registration
Topeka KS MSA,2023,0.6021,17200.0,39.04,-95.8,party registration
Ann Arbor MI MSA,2023,0.2356,61040.0,42.25,-83.84,primary-based
Greenville NC MSA,2023,0.4454,15870.0,35.59,-77.37,party registration
Knoxville TN MSA,2023,0.6624,75030.0,36.01,-84.21,primary-based
Hot Springs AR MSA,2023,0.7186,1937.0,34.58,-93.15,party registration
Hanford-Corcoran CA MSA,2023,0.5864,3718.0,36.07,-119.8,party registration
Dalton GA MSA,2023,0.809,768.0,34.8,-84.86,primary-based
Prescott AZ MSA,2023,0.7238,7894.0,34.63,-112.6,party registration
Barnstable Town MA MSA,2023,0.3301,12750.0,41.71,-70.16,party registration
Asheville NC MSA,2023,0.4265,37650.0,35.6,-82.68,party registration
Shreveport-Bossier City LA MSA,2023,0.5986,19680.0,32.44,-93.74,party registration
Joplin MO MSA,2023,0.8223,8348.0,37.06,-94.34,modelled by L2
Victoria TX MSA,2023,0.6647,1915.0,28.73,-97.2,primary-based
Columbus GA-AL MSA,2023,0.5055,2523.0,32.42,-84.84,primary-based
Springfield MA MSA,2023,0.2722,39830.0,42.36,-72.62,party registration
Champaign-Urbana IL MSA,2023,0.39,20950.0,40.1,-88.32,primary-based
Provo-Orem UT MSA,2023,0.8519,64020.0,39.87,-112.4,party registration
Omaha-Council Bluffs NE-IA MSA,2023,0.5637,111700.0,41.29,-96.0,party registration
Spokane WA MSA,2023,0.4477,48000.0,48.09,-117.7,primary-based
Bend OR MSA,2023,0.4085,21070.0,43.92,-121.2,party registration
Lincoln NE MSA,2023,0.5418,36050.0,40.82,-96.87,party registration
Billings MT MSA,2023,0.7091,11250.0,45.64,-108.8,modelled by L2
Oshkosh-Neenah WI MSA,2023,0.6521,16690.0,44.09,-88.67,modelled by L2
Bangor ME MSA,2023,0.5055,4630.0,45.41,-68.67,party registration
Burlington-South Burlington VT MSA,2023,0.2048,24240.0,44.69,-73.04,modelled by L2
Little Rock-North Little Rock-Conway AR MSA,2023,0.5459,57100.0,34.76,-92.4,party registration
Columbia MO MSA,2023,0.442,21880.0,38.99,-92.59,modelled by L2
Hagerstown-Martinsburg MD-WV MSA,2023,0.631,12770.0,39.55,-77.98,party registration
Boulder CO MSA,2023,0.2426,54540.0,40.09,-105.4,party registration
Kingsport-Bristol-Bristol TN-VA MSA,2023,0.8168,10230.0,36.6,-82.44,primary-based
Charleston-North Charleston SC MSA,2023,0.5569,80970.0,33.02,-80.01,primary-based
Tuscaloosa AL MSA,2023,0.564,17240.0,33.1,-87.8,modelled by L2
Niles-Benton Harbor MI MSA,2023,0.4848,7073.0,41.79,-86.74,primary-based
Auburn-Opelika AL MSA,2023,0.6248,4311.0,32.6,-85.35,modelled by L2
Pine Bluff AR MSA,2023,0.4334,2563.0,34.08,-91.95,party registration
New York-Northern New Jersey-Long Island NY-NJ-PA MSA,2023,0.2966,1771000.0,40.77,-73.87,party registration
Lakeland FL MSA,2023,0.6038,35280.0,27.95,-81.69,party registration
Vineland-Millville-Bridgeton NJ MSA,2023,0.4715,5383.0,39.33,-75.12,party registration
St. Cloud MN MSA,2023,0.6891,15310.0,45.59,-94.49,modelled by L2
Jackson MS MSA,2023,0.5309,42320.0,32.43,-90.2,primary-based
Chicago-Naperville-Joliet IL-IN-WI MSA,2023,0.275,921900.0,41.82,-87.83,primary-based
Minneapolis-St. Paul-Bloomington MN-WI MSA,2023,0.4764,381400.0,45.1,-93.28,modelled by L2
Green Bay WI MSA,2023,0.7334,32870.0,44.47,-88.0,modelled by L2
Fort Collins-Loveland CO MSA,2023,0.419,47940.0,40.66,-105.5,party registration
Lafayette IN MSA,2023,0.5247,21980.0,40.48,-87.02,primary-based
Appleton WI MSA,2023,0.7292,25740.0,44.29,-88.37,modelled by L2
Albuquerque NM MSA,2023,0.3918,59360.0,35.12,-106.5,party registration
Texarkana TX-Texarkana AR MSA,2023,0.7227,4889.0,33.48,-94.21,party registration
Merced CA MSA,2023,0.4342,8095.0,37.19,-120.7,party registration
Monroe MI MSA,2023,0.589,3275.0,41.92,-83.49,primary-based
Yakima WA MSA,2023,0.4564,10040.0,46.46,-120.7,primary-based
Peoria IL MSA,2023,0.5879,24420.0,40.71,-89.7,primary-based
Columbia SC MSA,2023,0.4619,60150.0,34.08,-81.04,primary-based
Napa CA MSA,2023,0.2981,10180.0,38.51,-122.3,party registration
Greensboro-High Point NC MSA,2023,0.474,68100.0,36.03,-79.79,party registration
Owensboro KY MSA,2023,0.5676,6749.0,37.69,-87.08,party registration
Atlantic City NJ MSA,2023,0.4615,11700.0,39.47,-74.63,party registration
Michigan City-La Porte IN MSA,2023,0.4914,4689.0,41.55,-86.74,primary-based
Athens-Clark County GA MSA,2023,0.503,1970.0,33.94,-83.21,primary-based
Denver-Aurora CO MSA,2023,0.3613,423400.0,39.43,-104.9,party registration
New Orleans-Metairie-Kenner LA MSA,2023,0.4673,97000.0,30.05,-89.93,party registration
Salisbury MD MSA,2023,0.5106,6265.0,38.4,-75.48,party registration
Washington-Arlington-Alexandria DC-VA-MD-WV MSA,2023,0.26,600300.0,38.8,-77.49,party registration
Oklahoma City OK MSA,2023,0.6236,111000.0,35.43,-97.51,party registration
Hartford-West Hartford-East Hartford CT MSA,2023,0.3439,92340.0,41.72,-72.57,party registration
Springfield MO MSA,2023,0.705,37300.0,37.36,-93.18,modelled by L2
Fort Smith AR-OK MSA,2023,0.757,12850.0,35.46,-94.3,party registration
Bloomington-Normal IL MSA,2023,0.4783,16020.0,40.49,-88.84,primary-based
Fresno CA MSA,2023,0.5064,46980.0,36.76,-119.7,party registration
Baltimore-Towson MD MSA,2023,0.345,261200.0,39.3,-76.55,party registration
Worcester MA MSA,2023,0.3186,60580.0,42.22,-71.93,party registration
Beaumont-Port Arthur TX MSA,2023,0.6209,18160.0,30.08,-94.2,primary-based
Danville IL MSA,2023,0.7347,745.0,40.19,-87.73,primary-based
Deltona-Daytona Beach-Ormond Beach FL MSA,2023,0.6021,28220.0,29.18,-81.19,party registration
Sioux Falls SD MSA,2023,0.6702,27000.0,43.5,-97.0,party registration
Cincinnati-Middletown OH-KY-IN MSA,2023,0.5658,225400.0,39.1,-84.48,primary-based
Nashville-Davidson-Murfreesboro-Franklin TN MSA,2023,0.5456,234200.0,36.12,-86.64,primary-based
Youngstown-Warren-Boardman OH-PA MSA,2023,0.52,22510.0,41.24,-80.56,primary-based
Montgomery AL MSA,2023,0.5258,26350.0,32.37,-86.4,modelled by L2
Flagstaff AZ MSA,2023,0.3646,11100.0,35.83,-111.8,party registration
Utica-Rome NY MSA,2023,0.5681,14480.0,43.33,-75.17,party registration
Tampa-St. Petersburg-Clearwater FL,2023,0.5196,268800.0,28.12,-82.53,party registration
College Station-Bryan TX MSA,2023,0.603,22330.0,30.75,-96.49,primary-based
Poughkeepsie-Newburgh-Middletown NY MSA,2023,0.4318,42720.0,41.58,-74.03,party registration
Sheboygan WI MSA,2023,0.7438,9787.0,43.74,-87.73,modelled by L2
Gainesville GA MSA,2023,0.7632,942.0,34.32,-83.82,primary-based
Rocky Mount NC MSA,2023,0.414,5976.0,35.94,-77.8,party registration
Muskegon-Norton Shores MI MSA,2023,0.4361,8589.0,43.43,-86.42,primary-based
Augusta-Richmond County GA-SC MSA,2023,0.6088,12840.0,33.46,-81.98,primary-based
Clarksville TN-KY MSA,2023,0.5774,17270.0,36.7,-87.62,primary-based
Pocatello ID MSA,2023,0.7155,5111.0,42.69,-112.6,party registration
Wenatchee WA MSA,2023,0.5036,6244.0,47.77,-120.3,primary-based
Charlotte-Gastonia-Concord NC-SC MSA,2023,0.4453,291300.0,35.17,-80.8,party registration
Trenton-Ewing NJ MSA,2023,0.2753,34080.0,40.28,-74.7,party registration
Midland TX MSA,2023,0.6587,16280.0,32.09,-102.0,primary-based
Riverside-San Bernardino-Ontario CA MSA,2023,0.4596,192400.0,34.54,-116.1,party registration
Toledo OH MSA,2023,0.4752,45750.0,41.56,-83.52,primary-based
Tucson AZ MSA,2023,0.4126,81400.0,32.13,-111.8,party registration
Fayetteville-Springdale-Rogers AR-MO MSA,2023,0.6264,56760.0,36.12,-94.08,party registration
Santa Barbara-Santa Maria-Goleta CA MSA,2023,0.302,35290.0,34.54,-120.0,party registration
St. George UT MSA,2023,0.8675,8867.0,37.26,-113.5,party registration
Warner Robins GA MSA,2023,0.5982,1004.0,32.49,-83.71,primary-based
Mankato-North Mankato MN MSA,2023,0.5329,8314.0,44.15,-94.15,modelled by L2
Santa Rosa-Petaluma CA MSA,2023,0.244,33170.0,38.53,-122.9,party registration
Flint MI MSA,2023,0.3567,17360.0,43.02,-83.71,primary-based
Mount Vernon-Anacortes WA MSA,2023,0.3695,5683.0,48.49,-121.8,primary-based
Amarillo TX MSA,2023,0.7386,15700.0,35.25,-101.9,primary-based
Johnson City TN MSA,2023,0.7621,12460.0,36.27,-82.33,primary-based
Jackson MI MSA,2023,0.5895,2138.0,42.25,-84.42,primary-based
Lawrence KS MSA,2023,0.4428,1604.0,38.9,-95.29,party registration
Sarasota-Bradenton-Venice FL MSA,2023,0.6367,54700.0,27.33,-82.41,party registration
San Antonio TX MSA,2023,0.4468,217600.0,29.43,-98.61,primary-based
Kansas City MO-KS MSA,2023,0.5255,258000.0,38.93,-94.44,modelled by L2
Indianapolis-Carmel IN MSA,2023,0.5195,232700.0,39.75,-86.21,primary-based
Reading PA MSA,2023,0.5381,25690.0,40.41,-75.93,party registration
Lewiston ID-WA MSA,2023,0.7183,2080.0,46.25,-116.9,party registration
Binghamton NY MSA,2023,0.4816,16130.0,42.16,-76.02,party registration
Davenport-Moline-Rock Island IA-IL MSA,2023,0.4873,25710.0,41.39,-90.46,party registration
Wichita KS MSA,2023,0.6677,53400.0,37.64,-97.25,party registration
Bay City MI MSA,2023,0.4599,4333.0,43.7,-83.98,primary-based
Grand Rapids-Wyoming MI MSA,2023,0.4555,98600.0,43.04,-85.78,primary-based
Bakersfield CA MSA,2023,0.5674,36790.0,35.35,-118.7,party registration
Janesville WI MSA,2023,0.5253,9735.0,42.67,-89.08,modelled by L2
Sioux City IA-NE-SD MSA,2023,0.6714,7478.0,42.51,-96.44,party registration
Cape Coral-Fort Myers FL MSA,2023,0.6483,47790.0,26.56,-81.98,party registration
Blacksburg-Christiansburg-Radford VA MSA,2023,0.376,14540.0,37.12,-80.56,primary-based
Jefferson City MO MSA,2023,0.7463,10970.0,38.64,-92.09,modelled by L2
Sumter SC MSA,2023,0.5015,4500.0,33.79,-80.29,primary-based
Grand Junction CO MSA,2023,0.7281,11050.0,39.02,-108.5,party registration
Lewiston-Auburn ME MSA,2023,0.4727,3684.0,44.17,-70.21,party registration
Rapid City SD MSA,2023,0.7585,8580.0,44.31,-102.8,party registration
Dubuque IA MSA,2023,0.5083,9402.0,42.46,-90.88,party registration
Logan UT-ID MSA,2023,0.8225,10240.0,41.89,-111.8,party registration
Mobile AL MSA,2023,0.6061,26130.0,30.97,-88.21,modelled by L2
Fairbanks AK MSA,2023,0.6406,5909.0,64.68,-146.5,party registration
Weirton-Steubenville WV-OH MSA,2023,0.6421,4022.0,40.39,-80.7,party registration
Huntington-Ashland WV-KY-OH MSA,2023,0.6021,9760.0,38.41,-82.54,party registration
Columbus IN MSA,2023,0.7186,616.0,39.21,-85.9,primary-based
Philadelphia-Camden-Wilmington PA-NJ-DE-MD MSA,2023,0.3477,568400.0,39.89,-75.31,party registration
Richmond VA MSA,2023,0.392,162000.0,37.41,-77.44,primary-based
Wilmington NC MSA,2023,0.5562,40530.0,34.43,-77.89,party registration
Houston-Sugar Land-Baytown TX MSA,2023,0.4812,547500.0,29.75,-95.35,primary-based
Lansing-East Lansing MI MSA,2023,0.3092,54040.0,42.77,-84.5,primary-based
Bridgeport-Stamford-Norwalk CT MSA,2023,0.3604,77330.0,41.23,-73.37,party registration
Columbus OH MSA,2023,0.4374,243600.0,39.97,-82.84,primary-based
Memphis TN-AR-MS MSA,2023,0.4434,106000.0,35.02,-89.87,primary-based
Colorado Springs CO MSA,2023,0.6063,75320.0,38.85,-104.6,party registration
Kalamazoo-Portage MI MSA,2023,0.3731,35990.0,42.25,-85.53,primary-based
Winchester VA-WV MSA,2023,0.5764,8363.0,39.27,-78.47,primary-based
Virginia Beach-Norfolk-Newport News VA-NC MSA,2023,0.4052,147200.0,36.8,-76.45,primary-based
Visalia-Porterville CA MSA,2023,0.5751,13610.0,36.23,-118.8,party registration
Anderson IN MSA,2023,0.6249,5326.0,39.75,-86.21,primary-based
Las Cruces NM MSA,2023,0.3728,9541.0,32.35,-106.8,party registration
Tyler TX MSA,2023,0.7181,16000.0,32.38,-95.27,primary-based
Eugene-Springfield OR MSA,2023,0.3106,31780.0,43.93,-122.9,party registration
Saginaw-Saginaw Township North MI MSA,2023,0.4426,11870.0,43.33,-84.06,primary-based
Ocean City NJ MSA,2023,0.6303,3815.0,39.09,-74.85,party registration
Macon GA MSA,2023,0.4364,3531.0,32.86,-83.71,primary-based
Lexington-Fayette KY MSA,2023,0.4577,59450.0,38.1,-84.44,party registration
Great Falls MT MSA,2023,0.6881,3872.0,47.32,-111.4,modelled by L2
Savannah GA MSA,2023,0.5206,2374.0,32.11,-81.27,primary-based
Salem OR MSA,2023,0.4607,22760.0,44.9,-122.9,party registration
Kingston NY MSA,2023,0.3351,5861.0,41.95,-74.27,party registration
Longview TX MSA,2023,0.7369,11900.0,32.43,-94.68,primary-based
Wichita Falls TX MSA,2023,0.8943,6918.0,33.78,-98.5,primary-based
Carson City NV MSA,2023,0.6047,3348.0,39.15,-119.7,party registration
Hinesville-Fort Stewart GA MSA,2023,0.3956,378.0,31.78,-81.58,primary-based
Brownsville-Harlingen TX MSA,2023,0.1701,10270.0,26.1,-97.48,primary-based
Scranton--Wilkes-Barre PA MSA,2023,0.4713,26130.0,41.32,-75.9,party registration
Baton Rouge LA MSA,2023,0.5788,64130.0,30.52,-91.13,party registration
Tulsa OK MSA,2023,0.6729,87360.0,36.25,-96.18,party registration
Coeur d'Alene ID MSA,2023,0.8381,3648.0,47.68,-116.7,party registration
El Paso TX MSA,2023,0.1741,38780.0,31.53,-105.5,primary-based
Hickory-Lenoir-Morganton NC MSA,2023,0.7247,18580.0,35.81,-81.46,party registration
Tallahassee FL MSA,2023,0.3909,40740.0,30.35,-84.27,party registration
New Haven-Milford CT MSA,2023,0.3361,61100.0,41.35,-72.9,party registration
Killeen-Temple-Fort Hood TX MSA,2023,0.5543,24570.0,31.2,-97.79,primary-based
Medford OR MSA,2023,0.5777,10590.0,42.41,-122.7,party registration
Norwich-New London CT MSA,2023,0.3851,19560.0,41.47,-72.11,party registration
Terre Haute IN MSA,2023,0.5721,10520.0,39.48,-87.31,primary-based
Portland-South Portland-Biddeford ME MSA,2023,0.3513,32310.0,43.65,-70.42,party registration
Harrisonburg VA MSA,2023,0.4512,9423.0,38.51,-78.89,primary-based
Reno-Sparks NV MSA,2023,0.5139,42830.0,40.5,-119.7,party registration
Winston-Salem NC MSA,2023,0.6538,11560.0,36.08,-80.35,party registration
Ithaca NY MSA,2023,0.2191,14200.0,42.45,-76.47,party registration
Bremerton-Silverdale WA MSA,2023,0.3708,15540.0,47.64,-122.6,primary-based
Johnstown PA MSA,2023,0.6239,5858.0,40.51,-78.71,party registration
Redding CA MSA,2023,0.6971,8436.0,40.76,-122.0,party registration
Madera CA MSA,2023,0.6291,1258.0,37.21,-119.7,party registration
Boston-Cambridge-Quincy MA-NH MSA,2023,0.2335,632400.0,42.52,-71.02,party registration
Casper WY MSA,2023,0.7943,6798.0,42.98,-106.8,party registration
Syracuse NY MSA,2023,0.4454,58230.0,43.01,-76.2,party registration
Portland-Vancouver-Beaverton OR-WA MSA,2023,0.2698,300100.0,45.6,-122.5,party registration
Waco TX MSA,2023,0.6392,20030.0,31.43,-97.09,primary-based
Raleigh-Cary NC MSA,2023,0.3863,207100.0,35.76,-78.46,party registration
Fort Wayne IN MSA,2023,0.6406,42950.0,41.11,-85.22,primary-based
Elizabethtown KY MSA,2023,0.5889,6762.0,37.73,-85.97,party registration
Miami-Fort Lauderdale-Pompano Beach FL MSA,2023,0.3946,394200.0,26.1,-80.48,party registration
Oxnard-Thousand Oaks-Ventura CA MSA,2023,0.398,56850.0,34.36,-119.1,party registration
Ocala FL MSA,2023,0.656,16730.0,29.2,-82.04,party registration
Modesto CA MSA,2023,0.4628,23270.0,37.56,-121.0,party registration
Farmington NM MSA,2023,0.7048,3563.0,36.51,-108.3,party registration
Odessa TX MSA,2023,0.5792,8301.0,31.87,-102.5,primary-based
Gadsden AL MSA,2023,0.7557,3517.0,34.05,-86.03,modelled by L2
Manhattan KS MSA,2023,0.6534,3677.0,39.27,-96.56,party registration
Brunswick GA MSA,2023,0.7266,455.0,31.3,-81.59,primary-based
Idaho Falls ID MSA,2023,0.8524,9349.0,43.62,-112.4,party registration
Dallas-Fort Worth-Arlington TX MSA,2023,0.5199,619400.0,32.85,-96.97,primary-based
Gainesville FL MSA,2023,0.3799,32960.0,29.45,-82.67,party registration
St. Louis MO-IL MSA,2023,0.5163,270500.0,38.74,-90.35,modelled by L2
Dayton OH MSA,2023,0.599,76400.0,39.83,-84.14,primary-based
Harrisburg-Carlisle PA MSA,2023,0.5471,60680.0,40.34,-77.05,party registration
Wausau WI MSA,2023,0.7147,9546.0,45.05,-89.76,modelled by L2
Hattiesburg MS MSA,2023,0.6391,9298.0,31.27,-89.3,primary-based
Anchorage AK MSA,2023,0.6063,29150.0,62.21,-149.7,party registration
Florence-Muscle Shoals AL MSA,2023,0.7148,6703.0,34.8,-87.72,modelled by L2
Altoona PA MSA,2023,0.7096,7314.0,40.5,-78.31,party registration
Battle Creek MI MSA,2023,0.4593,7882.0,42.24,-85.01,primary-based
Grand Forks ND-MN MSA,2023,0.4399,6346.0,47.84,-96.84,modelled by L2
Mansfield OH MSA,2023,0.7909,998.0,40.77,-82.54,primary-based
Kokomo IN MSA,2023,0.7111,6143.0,40.48,-86.11,primary-based
Cape Girardeau-Jackson MO-IL MSA,2023,0.7382,4725.0,37.33,-89.76,modelled by L2
Elmira NY MSA,2023,0.6159,2349.0,42.15,-76.75,party registration
Cheyenne WY MSA,2023,0.8028,6477.0,41.29,-104.7,party registration
Glens Falls NY MSA,2023,0.5574,6537.0,43.44,-73.64,party registration
Rome GA MSA,2023,0.7329,632.0,34.26,-85.21,primary-based
Austin-Round Rock TX MSA,2023,0.3491,365100.0,30.25,-97.65,primary-based
Milwaukee-Waukesha-West Allis WI MSA,2023,0.5919,190300.0,42.91,-87.86,modelled by L2
Buffalo-Niagara Falls NY MSA,2023,0.4015,77680.0,43.04,-78.78,party registration
Allentown-Bethlehem-Easton PA-NJ MSA,2023,0.4901,71780.0,40.79,-75.4,party registration
Ogden-Clearfield UT MSA,2023,0.8092,33550.0,41.62,-113.1,party registration
Santa Fe NM MSA,2023,0.1844,9723.0,35.51,-106.0,party registration
Sacramento-Arden-Arcade-Roseville CA MSA,2023,0.3904,199300.0,38.79,-121.0,party registration
San Jose-Sunnyvale-Santa Clara CA MSA,2023,0.229,221200.0,36.91,-121.4,party registration
San Francisco-Oakland-Fremont CA MSA,2023,0.1875,408800.0,37.77,-122.3,party registration
San Luis Obispo-Paso Robles CA MSA,2023,0.4076,24150.0,35.39,-120.4,party registration
Madison WI MSA,2023,0.4289,110200.0,43.08,-89.6,modelled by L2
Fort Walton Beach-Crestview-Destin FL MSA,2023,0.7567,13190.0,30.59,-86.36,party registration
Greenville-Mauldin-Easley SC MSA,2023,0.652,76800.0,34.68,-82.41,primary-based
Greeley CO MSA,2023,0.6206,16630.0,40.56,-104.4,party registration
Birmingham-Hoover AL MSA,2023,0.6668,26820.0,33.4,-86.73,modelled by L2
Lynchburg VA MSA,2023,0.6143,18170.0,37.36,-79.22,primary-based
Fargo ND-MN MSA,2023,0.472,23570.0,46.91,-96.96,modelled by L2
Evansville IN-KY MSA,2023,0.6124,27040.0,38.02,-87.59,primary-based
South Bend-Mishawaka IN-MI MSA,2023,0.4625,25980.0,41.77,-86.12,primary-based
Rochester MN MSA,2023,0.5636,20360.0,43.95,-92.33,modelled by L2
Missoula MT MSA,2023,0.4448,11600.0,47.03,-113.9,modelled by L2
Jacksonville NC MSA,2023,0.7121,4785.0,34.76,-77.5,party registration
Manchester-Nashua NH MSA,2023,0.5001,24010.0,42.91,-71.72,party registration
Lake Havasu City-Kingman AZ MSA,2023,0.7996,5523.0,35.72,-113.7,party registration
Houma-Bayou Cane-Thibodaux LA MSA,2023,0.7547,9839.0,29.33,-90.84,party registration
Yuba City CA MSA,2023,0.5913,4795.0,39.16,-121.5,party registration
Alexandria LA MSA,2023,0.7374,2474.0,31.33,-92.55,party registration
Williamsport PA MSA,2023,0.6865,7530.0,41.34,-77.06,party registration
York-Hanover PA MSA,2023,0.6384,28570.0,39.92,-76.73,party registration
Panama City-Lynn Haven FL MSA,2023,0.7545,4592.0,30.16,-85.53,party registration
Naples-Marco Island FL MSA,2023,0.6988,2494.0,26.12,-81.4,party registration
Corpus Christi TX MSA,2023,0.5224,23340.0,27.83,-97.51,primary-based
Waterloo-Cedar Falls IA MSA,2023,0.5039,12000.0,42.54,-92.47,party registration
Salt Lake City UT MSA,2023,0.6358,137500.0,40.57,-113.0,party registration
Los Angeles-Long Beach-Santa Ana CA MSA,2023,0.3125,977700.0,34.11,-118.2,party registration
Abilene TX MSA,2023,0.9027,9712.0,32.45,-99.72,primary-based
San Diego-Carlsbad-San Marcos CA MSA,2023,0.37,379200.0,33.02,-116.8,party registration
Akron OH MSA,2023,0.4787,55110.0,41.15,-81.35,primary-based
Morgantown WV MSA,2023,0.4959,11820.0,39.53,-79.8,party registration
Springfield OH MSA,2023,0.6547,6351.0,39.92,-83.78,primary-based
St. Joseph MO-KS MSA,2023,0.8402,918.0,39.83,-94.78,modelled by L2
Valdosta GA MSA,2023,0.6061,887.0,30.83,-83.24,primary-based
Duluth MN-WI MSA,2023,0.4491,20470.0,47.35,-92.16,modelled by L2
Burlington NC MSA,2023,0.4914,10640.0,36.04,-79.4,party registration
Bismarck ND MSA,2023,0.7533,8327.0,46.89,-101.0,modelled by L2
Louisville/Jefferson County KY-IN MSA,2023,0.472,131400.0,38.31,-85.68,party registration
Kankakee-Bradley IL MSA,2023,0.6011,5150.0,41.14,-87.86,primary-based
Spartanburg SC MSA,2023,0.6306,17720.0,34.93,-81.99,primary-based
San Angelo TX MSA,2024,0.6847,6138.0,31.48,-100.8,primary-based
Gulfport-Biloxi MS MSA,2024,0.7118,14700.0,30.48,-89.0,primary-based
Sebastian-Vero Beach FL MSA,2024,0.691,7899.0,27.7,-80.57,party registration
Chico CA MSA,2024,0.4489,12270.0,39.67,-121.6,party registration
Bowling Green KY MSA,2024,0.5749,9890.0,37.05,-86.4,party registration
Olympia WA MSA,2024,0.3107,21110.0,46.94,-122.8,primary-based
Monroe LA MSA,2024,0.5958,14590.0,32.73,-92.1,party registration
Iowa City IA MSA,2024,0.2736,20250.0,41.52,-91.65,party registration
State College PA MSA,2024,0.4253,16840.0,40.91,-77.85,party registration
Des Moines-West Des Moines IA MSA,2024,0.4759,86600.0,41.58,-93.76,party registration
Palm Bay-Melbourne-Titusville FL MSA,2024,0.6367,25420.0,28.3,-80.7,party registration
Burlington NC MSA,2024,0.4982,10360.0,36.04,-79.4,party registration
York-Hanover PA MSA,2024,0.6387,28320.0,39.92,-76.73,party registration
Erie PA MSA,2024,0.482,20490.0,42.12,-80.1,party registration
Boise City-Nampa ID MSA,2024,0.6654,74820.0,43.01,-116.1,party registration
Rockford IL MSA,2024,0.5194,22830.0,42.33,-89.04,primary-based
Port St. Lucie FL MSA,2024,0.5853,24490.0,27.23,-80.43,party registration
Orlando-Kissimmee FL MSA,2024,0.4234,274100.0,28.43,-81.36,party registration
Corpus Christi TX MSA,2024,0.5274,23060.0,27.83,-97.51,primary-based
Louisville/Jefferson County KY-IN MSA,2024,0.4719,129800.0,38.31,-85.68,party registration
Charlottesville VA MSA,2024,0.3158,28900.0,37.95,-78.59,primary-based
Salt Lake City UT MSA,2024,0.6344,136700.0,40.57,-113.0,party registration
Morgantown WV MSA,2024,0.5021,11640.0,39.53,-79.8,party registration
Jackson TN MSA,2024,0.7114,863.0,35.75,-88.88,primary-based
Parkersburg-Marietta-Vienna WV-OH MSA,2024,0.7358,6093.0,39.14,-81.46,party registration
Lawton OK MSA,2024,0.6344,4073.0,34.53,-98.43,party registration
Kankakee-Bradley IL MSA,2024,0.6003,5038.0,41.14,-87.86,primary-based
Bakersfield CA MSA,2024,0.5677,36170.0,35.35,-118.7,party registration
Rapid City SD MSA,2024,0.7574,8486.0,44.31,-102.8,party registration
Janesville WI MSA,2024,0.5266,9704.0,42.67,-89.08,modelled by L2
Montgomery AL MSA,2024,0.5264,26010.0,32.37,-86.4,modelled by L2
Grand Rapids-Wyoming MI MSA,2024,0.455,98010.0,43.04,-85.78,primary-based
Virginia Beach-Norfolk-Newport News VA-NC MSA,2024,0.4066,144800.0,36.8,-76.45,primary-based
Bloomington-Normal IL MSA,2024,0.4847,15580.0,40.49,-88.84,primary-based
Charleston-North Charleston SC MSA,2024,0.5577,79980.0,33.02,-80.01,primary-based
Salisbury MD MSA,2024,0.5146,6083.0,38.4,-75.48,party registration
New Orleans-Metairie-Kenner LA MSA,2024,0.47,95900.0,30.05,-89.93,party registration
Springfield MO MSA,2024,0.7089,36720.0,37.36,-93.18,modelled by L2
Denver-Aurora CO MSA,2024,0.3607,420300.0,39.43,-104.9,party registration
Lewiston-Auburn ME MSA,2024,0.4826,3568.0,44.17,-70.21,party registration
Carson City NV MSA,2024,0.6058,3329.0,39.15,-119.7,party registration
Lewiston ID-WA MSA,2024,0.7175,2032.0,46.25,-116.9,party registration
Bay City MI MSA,2024,0.4637,4320.0,43.7,-83.98,primary-based
Hinesville-Fort Stewart GA MSA,2024,0.3967,360.0,31.78,-81.58,primary-based
Blacksburg-Christiansburg-Radford VA MSA,2024,0.3836,13990.0,37.12,-80.56,primary-based
Oklahoma City OK MSA,2024,0.6243,109900.0,35.43,-97.51,party registration
Victoria TX MSA,2024,0.6639,1896.0,28.73,-97.2,primary-based
Vineland-Millville-Bridgeton NJ MSA,2024,0.4718,5298.0,39.33,-75.12,party registration
Barnstable Town MA MSA,2024,0.3311,12380.0,41.71,-70.16,party registration
Columbus GA-AL MSA,2024,0.5018,2452.0,32.42,-84.84,primary-based
Prescott AZ MSA,2024,0.7269,7812.0,34.63,-112.6,party registration
Joplin MO MSA,2024,0.823,8137.0,37.06,-94.34,modelled by L2
Cape Coral-Fort Myers FL MSA,2024,0.6502,47340.0,26.56,-81.98,party registration
San Antonio TX MSA,2024,0.4468,214800.0,29.43,-98.61,primary-based
Grand Junction CO MSA,2024,0.7266,10890.0,39.02,-108.5,party registration
Indianapolis-Carmel IN MSA,2024,0.519,231400.0,39.75,-86.21,primary-based
Kansas City MO-KS MSA,2024,0.5246,256300.0,38.93,-94.44,modelled by L2
Warner Robins GA MSA,2024,0.599,957.0,32.49,-83.71,primary-based
Fort Smith AR-OK MSA,2024,0.7558,12720.0,35.46,-94.3,party registration
St. George UT MSA,2024,0.8672,8826.0,37.26,-113.5,party registration
Mankato-North Mankato MN MSA,2024,0.5353,8158.0,44.15,-94.15,modelled by L2
Hartford-West Hartford-East Hartford CT MSA,2024,0.3446,90900.0,41.72,-72.57,party registration
Farmington NM MSA,2024,0.7033,3539.0,36.51,-108.3,party registration
Ocala FL MSA,2024,0.6581,16560.0,29.2,-82.04,party registration
Modesto CA MSA,2024,0.4653,22860.0,37.56,-121.0,party registration
Odessa TX MSA,2024,0.5803,8040.0,31.87,-102.5,primary-based
Fort Wayne IN MSA,2024,0.642,42560.0,41.11,-85.22,primary-based
Buffalo-Niagara Falls NY MSA,2024,0.4014,77250.0,43.04,-78.78,party registration
Winchester VA-WV MSA,2024,0.5732,8332.0,39.27,-78.47,primary-based
Sumter SC MSA,2024,0.4992,4444.0,33.79,-80.29,primary-based
Sioux City IA-NE-SD MSA,2024,0.6714,7333.0,42.51,-96.44,party registration
Dubuque IA MSA,2024,0.5113,9223.0,42.46,-90.88,party registration
Visalia-Porterville CA MSA,2024,0.5775,13450.0,36.23,-118.8,party registration
Midland TX MSA,2024,0.6571,16320.0,32.09,-102.0,primary-based
Wichita Falls TX MSA,2024,0.8982,6816.0,33.78,-98.5,primary-based
Weirton-Steubenville WV-OH MSA,2024,0.641,3976.0,40.39,-80.7,party registration
Reading PA MSA,2024,0.5392,25440.0,40.41,-75.93,party registration
Huntington-Ashland WV-KY-OH MSA,2024,0.6005,9665.0,38.41,-82.54,party registration
Niles-Benton Harbor MI MSA,2024,0.4858,6838.0,41.79,-86.74,primary-based
Boulder CO MSA,2024,0.242,53270.0,40.09,-105.4,party registration
Bend OR MSA,2024,0.4088,20960.0,43.92,-121.2,party registration
Kingsport-Bristol-Bristol TN-VA MSA,2024,0.8211,10050.0,36.6,-82.44,primary-based
Spokane WA MSA,2024,0.4466,47370.0,48.09,-117.7,primary-based
Columbia SC MSA,2024,0.4636,59380.0,34.08,-81.04,primary-based
Shreveport-Bossier City LA MSA,2024,0.6002,19390.0,32.44,-93.74,party registration
St. Cloud MN MSA,2024,0.6889,15070.0,45.59,-94.49,modelled by L2
Salinas CA MSA,2024,0.3142,22740.0,36.24,-121.3,party registration
Ann Arbor MI MSA,2024,0.2378,59280.0,42.25,-83.84,primary-based
Lakeland FL MSA,2024,0.6027,34730.0,27.95,-81.69,party registration
Asheville NC MSA,2024,0.4267,37270.0,35.6,-82.68,party registration
Topeka KS MSA,2024,0.6033,17050.0,39.04,-95.8,party registration
Greenville NC MSA,2024,0.4504,15480.0,35.59,-77.37,party registration
Knoxville TN MSA,2024,0.6648,74240.0,36.01,-84.21,primary-based
Columbus IN MSA,2024,0.7332,574.0,39.21,-85.9,primary-based
Flagstaff AZ MSA,2024,0.3625,10800.0,35.83,-111.8,party registration
Augusta-Richmond County GA-SC MSA,2024,0.6086,12790.0,33.46,-81.98,primary-based
Sioux Falls SD MSA,2024,0.6714,26770.0,43.5,-97.0,party registration
Youngstown-Warren-Boardman OH-PA MSA,2024,0.5206,22270.0,41.24,-80.56,primary-based
Wichita KS MSA,2024,0.6677,52810.0,37.64,-97.25,party registration
Poughkeepsie-Newburgh-Middletown NY MSA,2024,0.4329,41970.0,41.58,-74.03,party registration
Syracuse NY MSA,2024,0.4468,57400.0,43.01,-76.2,party registration
Ogden-Clearfield UT MSA,2024,0.8096,33090.0,41.62,-113.1,party registration
Allentown-Bethlehem-Easton PA-NJ MSA,2024,0.4899,70820.0,40.79,-75.4,party registration
Waco TX MSA,2024,0.641,19500.0,31.43,-97.09,primary-based
Raleigh-Cary NC MSA,2024,0.3867,205700.0,35.76,-78.46,party registration
Gadsden AL MSA,2024,0.7599,3521.0,34.05,-86.03,modelled by L2
Lexington-Fayette KY MSA,2024,0.4573,58630.0,38.1,-84.44,party registration
Boston-Cambridge-Quincy MA-NH MSA,2024,0.2332,625900.0,42.52,-71.02,party registration
Portland-Vancouver-Beaverton OR-WA MSA,2024,0.2692,296100.0,45.6,-122.5,party registration
Lima OH MSA,2024,0.7945,1286.0,40.77,-84.11,primary-based
Fresno CA MSA,2024,0.507,46100.0,36.76,-119.7,party registration
Minneapolis-St. Paul-Bloomington MN-WI MSA,2024,0.4746,381700.0,45.1,-93.28,modelled by L2
New York-Northern New Jersey-Long Island NY-NJ-PA MSA,2024,0.2964,1768000.0,40.77,-73.87,party registration
Chicago-Naperville-Joliet IL-IN-WI MSA,2024,0.2742,915800.0,41.82,-87.83,primary-based
Fort Collins-Loveland CO MSA,2024,0.4213,47160.0,40.66,-105.5,party registration
Danville IL MSA,2024,0.7458,724.0,40.19,-87.73,primary-based
Hagerstown-Martinsburg MD-WV MSA,2024,0.6287,12710.0,39.55,-77.98,party registration
Little Rock-North Little Rock-Conway AR MSA,2024,0.5474,56440.0,34.76,-92.4,party registration
Greensboro-High Point NC MSA,2024,0.4725,67150.0,36.03,-79.79,party registration
Omaha-Council Bluffs NE-IA MSA,2024,0.5644,110800.0,41.29,-96.0,party registration
Burlington-South Burlington VT MSA,2024,0.2046,23620.0,44.69,-73.04,modelled by L2
Provo-Orem UT MSA,2024,0.8553,62150.0,39.87,-112.4,party registration
Tuscaloosa AL MSA,2024,0.5675,16620.0,33.1,-87.8,modelled by L2
Bangor ME MSA,2024,0.5122,4475.0,45.41,-68.67,party registration
Brunswick GA MSA,2024,0.7228,444.0,31.3,-81.59,primary-based
Manhattan KS MSA,2024,0.6603,3494.0,39.27,-96.56,party registration
Green Bay WI MSA,2024,0.7338,32540.0,44.47,-88.0,modelled by L2
Texarkana TX-Texarkana AR MSA,2024,0.7222,4785.0,33.48,-94.21,party registration
Merced CA MSA,2024,0.4375,7874.0,37.19,-120.7,party registration
Springfield MA MSA,2024,0.2729,39080.0,42.36,-72.62,party registration
Rocky Mount NC MSA,2024,0.4113,5879.0,35.94,-77.8,party registration
Owensboro KY MSA,2024,0.5666,6638.0,37.69,-87.08,party registration
Nashville-Davidson-Murfreesboro-Franklin TN MSA,2024,0.5461,233500.0,36.12,-86.64,primary-based
Tampa-St. Petersburg-Clearwater FL,2024,0.5213,266300.0,28.12,-82.53,party registration
Albuquerque NM MSA,2024,0.3904,58820.0,35.12,-106.5,party registration
Cincinnati-Middletown OH-KY-IN MSA,2024,0.5653,223600.0,39.1,-84.48,primary-based
Pine Bluff AR MSA,2024,0.4387,2494.0,34.08,-91.95,party registration
Columbia MO MSA,2024,0.4513,21160.0,38.99,-92.59,modelled by L2
Napa CA MSA,2024,0.2922,9989.0,38.51,-122.3,party registration
Auburn-Opelika AL MSA,2024,0.6261,4212.0,32.6,-85.35,modelled by L2
Champaign-Urbana IL MSA,2024,0.3953,20000.0,40.1,-88.32,primary-based
Punta Gorda FL MSA,2024,0.6825,3454.0,26.91,-82.0,party registration
Toledo OH MSA,2024,0.4751,44770.0,41.56,-83.52,primary-based
Santa Rosa-Petaluma CA MSA,2024,0.2431,32520.0,38.53,-122.9,party registration
Jackson MI MSA,2024,0.5924,2114.0,42.25,-84.42,primary-based
Flint MI MSA,2024,0.3585,17150.0,43.02,-83.71,primary-based
Mobile AL MSA,2024,0.6067,25840.0,30.97,-88.21,modelled by L2
Santa Barbara-Santa Maria-Goleta CA MSA,2024,0.3024,34280.0,34.54,-120.0,party registration
Pocatello ID MSA,2024,0.7175,5016.0,42.69,-112.6,party registration
Muskegon-Norton Shores MI MSA,2024,0.4386,8486.0,43.43,-86.42,primary-based
Binghamton NY MSA,2024,0.4847,15740.0,42.16,-76.02,party registration
Clarksville TN-KY MSA,2024,0.5803,16950.0,36.7,-87.62,primary-based
Wenatchee WA MSA,2024,0.5057,6221.0,47.77,-120.3,primary-based
Utica-Rome NY MSA,2024,0.5735,14310.0,43.33,-75.17,party registration
Deltona-Daytona Beach-Ormond Beach FL MSA,2024,0.6032,27900.0,29.18,-81.19,party registration
Beaumont-Port Arthur TX MSA,2024,0.622,17900.0,30.08,-94.2,primary-based
Davenport-Moline-Rock Island IA-IL MSA,2024,0.49,25380.0,41.39,-90.46,party registration
College Station-Bryan TX MSA,2024,0.6078,21460.0,30.75,-96.49,primary-based
McAllen-Edinburg-Mission TX MSA,2024,0.1245,13130.0,26.4,-98.18,primary-based
Bloomington IN MSA,2024,0.3843,20100.0,39.24,-86.67,primary-based
Rochester NY MSA,2024,0.4402,97340.0,43.15,-77.52,party registration
Sherman-Denison TX MSA,2024,0.7682,6161.0,33.62,-96.68,primary-based
Cumberland MD-WV MSA,2024,0.6467,3318.0,39.53,-78.81,party registration
Lincoln NE MSA,2024,0.5435,35400.0,40.82,-96.87,party registration
Atlantic City NJ MSA,2024,0.4613,11510.0,39.47,-74.63,party registration
Athens-Clark County GA MSA,2024,0.5148,1856.0,33.94,-83.21,primary-based
Peoria IL MSA,2024,0.5876,24130.0,40.71,-89.7,primary-based
Jackson MS MSA,2024,0.5317,41630.0,32.43,-90.2,primary-based
Yakima WA MSA,2024,0.4608,9827.0,46.46,-120.7,primary-based
Lafayette IN MSA,2024,0.5327,21460.0,40.48,-87.02,primary-based
Sheboygan WI MSA,2024,0.7432,9752.0,43.74,-87.73,modelled by L2
Worcester MA MSA,2024,0.3198,59420.0,42.22,-71.93,party registration
Appleton WI MSA,2024,0.7283,25540.0,44.29,-88.37,modelled by L2
Baltimore-Towson MD MSA,2024,0.3445,257800.0,39.3,-76.55,party registration
Miami-Fort Lauderdale-Pompano Beach FL MSA,2024,0.3959,391100.0,26.1,-80.48,party registration
Oxnard-Thousand Oaks-Ventura CA MSA,2024,0.3982,55960.0,34.36,-119.1,party registration
Lansing-East Lansing MI MSA,2024,0.3094,52990.0,42.77,-84.5,primary-based
Tulsa OK MSA,2024,0.6736,86600.0,36.25,-96.18,party registration
Decatur IL MSA,2024,0.6902,727.0,39.86,-88.96,primary-based
Cleveland TN MSA,2024,0.7837,1287.0,35.14,-84.66,primary-based
Charlotte-Gastonia-Concord NC-SC MSA,2024,0.4453,291200.0,35.17,-80.8,party registration
Riverside-San Bernardino-Ontario CA MSA,2024,0.459,189200.0,34.54,-116.1,party registration
Washington-Arlington-Alexandria DC-VA-MD-WV MSA,2024,0.2595,600600.0,38.8,-77.49,party registration
Amarillo TX MSA,2024,0.74,15430.0,35.25,-101.9,primary-based
Tucson AZ MSA,2024,0.4122,79860.0,32.13,-111.8,party registration
Trenton-Ewing NJ MSA,2024,0.2777,33920.0,40.28,-74.7,party registration
Fayetteville-Springdale-Rogers AR-MO MSA,2024,0.6265,56600.0,36.12,-94.08,party registration
Gainesville GA MSA,2024,0.7588,902.0,34.32,-83.82,primary-based
Monroe MI MSA,2024,0.586,3229.0,41.92,-83.49,primary-based
Michigan City-La Porte IN MSA,2024,0.4916,4625.0,41.55,-86.74,primary-based
Madera CA MSA,2024,0.6407,1230.0,37.21,-119.7,party registration
Johnstown PA MSA,2024,0.6268,5776.0,40.51,-78.71,party registration
Medford OR MSA,2024,0.5753,10420.0,42.41,-122.7,party registration
Bremerton-Silverdale WA MSA,2024,0.3708,15380.0,47.64,-122.6,primary-based
Ithaca NY MSA,2024,0.2193,13370.0,42.45,-76.47,party registration
Scranton--Wilkes-Barre PA MSA,2024,0.472,25830.0,41.32,-75.9,party registration
Durham NC MSA,2024,0.2367,82100.0,36.06,-78.99,party registration
Pittsfield MA MSA,2024,0.1543,8220.0,42.37,-73.22,party registration
Lafayette LA MSA,2024,0.6905,22260.0,29.96,-92.05,party registration
Lancaster PA MSA,2024,0.5834,42530.0,40.04,-76.25,party registration
Oshkosh-Neenah WI MSA,2024,0.6541,16400.0,44.09,-88.67,modelled by L2
Fairbanks AK MSA,2024,0.6425,5823.0,64.68,-146.5,party registration
Johnson City TN MSA,2024,0.7644,12270.0,36.27,-82.33,primary-based
Logan UT-ID MSA,2024,0.8253,9881.0,41.89,-111.8,party registration
Mount Vernon-Anacortes WA MSA,2024,0.372,5625.0,48.49,-121.8,primary-based
Lawrence KS MSA,2024,0.4484,1531.0,38.9,-95.29,party registration
Pensacola-Ferry Pass-Brent FL MSA,2024,0.6866,37720.0,30.61,-87.16,party registration
Fargo ND-MN MSA,2024,0.4731,23220.0,46.91,-96.96,modelled by L2
Elmira NY MSA,2024,0.6123,2310.0,42.15,-76.75,party registration
Sacramento-Arden-Arcade-Roseville CA MSA,2024,0.3901,197000.0,38.79,-121.0,party registration
Milwaukee-Waukesha-West Allis WI MSA,2024,0.5926,188400.0,42.91,-87.86,modelled by L2
San Diego-Carlsbad-San Marcos CA MSA,2024,0.3691,373700.0,33.02,-116.8,party registration
Decatur AL MSA,2024,0.794,1810.0,34.49,-87.1,modelled by L2
Fond du Lac WI MSA,2024,0.7799,1473.0,43.75,-88.49,modelled by L2
Anniston-Oxford AL MSA,2024,0.7164,2999.0,33.77,-85.83,modelled by L2
Dothan AL MSA,2024,0.755,6035.0,31.25,-85.47,modelled by L2
La Crosse WI-MN MSA,2024,0.5444,13190.0,43.78,-91.32,modelled by L2
Muncie IN MSA,2024,0.5383,7929.0,40.23,-85.4,primary-based
Billings MT MSA,2024,0.7094,11180.0,45.64,-108.8,modelled by L2
Cedar Rapids IA MSA,2024,0.4689,26020.0,42.09,-91.63,party registration
Stockton CA MSA,2024,0.4214,28240.0,37.93,-121.3,party registration
Dover DE MSA,2024,0.4444,8420.0,39.1,-75.5,party registration
Abilene TX MSA,2024,0.9004,9521.0,32.45,-99.72,primary-based
Jacksonville NC MSA,2024,0.7198,4580.0,34.76,-77.5,party registration
Alexandria LA MSA,2024,0.7414,2453.0,31.33,-92.55,party registration
San Luis Obispo-Paso Robles CA MSA,2024,0.4099,23580.0,35.39,-120.4,party registration
Naples-Marco Island FL MSA,2024,0.7064,2465.0,26.12,-81.4,party registration
Santa Fe NM MSA,2024,0.1843,9598.0,35.51,-106.0,party registration
Killeen-Temple-Fort Hood TX MSA,2024,0.5535,23990.0,31.2,-97.79,primary-based
Wausau WI MSA,2024,0.7141,9420.0,45.05,-89.76,modelled by L2
Baton Rouge LA MSA,2024,0.581,63180.0,30.52,-91.13,party registration
El Paso TX MSA,2024,0.1739,37960.0,31.53,-105.5,primary-based
Brownsville-Harlingen TX MSA,2024,0.1701,10120.0,26.1,-97.48,primary-based
Terre Haute IN MSA,2024,0.5718,10260.0,39.48,-87.31,primary-based
Anchorage AK MSA,2024,0.6061,28780.0,62.21,-149.7,party registration
Hickory-Lenoir-Morganton NC MSA,2024,0.727,18350.0,35.81,-81.46,party registration
Norwich-New London CT MSA,2024,0.3837,19470.0,41.47,-72.11,party registration
New Haven-Milford CT MSA,2024,0.336,60080.0,41.35,-72.9,party registration
Racine WI MSA,2024,0.573,11760.0,42.78,-87.77,modelled by L2
Santa Cruz-Watsonville CA MSA,2024,0.2198,9037.0,37.01,-122.0,party registration
Lebanon PA MSA,2024,0.6592,11260.0,40.37,-76.46,party registration
Laredo TX MSA,2024,0.09207,6790.0,27.76,-99.34,primary-based
Roanoke VA MSA,2024,0.5346,27540.0,37.29,-79.95,primary-based
Kennewick-Richland-Pasco WA MSA,2024,0.534,19320.0,46.36,-119.3,primary-based
Vallejo-Fairfield CA MSA,2024,0.3458,19130.0,38.27,-121.9,party registration
Los Angeles-Long Beach-Santa Ana CA MSA,2024,0.3118,964100.0,34.11,-118.2,party registration
San Jose-Sunnyvale-Santa Clara CA MSA,2024,0.2288,218400.0,36.91,-121.4,party registration
Madison WI MSA,2024,0.431,108600.0,43.08,-89.6,modelled by L2
San Francisco-Oakland-Fremont CA MSA,2024,0.1874,403000.0,37.77,-122.3,party registration
Austin-Round Rock TX MSA,2024,0.35,360700.0,30.25,-97.65,primary-based
Coeur d'Alene ID MSA,2024,0.8432,3638.0,47.68,-116.7,party registration
Hattiesburg MS MSA,2024,0.6339,9126.0,31.27,-89.3,primary-based
Redding CA MSA,2024,0.6924,8339.0,40.76,-122.0,party registration
Winston-Salem NC MSA,2024,0.659,11400.0,36.08,-80.35,party registration
Missoula MT MSA,2024,0.4468,11510.0,47.03,-113.9,modelled by L2
Gainesville FL MSA,2024,0.3799,31830.0,29.45,-82.67,party registration
Rochester MN MSA,2024,0.5605,20300.0,43.95,-92.33,modelled by L2
Harrisburg-Carlisle PA MSA,2024,0.5488,60020.0,40.34,-77.05,party registration
Altoona PA MSA,2024,0.7099,7267.0,40.5,-78.31,party registration
Dayton OH MSA,2024,0.5989,75580.0,39.83,-84.14,primary-based
Panama City-Lynn Haven FL MSA,2024,0.7541,4522.0,30.16,-85.53,party registration
Lake Havasu City-Kingman AZ MSA,2024,0.8015,5495.0,35.72,-113.7,party registration
Fort Walton Beach-Crestview-Destin FL MSA,2024,0.7561,13030.0,30.59,-86.36,party registration
Idaho Falls ID MSA,2024,0.8542,9335.0,43.62,-112.4,party registration
Lynchburg VA MSA,2024,0.6126,17890.0,37.36,-79.22,primary-based
Evansville IN-KY MSA,2024,0.611,26810.0,38.02,-87.59,primary-based
Greeley CO MSA,2024,0.6189,16380.0,40.56,-104.4,party registration
Williamsport PA MSA,2024,0.6843,7432.0,41.34,-77.06,party registration
Birmingham-Hoover AL MSA,2024,0.6686,26310.0,33.4,-86.73,modelled by L2
Manchester-Nashua NH MSA,2024,0.5022,23630.0,42.91,-71.72,party registration
Las Cruces NM MSA,2024,0.3738,9357.0,32.35,-106.8,party registration
Houston-Sugar Land-Baytown TX MSA,2024,0.482,543000.0,29.75,-95.35,primary-based
Philadelphia-Camden-Wilmington PA-NJ-DE-MD MSA,2024,0.3471,563600.0,39.89,-75.31,party registration
Columbus OH MSA,2024,0.4382,240800.0,39.97,-82.84,primary-based
Rome GA MSA,2024,0.7432,598.0,34.26,-85.21,primary-based
Mansfield OH MSA,2024,0.7881,984.0,40.77,-82.54,primary-based
Charleston WV MSA,2024,0.5752,13250.0,38.36,-81.62,party registration
Lubbock TX MSA,2024,0.64,26320.0,33.47,-101.6,primary-based
Bellingham WA MSA,2024,0.2955,20350.0,48.84,-121.8,primary-based
Cleveland-Elyria-Mentor OH MSA,2024,0.4153,211100.0,41.56,-81.6,primary-based
Jacksonville FL MSA,2024,0.5842,147800.0,30.24,-81.75,party registration
Lake Charles LA MSA,2024,0.6516,16680.0,29.98,-93.25,party registration
Seattle-Tacoma-Bellevue WA MSA,2024,0.2264,488400.0,47.49,-121.8,primary-based
Longview WA MSA,2024,0.5426,2221.0,46.2,-122.7,primary-based
Houma-Bayou Cane-Thibodaux LA MSA,2024,0.7552,9719.0,29.33,-90.84,party registration
Yuba City CA MSA,2024,0.5968,4698.0,39.16,-121.5,party registration
Saginaw-Saginaw Township North MI MSA,2024,0.4464,11690.0,43.33,-84.06,primary-based
Salem OR MSA,2024,0.4603,22530.0,44.9,-122.9,party registration
Longview TX MSA,2024,0.7383,11750.0,32.43,-94.68,primary-based
Bridgeport-Stamford-Norwalk CT MSA,2024,0.3604,75500.0,41.23,-73.37,party registration
Harrisonburg VA MSA,2024,0.4603,9008.0,38.51,-78.89,primary-based
Kingston NY MSA,2024,0.3381,5772.0,41.95,-74.27,party registration
Dallas-Fort Worth-Arlington TX MSA,2024,0.5205,613100.0,32.85,-96.97,primary-based
St. Louis MO-IL MSA,2024,0.5158,268600.0,38.74,-90.35,modelled by L2
Albany GA MSA,2024,0.5102,428.0,31.64,-84.11,primary-based
Hot Springs AR MSA,2024,0.7226,1890.0,34.58,-93.15,party registration
El Centro CA MSA,2024,0.3526,3748.0,33.04,-115.4,party registration
Pueblo CO MSA,2024,0.483,7765.0,38.16,-104.5,party registration
Hanford-Corcoran CA MSA,2024,0.5898,3648.0,36.07,-119.8,party registration
Yuma AZ MSA,2024,0.5599,6473.0,32.77,-113.9,party registration
Jonesboro AR MSA,2024,0.6858,5322.0,35.7,-90.65,party registration
Dalton GA MSA,2024,0.8232,735.0,34.8,-84.86,primary-based
Myrtle Beach-Conway-North Myrtle Beach SC MSA,2024,0.6415,21970.0,33.97,-78.61,primary-based
Providence-New Bedford-Fall River RI-MA MSA,2024,0.2853,117400.0,41.71,-71.29,party registration
Atlanta-Sandy Springs-Marietta GA MSA,2024,0.3834,224300.0,33.69,-84.4,primary-based
Las Vegas-Paradise NV MSA,2024,0.456,186400.0,36.21,-115.0,party registration
Wheeling WV-OH MSA,2024,0.639,5237.0,39.98,-80.85,party registration
Pittsburgh PA MSA,2024,0.4566,258900.0,40.44,-79.84,party registration
Glens Falls NY MSA,2024,0.5578,6394.0,43.44,-73.64,party registration
Florence-Muscle Shoals AL MSA,2024,0.7171,6595.0,34.8,-87.72,modelled by L2
Cape Girardeau-Jackson MO-IL MSA,2024,0.7434,4642.0,37.33,-89.76,modelled by L2
Cheyenne WY MSA,2024,0.8044,6400.0,41.29,-104.7,party registration
Kokomo IN MSA,2024,0.71,6082.0,40.48,-86.11,primary-based
Grand Forks ND-MN MSA,2024,0.446,6251.0,47.84,-96.84,modelled by L2
Battle Creek MI MSA,2024,0.4672,7765.0,42.24,-85.01,primary-based
Casper WY MSA,2024,0.7929,6730.0,42.98,-106.8,party registration
South Bend-Mishawaka IN-MI MSA,2024,0.4649,25410.0,41.77,-86.12,primary-based
Tallahassee FL MSA,2024,0.3929,39750.0,30.35,-84.27,party registration
Elkhart-Goshen IN MSA,2024,0.6893,13120.0,41.6,-85.86,primary-based
Eau Claire WI MSA,2024,0.6031,14740.0,44.94,-91.28,modelled by L2
Ames IA MSA,2024,0.4236,10700.0,42.04,-93.7,party registration
Florence SC MSA,2024,0.5272,9908.0,34.15,-79.81,primary-based
Morristown TN MSA,2024,0.84,2504.0,36.17,-83.42,primary-based
Springfield IL MSA,2024,0.5569,13630.0,39.83,-89.7,primary-based
Reno-Sparks NV MSA,2024,0.5154,42260.0,40.5,-119.7,party registration
Elizabethtown KY MSA,2024,0.5937,6659.0,37.73,-85.97,party registration
Kalamazoo-Portage MI MSA,2024,0.3717,35510.0,42.25,-85.53,primary-based
Wilmington NC MSA,2024,0.5581,40350.0,34.43,-77.89,party registration
Colorado Springs CO MSA,2024,0.6056,74560.0,38.85,-104.6,party registration
Richmond VA MSA,2024,0.3923,160600.0,37.41,-77.44,primary-based
Eugene-Springfield OR MSA,2024,0.3128,30960.0,43.93,-122.9,party registration
Sarasota-Bradenton-Venice FL MSA,2024,0.6354,54530.0,27.33,-82.41,party registration
Memphis TN-AR-MS MSA,2024,0.4449,104300.0,35.02,-89.87,primary-based
Portland-South Portland-Biddeford ME MSA,2024,0.3507,31880.0,43.65,-70.42,party registration
Springfield OH MSA,2024,0.6547,6272.0,39.92,-83.78,primary-based
Albany-Schenectady-Troy NY MSA,2024,0.3784,79480.0,42.79,-73.94,party registration
Greenville-Mauldin-Easley SC MSA,2024,0.6522,76080.0,34.68,-82.41,primary-based
Akron OH MSA,2024,0.4775,54270.0,41.15,-81.35,primary-based
Chattanooga TN-GA MSA,2024,0.6294,47000.0,35.05,-85.36,primary-based
Phoenix-Mesa-Scottsdale AZ MSA,2024,0.5345,415900.0,33.19,-112.1,party registration
Fayetteville NC MSA,2024,0.4008,19190.0,35.16,-78.93,party registration
Detroit-Warren-Livonia MI MSA,2024,0.3617,357200.0,42.72,-83.2,primary-based
Canton-Massillon OH MSA,2024,0.5583,31440.0,40.71,-81.26,primary-based
Great Falls MT MSA,2024,0.6884,3836.0,47.32,-111.4,modelled by L2
Savannah GA MSA,2024,0.5185,2263.0,32.11,-81.27,primary-based
Ocean City NJ MSA,2024,0.6436,3570.0,39.09,-74.85,party registration
Jefferson City MO MSA,2024,0.7452,10890.0,38.64,-92.09,modelled by L2
Tyler TX MSA,2024,0.7198,15790.0,32.38,-95.27,primary-based
Macon GA MSA,2024,0.4353,3488.0,32.86,-83.71,primary-based
Anderson IN MSA,2024,0.6286,5283.0,39.75,-86.21,primary-based
Goldsboro NC MSA,2024,0.5782,4844.0,35.35,-78.01,party registration
Duluth MN-WI MSA,2024,0.4484,20220.0,47.35,-92.16,modelled by L2
Bismarck ND MSA,2024,0.7539,8215.0,46.89,-101.0,modelled by L2
Huntsville AL MSA,2024,0.6205,50080.0,34.78,-86.73,modelled by L2
Spartanburg SC MSA,2024,0.6302,17570.0,34.93,-81.99,primary-based
Waterloo-Cedar Falls IA MSA,2024,0.5077,11690.0,42.54,-92.47,party registration
Valdosta GA MSA,2024,0.6108,848.0,30.83,-83.24,primary-based
St. Joseph MO-KS MSA,2024,0.8388,896.0,39.83,-94.78,modelled by L2
Anderson SC MSA,2024,0.6778,8388.0,34.68,-82.41,primary-based
