occ_key,title,group,soc_link,link_method,workers,rep_share,aioe,aioe_lm,aioe_ig,pc_general,pc_perception_vs_language,exposure_cluster,cognitive_share,log_salary,req_education,female,white,creative_weight,resid,daioe_z,daioe_genai_z,daioe_rise_z,frs21_aioe,open24_human_E1_E2,webb19_ai_score,webb19_robot_score,fo17_p_computerisation,exp_abstract_strategy_games,exp_real_time_video_games,exp_image_recognition,exp_visual_question_answering,exp_generating_images,exp_reading_comprehension,exp_language_modeling,exp_translation,exp_speech_recognition,exp_instrumental_track_recognition
Accountants and Auditors,Accountants and Auditors,Business & financial,13-2011,exact title,253600.0,0.4502,1.482,1.214,1.572,4.3,0.6571,1,0.7998,4.347,6.047,0.6062,0.7636,0.07032,0.04152,1.57,1.467,-0.2569,1.482,0.84,0.4396,0.1208,0.94,1.766,1.471,1.688,1.884,1.572,1.462,1.214,1.244,1.24,1.353
Actors,Actors,Arts & media,27-2011,exact title,20900.0,0.2813,0.1591,0.5784,-0.4135,-1.086,-2.306,2,0.6245,,3.52,0.4932,0.7379,0.0741,,0.2312,0.6085,0.1624,0.1591,0.1875,0.1159,0.159,0.37,-0.3565,-1.476,-1.215,-0.8648,-0.4135,0.393,0.5784,0.5833,0.4929,0.2386
Actuaries,Actuaries,Computer & mathematical,15-2011,exact title,11670.0,0.4144,1.516,1.2,1.637,4.454,0.7321,1,0.8177,4.662,6.75,0.3383,0.8008,0.07594,-0.0361,1.811,1.799,-0.3578,1.516,0.8519,0.8311,0.1016,0.21,1.939,1.525,1.705,1.987,1.637,1.514,1.2,1.22,1.232,1.396
Adhesive Bonding Machine Operators and Tenders,Adhesive Bonding Machine Operators and Tenders,Production,51-6042,fuzzy title,2517.0,0.518,-1.03,-1.052,-0.8825,-3.508,0.5232,0,0.416,3.352,1.848,,,0.04069,,-0.2822,-0.7353,0.05815,-1.311,0.0,0.5778,0.4694,0.95,-0.8949,-0.3816,-0.6256,-0.8927,-0.8826,-1.043,-1.052,-1.05,-1.066,-1.018
"Administrative Law Judges, Adjudicators, and Hearing Officers","Administrative Law Judges, Adjudicators, and Hearing Officers",Legal,23-1021,exact title,2227.0,0.3649,1.375,1.547,0.5549,3.114,-1.289,1,0.7548,4.63,7.847,,,0.05921,,1.148,1.112,0.1762,1.375,0.6154,1.364,0.2621,0.64,1.036,0.6319,0.3695,0.8787,0.5549,1.415,1.547,1.556,1.536,1.426
Administrative Services Managers,Administrative Services Managers,Management,11-3011,exact title,151000.0,0.4447,0.7398,0.7682,0.5164,1.571,-0.3753,1,0.6777,,3.964,,,0.0622,,0.23,0.4083,0.09744,0.7398,0.6886,0.6883,0.4253,0.73,0.6369,0.504,0.3319,0.6063,0.5164,0.7253,0.7682,0.7596,0.7786,0.7747
Advertising Sales Agents,Advertising Sales Agents,Sales,41-3011,exact title,140700.0,0.4479,1.163,1.122,1.13,2.984,-0.1881,1,0.7105,3.958,4.462,0.5302,0.8479,0.07133,-0.0001246,0.1588,0.5748,-0.01736,1.163,0.9487,0.157,0.06122,0.54,1.026,0.8562,0.8544,1.097,1.13,1.047,1.122,1.118,1.2,1.296
Advertising and Promotions Managers,Advertising and Promotions Managers,Management,11-2011,exact title,191500.0,0.3648,1.294,1.217,1.615,3.44,0.1349,1,0.7632,4.845,5.207,0.5585,0.8351,0.08685,-0.1082,0.7025,1.084,-0.08714,1.294,0.8372,0.2239,0.1263,0.039,1.362,0.921,1.14,1.274,1.615,1.291,1.217,1.199,1.144,1.03
Aerospace Engineering and Operations Technologists and Technicians,Aerospace Engineering and Operations Technologists and Technicians,Architecture & engineering,17-3021,fuzzy title,12910.0,0.5851,0.3909,0.2008,0.6988,1.016,0.8365,2,0.6287,4.298,3.704,,,0.05165,,0.9135,0.5497,-0.08963,0.3909,0.45,1.412,1.121,0.48,0.5998,0.8908,0.7799,0.6577,0.6988,0.3019,0.2008,0.2137,0.2234,0.3662
Aerospace Engineers,Aerospace Engineers,Architecture & engineering,17-2011,exact title,18400.0,0.4795,1.339,1.117,1.711,3.826,0.5875,1,0.7783,4.806,6.591,0.1305,0.7787,0.07766,-0.005305,1.892,1.896,-0.1435,1.339,0.8929,0.5244,0.2198,0.017,1.538,1.243,1.461,1.598,1.711,1.299,1.117,1.126,1.097,1.245
"Agents and Business Managers of Artists, Performers, and Athletes","Agents and Business Managers of Artists, Performers, and Athletes",Business & financial,13-1011,exact title,44300.0,0.3927,1.069,1.248,0.4296,2.191,-1.277,1,0.7292,4.362,5.231,0.4799,0.7907,0.06964,-0.0623,0.1772,0.5547,0.2049,1.069,0.4348,0.2699,0.1741,0.24,0.9325,0.4864,-0.1496,0.5731,0.4296,1.137,1.248,1.209,1.234,0.9949
Agricultural Inspectors,Agricultural Inspectors,"Farming, fishing & forestry",45-2011,exact title,1246.0,0.5462,0.1705,-0.008112,0.5069,0.4013,0.975,2,0.5837,3.81,3.103,0.3845,0.7812,0.04908,0.0324,0.383,0.04656,-0.2485,0.1705,0.4583,0.7934,0.6087,0.94,0.2218,0.5925,0.9367,0.5021,0.5069,0.02131,-0.008112,0.0009078,0.03366,0.3169
"Agricultural Sciences Teachers, Postsecondary","Agricultural Sciences Teachers, Postsecondary",Education,25-1041,exact title,1958.0,0.4887,0.7547,1.154,-0.2898,0.7284,-2.294,1,0.7064,4.563,10.68,,,0.06366,,0.1359,0.5944,0.2433,0.7547,0.7333,0.0,0.01897,,0.4382,-0.5261,-0.9686,-0.06338,-0.2898,0.9901,1.154,1.124,1.084,0.5139
Agricultural Technicians,Agricultural Technicians,"Life, physical & social science",19-4011,fuzzy title,1764.0,0.5084,0.09572,-0.04923,0.4328,0.08475,0.9032,2,0.5935,,5.544,,,0.05211,,0.4802,0.2294,-0.0183,0.09572,0.4809,0.4386,0.2657,0.97,0.2497,0.493,0.6522,0.5382,0.4328,0.07042,-0.04923,-0.03474,-0.0756,-0.1558
Air Traffic Controllers,Air Traffic Controllers,Transportation,53-2021,exact title,9650.0,0.5643,1.153,0.6477,1.893,4.028,2.056,1,0.6884,4.866,3.626,,,0.05447,,0.907,0.6054,-0.4325,1.153,0.6136,0.415,0.2525,0.11,1.347,2.187,2.439,1.828,1.893,0.7133,0.6477,0.6648,0.8849,1.768
Aircraft Cargo Handling Supervisors,Aircraft Cargo Handling Supervisors,Transportation,53-1011,exact title,4963.0,0.4611,-0.7092,-0.7511,-0.5172,-2.562,0.3135,0,0.4835,,2.757,,,0.0411,,-0.9963,-0.8595,-0.1466,-0.7092,0.0,0.342,1.045,0.066,-0.6793,-0.5357,-0.3254,-0.5692,-0.5172,-0.7616,-0.7511,-0.7535,-0.6723,-0.4941
Aircraft Mechanics and Service Technicians,Aircraft Mechanics and Service Technicians,Installation & repair,49-3011,exact title,17090.0,0.5803,-0.6551,-0.8145,-0.1539,-2.065,1.206,2,0.4687,4.18,3.447,0.05651,0.7689,0.03969,0.03485,-0.5021,-0.6893,-0.05174,-0.6551,0.1045,0.3264,0.8494,0.71,-0.4617,0.1926,0.1874,-0.267,-0.1539,-0.7509,-0.8145,-0.8131,-0.8247,-0.6626
"Aircraft Structure, Surfaces, Rigging, and Systems Assemblers","Aircraft Structure, Surfaces, Rigging, and Systems Assemblers",Production,51-2011,exact title,2122.0,0.4594,-0.8685,-0.9271,-0.5212,-2.956,0.6467,0,0.4523,3.902,3.062,,,0.03795,,-0.5154,-0.6924,-0.01411,-0.8685,0.05,0.8182,1.36,0.79,-0.7914,-0.4612,-0.2797,-0.6352,-0.5212,-0.8992,-0.9271,-0.9252,-0.9282,-0.8224
Airfield Operations Specialists,Airfield Operations Specialists,Transportation,53-2022,exact title,7710.0,0.4943,0.4846,0.2458,1.11,1.515,1.356,1,0.6143,3.869,4.746,,,0.05043,,0.3008,0.1855,-0.1762,0.4846,0.6585,0.1371,0.1483,0.71,0.4713,0.9706,1.463,0.9703,1.11,0.2574,0.2458,0.2507,0.3135,0.5502
"Airline Pilots, Copilots, and Flight Engineers","Airline Pilots, Copilots, and Flight Engineers",Transportation,53-2011,exact title,16690.0,0.6419,-0.2071,-0.7585,1.009,0.3441,3.457,2,0.4635,5.309,5.524,,,0.03046,,-0.974,-1.044,-0.3322,-0.2071,0.4545,0.4858,0.6744,0.18,0.01315,1.834,2.272,1.085,1.009,-0.764,-0.7585,-0.7732,-0.5598,0.1002
"Ambulance Drivers and Attendants, Except Emergency Medical Technicians","Ambulance Drivers and Attendants, Except Emergency Medical Technicians",Transportation,53-3011,exact title,16750.0,0.4464,-0.8299,-0.8444,-0.6057,-2.891,0.5061,0,0.4635,3.371,2.648,0.3453,0.6821,0.03467,0.0002256,-1.121,-1.044,0.0005566,-0.8299,0.09091,0.1365,0.9168,0.25,-0.8547,-0.5374,-0.244,-0.6185,-0.6057,-0.9088,-0.8444,-0.865,-0.8062,-0.7186
Amusement and Recreation Attendants,Amusement and Recreation Attendants,Personal care,39-3091,exact title,8963.0,0.4473,-0.5246,-0.2293,-1.459,-2.74,-1.433,0,0.4901,3.199,1.401,,,0.03486,,-0.7645,-0.8531,0.1062,-0.5246,0.4231,0.4602,1.29,0.72,-0.7581,-0.7666,-1.467,-1.087,-1.459,-0.4939,-0.2293,-0.2583,-0.1405,-0.2802
Anesthesiologists,Anesthesiologists,Healthcare practitioners,29-1061,exact title,4665.0,0.4266,0.235,0.2118,-0.08839,0.166,-0.08428,2,0.6083,,11.61,,,0.03927,,-0.3757,-0.3956,-0.03532,0.235,0.5294,0.4545,0.1296,,0.393,0.5819,-0.04464,0.1196,-0.08839,0.233,0.2118,0.1952,0.2285,0.3233
Animal Caretakers,Animal Caretakers,Personal care,31-9096,fuzzy title,11810.0,0.3212,-0.7736,-0.5899,-1.299,-3.344,-0.9613,0,0.4945,3.394,3.281,0.8425,0.8353,0.03938,-0.05188,-0.7038,-0.7419,-0.04209,-0.889,0.2121,0.01483,0.4489,0.82,-0.8072,-1.091,-1.335,-1.076,-1.299,-0.6072,-0.5899,-0.5824,-0.5936,-0.7246
Animal Control Workers,Animal Control Workers,Protective service,33-9011,exact title,775.0,0.4118,-0.5946,-0.3903,-0.9135,-2.733,-0.8101,0,0.5109,3.668,2.595,0.4492,0.8615,0.04581,-0.1106,-0.5414,-0.5414,0.1739,-0.5946,0.2667,0.04813,1.62,0.21,-0.7841,-0.98,-0.9835,-0.8969,-0.9135,-0.5084,-0.3903,-0.4344,-0.4146,-0.4834
Animal Scientists,Animal Scientists,"Life, physical & social science",19-1011,exact title,11060.0,0.2787,1.041,0.9717,1.12,2.656,0.09872,1,0.7281,4.176,9.593,,,0.07299,,1.228,1.261,0.01552,1.041,0.9375,0.3857,0.1271,0.061,1.089,0.7095,0.9871,1.129,1.12,1.046,0.9717,0.9644,0.9345,0.8485
Animal Trainers,Animal Trainers,Personal care,39-2011,exact title,5164.0,0.3668,-0.9168,-0.7294,-1.03,-3.686,-0.7405,0,0.4779,3.443,2.458,0.6183,0.8765,0.04987,-0.1015,-1.044,-0.8545,-0.003711,-0.9168,0.1379,0.5331,0.2409,0.1,-1.001,-1.266,-1.275,-1.257,-1.03,-0.7988,-0.7294,-0.7713,-0.761,-0.8075
Anthropologists and Archeologists,Anthropologists and Archeologists,"Life, physical & social science",19-3091,exact title,1579.0,0.242,0.6966,0.7388,0.8614,1.358,-0.3118,1,0.6957,4.126,9.332,,,0.07399,,1.003,1.2,0.002062,0.6966,0.7414,0.7105,0.2256,0.0077,0.5965,-0.08866,0.5287,0.581,0.8614,0.8293,0.7388,0.7526,0.6238,0.3632
"Anthropology and Archeology Teachers, Postsecondary","Anthropology and Archeology Teachers, Postsecondary",Education,25-1061,exact title,3853.0,0.2145,1.322,1.534,0.7813,2.83,-1.495,1,0.7785,4.578,10.87,,,0.08099,,1.289,1.672,0.2141,1.322,0.6327,0.0,0.01963,,1.01,0.1529,0.1718,0.7402,0.7813,1.455,1.534,1.533,1.46,1.196
Appraisers and Assessors of Real Estate,Appraisers and Assessors of Real Estate,Business & financial,13-2021,exact title,1301.0,0.4907,0.8413,0.6279,1.185,2.4,0.9512,1,0.689,,4.417,,,0.06437,,1.454,1.204,-0.1148,0.8413,0.7589,0.9905,0.206,0.9,0.9302,0.9663,1.465,1.311,1.185,0.7501,0.6279,0.6525,0.6284,0.6864
"Arbitrators, Mediators, and Conciliators","Arbitrators, Mediators, and Conciliators",Legal,23-1022,exact title,14730.0,0.3245,1.432,1.647,0.7958,3.186,-1.476,1,0.7791,3.9,6.88,,,0.06991,,0.3725,0.8204,0.1656,1.432,0.6452,0.6129,0.1535,0.06,1.114,0.4854,0.2182,0.7672,0.7958,1.519,1.647,1.635,1.59,1.355
"Architects, Except Landscape and Naval","Architects, Except Landscape and Naval",Architecture & engineering,17-1011,exact title,52240.0,0.3619,1.047,0.6104,2.389,3.536,2.199,1,0.7362,4.384,7.148,0.2786,0.7918,0.08005,-0.06315,0.9737,1.235,-0.2522,1.047,0.6977,0.5639,0.1738,0.018,1.508,1.528,2.353,1.844,2.389,0.8964,0.6104,0.6066,0.5547,0.5926
Architectural and Civil Drafters,Architectural and Civil Drafters,Architecture & engineering,17-3011,exact title,7155.0,0.4887,0.9234,0.5539,1.902,2.998,1.806,1,0.7145,4.1,5.501,0.2222,0.8008,0.06938,0.01737,1.736,1.528,-0.128,0.9234,0.86,0.674,0.2203,0.52,1.272,1.384,1.984,1.635,1.902,0.8153,0.5539,0.5935,0.5181,0.5157
Architectural and Engineering Managers,Architectural and Engineering Managers,Management,11-9041,fuzzy title,27880.0,0.4139,0.837,0.6474,1.326,2.373,0.7552,1,0.7085,5.026,6.598,0.1056,0.8064,0.07234,-0.1181,0.6476,0.8365,-0.09298,0.837,0.6044,0.4916,0.08676,0.017,1.116,0.985,1.115,1.111,1.326,0.8275,0.6474,0.6481,0.617,0.6496
"Architecture Teachers, Postsecondary","Architecture Teachers, Postsecondary",Education,25-1031,exact title,9271.0,0.28,1.222,1.246,1.323,2.964,-0.3869,1,0.7641,4.556,9.165,,,0.07636,,0.9718,1.447,0.1688,1.222,0.6341,0.0,0.02021,,1.152,0.4076,0.8514,1.081,1.323,1.278,1.246,1.258,1.177,0.8801
Archivists,Archivists,Education,25-4011,exact title,7480.0,0.2483,0.6766,0.6929,0.8722,1.373,-0.09976,1,0.6817,4.095,7.743,,,0.08375,,1.312,1.44,0.1367,0.6766,0.7692,0.1369,0.1278,0.76,0.4984,-0.03911,0.714,0.7171,0.8722,0.8075,0.6929,0.7432,0.5319,0.346
"Area, Ethnic, and Cultural Studies Teachers, Postsecondary","Area, Ethnic, and Cultural Studies Teachers, Postsecondary",Education,25-1062,exact title,31850.0,0.303,1.309,1.669,0.4524,2.496,-2.172,1,0.7654,4.368,10.02,,,0.07554,,1.298,1.544,0.4546,1.309,0.6444,0.01764,0.03022,,0.7702,-0.1434,-0.2651,0.4605,0.4524,1.457,1.669,1.667,1.605,1.227
Art Directors,Art Directors,Arts & media,27-1011,exact title,125700.0,0.2959,1.023,0.7273,2.249,3.177,1.578,1,0.7123,4.614,6.248,,,0.0913,,1.086,1.434,-0.08039,1.023,0.7931,0.4609,0.1376,0.023,1.345,1.306,1.822,1.422,2.249,0.9332,0.7273,0.7199,0.598,0.55
"Art, Drama, and Music Teachers, Postsecondary","Art, Drama, and Music Teachers, Postsecondary",Education,25-1121,exact title,47440.0,0.2992,0.7583,1.007,0.533,1.175,-1.2,1,0.6826,4.33,8.637,,,0.08089,,0.3127,0.7463,0.3225,0.7583,0.8125,0.0,0.01665,,0.4279,-0.1379,-0.2007,0.219,0.533,0.8752,1.007,0.9941,0.8869,0.4484
Astronomers,Astronomers,"Life, physical & social science",19-2011,exact title,15060.0,0.3054,1.374,1.035,2.128,4.166,1.32,1,0.7949,4.853,11.33,,,0.07762,,1.903,1.997,-0.3469,1.374,0.5938,0.9535,0.4001,0.041,1.639,1.262,2.157,2.029,2.128,1.359,1.035,1.07,0.9866,0.9724
Athletes and Sports Competitors,Athletes and Sports Competitors,Arts & media,27-2021,exact title,36290.0,0.4377,-1.814,-1.29,-2.461,-7.217,-2.366,0,0.401,4.348,3.011,0.149,0.8032,0.0354,0.04174,-2.018,-1.407,0.03606,-1.814,0.0,0.4791,0.1792,0.28,-2.161,-3.333,-2.923,-2.622,-2.461,-1.377,-1.29,-1.296,-1.423,-1.875
Athletic Trainers,Athletic Trainers,Healthcare practitioners,29-9091,exact title,9063.0,0.4322,-0.3311,-0.0954,-0.6849,-2.118,-1.222,0,0.5584,3.88,7.585,,,0.05069,,-0.7439,-0.4597,0.02216,-0.3311,0.4884,0.2118,0.1564,0.0071,-0.4266,-1.021,-1.113,-0.8901,-0.6849,-0.1412,-0.0954,-0.1158,-0.1744,-0.3502
Atmospheric and Space Scientists,Atmospheric and Space Scientists,"Life, physical & social science",19-2021,exact title,3197.0,0.4798,1.374,1.259,1.362,3.721,0.1452,1,0.7629,4.549,7.25,0.2696,0.8638,0.06299,0.0116,1.718,1.735,-0.1801,1.374,0.8696,0.9076,0.1133,0.67,1.326,1.084,1.329,1.525,1.362,1.327,1.259,1.295,1.268,1.29
Audio and Video Technicians,Audio and Video Technicians,Arts & media,27-4011,fuzzy title,11250.0,0.3619,-0.01177,-0.1205,0.2231,-0.277,0.6318,2,0.5489,3.888,4.265,,,0.04899,,0.2381,0.06797,-0.02201,-0.01177,0.475,0.3094,0.5988,0.55,0.02935,0.5228,0.3356,0.1471,0.2231,-0.1602,-0.1205,-0.1206,-0.0754,0.1846
Audiologists,Audiologists,Healthcare practitioners,29-1181,exact title,3771.0,0.4133,0.6329,0.6955,0.003907,1.231,-0.6357,1,0.6291,4.369,10.5,0.844,0.8927,0.0522,0.0381,0.07927,-0.04467,0.04659,0.6329,0.6818,0.6414,0.2282,0.0033,0.5721,0.8928,-0.1177,0.242,0.003904,0.5173,0.6955,0.6448,0.789,1.058
Automotive Body and Related Repairers,Automotive Body and Related Repairers,Installation & repair,49-3021,exact title,560.0,0.5357,-1.181,-1.199,-0.7019,-3.966,0.6137,0,0.4168,3.856,2.113,0.0241,0.8048,0.04171,-0.03907,-0.7867,-0.8785,-0.1069,-1.181,0.06383,0.2735,0.902,0.91,-1.107,-0.914,-0.523,-0.9696,-0.7019,-1.162,-1.199,-1.2,-1.241,-1.252
Automotive Engineering Technicians,Automotive Engineering Technicians,Architecture & engineering,17-3029,fuzzy title,8282.0,0.4716,0.1941,-0.07929,0.6988,0.5419,1.296,2,0.592,4.126,5.319,,,0.05298,,0.4885,0.2649,-0.1324,0.1941,0.4713,0.5856,0.6665,0.24,0.4772,0.9078,0.9048,0.6382,0.6988,0.06383,-0.07929,-0.06722,-0.05665,0.08899
Automotive Engineers,Automotive Engineers,Architecture & engineering,17-2199,fuzzy title,58000.0,0.4644,0.7876,0.5808,1.213,2.186,0.765,1,0.7032,4.612,6.753,,,0.07159,,1.097,1.062,-0.1047,0.7876,0.6861,0.6906,0.3361,0.014,1.092,1.003,1.032,1.062,1.213,0.7697,0.5808,0.5803,0.5507,0.5851
Automotive Service Technicians and Mechanics,Automotive Service Technicians and Mechanics,Installation & repair,49-3023,exact title,8632.0,0.5322,-0.9547,-1.031,-0.7077,-3.161,0.673,0,0.4234,3.848,2.62,0.01957,0.7704,0.034,-0.02707,-0.6356,-0.9661,-0.06572,-0.9547,0.1091,0.3596,0.4953,0.59,-0.8465,-0.2092,-0.4235,-0.8441,-0.7077,-1.065,-1.031,-1.047,-0.9701,-0.6724
Avionics Technicians,Avionics Technicians,Installation & repair,49-2091,exact title,763.0,0.529,-0.1729,-0.2636,0.1728,-0.8365,0.6956,2,0.551,4.238,3.366,0.09437,0.7308,0.04416,-0.01128,0.1883,-0.03252,0.08386,-0.1729,0.2,0.161,0.4711,0.7,-0.04676,0.2593,0.2269,0.03685,0.1728,-0.1855,-0.2636,-0.2479,-0.3188,-0.3602
Baggage Porters and Bellhops,Baggage Porters and Bellhops,Personal care,39-6011,exact title,3968.0,0.3183,-1.272,-0.914,-1.96,-5.148,-1.647,0,0.4301,3.371,1.847,,,0.03436,,-1.513,-1.302,0.06528,-1.272,0.2963,0.208,0.6212,0.83,-1.619,-2.144,-2.007,-1.742,-1.96,-1.108,-0.914,-0.93,-0.8837,-1.007
Bakers,Bakers,Production,51-3011,exact title,13960.0,0.3351,-0.3853,-0.4743,-0.05373,-1.478,0.6166,2,0.5167,3.393,2.02,0.6552,0.6858,0.05594,-0.03462,0.3264,-0.04632,0.01649,-0.3853,0.1471,0.1418,0.3086,0.89,-0.2092,0.1458,-0.08485,-0.2342,-0.05374,-0.4144,-0.4743,-0.4686,-0.4999,-0.4227
Barbers,Barbers,Personal care,39-5011,exact title,6692.0,0.3471,-0.7295,-0.5433,-0.961,-3.155,-0.699,0,0.5019,3.4,2.788,0.2404,0.5529,0.04517,-0.09192,0.2371,-0.1086,0.5106,-0.7295,0.1471,0.05537,0.05364,0.8,-0.5736,-0.5752,-1.5,-1.14,-0.961,-0.5555,-0.5433,-0.5617,-0.6327,-1.063
Bartenders,Bartenders,Food preparation,35-3011,exact title,35910.0,0.3476,-0.616,-0.411,-1.073,-2.877,-1.082,0,0.5067,3.271,2.028,0.605,0.8156,0.04838,-0.04576,-1.033,-0.7966,0.009972,-0.616,0.1944,0.09128,1.065,0.77,-0.7064,-0.931,-1.345,-1.072,-1.073,-0.5157,-0.411,-0.4176,-0.4033,-0.4348
Bill and Account Collectors,Bill and Account Collectors,Office & admin support,43-3011,exact title,23720.0,0.4084,1.272,1.27,0.7641,3.179,-0.5773,1,0.7352,3.63,3.38,0.7316,0.6981,0.06853,-0.001984,0.8194,0.811,0.08581,1.272,0.75,0.1218,0.0368,0.95,1.051,0.9444,0.7134,1.126,0.7641,1.18,1.27,1.292,1.38,1.547
Billing and Posting Clerks,Billing and Posting Clerks,Office & admin support,43-3021,fuzzy title,140000.0,0.4256,1.333,1.136,1.03,3.774,0.3803,1,0.7421,3.646,3.111,0.8895,0.7705,0.06592,0.01918,1.997,1.46,-0.1776,1.333,0.6429,0.253,0.1383,0.96,1.461,1.641,1.309,1.584,1.03,1.208,1.136,1.153,1.241,1.484
Biochemists and Biophysicists,Biochemists and Biophysicists,"Life, physical & social science",19-1021,exact title,14220.0,0.2579,0.9061,0.7935,1.209,2.322,0.2839,1,0.7244,4.628,10.18,,,0.0868,,1.262,1.345,-0.05795,0.9061,0.6818,0.5396,0.2594,0.027,1.157,0.7877,0.811,0.9552,1.209,0.9542,0.7935,0.772,0.71,0.6389
Bioengineers and Biomedical Engineers,Bioengineers and Biomedical Engineers,Architecture & engineering,17-2031,fuzzy title,17620.0,0.3798,0.9874,0.7338,1.652,2.869,0.975,1,0.7421,4.579,7.367,,,0.08647,,1.213,1.321,-0.1637,0.9874,0.8205,0.6455,0.3042,0.037,1.385,1.202,1.304,1.259,1.652,0.9871,0.7338,0.719,0.6619,0.679
Biofuels Production Managers,Biofuels Production Managers,Management,11-9199,fuzzy title,8945.0,0.6028,0.9647,0.91,0.9635,2.4,-0.04875,1,0.7153,4.826,6.13,,,0.06819,,0.5274,0.7676,-0.07831,0.9647,0.632,0.4303,0.1005,0.25,0.9705,0.646,0.8331,0.955,0.9635,0.9659,0.91,0.9077,0.9032,0.9366
"Biological Science Teachers, Postsecondary","Biological Science Teachers, Postsecondary",Education,25-1042,exact title,23180.0,0.282,1.228,1.493,0.5211,2.462,-1.642,1,0.751,4.4,10.95,,,0.07674,,0.8202,1.154,0.3786,1.228,0.5918,0.0,0.02517,,0.8774,0.09785,-0.04499,0.6478,0.5211,1.36,1.493,1.487,1.428,1.02
"Biological Scientists, All Other","Biological Scientists, All Other","Life, physical & social science",19-1029,exact title,79680.0,0.2711,1.01,0.8829,1.285,2.677,0.3384,1,0.7466,4.413,9.689,,,0.08023,,1.292,1.343,-0.03368,1.01,0.7077,0.4847,0.1703,0.015,1.249,0.8769,0.9681,1.154,1.285,1.084,0.8829,0.8781,0.802,0.703
Biological Technicians,Biological Technicians,"Life, physical & social science",19-4021,exact title,61580.0,0.3217,0.3012,0.1328,0.6146,0.669,0.7494,2,0.6212,3.874,6.813,0.516,0.6794,0.06,0.02074,1.349,0.8652,-0.0792,0.3012,0.4667,0.8789,0.3159,0.3,0.5337,0.6408,0.677,0.5625,0.6146,0.2887,0.1328,0.1504,0.1128,0.1456
Biologists,Biologists,"Life, physical & social science",19-1020,exact title,3982.0,0.3197,0.7521,0.6617,1.013,1.823,0.2762,1,0.7013,,7.262,0.4835,0.7974,0.07685,,,,,0.3176,0.7619,0.6127,0.2894,0.3,0.8704,0.5048,0.8211,0.8848,1.013,0.8109,0.6617,0.6646,0.5766,0.4823
Biomass Power Plant Managers,Biomass Power Plant Managers,Management,11-9199,fuzzy title,13270.0,0.6534,0.9647,0.91,0.9635,2.4,-0.04875,1,0.7153,4.826,6.13,,,0.06819,,0.5274,0.7676,-0.07831,0.9647,0.632,0.4303,0.1005,0.25,0.9705,0.646,0.8331,0.955,0.9635,0.9659,0.91,0.9077,0.9032,0.9366
Blockchain Engineers,Blockchain Engineers,Computer & mathematical,17-2199,fuzzy title,20690.0,0.3642,0.7876,0.5808,1.213,2.186,0.765,1,0.7032,4.612,6.753,,,0.07159,,1.097,1.062,-0.1047,0.7876,0.6861,0.6906,0.3361,0.014,1.092,1.003,1.032,1.062,1.213,0.7697,0.5808,0.5803,0.5507,0.5851
Boilermakers,Boilermakers,Construction & extraction,47-2011,exact title,642.0,0.524,-1.098,-1.122,-0.826,-3.684,0.6227,0,0.4194,4.163,2.02,0.0153,0.8272,0.03473,-0.05315,-0.745,-0.9493,0.0009067,-1.098,0.0,0.1955,1.23,0.68,-0.9936,-0.6034,-0.5124,-0.8628,-0.826,-1.111,-1.122,-1.14,-1.14,-1.103
"Bookkeeping, Accounting, and Auditing Clerks","Bookkeeping, Accounting, and Auditing Clerks",Office & admin support,43-3031,exact title,58920.0,0.4621,1.04,0.8181,0.7601,2.869,0.5592,1,0.7295,3.819,3.374,0.8799,0.8216,0.0498,0.04754,1.643,1.228,-0.1663,1.04,0.4884,0.1519,0.2164,0.98,1.205,1.245,1.218,1.625,0.7601,1.027,0.8181,0.8983,0.897,0.8271
Bridge and Lock Tenders,Bridge and Lock Tenders,Transportation,53-6011,exact title,896.0,0.5899,-0.6322,-0.799,-0.2285,-1.908,1.269,2,0.4271,3.815,1.678,,,0.03571,,-0.7875,-0.9471,-0.1762,-0.6322,0.3214,0.9252,2.746,0.97,-0.7557,0.1955,0.4757,-0.1116,-0.2285,-0.8876,-0.799,-0.7991,-0.6549,-0.2751
Broadcast Technicians,Broadcast Technicians,Arts & media,27-4012,exact title,1110.0,0.4187,0.1222,-0.1106,0.5763,0.3952,1.225,2,0.5516,3.801,4.031,,,0.0513,,0.7164,0.2606,-0.1781,0.1222,0.3333,0.6151,0.9121,0.74,0.2395,0.9371,0.8819,0.491,0.5763,-0.08848,-0.1106,-0.1078,-0.0254,0.3421
Brokerage Clerks,Brokerage Clerks,Office & admin support,43-4011,exact title,13070.0,0.4223,1.145,1.026,0.7379,3.068,0.102,1,0.7092,3.989,4.309,,,0.05491,,1.388,1.043,-0.04867,1.145,0.8667,0.2292,0.2667,0.98,1.14,1.399,0.9361,1.307,0.7379,1.008,1.026,1.058,1.149,1.286
Brownfield Redevelopment Specialists and Site Managers,Brownfield Redevelopment Specialists and Site Managers,Management,11-9199,fuzzy title,9096.0,0.4722,0.9647,0.91,0.9635,2.4,-0.04875,1,0.7153,4.826,6.13,,,0.06819,,0.5274,0.7676,-0.07831,0.9647,0.632,0.4303,0.1005,0.25,0.9705,0.646,0.8331,0.955,0.9635,0.9659,0.91,0.9077,0.9032,0.9366
Budget Analysts,Budget Analysts,Business & financial,13-2031,exact title,35720.0,0.4133,1.503,1.3,1.326,4.181,0.1904,1,0.8089,4.381,5.693,0.6282,0.7124,0.07039,0.0205,2.048,1.898,-0.2356,1.503,0.96,0.2026,0.0218,0.94,1.74,1.303,1.346,1.801,1.326,1.516,1.3,1.32,1.346,1.429
"Bus Drivers, School","Bus Drivers, School",Transportation,53-3022,exact title,7068.0,0.4439,-0.2977,-0.7286,0.771,-0.1794,2.889,2,0.4398,,2.739,,,0.03055,,-0.2303,-0.778,-0.2209,-0.2977,0.3303,0.2967,0.9252,0.89,-0.3176,1.315,1.919,0.8141,0.771,-0.8201,-0.7286,-0.7428,-0.5304,0.08893
"Bus Drivers, Transit and Intercity","Bus Drivers, Transit and Intercity",Transportation,53-3021,exact title,1874.0,0.2965,-0.6055,-1.05,0.4811,-1.047,3.097,2,0.3888,,1.916,,,0.02308,,-0.854,-1.178,-0.2045,-0.6055,0.3333,0.4168,1.965,0.67,-0.6474,1.193,1.841,0.6042,0.4811,-1.155,-1.05,-1.049,-0.8175,-0.2224
Bus and Truck Mechanics and Diesel Engine Specialists,Bus and Truck Mechanics and Diesel Engine Specialists,Installation & repair,49-3031,exact title,4895.0,0.5951,-1.01,-1.058,-0.7602,-3.335,0.6141,0,0.4085,3.885,2.188,0.01598,0.8234,0.03704,0.006768,-0.6722,-0.9914,-0.06479,-1.01,0.0,0.4133,1.306,0.73,-0.9879,-0.3409,-0.4595,-0.879,-0.7602,-1.15,-1.058,-1.085,-0.9886,-0.6406
"Business Operations Specialists, All Other","Business Operations Specialists, All Other",Business & financial,13-1199,exact title,137800.0,0.4038,1.048,0.925,1.221,2.797,0.2613,1,0.7275,4.313,4.958,0.5555,0.7306,0.07376,-0.01409,1.214,1.288,-0.09764,1.048,0.7799,0.3983,0.1449,0.23,1.129,0.9071,1.049,1.144,1.221,1.015,0.925,0.9222,0.9224,1.019
"Business Teachers, Postsecondary","Business Teachers, Postsecondary",Education,25-1011,exact title,7706.0,0.3892,1.349,1.618,0.377,2.726,-1.932,1,0.7817,4.547,10.08,,,0.06841,,0.8678,1.231,0.1603,1.349,0.6591,0.1201,0.03429,,0.9997,0.04046,-0.07704,0.7175,0.377,1.515,1.618,1.644,1.604,1.193
Butchers and Meat Cutters,Butchers and Meat Cutters,Production,51-3021,exact title,14400.0,0.4145,-0.971,-0.9766,-0.9157,-3.397,0.3334,0,0.4317,3.585,1.966,,,0.04158,,-1.09,-1.05,-0.02366,-0.971,0.05263,0.52,0.1221,0.93,-0.8264,-0.4781,-0.698,-0.8496,-0.9157,-0.9694,-0.9766,-0.9761,-0.9777,-0.9452
"Buyers and Purchasing Agents, Farm Products","Buyers and Purchasing Agents, Farm Products",Business & financial,13-1021,fuzzy title,3223.0,0.5397,0.7687,0.7368,0.6206,1.744,-0.1688,1,0.6863,,5.467,0.2578,0.8407,0.06734,,0.5451,0.6557,-0.06626,0.7687,0.4444,1.151,0.1725,0.87,0.7709,0.4957,0.515,0.8295,0.6206,0.7731,0.7368,0.7393,0.7514,0.7237
Cabinetmakers and Bench Carpenters,Cabinetmakers and Bench Carpenters,Production,51-7011,exact title,904.0,0.5273,-1.327,-1.327,-1.027,-4.477,0.4245,0,0.3995,3.625,2.153,0.06271,0.8557,0.03929,-0.02395,-0.8602,-0.9657,0.05832,-1.327,0.08824,0.1728,0.5812,0.92,-1.149,-0.9,-0.9275,-1.209,-1.027,-1.278,-1.327,-1.333,-1.358,-1.379
"Camera Operators, Television, Video, and Film","Camera Operators, Television, Video, and Film",Arts & media,27-4031,fuzzy title,5158.0,0.3231,-0.447,-0.629,0.3758,-1.369,1.409,2,0.4934,3.897,4.389,,,0.04756,,-0.2619,-0.342,-0.1048,-0.447,0.3333,0.5268,0.5757,0.6,-0.3549,0.1405,0.6265,0.05411,0.3758,-0.5857,-0.629,-0.626,-0.6259,-0.563
Camera and Photographic Equipment Repairers,Camera and Photographic Equipment Repairers,Installation & repair,49-9061,exact title,1610.0,0.3578,0.05464,-0.3598,1.232,0.6126,2.541,2,0.554,3.643,2.89,,,0.05226,,1.376,0.6181,-0.1338,0.05464,0.08,0.5216,1.012,0.97,0.5107,1.286,1.677,0.9486,1.232,-0.1239,-0.3598,-0.3373,-0.4027,-0.3746
"Captains, Mates, and Pilots of Water Vessels","Captains, Mates, and Pilots of Water Vessels",Transportation,53-5021,exact title,15140.0,0.5526,-0.4282,-0.793,0.672,-0.8342,2.526,2,0.4704,4.402,3.056,,,0.03625,,-0.848,-0.8526,-0.2188,-0.4282,0.3455,0.9018,0.7682,0.27,-0.4028,0.6909,1.587,0.5902,0.672,-0.7821,-0.793,-0.7922,-0.6818,-0.392
Cardiovascular Technologists and Technicians,Cardiovascular Technologists and Technicians,Healthcare practitioners,29-2031,exact title,4666.0,0.4669,-0.09095,-0.1313,-0.2057,-0.7706,0.1207,2,0.5668,4.104,4.588,0.6241,0.7118,0.04272,0.001992,-0.2398,-0.3431,-0.0693,-0.09095,0.2286,0.3675,0.5368,0.23,0.05235,0.2283,-0.1248,-0.07863,-0.2057,-0.08502,-0.1313,-0.1263,-0.1103,-0.07352
Cargo and Freight Agents,Cargo and Freight Agents,Office & admin support,43-5011,exact title,9039.0,0.4419,1.405,1.255,1.238,3.891,0.109,1,0.761,3.848,2.92,0.3224,0.6585,0.06863,-0.07383,1.378,1.301,-0.06978,1.405,0.6424,0.4651,0.2249,0.99,1.408,1.37,1.248,1.496,1.238,1.268,1.255,1.277,1.357,1.641
Carpet Installers,Carpet Installers,Construction & extraction,47-2041,exact title,560.0,0.4905,-1.565,-1.414,-1.435,-5.599,-0.3524,0,0.4146,3.842,1.933,,,0.03391,,-1.225,-1.094,-0.07099,-1.565,0.0625,0.2769,1.279,0.87,-1.564,-2.074,-1.4,-1.537,-1.435,-1.326,-1.414,-1.406,-1.495,-1.792
Cartographers and Photogrammetrists,Cartographers and Photogrammetrists,Architecture & engineering,17-1021,exact title,3709.0,0.3491,0.817,0.4723,1.699,2.641,1.78,1,0.6847,4.233,4.839,,,0.06299,,1.518,1.179,-0.1423,0.817,0.84,0.5004,0.1054,0.88,1.056,1.313,1.928,1.535,1.699,0.7065,0.4723,0.513,0.4299,0.444
Cashiers,Cashiers,Sales,41-2011,exact title,26470.0,0.3319,-0.2481,-0.1075,-0.8546,-1.709,-0.9614,2,0.5616,3.305,1.735,,,0.04928,,-0.2941,-0.3994,0.0447,-0.2481,0.4884,0.386,0.2932,0.97,-0.2922,-0.5431,-0.9522,-0.5084,-0.8546,-0.1256,-0.1075,-0.0832,-0.07808,-0.1869
Chefs and Head Cooks,Chefs and Head Cooks,Food preparation,35-1011,exact title,45360.0,0.3653,-0.2676,-0.172,-0.4527,-1.637,-0.6127,2,0.576,3.915,4.444,0.2593,0.5624,0.05598,0.0147,-0.967,-0.5982,-0.032,-0.2676,0.381,0.5499,0.1329,0.1,-0.09933,-0.4144,-0.8784,-0.5474,-0.4527,-0.1322,-0.172,-0.1945,-0.216,-0.3603
Chemical Engineers,Chemical Engineers,Architecture & engineering,17-2041,exact title,30440.0,0.4528,1.341,0.906,2.256,4.328,1.732,1,0.7695,4.659,6.636,0.1873,0.7725,0.09013,-0.01264,1.891,1.843,-0.3752,1.341,0.6154,1.42,0.4627,0.017,1.752,1.74,2.285,1.978,2.256,1.207,0.906,0.9184,0.8902,1.259
Chemical Equipment Operators and Tenders,Chemical Equipment Operators and Tenders,Production,51-9011,exact title,604.0,0.5327,-0.5115,-0.678,-0.1843,-1.642,1.096,2,0.4828,3.873,3.006,,,0.03905,,-0.3578,-0.6278,-0.09613,-0.5115,0.08696,0.6056,0.6146,0.76,-0.4172,0.211,0.3589,-0.08321,-0.1843,-0.659,-0.678,-0.6573,-0.6063,-0.3738
Chemical Technicians,Chemical Technicians,"Life, physical & social science",19-4031,exact title,7475.0,0.4184,0.06281,-0.09402,0.4308,-0.04301,0.8293,2,0.5884,3.892,4.574,0.3532,0.7682,0.05866,0.001041,0.3208,0.1913,-0.08867,0.06281,0.5,0.2165,0.3711,0.57,0.2953,0.5078,0.4937,0.3585,0.4308,0.06278,-0.09402,-0.06905,-0.149,-0.1331
"Chemistry Teachers, Postsecondary","Chemistry Teachers, Postsecondary",Education,25-1052,exact title,9903.0,0.3404,1.334,1.45,0.8127,3.066,-1.086,1,0.7726,4.375,9.899,,,0.07041,,1.276,1.417,0.1814,1.334,0.5686,0.1231,0.07744,,1.144,0.4925,0.4076,0.9798,0.8127,1.412,1.45,1.456,1.432,1.234
Chemists,Chemists,"Life, physical & social science",19-2031,exact title,21650.0,0.3662,0.5011,0.3266,0.8051,1.268,0.7378,1,0.6603,4.375,6.157,,,0.06263,,0.9909,0.7851,-0.06696,0.5011,0.52,0.7567,0.1266,0.1,0.7818,0.7791,0.7858,0.8292,0.8051,0.5066,0.3266,0.3382,0.282,0.2364
Chief Executives,Chief Executives,Management,11-1011,exact title,507500.0,0.4956,1.334,1.309,1.31,3.41,-0.3376,1,0.7769,5.19,7.23,,,0.08191,,0.305,0.8279,0.01208,1.334,0.6211,0.2515,0.08803,0.015,1.435,0.9152,0.7818,1.118,1.31,1.356,1.309,1.269,1.276,1.22
"Child, Family, and School Social Workers","Child, Family, and School Social Workers",Community & social service,21-1021,exact title,41760.0,0.2794,0.7762,0.9571,0.1975,1.321,-1.255,1,0.6819,3.895,6.461,0.8461,0.7036,0.06321,0.002196,-0.6643,-0.1368,0.03495,0.7762,0.4286,0.3945,0.06198,0.028,0.4936,0.01446,-0.1175,0.2514,0.1975,0.821,0.9571,0.933,0.9756,0.9565
Chiropractors,Chiropractors,Healthcare practitioners,29-1011,exact title,7093.0,0.5289,-0.1912,0.05163,-0.7665,-1.802,-1.459,2,0.6038,4.317,10.06,0.3068,0.8934,0.05304,0.03719,-0.4211,-0.2246,0.1005,-0.1912,0.5455,0.2976,0.172,0.027,-0.1842,-0.9333,-1.236,-0.8063,-0.7665,0.08978,0.05163,0.04321,-0.0454,-0.3252
Choreographers,Choreographers,Arts & media,27-2032,exact title,4473.0,0.2803,-1.576,-0.8861,-2.267,-6.973,-3.41,0,0.4881,3.754,5.0,,,0.06058,,-1.881,-0.9193,0.08045,-1.576,0.2,0.1896,0.1493,0.004,-1.958,-3.918,-3.471,-2.94,-2.267,-0.9463,-0.8861,-0.8918,-1.132,-1.823
Civil Engineering Technologists and Technicians,Civil Engineering Technologists and Technicians,Architecture & engineering,17-3022,fuzzy title,9463.0,0.4406,0.9323,0.5532,1.676,3.022,1.701,1,0.7068,4.066,4.228,,,0.05957,,1.832,1.505,-0.2168,0.9323,0.6818,1.457,0.2186,0.75,1.252,1.484,1.921,1.656,1.676,0.774,0.5532,0.5895,0.5916,0.722
Civil Engineers,Civil Engineers,Architecture & engineering,17-2051,exact title,87850.0,0.4832,1.283,0.9268,1.977,3.974,1.365,1,0.7703,4.478,6.765,0.1541,0.7904,0.07524,0.009714,1.46,1.529,-0.24,1.283,0.7372,0.6219,0.1384,0.019,1.651,1.542,1.955,1.849,1.977,1.161,0.9268,0.9313,0.9413,1.104
"Claims Adjusters, Examiners, and Investigators","Claims Adjusters, Examiners, and Investigators",Business & financial,13-1031,exact title,79340.0,0.4612,1.274,1.106,1.286,3.541,0.4374,1,0.7397,4.176,5.143,,,0.05915,,1.188,1.093,-0.1427,1.274,0.8,0.3293,0.07057,0.98,1.31,1.27,1.424,1.487,1.286,1.177,1.106,1.137,1.145,1.231
Cleaners of Vehicles and Equipment,Cleaners of Vehicles and Equipment,Transportation,53-7061,exact title,1339.0,0.4516,-1.63,-1.535,-1.418,-5.549,0.3905,0,0.354,3.377,1.803,0.1882,0.6276,0.02584,-0.005024,-1.01,-1.243,0.008212,-1.63,0.0,0.1732,0.9681,0.37,-1.609,-1.438,-1.015,-1.372,-1.418,-1.491,-1.535,-1.504,-1.648,-2.09
"Cleaning, Washing, and Metal Pickling Equipment Operators and Tenders","Cleaning, Washing, and Metal Pickling Equipment Operators and Tenders",Production,51-9192,exact title,3478.0,0.4705,-1.142,-1.124,-1.118,-3.954,0.205,0,0.4042,3.558,1.885,,,0.03808,,-0.7273,-1.009,-0.054,-1.142,0.1053,0.8304,0.6083,0.81,-1.16,-0.8221,-0.7605,-1.068,-1.118,-1.154,-1.124,-1.112,-1.094,-0.9021
Clergy,Clergy,Community & social service,21-2011,exact title,26100.0,0.6186,1.283,1.47,0.584,2.815,-1.462,1,0.7334,3.906,7.392,0.1993,0.8122,0.07403,0.1408,-0.8743,-0.06654,-0.008504,1.283,0.2857,0.07567,0.02584,0.0081,0.9999,0.4543,0.1042,0.6447,0.584,1.277,1.47,1.428,1.527,1.499
Clinical Data Managers,Clinical Data Managers,Computer & mathematical,11-9199,fuzzy title,21860.0,0.3832,0.9647,0.91,0.9635,2.4,-0.04875,1,0.7153,4.826,6.13,,,0.06819,,0.5274,0.7676,-0.07831,0.9647,0.632,0.4303,0.1005,0.25,0.9705,0.646,0.8331,0.955,0.9635,0.9659,0.91,0.9077,0.9032,0.9366
Clinical and Counseling Psychologists,Clinical and Counseling Psychologists,"Life, physical & social science",19-3031,fuzzy title,14920.0,0.2689,1.456,1.626,0.8265,3.318,-1.444,1,0.7991,,9.931,,,0.07782,,0.2129,0.7065,0.09534,1.456,0.7615,0.8119,0.122,0.0047,1.278,0.5549,0.2094,0.7962,0.8265,1.559,1.626,1.593,1.587,1.483
Coaches and Scouts,Coaches and Scouts,Arts & media,27-2022,exact title,89500.0,0.4148,0.1169,0.3189,0.07318,-0.7054,-1.17,2,0.6293,3.663,5.766,0.49,0.7916,0.07454,0.1132,-1.372,-0.5434,-0.03378,0.1169,0.2444,0.3779,0.696,0.013,-0.04175,-0.9846,-0.5557,-0.4448,0.07318,0.2588,0.3189,0.2871,0.2409,0.1614
"Coating, Painting, and Spraying Machine Setters, Operators, and Tenders","Coating, Painting, and Spraying Machine Setters, Operators, and Tenders",Production,51-9121,exact title,843.0,0.4972,-1.121,-1.279,-0.5087,-3.425,1.374,0,0.3855,,1.729,,,0.03314,,-0.812,-1.041,-0.1592,-1.284,0.02174,0.5144,1.154,0.8,-1.039,-0.3111,0.05225,-0.5649,-0.5087,-1.253,-1.279,-1.261,-1.253,-1.046
"Coin, Vending, and Amusement Machine Servicers and Repairers","Coin, Vending, and Amusement Machine Servicers and Repairers",Installation & repair,49-9091,exact title,1980.0,0.4609,-0.7234,-0.8515,-0.2727,-2.353,1.111,2,0.4718,3.665,2.1,0.1816,0.752,0.03792,-0.06759,-0.1265,-0.5391,0.0359,-0.7234,0.2143,0.451,0.8527,0.94,-0.5109,0.0285,0.06309,-0.3209,-0.2727,-0.7673,-0.8515,-0.8441,-0.8857,-0.905
Commercial Divers,Commercial Divers,Installation & repair,49-9092,exact title,739.0,0.5444,-1.103,-1.082,-0.783,-3.804,0.4302,0,0.4377,4.1,3.338,,,0.03774,,-1.18,-1.063,-0.05494,-1.103,0.1778,0.2025,0.7188,0.18,-1.101,-0.9092,-0.548,-0.9376,-0.783,-1.093,-1.082,-1.094,-1.104,-1.153
Commercial Pilots,Commercial Pilots,Transportation,53-2012,exact title,2172.0,0.6425,-0.1817,-0.6444,0.989,0.1765,3.004,2,0.4778,4.602,4.214,,,0.03227,,-0.587,-0.7527,-0.2635,-0.1817,0.4318,0.5481,0.1504,0.55,-0.03683,1.397,2.038,0.9605,0.989,-0.6207,-0.6444,-0.6485,-0.506,-0.06426
Commercial and Industrial Designers,Commercial and Industrial Designers,Arts & media,27-1021,exact title,20640.0,0.3753,0.867,0.5599,1.973,2.737,1.57,1,0.6939,4.344,5.392,0.3819,0.7896,0.08375,0.004851,1.778,1.747,-0.04798,0.867,0.7586,0.7652,0.2101,0.037,1.246,1.347,1.607,1.287,1.973,0.7654,0.5599,0.5348,0.4687,0.5226
"Communications Teachers, Postsecondary","Communications Teachers, Postsecondary",Education,25-1122,exact title,25590.0,0.2894,1.347,1.702,0.31,2.604,-2.229,1,0.761,4.351,8.962,,,0.06657,,0.8061,1.122,0.3348,1.347,0.825,0.0,0.02112,,0.8042,-0.06704,-0.2456,0.5239,0.31,1.482,1.702,1.708,1.681,1.321
Community Health Workers,Community Health Workers,Community & social service,21-1094,exact title,16900.0,0.3191,0.03712,0.1348,-0.1674,-0.6218,-0.4057,2,0.5781,3.841,5.727,,,0.05469,,-1.003,-0.5898,0.05129,0.03712,0.4167,0.2674,0.05673,,-0.01639,-0.002403,-0.3648,-0.1576,-0.1674,0.06068,0.1348,0.1052,0.1061,0.008645
Compensation and Benefits Managers,Compensation and Benefits Managers,Management,11-3111,exact title,30150.0,0.4577,1.298,1.467,0.5593,2.81,-1.452,1,0.7796,4.848,6.333,0.7606,0.8004,0.07633,0.07351,0.9551,1.294,0.2006,1.298,0.7368,0.4725,0.09215,0.96,1.143,0.4093,0.006952,0.85,0.5593,1.43,1.467,1.462,1.454,1.164
"Compensation, Benefits, and Job Analysis Specialists","Compensation, Benefits, and Job Analysis Specialists",Business & financial,13-1141,exact title,48590.0,0.3987,1.441,1.362,1.221,3.792,-0.2782,1,0.7829,4.161,5.392,0.7569,0.7358,0.07698,0.02763,1.508,1.578,-0.1109,1.441,0.6316,0.5217,0.0674,0.47,1.465,1.069,1.012,1.353,1.221,1.434,1.362,1.372,1.385,1.501
Compliance Managers,Compliance Managers,Management,11-9199,fuzzy title,47080.0,0.4166,0.9647,0.91,0.9635,2.4,-0.04875,1,0.7153,4.826,6.13,,,0.06819,,0.5274,0.7676,-0.07831,0.9647,0.632,0.4303,0.1005,0.25,0.9705,0.646,0.8331,0.955,0.9635,0.9659,0.91,0.9077,0.9032,0.9366
Compliance Officers,Compliance Officers,Business & financial,13-1041,exact title,27370.0,0.3942,0.6981,0.5718,0.8251,1.714,0.4426,1,0.6531,4.272,5.497,0.535,0.7672,0.05584,-0.01842,0.4972,0.5004,-0.1363,0.6981,0.7157,0.3356,0.1551,0.08,0.6143,0.6584,1.01,0.865,0.8251,0.5802,0.5718,0.5824,0.5997,0.7148
Computer Hardware Engineers,Computer Hardware Engineers,Architecture & engineering,17-2061,exact title,15200.0,0.4466,1.142,0.9769,1.56,3.163,0.5752,1,0.7533,4.853,6.773,0.1448,0.6155,0.07805,0.03743,2.153,1.905,0.03748,1.142,0.4545,0.7578,0.1414,0.22,1.414,1.201,1.185,1.248,1.56,1.142,0.9769,0.9669,0.8802,0.84
Computer Network Architects,Computer Network Architects,Computer & mathematical,15-1143,exact title,53020.0,0.4957,0.5803,0.4954,0.8934,1.457,0.3884,1,0.6745,,5.935,,,0.06797,,0.8248,0.7918,-0.1105,0.5803,0.8574,0.8785,0.1084,,0.7571,0.5688,0.7139,0.7622,0.8934,0.6281,0.4954,0.506,0.4444,0.4204
Computer Network Support Specialists,Computer Network Support Specialists,Computer & mathematical,15-1152,exact title,65770.0,0.4789,0.7861,0.6566,1.02,2.052,0.4778,1,0.6837,,5.101,,,0.06016,,1.753,1.298,0.01093,0.7861,0.8462,0.7125,0.1328,,0.9253,0.992,0.881,0.8468,1.02,0.7407,0.6566,0.6624,0.629,0.6737
Computer Numerically Controlled Tool Operators,Computer Numerically Controlled Tool Operators,Production,43-9011,fuzzy title,1294.0,0.5966,0.7041,0.4079,1.144,2.184,1.228,1,0.6475,,4.361,,,0.05437,,0.4733,0.264,-0.2118,-0.9824,0.4486,0.5918,1.551,0.86,0.9232,1.399,1.344,1.08,1.144,0.5218,0.4079,0.4314,0.4804,0.8431
Computer Numerically Controlled Tool Programmers,Computer Numerically Controlled Tool Programmers,Production,15-1131,fuzzy title,3085.0,0.6072,1.272,1.025,1.673,3.671,0.8071,1,0.7697,,5.869,,,0.06788,,2.496,2.2,-0.04117,-0.6576,0.6257,0.5312,1.084,0.36,1.544,1.312,1.563,1.592,1.673,1.266,1.025,1.047,0.9709,1.02
"Computer Occupations, All Other","Computer Occupations, All Other",Computer & mathematical,15-1199,exact title,969.0,0.3878,1.233,1.044,1.596,3.459,0.5581,1,0.7615,,5.928,,,0.07658,,1.725,1.672,-0.02432,0.9684,0.9137,0.5368,0.3407,0.78,1.429,1.18,1.355,1.401,1.596,1.222,1.044,1.051,0.9958,1.048
Computer Programmers,Computer Programmers,Computer & mathematical,15-1131,exact title,38560.0,0.4486,1.272,1.025,1.673,3.671,0.8071,1,0.7697,,5.869,,,0.06788,,2.496,2.2,-0.04117,1.272,0.9333,0.8399,1.148,0.48,1.544,1.312,1.563,1.592,1.673,1.266,1.025,1.047,0.9709,1.02
"Computer Science Teachers, Postsecondary","Computer Science Teachers, Postsecondary",Education,25-1021,exact title,20500.0,0.3903,1.278,1.39,0.8789,2.887,-1.027,1,0.7697,4.356,9.03,,,0.07352,,0.7863,1.096,0.09472,1.278,0.5952,0.0,0.06442,,1.082,0.3234,0.4311,0.9778,0.8789,1.391,1.39,1.413,1.352,1.049
Computer Systems Analysts,Computer Systems Analysts,Computer & mathematical,15-1121,exact title,108500.0,0.4496,1.198,1.046,1.514,3.288,0.4087,1,0.7552,,6.401,,,0.07674,,1.522,1.563,-0.05129,1.198,0.8663,0.4792,0.1022,0.0065,1.379,1.126,1.189,1.277,1.514,1.187,1.046,1.04,0.99,1.021
Computer User Support Specialists,Computer User Support Specialists,Computer & mathematical,15-1151,exact title,240500.0,0.4017,0.2993,0.3262,0.2547,0.2234,-0.2136,2,0.6352,,4.243,,,0.05577,,0.5808,0.537,0.1001,0.2993,0.8519,0.6423,0.3833,,0.344,0.1306,0.02045,0.1835,0.2547,0.3863,0.3262,0.3478,0.2543,0.07098
Computer and Information Research Scientists,Computer and Information Research Scientists,Computer & mathematical,15-1111,exact title,32150.0,0.2869,1.154,0.9682,1.63,3.178,0.5094,1,0.7832,,8.026,,,0.09072,,1.817,1.746,-0.1041,1.154,0.7692,0.3921,0.175,0.015,1.561,1.079,1.11,1.245,1.63,1.23,0.9682,0.9433,0.8536,0.8047
Computer and Information Systems Managers,Computer and Information Systems Managers,Management,11-3021,exact title,134400.0,0.5011,1.06,0.9451,1.275,2.787,0.3027,1,0.7405,5.069,5.55,0.2965,0.7618,0.06684,0.002793,0.7629,0.9751,-0.01159,1.06,0.8182,0.3313,0.03499,0.035,1.223,0.9728,0.9921,1.139,1.275,1.082,0.9451,0.9508,0.8856,0.759
"Computer, Automated Teller, and Office Machine Repairers","Computer, Automated Teller, and Office Machine Repairers",Installation & repair,49-2011,exact title,30370.0,0.4817,-0.3458,-0.4541,0.1531,-1.256,0.9476,2,0.5209,3.713,3.464,0.1106,0.7494,0.04931,-0.04693,-0.1441,-0.2719,0.07013,-0.3458,0.3265,0.458,0.6323,0.74,-0.2128,0.2572,0.2565,-0.08343,0.1531,-0.4231,-0.4541,-0.4512,-0.4907,-0.5004
Concierges,Concierges,Personal care,39-6012,exact title,47700.0,0.3324,0.8558,1.071,0.1187,1.531,-1.482,1,0.6694,3.561,3.667,,,0.07116,,0.4397,0.5577,0.09795,0.8558,0.7333,0.06984,1.511,0.21,0.5841,0.2117,-0.3273,0.2148,0.1187,0.8088,1.071,1.012,1.153,1.215
Conservation Scientists,Conservation Scientists,"Life, physical & social science",19-1031,exact title,7669.0,0.3216,0.06903,0.07443,0.2438,-0.3211,0.1135,2,0.5898,4.155,5.955,,,0.05817,,-0.4098,-0.1362,-0.03417,0.06903,0.7532,0.3636,0.3385,0.016,0.001655,-0.1181,0.2143,0.1641,0.2438,0.06973,0.07443,0.0643,0.05438,-0.02428
Construction Managers,Construction Managers,Management,11-9021,exact title,150200.0,0.6162,1.029,0.6362,1.857,3.38,1.777,1,0.6928,4.594,5.68,0.08176,0.8619,0.06086,0.03576,0.3489,0.5557,-0.2925,1.029,0.6,0.9005,0.1611,0.071,1.229,1.503,2.206,1.723,1.857,0.7786,0.6362,0.6682,0.7313,1.019
Construction and Building Inspectors,Construction and Building Inspectors,Construction & extraction,47-4011,exact title,12660.0,0.5679,0.286,0.06767,0.972,0.7876,1.266,2,0.6278,4.121,4.626,0.1059,0.8278,0.0504,0.02458,0.7323,0.5141,-0.2362,0.286,0.4916,0.9554,1.069,0.63,0.408,0.3964,1.304,0.8508,0.972,0.2366,0.06767,0.09117,0.02757,0.00756
"Construction and Related Workers, All Other","Construction and Related Workers, All Other",Construction & extraction,47-4099,exact title,13160.0,0.4718,-0.8728,-0.8711,-0.5883,-3.139,0.3493,0,0.4667,,3.234,,,0.04228,,-0.8364,-0.7601,-0.09137,-0.8728,0.35,0.4948,0.485,,-0.868,-0.8195,-0.4008,-0.6998,-0.5883,-0.8411,-0.8711,-0.8631,-0.8892,-0.956
Continuous Mining Machine Operators,Continuous Mining Machine Operators,Construction & extraction,47-5041,exact title,6177.0,0.5711,-1.165,-1.355,-0.6004,-3.421,1.515,0,0.3696,4.099,2.159,,,0.03127,,-0.9861,-1.281,-0.1626,-1.165,0.12,0.8628,1.7,0.54,-1.108,-0.1043,0.141,-0.6131,-0.6004,-1.422,-1.355,-1.386,-1.229,-0.741
"Control and Valve Installers and Repairers, Except Mechanical Door","Control and Valve Installers and Repairers, Except Mechanical Door",Installation & repair,49-9012,exact title,7292.0,0.5525,-0.7607,-0.7806,-0.3885,-2.71,0.5102,0,0.4717,4.139,2.738,,,0.04729,,-0.2639,-0.469,-0.0487,-0.7607,0.09524,0.2596,0.3696,0.63,-0.7483,-0.5112,-0.259,-0.6098,-0.3885,-0.7702,-0.7806,-0.7802,-0.8085,-0.8028
"Cooks, All Other","Cooks, All Other",Food preparation,35-1011,fuzzy title,23990.0,0.3266,-0.2676,-0.172,-0.4527,-1.637,-0.6127,2,0.576,3.915,4.444,0.2593,0.5624,0.05598,-0.024,-0.967,-0.5982,-0.032,,,,,,-0.09933,-0.4144,-0.8784,-0.5474,-0.4527,-0.1322,-0.172,-0.1945,-0.216,-0.3603
"Cooks, Fast Food","Cooks, Fast Food",Food preparation,35-2011,exact title,931.0,0.3184,-0.7132,-0.3906,-1.511,-3.53,-1.797,0,0.5145,3.186,1.58,,,0.04073,,-0.6934,-0.7067,0.3283,-0.7132,0.05263,0.08803,1.07,0.81,-0.8951,-1.53,-1.855,-1.329,-1.511,-0.4328,-0.3906,-0.354,-0.4479,-0.6907
"Cooks, Institution and Cafeteria","Cooks, Institution and Cafeteria",Food preparation,35-2012,exact title,4544.0,0.3276,-0.6361,-0.5587,-0.7715,-2.668,-0.3595,0,0.5126,3.398,2.513,,,0.05188,,-0.6959,-0.6321,0.08351,-0.6361,0.1379,0.4738,0.4461,0.83,-0.5047,-0.6052,-0.9512,-0.789,-0.7715,-0.5243,-0.5587,-0.5584,-0.5961,-0.6846
"Cooks, Private Household","Cooks, Private Household",Food preparation,35-2013,exact title,6957.0,0.3663,-0.7867,-0.6395,-0.7491,-3.27,-0.53,0,0.5049,3.759,3.125,,,0.06549,,-0.2708,-0.2547,0.1002,-0.7867,0.4,0.07249,0.06373,0.3,-0.6538,-1.033,-1.182,-1.081,-0.7491,-0.5494,-0.6395,-0.6659,-0.7841,-1.07
"Cooks, Restaurant","Cooks, Restaurant",Food preparation,35-2014,exact title,6000.0,0.343,-0.7418,-0.7586,-0.5279,-2.74,0.2362,0,0.4902,3.402,2.653,,,0.05353,,-0.2754,-0.4801,-0.06483,-0.7418,0.1622,0.0,0.03776,0.96,-0.5307,-0.4394,-0.6246,-0.7289,-0.5279,-0.6858,-0.7586,-0.7644,-0.7957,-0.7867
"Cooks, Short Order","Cooks, Short Order",Food preparation,35-2015,exact title,1570.0,0.361,-0.5934,-0.5674,-0.7272,-2.398,-0.1489,0,0.4883,3.352,1.905,,,0.04689,,-0.5025,-0.6024,-0.01081,-0.5934,0.0,0.07191,1.262,0.94,-0.5825,-0.4328,-0.6721,-0.6358,-0.7272,-0.5861,-0.5674,-0.5517,-0.5292,-0.381
Cooling and Freezing Equipment Operators and Tenders,Cooling and Freezing Equipment Operators and Tenders,Production,51-9193,exact title,590.0,0.506,-0.9605,-1.031,-0.6569,-3.22,0.7418,0,0.4407,3.699,1.903,,,0.03844,,-0.692,-0.8373,-0.1092,-0.9605,0.08,0.2231,0.7835,0.93,-0.8241,-0.5361,-0.2538,-0.6401,-0.6569,-0.9586,-1.031,-1.027,-1.046,-1.002
Correctional Officers and Jailers,Correctional Officers and Jailers,Protective service,33-3012,exact title,10660.0,0.48,-0.8875,-0.6691,-1.35,-3.673,-0.9902,0,0.4544,3.87,2.148,0.2741,0.7164,0.03151,-0.03383,-1.578,-1.25,-0.05925,-0.8875,0.3636,0.2451,0.5258,0.6,-1.17,-1.404,-1.201,-1.218,-1.35,-0.8178,-0.6691,-0.6851,-0.6169,-0.5457
Correspondence Clerks,Correspondence Clerks,Office & admin support,43-4021,exact title,2963.0,0.3544,1.15,1.184,0.7082,2.66,-0.7291,1,0.7497,3.635,3.256,,,0.06358,,1.668,1.626,0.1263,1.15,0.8929,0.0451,0.02117,0.86,1.056,0.6528,0.4551,0.8699,0.7082,1.228,1.184,1.219,1.181,1.096
Cost Estimators,Cost Estimators,Business & financial,13-1051,exact title,36180.0,0.5758,1.368,1.134,1.478,3.872,0.5317,1,0.791,4.177,5.864,0.1436,0.886,0.07187,0.006301,1.639,1.701,-0.2186,1.368,0.8077,0.5577,0.193,0.57,1.629,1.216,1.506,1.756,1.478,1.371,1.134,1.165,1.146,1.163
Costume Attendants,Costume Attendants,Personal care,39-3092,exact title,1677.0,0.2237,-0.4534,-0.2959,-0.3313,-2.248,-0.5313,0,0.5395,3.868,3.661,,,0.06966,,0.03346,0.04886,0.1999,-0.4534,0.4722,0.6235,0.3882,0.61,-0.4307,-0.7529,-0.8994,-0.7908,-0.3313,-0.2849,-0.2959,-0.3221,-0.4359,-0.739
"Counselors, All Other","Counselors, All Other",Community & social service,13-2071,fuzzy title,46530.0,0.3008,1.385,1.355,0.9323,3.502,-0.5522,1,0.7837,3.862,4.189,,,0.06601,,1.055,1.189,0.0002976,,,,,,1.449,1.034,0.6808,1.234,0.9323,1.417,1.355,1.354,1.383,1.383
Counter and Rental Clerks,Counter and Rental Clerks,Sales,41-2021,exact title,22300.0,0.4565,0.07844,0.1427,-0.4233,-0.463,-0.4995,2,0.5624,3.445,3.355,0.4616,0.7373,0.04517,0.05195,-0.3881,-0.3197,0.0532,0.07844,0.8065,0.05769,0.0405,0.97,-0.1059,0.04443,-0.262,-0.01002,-0.4233,-0.002841,0.1427,0.1535,0.2762,0.3706
Couriers and Messengers,Couriers and Messengers,Office & admin support,43-5021,exact title,11800.0,0.4031,-0.9591,-0.9224,-0.8783,-3.374,0.3076,0,0.4217,3.498,2.453,0.2528,0.6579,0.0376,-0.05565,-0.8116,-0.9618,0.03377,-0.9591,0.3103,0.1325,0.6482,0.94,-1.126,-0.7032,-0.4698,-0.7676,-0.8783,-1.031,-0.9224,-0.9222,-0.8851,-0.8003
Court Reporters and Simultaneous Captioners,Court Reporters and Simultaneous Captioners,Arts & media,23-2091,fuzzy title,3435.0,0.4025,0.8352,0.9033,-0.2606,1.809,-0.7376,1,0.6183,,4.006,,,0.03363,,1.393,0.5586,0.3802,0.8352,0.9167,0.01135,0.03186,0.5,0.4714,1.399,0.004003,0.5015,-0.2606,0.6376,0.9033,0.963,1.099,1.355
"Court, Municipal, and License Clerks","Court, Municipal, and License Clerks",Office & admin support,43-4031,exact title,9621.0,0.4112,1.166,1.336,0.2679,2.555,-1.076,1,0.7115,3.798,3.456,0.7953,0.7597,0.0547,-0.003388,1.386,1.187,0.402,1.166,0.8727,0.1092,0.2274,0.46,0.7891,0.738,0.2588,0.9062,0.2679,1.183,1.336,1.392,1.349,1.069
Craft Artists,Craft Artists,Arts & media,27-1012,exact title,8655.0,0.2961,-0.9295,-0.9174,-0.234,-3.322,0.473,0,0.4771,3.582,3.68,,,0.07706,,-0.1011,-0.05533,0.2543,-0.9295,0.3793,0.2757,0.1135,0.035,-0.5257,-0.5804,-0.8321,-0.9612,-0.2341,-0.762,-0.9174,-0.9625,-1.112,-1.502
Crane and Tower Operators,Crane and Tower Operators,Transportation,53-7021,exact title,2672.0,0.62,-1.031,-1.352,-0.02673,-2.679,2.494,2,0.3718,4.131,2.528,0.02957,0.8105,0.02765,0.04024,-0.8787,-1.154,-0.174,-1.031,0.05263,0.6584,2.155,0.9,-0.929,0.4169,0.9255,-0.04196,-0.02673,-1.351,-1.352,-1.346,-1.244,-0.9986
Credit Analysts,Credit Analysts,Business & financial,13-2041,exact title,44670.0,0.4769,1.345,1.092,1.176,3.886,0.5839,1,0.7634,4.35,5.167,0.5546,0.7878,0.06185,0.03117,1.947,1.499,-0.3709,1.345,0.8889,0.8462,0.05638,0.98,1.655,1.644,1.436,1.693,1.176,1.256,1.092,1.107,1.173,1.378
"Credit Authorizers, Checkers, and Clerks","Credit Authorizers, Checkers, and Clerks",Office & admin support,43-4041,exact title,17120.0,0.4036,1.44,1.546,0.5656,3.42,-1.088,1,0.7618,3.8,3.9,0.7505,0.7922,0.05605,-0.03406,1.751,1.473,0.2328,1.44,0.9,0.1058,0.0587,0.97,1.132,0.8837,0.5412,1.095,0.5656,1.444,1.546,1.59,1.591,1.53
"Criminal Justice and Law Enforcement Teachers, Postsecondary","Criminal Justice and Law Enforcement Teachers, Postsecondary",Education,25-1111,exact title,3975.0,0.5413,1.39,1.754,0.3796,2.688,-2.27,1,0.7892,4.168,7.904,,,0.06914,,1.231,1.521,0.4264,1.39,0.675,0.0,0.02147,,0.9028,-0.08802,-0.2765,0.5423,0.3796,1.586,1.754,1.764,1.674,1.224
Crossing Guards and Flaggers,Crossing Guards and Flaggers,Protective service,33-9091,fuzzy title,692.0,0.4318,-0.57,-0.3972,-1.132,-2.574,-0.7298,0,0.4701,3.448,1.973,0.5395,0.6923,0.02668,-0.01549,-0.569,-0.9111,-0.01048,-0.57,0.5263,0.1627,0.09537,0.49,-0.9743,-0.7944,-0.7205,-0.7967,-1.132,-0.6523,-0.3972,-0.3894,-0.2353,-0.1596
Curators,Curators,Education,25-4012,exact title,2046.0,0.2053,0.7367,0.6559,1.287,1.776,0.4134,1,0.7054,4.096,8.744,,,0.08175,,0.772,1.012,-0.04405,0.7367,0.7778,0.3088,0.03392,0.0068,0.7988,0.2557,1.003,0.9122,1.287,0.824,0.6559,0.6668,0.5123,0.2757
Customer Service Representatives,Customer Service Representatives,Office & admin support,43-4051,exact title,320400.0,0.3666,0.9563,1.076,0.4155,2.062,-1.013,1,0.7044,3.609,4.391,0.6723,0.6999,0.06665,-0.02602,0.4379,0.606,0.0232,0.9563,0.8636,0.4622,0.1217,0.55,0.7681,0.4401,0.1315,0.5682,0.4155,0.9765,1.076,1.08,1.126,1.191
Dancers,Dancers,Arts & media,27-2031,exact title,6480.0,0.3158,-2.67,-1.793,-3.655,-10.74,-4.272,0,0.3611,,1.939,,,0.04233,,-2.46,-1.507,-0.04272,-2.67,0.08333,0.0972,0.07107,0.13,-3.308,-5.717,-4.717,-4.16,-3.655,-1.828,-1.793,-1.742,-2.061,-2.882
Data Entry Keyers,Data Entry Keyers,Office & admin support,43-9021,exact title,11140.0,0.3248,0.3108,0.1723,0.2936,0.6828,0.6302,2,0.5835,3.573,2.938,0.7698,0.7256,0.05166,-0.06281,1.039,0.5016,-0.2535,0.3108,0.7857,0.8477,0.4611,0.99,0.3125,0.8743,0.6895,0.4818,0.2936,0.2065,0.1723,0.2241,0.2098,0.4454
Database Administrators,Database Administrators,Computer & mathematical,15-1141,exact title,20970.0,0.4601,1.285,0.996,1.73,3.826,0.937,1,0.7568,,6.439,,,0.07577,,2.041,1.794,-0.2514,1.285,0.9394,0.4404,0.1305,0.03,1.591,1.524,1.643,1.556,1.73,1.193,0.996,1.0,1.002,1.274
Database Architects,Database Architects,Computer & mathematical,17-1011,fuzzy title,54480.0,0.4048,1.047,0.6104,2.389,3.536,2.199,1,0.7362,4.384,7.148,0.2786,0.7918,0.08005,-0.02019,0.9737,1.235,-0.2522,1.259,0.9252,0.5225,0.1636,0.03,1.508,1.528,2.353,1.844,2.389,0.8964,0.6104,0.6066,0.5547,0.5926
Demonstrators and Product Promoters,Demonstrators and Product Promoters,Sales,41-9011,exact title,63060.0,0.3952,0.1236,0.3342,-0.3426,-0.6585,-1.295,2,0.5806,3.477,1.689,,,0.0601,,-0.3598,-0.08996,0.009966,0.1236,0.5897,0.03281,0.0637,0.51,-0.1796,-0.6165,-0.6784,-0.4142,-0.3426,0.1107,0.3342,0.316,0.4117,0.4953
Dental Assistants,Dental Assistants,Healthcare support,31-9091,exact title,15170.0,0.3738,-0.5269,-0.3459,-0.9607,-2.512,-0.7553,0,0.5064,3.655,3.686,0.9408,0.7287,0.04712,0.06325,-0.7328,-0.6608,0.1631,-0.5269,0.2,0.1475,0.4193,0.51,-0.58,-0.4977,-1.165,-0.8408,-0.9607,-0.4363,-0.3459,-0.3539,-0.3703,-0.5815
Dental Hygienists,Dental Hygienists,Healthcare practitioners,29-2021,exact title,9975.0,0.4988,-0.4165,-0.3525,-0.6239,-1.893,-0.07965,2,0.5184,,5.222,,,0.04343,,-0.5575,-0.6605,0.09845,-0.4165,0.1875,0.4984,0.4965,0.68,-0.327,0.009849,-0.635,-0.5145,-0.6239,-0.3894,-0.3525,-0.3654,-0.3842,-0.5292
Dental Laboratory Technicians,Dental Laboratory Technicians,Production,51-9081,exact title,1273.0,0.4647,0.001321,-0.4374,1.043,0.5422,2.622,2,0.5341,3.824,2.905,,,0.05167,,0.9188,0.2059,0.0196,0.001321,0.08333,0.4533,0.5556,0.97,0.5315,1.748,1.474,0.8393,1.043,-0.2526,-0.4374,-0.4312,-0.4322,-0.2474
"Dentists, General","Dentists, General",Healthcare practitioners,29-1021,exact title,14820.0,0.4594,-0.1813,-0.3477,0.1002,-0.6727,1.021,2,0.538,5.077,9.988,,,0.05143,,-1.097,-0.8714,-0.02867,-0.1813,0.3,0.3952,0.1398,0.0044,0.247,0.9305,0.1654,0.008615,0.1002,-0.2624,-0.3476,-0.3835,-0.3574,-0.3016
"Derrick Operators, Oil and Gas","Derrick Operators, Oil and Gas",Construction & extraction,47-5011,exact title,1005.0,0.6589,-1.415,-1.391,-1.36,-4.748,0.2489,0,0.3661,3.855,1.472,,,0.02413,,-1.481,-1.458,-0.1161,-1.415,0.0,0.4372,0.6807,0.8,-1.474,-1.023,-0.9256,-1.327,-1.36,-1.49,-1.391,-1.391,-1.291,-1.046
"Designers, All Other","Designers, All Other",Arts & media,27-1021,fuzzy title,74470.0,0.309,0.867,0.5599,1.973,2.737,1.57,1,0.6939,4.344,5.392,0.3819,0.7896,0.08375,-0.06146,1.778,1.747,-0.04798,,,,,,1.246,1.347,1.607,1.287,1.973,0.7654,0.5599,0.5348,0.4687,0.5226
Desktop Publishers,Desktop Publishers,Office & admin support,43-9031,exact title,12700.0,0.2968,0.3438,-0.06505,1.839,1.465,2.469,1,0.6034,3.848,5.069,,,0.07115,,0.658,0.715,-0.1543,0.3438,0.9355,0.4948,0.1576,0.16,0.6694,1.205,1.934,1.156,1.839,0.1729,-0.06504,-0.0383,-0.1541,-0.07166
Detectives and Criminal Investigators,Detectives and Criminal Investigators,Protective service,33-3021,exact title,14790.0,0.486,0.2258,0.1511,0.4081,0.285,0.4258,2,0.5894,4.427,4.351,0.274,0.7985,0.05143,-0.05504,0.1303,0.104,-0.1193,0.2258,0.6182,0.6069,0.1731,0.34,0.1712,0.2727,0.5904,0.3658,0.4081,0.1602,0.1511,0.1477,0.1501,0.245
Diagnostic Medical Sonographers,Diagnostic Medical Sonographers,Healthcare practitioners,29-2032,exact title,16650.0,0.4619,-0.2641,-0.2743,-0.2053,-1.299,0.1571,2,0.5312,4.353,5.616,0.7945,0.8105,0.0482,0.02792,-0.4921,-0.4516,-0.02659,-0.2641,0.4474,0.1758,0.4182,0.35,-0.2263,0.02299,-0.2176,-0.2865,-0.2053,-0.2781,-0.2743,-0.2693,-0.2753,-0.2352
Dietetic Technicians,Dietetic Technicians,Healthcare practitioners,29-2051,exact title,3325.0,0.324,-0.126,-0.1277,-0.1429,-0.9423,-0.08339,2,0.566,3.385,2.232,,,0.06109,,-0.1992,-0.1611,-0.06467,-0.126,0.7826,0.1418,0.0882,0.13,-0.04244,-0.0118,-0.2907,-0.2183,-0.1429,-0.1222,-0.1277,-0.1357,-0.1273,-0.003575
Dietitians and Nutritionists,Dietitians and Nutritionists,Healthcare practitioners,29-1031,exact title,28200.0,0.3815,1.343,1.364,1.184,3.333,-0.6235,1,0.7716,4.121,7.428,0.9166,0.7903,0.09013,-0.0256,0.08953,0.6745,-0.006601,1.343,0.6585,0.3947,0.146,0.0039,1.295,0.7515,0.6612,1.042,1.184,1.357,1.364,1.338,1.339,1.378
Dining Room and Cafeteria Attendants and Bartender Helpers,Dining Room and Cafeteria Attendants and Bartender Helpers,Food preparation,35-9011,exact title,11620.0,0.3423,-1.927,-1.433,-2.709,-7.469,-2.223,0,0.3647,3.302,1.684,0.4329,0.6727,0.0397,-0.003537,-1.511,-1.393,0.07952,-1.927,0.0,0.04447,1.693,0.91,-2.16,-2.955,-3.113,-2.716,-2.709,-1.543,-1.433,-1.437,-1.536,-1.918
"Directors, Religious Activities and Education","Directors, Religious Activities and Education",Community & social service,21-2021,exact title,84490.0,0.3962,1.211,1.355,0.7599,2.663,-1.159,1,0.7502,3.85,6.003,0.6392,0.8602,0.07102,-0.01681,0.3337,0.8084,0.08633,1.211,0.6061,0.4411,0.08077,0.025,0.9662,0.3047,0.2853,0.773,0.7599,1.275,1.355,1.346,1.349,1.171
Dishwashers,Dishwashers,Food preparation,35-9021,exact title,6527.0,0.3504,-1.739,-1.561,-1.787,-6.081,-0.3411,0,0.3479,3.337,1.516,0.2291,0.6294,0.03783,-0.04089,-1.28,-1.343,0.02597,-1.739,0.0,0.05845,2.064,0.77,-1.782,-1.666,-1.726,-1.864,-1.787,-1.604,-1.561,-1.56,-1.618,-1.743
"Dispatchers, Except Police, Fire, and Ambulance","Dispatchers, Except Police, Fire, and Ambulance",Office & admin support,43-5032,exact title,22090.0,0.4535,1.235,1.128,1.069,3.394,0.1405,1,0.6955,3.785,2.649,0.5186,0.7526,0.06438,-0.04799,0.9286,0.7942,-0.09204,1.235,0.9565,0.6133,0.1431,0.96,1.128,1.457,1.1,1.201,1.069,1.003,1.128,1.121,1.261,1.6
"Door-to-Door Sales Workers, News and Street Vendors, and Related Workers","Door-to-Door Sales Workers, News and Street Vendors, and Related Workers",Sales,41-9091,exact title,21530.0,0.5723,1.107,1.511,0.04748,1.79,-2.572,1,0.7351,3.381,1.435,0.6226,0.7844,0.08371,0.1137,0.4724,0.9525,0.5624,1.107,0.5217,0.1357,0.0899,0.94,0.7001,-0.2172,-0.9387,0.08641,0.04747,1.224,1.511,1.458,1.531,1.222
"Drafters, All Other","Drafters, All Other",Architecture & engineering,17-3011,fuzzy title,20440.0,0.5129,0.9234,0.5539,1.902,2.998,1.806,1,0.7145,4.1,5.501,0.2222,0.8008,0.06938,0.04162,1.736,1.528,-0.128,,,,,,1.272,1.384,1.984,1.635,1.902,0.8153,0.5539,0.5935,0.5181,0.5157
Dredge Operators,Dredge Operators,Transportation,53-7031,exact title,1103.0,0.6461,-1.017,-1.256,-0.3889,-2.851,1.816,0,0.3728,3.833,2.099,,,0.02634,,-0.9452,-1.255,-0.08946,-1.017,0.0,0.8252,1.824,0.92,-0.947,0.3066,0.4067,-0.3482,-0.3889,-1.334,-1.256,-1.273,-1.087,-0.699
"Earth Drillers, Except Oil and Gas","Earth Drillers, Except Oil and Gas",Construction & extraction,47-5021,exact title,962.0,0.6933,-0.7018,-0.9993,0.02555,-1.8,2.049,2,0.4246,,1.971,,,0.03435,,-0.5143,-0.9005,-0.08726,-0.7018,0.2178,0.5491,0.9639,0.85,-0.5092,0.7155,0.7751,0.01452,0.02555,-1.015,-0.9993,-1.011,-0.8762,-0.5009
"Economics Teachers, Postsecondary","Economics Teachers, Postsecondary",Education,25-1063,exact title,10440.0,0.3989,1.319,1.462,0.5499,2.939,-1.293,1,0.7709,4.653,10.48,,,0.0603,,1.193,1.337,0.1382,1.319,0.6585,0.0,0.02142,,1.107,0.4319,0.269,0.9767,0.5499,1.401,1.462,1.477,1.485,1.23
Economists,Economists,"Life, physical & social science",19-3011,exact title,5912.0,0.2694,1.404,1.33,1.299,3.605,-0.2277,1,0.8126,4.66,9.861,0.313,0.7641,0.07061,-0.09461,1.762,1.937,-0.02849,1.404,0.7917,0.526,0.1657,0.43,1.551,0.7754,0.9963,1.501,1.299,1.546,1.33,1.341,1.28,0.9841
Editors,Editors,Arts & media,27-3041,exact title,34840.0,0.2885,1.128,1.191,1.229,2.633,-0.4499,1,0.7406,4.149,6.391,0.5878,0.8574,0.0824,-0.04016,1.633,1.871,0.3271,1.128,0.7647,0.2515,0.1122,0.055,0.8985,0.4112,0.7017,0.8869,1.229,1.235,1.191,1.212,1.044,0.8382
"Education Administrators, All Other","Education Administrators, All Other",Management,11-9039,exact title,28140.0,0.3373,0.3541,0.6279,-0.1519,-0.1365,-1.574,2,0.6657,4.506,7.065,,,0.06885,,-0.3123,0.2202,0.08144,0.3541,,0.3377,0.0701,,0.2164,-0.6641,-0.7857,-0.2441,-0.1519,0.6004,0.6279,0.6069,0.5293,0.2165
"Education Administrators, Kindergarten through Secondary","Education Administrators, Kindergarten through Secondary",Management,11-9039,fuzzy title,69360.0,0.3854,0.3541,0.6279,-0.1519,-0.1365,-1.574,2,0.6657,4.506,7.065,,,0.06885,,-0.3123,0.2202,0.08144,1.049,0.6364,0.4875,0.2167,0.0046,0.2164,-0.6641,-0.7857,-0.2441,-0.1519,0.6004,0.6279,0.6069,0.5293,0.2165
"Education Administrators, Postsecondary","Education Administrators, Postsecondary",Management,11-9033,exact title,228500.0,0.3135,1.461,1.545,1.11,3.503,-1.094,1,0.795,4.574,9.253,,,0.08991,,0.2433,0.8148,0.08421,1.461,0.6098,0.3627,0.08049,0.01,1.351,0.6391,0.4281,0.956,1.11,1.525,1.545,1.52,1.533,1.526
"Education Teachers, Postsecondary","Education Teachers, Postsecondary",Education,25-1081,exact title,6600.0,0.3291,1.193,1.624,0.04105,2.004,-2.42,1,0.7406,4.157,10.69,,,0.06752,,0.7274,1.045,0.4307,1.193,0.6905,0.0,0.01854,,0.636,-0.257,-0.5375,0.3036,0.04105,1.387,1.624,1.613,1.549,0.9967
"Education and Childcare Administrators, Preschool and Daycare","Education and Childcare Administrators, Preschool and Daycare",Management,11-9039,fuzzy title,21980.0,0.3628,0.3541,0.6279,-0.1519,-0.1365,-1.574,2,0.6657,4.506,7.065,,,0.06885,,-0.3123,0.2202,0.08144,0.838,0.75,0.6736,0.07951,0.015,0.2164,-0.6641,-0.7857,-0.2441,-0.1519,0.6004,0.6279,0.6069,0.5293,0.2165
"Electric Motor, Power Tool, and Related Repairers","Electric Motor, Power Tool, and Related Repairers",Installation & repair,49-2092,exact title,7368.0,0.5629,-0.8106,-0.98,-0.3085,-2.502,1.17,0,0.4367,3.848,3.132,0.04986,0.7837,0.04092,0.0127,-0.5098,-0.7806,-0.1232,-0.8106,0.03846,0.3683,0.6429,0.76,-0.5893,0.1655,-0.01199,-0.5142,-0.3085,-0.9585,-0.98,-0.989,-0.9343,-0.5983
Electrical Engineers,Electrical Engineers,Architecture & engineering,17-2071,exact title,44180.0,0.479,1.127,0.9011,1.51,3.228,0.7804,1,0.7523,4.609,6.368,,,0.07332,,1.599,1.516,-0.007913,1.127,0.6562,0.333,0.3769,0.1,1.403,1.282,1.327,1.473,1.51,1.102,0.9011,0.9044,0.8579,0.8847
Electrical Power-Line Installers and Repairers,Electrical Power-Line Installers and Repairers,Installation & repair,49-9051,exact title,2345.0,0.6436,-1.081,-1.119,-0.6397,-3.628,0.7346,0,0.4306,4.361,2.603,0.01736,0.8798,0.04022,0.03977,-1.112,-1.018,-0.02548,-1.081,0.0,0.3521,0.7818,0.097,-0.9657,-0.6831,-0.3953,-0.8151,-0.6397,-1.067,-1.119,-1.114,-1.162,-1.255
Electrical and Electronic Engineering Technologists and Technicians,Electrical and Electronic Engineering Technologists and Technicians,Architecture & engineering,17-3023,fuzzy title,21560.0,0.551,0.3515,0.078,0.9983,1.178,1.502,2,0.6137,4.153,4.24,0.09468,0.7792,0.05758,0.04665,0.9424,0.541,-0.08026,0.3515,0.566,0.4092,0.56,0.84,0.7336,1.24,1.127,0.8335,0.9983,0.2479,0.078,0.07976,0.04985,0.1631
Electrical and Electronic Equipment Assemblers,Electrical and Electronic Equipment Assemblers,Production,51-2022,exact title,1004.0,0.4207,-0.6249,-0.7517,-0.1486,-2.061,1.099,2,0.473,,2.06,,,0.04046,,-0.0366,-0.4266,0.1034,-0.6249,0.1154,0.3976,0.7384,0.95,-0.3869,0.167,0.0944,-0.2999,-0.1486,-0.6804,-0.7517,-0.7376,-0.7956,-0.8387
Electrical and Electronics Drafters,Electrical and Electronics Drafters,Architecture & engineering,17-3012,exact title,6826.0,0.5247,0.9102,0.6755,1.559,2.614,1.133,1,0.7199,4.119,4.193,,,0.06724,,2.001,1.772,0.1042,0.9102,0.7234,0.6106,0.2677,0.81,1.133,1.137,1.444,1.339,1.559,0.878,0.6755,0.7145,0.5892,0.403
"Electrical and Electronics Installers and Repairers, Transportation Equipment","Electrical and Electronics Installers and Repairers, Transportation Equipment",Installation & repair,49-2093,exact title,26770.0,0.5485,-0.8304,-0.9101,-0.3844,-2.803,0.8997,0,0.4589,4.347,3.483,,,0.04214,,-0.1342,-0.4496,0.02097,-0.8304,0.24,0.2931,0.4417,0.91,-0.6927,-0.3649,-0.08696,-0.4631,-0.3844,-0.818,-0.9101,-0.8861,-0.9643,-1.098
"Electrical and Electronics Repairers, Commercial and Industrial Equipment","Electrical and Electronics Repairers, Commercial and Industrial Equipment",Installation & repair,49-2094,exact title,5736.0,0.5516,-0.4632,-0.7028,0.2462,-1.333,1.516,2,0.4964,4.123,3.982,,,0.04795,,-0.3073,-0.4772,-0.2368,-0.4632,0.3846,0.7389,0.5184,0.41,-0.2007,0.3867,0.6007,0.03769,0.2462,-0.5876,-0.7028,-0.7001,-0.7074,-0.4511
"Electrical and Electronics Repairers, Powerhouse, Substation, and Relay","Electrical and Electronics Repairers, Powerhouse, Substation, and Relay",Installation & repair,49-2095,exact title,2531.0,0.6104,-0.5523,-0.672,-0.05983,-1.896,0.9668,2,0.5014,4.537,3.66,,,0.04451,,-0.3101,-0.4166,-0.1201,-0.5523,0.32,0.9911,0.2513,0.38,-0.4389,-0.1214,0.1984,-0.1284,-0.05982,-0.5804,-0.672,-0.6467,-0.6919,-0.7526
Electricians,Electricians,Construction & extraction,47-2111,exact title,39380.0,0.5462,-0.7797,-0.9164,-0.1643,-2.544,1.076,0,0.4745,4.095,3.01,0.02412,0.8154,0.03912,-0.01228,-0.6949,-0.7076,-0.2089,-0.7797,0.2439,0.3573,0.8044,0.15,-0.5991,-0.4102,0.1675,-0.3524,-0.1643,-0.7966,-0.9164,-0.9029,-0.9392,-0.9323
Electro-Mechanical and Mechatronics Technologists and Technicians,Electro-Mechanical and Mechatronics Technologists and Technicians,Architecture & engineering,17-3024,fuzzy title,2394.0,0.5661,-0.3041,-0.5685,0.3396,-0.7981,1.651,2,0.5101,4.1,4.235,,,0.04055,,-0.2726,-0.5094,-0.1069,-0.3041,0.3935,0.423,0.7093,0.81,-0.003479,0.7478,0.749,0.2719,0.3396,-0.4484,-0.5685,-0.5595,-0.5515,-0.4029
Electromechanical Equipment Assemblers,Electromechanical Equipment Assemblers,Production,51-2023,exact title,1444.0,0.5053,-0.4977,-0.6523,-0.08503,-1.64,1.081,2,0.4848,,3.069,,,0.04265,,0.623,-0.109,0.01166,-0.4977,0.0,0.4431,0.4294,0.97,-0.2976,0.2622,0.2278,-0.1327,-0.08504,-0.5733,-0.6523,-0.6407,-0.657,-0.5524
"Electronic Equipment Installers and Repairers, Motor Vehicles","Electronic Equipment Installers and Repairers, Motor Vehicles",Installation & repair,49-2096,exact title,2832.0,0.4985,-0.7916,-0.8696,-0.3961,-2.67,0.7238,0,0.4606,3.705,2.602,,,0.04547,,-0.5312,-0.696,-0.006566,-0.7916,0.25,0.4288,0.3512,0.61,-0.6515,-0.2009,-0.2666,-0.6144,-0.3961,-0.8545,-0.8696,-0.881,-0.8608,-0.7197
"Electronics Engineers, Except Computer","Electronics Engineers, Except Computer",Architecture & engineering,17-2072,exact title,26360.0,0.4319,0.6655,0.4569,1.105,1.852,0.9005,1,0.6703,4.652,5.829,,,0.06678,,0.9428,0.8585,-0.0332,0.6655,0.6716,0.764,0.3766,0.025,0.9658,1.076,0.9804,0.9595,1.105,0.6186,0.4569,0.454,0.4142,0.4504
"Elementary School Teachers, Except Special Education","Elementary School Teachers, Except Special Education",Education,25-2021,exact title,16300.0,0.3542,0.8869,1.017,0.5714,1.739,-1.086,1,0.7104,4.117,6.279,,,0.07527,,0.4089,0.7764,0.06693,0.8869,0.4865,0.3378,0.1028,0.0044,0.7374,0.1176,0.002169,0.3789,0.5714,0.9429,1.017,0.9886,1.003,1.008
Elevator and Escalator Installers and Repairers,Elevator and Escalator Installers and Repairers,Construction & extraction,47-4021,fuzzy title,2279.0,0.5604,-0.8605,-0.9279,-0.3477,-2.932,0.7672,0,0.4712,4.584,3.501,0.01967,0.8297,0.04405,0.002877,-0.5078,-0.618,-0.0138,-0.8605,0.1579,0.8916,2.773,0.39,-0.6897,-0.4615,-0.2271,-0.6542,-0.3477,-0.8369,-0.9279,-0.9201,-0.9836,-1.046
"Eligibility Interviewers, Government Programs","Eligibility Interviewers, Government Programs",Office & admin support,43-4061,exact title,22210.0,0.3524,1.226,1.417,0.3133,2.643,-1.47,1,0.7296,3.859,4.391,0.8049,0.603,0.06517,0.01766,0.9973,0.9412,0.2102,1.226,0.96,0.1981,0.01907,0.7,0.9592,0.6997,-0.07667,0.6155,0.3133,1.228,1.417,1.401,1.453,1.441
Embalmers,Embalmers,Personal care,39-4011,exact title,29750.0,0.3921,-0.7311,-0.6571,-0.4073,-2.829,0.2953,0,0.4891,3.867,5.107,,,0.04365,,-0.5642,-0.5546,0.1322,-0.7311,0.08,0.1745,0.3437,0.54,-0.6747,-0.6807,-0.4809,-0.5726,-0.4073,-0.6034,-0.6571,-0.6535,-0.8144,-1.323
Emergency Management Directors,Emergency Management Directors,Management,11-9161,exact title,16860.0,0.4509,1.031,0.901,1.404,2.801,0.4173,1,0.7224,4.34,6.12,0.3154,0.8148,0.07523,-0.04004,-0.4461,0.1792,-0.05132,1.031,0.8,0.7499,0.2622,0.003,1.112,0.9473,1.15,1.054,1.404,0.9483,0.901,0.871,0.8944,1.021
Emergency Medical Technicians,Emergency Medical Technicians,Healthcare practitioners,29-2041,fuzzy title,23040.0,0.459,-0.6863,-0.6994,-0.5535,-2.505,0.3731,0,0.4716,,3.571,,,0.03889,,-1.344,-1.083,-0.1276,-0.6863,0.4006,0.2989,0.3204,0.049,-0.678,-0.3911,-0.2539,-0.5906,-0.5535,-0.7351,-0.6994,-0.7122,-0.6696,-0.5727
"Energy Engineers, Except Wind and Solar","Energy Engineers, Except Wind and Solar",Architecture & engineering,17-2199,fuzzy title,3909.0,0.3494,0.7876,0.5808,1.213,2.186,0.765,1,0.7032,4.612,6.753,,,0.07159,,1.097,1.062,-0.1047,0.7876,0.6861,0.6906,0.3361,0.014,1.092,1.003,1.032,1.062,1.213,0.7697,0.5808,0.5803,0.5507,0.5851
Engine and Other Machine Assemblers,Engine and Other Machine Assemblers,Production,51-2031,exact title,718.0,0.5008,-0.9561,-1.045,-0.5712,-3.124,0.8596,0,0.4304,3.859,2.544,0.1332,0.8507,0.03756,-0.03773,-0.3614,-0.7591,-0.0001351,-0.9561,0.0,0.1437,0.9263,0.82,-0.8619,-0.3429,-0.2055,-0.6784,-0.5712,-1.039,-1.045,-1.043,-1.016,-0.8531
"Engineering Teachers, Postsecondary","Engineering Teachers, Postsecondary",Education,25-1032,exact title,10310.0,0.4617,1.351,1.337,1.163,3.4,-0.4554,1,0.7709,4.653,10.6,,,0.07939,,1.173,1.472,0.02582,1.351,0.619,0.0,0.02053,,1.312,0.7536,0.8333,1.259,1.163,1.364,1.337,1.352,1.343,1.234
"Engineering Technologists and Technicians, Except Drafters, All Other","Engineering Technologists and Technicians, Except Drafters, All Other",Architecture & engineering,17-3029,fuzzy title,9704.0,0.4567,0.1941,-0.07929,0.6988,0.5419,1.296,2,0.592,4.126,5.319,,,0.05298,,0.4885,0.2649,-0.1324,0.1941,0.4713,0.5856,0.6665,0.24,0.4772,0.9078,0.9048,0.6382,0.6988,0.06383,-0.07929,-0.06722,-0.05665,0.08899
"Engineers, All Other","Engineers, All Other",Architecture & engineering,17-2199,exact title,180500.0,0.4894,0.7876,0.5808,1.213,2.186,0.765,1,0.7032,4.612,6.753,,,0.07159,,1.097,1.062,-0.1047,0.7876,0.6861,0.6906,0.3361,0.014,1.092,1.003,1.032,1.062,1.213,0.7697,0.5808,0.5803,0.5507,0.5851
"English Language and Literature Teachers, Postsecondary","English Language and Literature Teachers, Postsecondary",Education,25-1123,exact title,18700.0,0.2778,1.418,1.857,0.375,2.609,-2.632,1,0.7979,4.33,9.103,,,0.08072,,1.304,1.759,0.4902,1.418,0.7857,0.0,0.02297,,0.845,-0.2807,-0.5171,0.3784,0.3751,1.665,1.857,1.855,1.734,1.24
"Entertainment and Recreation Managers, Except Gambling","Entertainment and Recreation Managers, Except Gambling",Management,11-9199,fuzzy title,8675.0,0.4774,0.9647,0.91,0.9635,2.4,-0.04875,1,0.7153,4.826,6.13,,,0.06819,,0.5274,0.7676,-0.07831,0.9647,0.632,0.4303,0.1005,0.25,0.9705,0.646,0.8331,0.955,0.9635,0.9659,0.91,0.9077,0.9032,0.9366
Environmental Economists,Environmental Economists,"Life, physical & social science",19-3011,fuzzy title,3730.0,0.2816,1.404,1.33,1.299,3.605,-0.2277,1,0.8126,4.66,9.861,0.313,0.7641,0.07061,-0.08239,1.762,1.937,-0.02849,1.404,0.7917,0.526,0.1657,0.43,1.551,0.7754,0.9963,1.501,1.299,1.546,1.33,1.341,1.28,0.9841
Environmental Engineering Technologists and Technicians,Environmental Engineering Technologists and Technicians,Architecture & engineering,17-3025,fuzzy title,2431.0,0.4368,0.04381,-0.1238,0.4687,-0.05139,0.9806,2,0.5884,3.879,5.241,,,0.05601,,0.1966,0.09694,-0.07585,0.04381,0.6316,0.7529,0.2072,0.25,0.2115,0.3905,0.7217,0.467,0.4687,0.02204,-0.1238,-0.105,-0.1629,-0.1633
Environmental Engineers,Environmental Engineers,Architecture & engineering,17-2081,exact title,11090.0,0.4109,1.344,1.044,1.89,4.007,0.9961,1,0.7807,4.573,6.85,0.3104,0.7844,0.076,-0.02235,1.313,1.468,-0.2,1.344,0.7593,0.6833,0.1896,0.018,1.646,1.411,1.768,1.743,1.89,1.27,1.044,1.054,1.05,1.195
"Environmental Science Teachers, Postsecondary","Environmental Science Teachers, Postsecondary",Education,25-1053,exact title,2316.0,0.317,1.348,1.603,0.6196,2.805,-1.685,1,0.7785,4.406,10.76,,,0.07155,,1.012,1.375,0.2296,1.348,0.6522,0.0,0.02014,,0.9903,0.08372,0.08595,0.7697,0.6196,1.508,1.603,1.61,1.529,1.127
"Environmental Science and Protection Technicians, Including Health","Environmental Science and Protection Technicians, Including Health","Life, physical & social science",19-4091,exact title,2500.0,0.3987,0.01695,-0.1429,0.4056,-0.1249,0.9696,2,0.5767,,6.274,,,0.05232,,-0.06113,-0.09241,-0.1343,0.01695,0.6,0.4648,0.3255,0.77,0.1292,0.4143,0.7028,0.4351,0.4056,-0.04753,-0.1429,-0.1244,-0.1473,-0.1188
"Environmental Scientists and Specialists, Including Health","Environmental Scientists and Specialists, Including Health","Life, physical & social science",19-2041,exact title,12930.0,0.3428,1.014,0.8703,1.229,2.671,0.392,1,0.7269,4.338,7.63,0.4498,0.8613,0.07047,-0.05577,1.217,1.262,-0.09353,1.014,0.9559,0.7304,0.1322,0.033,1.083,0.8472,1.132,1.19,1.229,0.9869,0.8703,0.8758,0.8482,0.8379
Epidemiologists,Epidemiologists,"Life, physical & social science",19-1041,exact title,14660.0,0.2619,1.436,1.284,1.653,3.931,0.2219,1,0.8055,4.367,8.867,,,0.08328,,1.253,1.5,-0.1379,1.436,0.7692,0.9507,0.1576,0.2,1.614,1.054,1.36,1.512,1.653,1.486,1.284,1.284,1.223,1.222
"Excavating and Loading Machine and Dragline Operators, Surface Mining","Excavating and Loading Machine and Dragline Operators, Surface Mining",Construction & extraction,53-7032,fuzzy title,2624.0,0.5879,-1.144,-1.364,-0.4857,-3.223,1.867,0,0.3535,,1.825,,,0.02637,,-1.291,-1.424,-0.1201,-1.144,0.0,0.4845,2.205,0.94,-1.138,0.2021,0.3813,-0.4615,-0.4857,-1.491,-1.364,-1.382,-1.213,-0.7803
Executive Secretaries and Executive Administrative Assistants,Executive Secretaries and Executive Administrative Assistants,Office & admin support,43-6011,fuzzy title,379300.0,0.3972,1.08,1.106,0.6545,2.574,-0.5275,1,0.6985,4.128,4.489,0.9457,0.7905,0.06546,0.03043,0.7465,0.8918,0.0319,1.08,0.8649,0.155,0.1359,0.86,0.8261,0.8103,0.5755,0.9017,0.6545,1.002,1.106,1.135,1.184,1.248
Exercise Physiologists,Exercise Physiologists,Healthcare practitioners,29-1128,exact title,3800.0,0.4225,-0.03319,0.3066,-0.8105,-1.527,-1.999,2,0.6191,3.87,7.249,,,0.06299,,-0.747,-0.2694,0.1213,-0.03319,0.4,0.3897,0.07023,,-0.1857,-1.093,-1.457,-0.811,-0.8105,0.2499,0.3066,0.2799,0.2219,-0.08184
"Explosives Workers, Ordnance Handling Experts, and Blasters","Explosives Workers, Ordnance Handling Experts, and Blasters",Construction & extraction,47-5031,exact title,1010.0,0.5926,-0.773,-0.9547,-0.1694,-2.356,1.353,2,0.4488,,2.458,,,0.04108,,-0.736,-0.8856,-0.1185,-0.7374,0.2131,0.3795,1.133,0.665,-0.5654,0.1009,0.229,-0.3278,-0.1694,-0.9007,-0.9547,-0.9611,-0.9314,-0.7439
"Extruding and Forming Machine Setters, Operators, and Tenders, Synthetic and Glass Fibers","Extruding and Forming Machine Setters, Operators, and Tenders, Synthetic and Glass Fibers",Production,51-6091,exact title,1137.0,0.5442,-0.8597,-0.9238,-0.7941,-2.896,0.5419,0,0.4347,3.626,1.87,,,0.03658,,-0.9166,-1.118,0.05569,-0.8597,0.1724,0.4792,0.3409,0.88,-0.7431,-0.09837,-0.4582,-0.735,-0.7941,-0.9757,-0.9238,-0.9416,-0.8467,-0.5263
"Extruding, Forming, Pressing, and Compacting Machine Setters, Operators, and Tenders","Extruding, Forming, Pressing, and Compacting Machine Setters, Operators, and Tenders",Production,51-9041,exact title,1306.0,0.5347,-1.042,-1.138,-0.7835,-3.367,0.8004,0,0.4032,3.629,2.561,0.2242,0.7709,0.03491,0.05549,-0.7039,-1.012,-0.04495,-1.042,0.125,0.4201,1.184,0.93,-0.9354,-0.2939,-0.3275,-0.8332,-0.7835,-1.165,-1.138,-1.136,-1.068,-0.7312
Fabric and Apparel Patternmakers,Fabric and Apparel Patternmakers,Production,51-6092,exact title,2510.0,0.289,-0.08311,-0.3332,0.8417,-0.2727,1.366,2,0.5894,4.072,3.513,,,0.07198,,0.4493,0.4696,-0.08696,-0.08311,0.375,0.675,0.4787,0.0049,0.3891,0.489,0.6426,0.3166,0.8417,-0.09189,-0.3332,-0.3333,-0.4141,-0.4199
Facilities Managers,Facilities Managers,Management,11-9199,fuzzy title,63240.0,0.5414,0.9647,0.91,0.9635,2.4,-0.04875,1,0.7153,4.826,6.13,,,0.06819,,0.5274,0.7676,-0.07831,0.7398,0.6886,0.6883,0.4253,0.73,0.9705,0.646,0.8331,0.955,0.9635,0.9659,0.91,0.9077,0.9032,0.9366
Fallers,Fallers,"Farming, fishing & forestry",45-4021,exact title,616.0,0.4483,-1.795,-1.791,-1.499,-5.807,0.5704,0,0.318,3.865,1.442,,,0.0265,,-1.418,-1.546,-0.1243,-1.795,0.125,0.1933,0.5656,0.76,-1.784,-1.338,-0.9873,-1.575,-1.499,-1.856,-1.791,-1.804,-1.727,-1.519
"Farmers, Ranchers, and Other Agricultural Managers","Farmers, Ranchers, and Other Agricultural Managers",Management,11-9013,exact title,5629.0,0.5212,-0.1444,-0.1585,0.01628,-0.8674,0.2548,2,0.5676,4.291,4.42,0.1559,0.9345,0.05614,-0.05235,-0.5357,-0.3784,-0.01987,-0.1444,0.3878,0.8552,0.3916,0.047,-0.04423,0.008665,-0.003193,-0.03322,0.01628,-0.1269,-0.1585,-0.1785,-0.178,-0.2169
"Farmworkers and Laborers, Crop, Nursery, and Greenhouse","Farmworkers and Laborers, Crop, Nursery, and Greenhouse","Farming, fishing & forestry",45-2092,exact title,7376.0,0.3963,-1.601,-1.432,-1.591,-5.674,-0.2882,0,0.3673,3.389,1.661,,,0.03572,,-1.321,-1.29,-0.02667,-1.601,0.1429,0.7253,1.416,,-1.742,-1.797,-1.413,-1.616,-1.591,-1.452,-1.432,-1.43,-1.49,-1.678
"Farmworkers, Farm, Ranch, and Aquacultural Animals","Farmworkers, Farm, Ranch, and Aquacultural Animals","Farming, fishing & forestry",45-2093,fuzzy title,1794.0,0.4295,-1.108,-1.089,-0.8985,-3.836,0.3538,0,0.4278,3.389,2.97,,,0.03981,,-0.9391,-1.02,-0.008865,-1.108,0.1562,0.4869,2.745,,-1.084,-0.8779,-0.6378,-0.9429,-0.8985,-1.084,-1.089,-1.101,-1.11,-1.098
Fashion Designers,Fashion Designers,Arts & media,27-1022,exact title,16180.0,0.2956,0.5802,0.5078,1.301,1.354,0.4635,1,0.6803,4.35,5.264,0.8422,0.6954,0.09183,0.08358,0.1923,0.641,0.1022,0.5802,0.625,0.3764,0.2485,0.021,0.7651,0.5091,0.6222,0.538,1.301,0.6231,0.5078,0.4691,0.3545,0.1969
File Clerks,File Clerks,Office & admin support,43-4071,exact title,10760.0,0.3484,0.284,0.2403,0.5374,0.3274,0.2006,2,0.6383,3.593,4.054,0.7598,0.7226,0.08164,-0.01524,1.346,1.131,-0.05201,0.284,0.7647,0.08831,0.1797,0.97,0.2812,0.001754,0.4814,0.3502,0.5374,0.3905,0.2403,0.2847,0.1158,0.05656
Film and Video Editors,Film and Video Editors,Arts & media,27-4032,exact title,71080.0,0.2878,0.9857,0.6567,1.97,3.143,1.594,1,0.6943,4.138,4.681,,,0.08105,,1.911,1.691,-0.01651,0.9857,0.8056,0.2266,0.3727,0.31,1.217,1.543,1.816,1.415,1.97,0.8114,0.6567,0.6678,0.625,0.854
Financial Examiners,Financial Examiners,Business & financial,13-2061,exact title,10020.0,0.4779,1.526,1.358,1.453,4.255,0.2299,1,0.7905,4.399,6.2,0.5114,0.7576,0.07754,0.04881,1.094,1.247,-0.2469,1.526,0.8485,0.3519,0.141,0.17,1.645,1.372,1.456,1.666,1.453,1.487,1.358,1.37,1.373,1.508
Financial Managers,Financial Managers,Management,11-3031,exact title,60110.0,0.5353,1.446,1.295,1.331,3.962,0.1419,1,0.7901,4.881,6.253,0.5655,0.796,0.07143,0.09644,0.8879,1.115,-0.1965,1.446,0.7861,0.4626,0.07644,0.069,1.644,1.281,1.249,1.601,1.331,1.444,1.295,1.297,1.306,1.314
Financial Quantitative Analysts,Financial Quantitative Analysts,Business & financial,13-2051,fuzzy title,21930.0,0.3025,1.381,1.273,1.164,3.618,-0.1032,1,0.8028,4.517,6.694,0.4142,0.7291,0.06898,-0.1258,2.571,2.317,-0.1164,1.381,0.8897,0.5292,0.1258,0.23,1.551,0.9587,1.069,1.53,1.164,1.476,1.273,1.296,1.242,1.108
Financial Risk Specialists,Financial Risk Specialists,Business & financial,13-2099,fuzzy title,73520.0,0.4321,1.361,1.253,1.221,3.621,-0.06486,1,0.7837,4.294,6.884,,,0.07087,,1.651,1.627,-0.1162,1.371,0.9112,0.5748,0.1293,0.28,1.533,1.073,1.035,1.426,1.221,1.396,1.253,1.246,1.247,1.252
"Financial Specialists, All Other","Financial Specialists, All Other",Business & financial,13-2099,exact title,32610.0,0.4792,1.361,1.253,1.221,3.621,-0.06486,1,0.7837,4.294,6.884,,,0.07087,,1.651,1.627,-0.1162,1.361,0.9326,0.6204,0.1327,0.33,1.533,1.073,1.035,1.426,1.221,1.396,1.253,1.246,1.247,1.252
Financial and Investment Analysts,Financial and Investment Analysts,Business & financial,13-2051,fuzzy title,135300.0,0.3859,1.381,1.273,1.164,3.618,-0.1032,1,0.8028,4.517,6.694,0.4142,0.7291,0.06898,-0.04242,2.571,2.317,-0.1164,1.381,0.8897,0.5292,0.1258,0.23,1.551,0.9587,1.069,1.53,1.164,1.476,1.273,1.296,1.242,1.108
"Fine Artists, Including Painters, Sculptors, and Illustrators","Fine Artists, Including Painters, Sculptors, and Illustrators",Arts & media,27-1013,exact title,10170.0,0.2701,-0.569,-0.6985,0.9147,-1.883,1.392,2,0.5252,4.108,4.169,,,0.08956,,1.023,0.9783,0.2301,-0.569,0.575,0.3977,0.2306,0.042,-0.1061,-0.1771,0.1501,-0.3204,0.9147,-0.4602,-0.6985,-0.7442,-0.9618,-1.404
Fire Inspectors and Investigators,Fire Inspectors and Investigators,Protective service,33-2021,exact title,5367.0,0.5762,0.06279,-0.1517,0.794,0.2536,1.406,2,0.566,4.168,3.573,,,0.05152,,0.1751,-0.02149,-0.3228,0.06279,0.5192,0.7156,0.2356,0.48,0.1074,0.4174,1.264,0.6095,0.794,-0.08291,-0.1517,-0.1422,-0.135,0.0945
Fire-Prevention and Protection Engineers,Fire-Prevention and Protection Engineers,Architecture & engineering,17-2199,fuzzy title,3111.0,0.5535,0.7876,0.5808,1.213,2.186,0.765,1,0.7032,4.612,6.753,,,0.07159,,1.097,1.062,-0.1047,0.7876,0.6861,0.6906,0.3361,0.014,1.092,1.003,1.032,1.062,1.213,0.7697,0.5808,0.5803,0.5507,0.5851
First-Line Supervisors of Construction Trades and Extraction Workers,First-Line Supervisors of Construction Trades and Extraction Workers,Construction & extraction,47-1011,fuzzy title,42110.0,0.5861,-0.3054,-0.3599,-0.01242,-1.306,0.4936,2,0.5352,4.277,3.254,0.03732,0.8406,0.04908,0.008395,-0.902,-0.6113,-0.05979,-0.3054,0.4333,0.6564,0.2705,0.17,-0.2754,-0.1004,0.07342,-0.0879,-0.01242,-0.3351,-0.3599,-0.357,-0.3648,-0.3714
First-Line Supervisors of Correctional Officers,First-Line Supervisors of Correctional Officers,Protective service,33-1011,fuzzy title,1423.0,0.4911,-0.5584,-0.3614,-0.8864,-2.686,-0.9483,0,0.521,4.131,2.605,0.2799,0.75,0.04174,-0.03837,-1.474,-0.9851,-0.03633,-0.5584,0.3478,0.5693,0.4855,0.025,-0.7875,-1.35,-0.8399,-0.8506,-0.8864,-0.4188,-0.3614,-0.3778,-0.3789,-0.4091
"First-Line Supervisors of Entertainment and Recreation Workers, Except Gambling Services","First-Line Supervisors of Entertainment and Recreation Workers, Except Gambling Services",Personal care,39-9032,fuzzy title,18070.0,0.3734,-0.2441,0.09701,-0.7992,-2.153,-1.988,0,0.5904,3.39,4.765,0.6299,0.7587,0.06673,-0.01832,-1.163,-0.4671,0.02956,0.4303,0.4241,0.1875,0.08788,0.076,-0.5539,-1.58,-1.444,-1.0,-0.7992,-0.003709,0.09701,0.09599,0.05279,-0.1303
First-Line Supervisors of Food Preparation and Serving Workers,First-Line Supervisors of Food Preparation and Serving Workers,Food preparation,35-1012,fuzzy title,30170.0,0.358,-0.2575,-0.1501,-0.5156,-1.617,-0.6507,2,0.5688,3.599,1.984,0.604,0.7082,0.05109,-0.01205,-1.014,-0.6192,-0.02055,-0.2575,0.4667,0.2423,0.0852,0.63,-0.2102,-0.4833,-0.7873,-0.5012,-0.5156,-0.1599,-0.1501,-0.154,-0.165,-0.2691
"First-Line Supervisors of Helpers, Laborers, and Material Movers, Hand","First-Line Supervisors of Helpers, Laborers, and Material Movers, Hand",Transportation,53-1021,fuzzy title,32710.0,0.5347,0.116,0.1384,-0.08774,-0.3156,-0.2517,2,0.5823,,3.328,,,0.05315,,-0.3426,-0.2465,0.02275,0.116,0.5659,0.3628,0.2808,0.42,0.06093,0.09786,-0.1349,-0.01009,-0.08774,0.05695,0.1384,0.1156,0.1804,0.2536
First-Line Supervisors of Housekeeping and Janitorial Workers,First-Line Supervisors of Housekeeping and Janitorial Workers,Building & grounds,37-1011,fuzzy title,5911.0,0.328,-0.5854,-0.3669,-0.9833,-2.822,-0.9765,0,0.5246,3.68,2.949,0.4029,0.6928,0.04774,-0.08643,-1.142,-0.7583,0.04822,-0.5854,0.4286,0.4965,0.1877,0.94,-0.7007,-1.118,-1.158,-0.8447,-0.9833,-0.4115,-0.3669,-0.362,-0.4164,-0.7478
"First-Line Supervisors of Landscaping, Lawn Service, and Groundskeeping Workers","First-Line Supervisors of Landscaping, Lawn Service, and Groundskeeping Workers",Building & grounds,37-1012,fuzzy title,6708.0,0.5058,-0.5549,-0.4856,-0.4612,-2.322,-0.112,0,0.5115,3.888,4.833,0.07351,0.8097,0.05142,0.002241,-1.103,-0.7805,0.046,-0.5549,0.4182,0.3229,0.1642,0.57,-0.5852,-0.6348,-0.5413,-0.6091,-0.4612,-0.532,-0.4856,-0.5035,-0.4989,-0.5588
First-Line Supervisors of Material-Moving Machine and Vehicle Operators,First-Line Supervisors of Material-Moving Machine and Vehicle Operators,Transportation,53-1031,fuzzy title,26760.0,0.4955,0.1466,0.06778,0.3556,0.1084,0.4683,2,0.589,,2.614,,,0.05263,,-0.3493,-0.1932,-0.03197,0.1466,0.415,0.3602,0.5699,0.029,0.1675,0.3837,0.4254,0.3127,0.3556,0.04211,0.06778,0.05862,0.1015,0.1983
"First-Line Supervisors of Mechanics, Installers, and Repairers","First-Line Supervisors of Mechanics, Installers, and Repairers",Installation & repair,49-1011,fuzzy title,32500.0,0.6263,-0.02052,-0.1143,0.06022,-0.3733,0.4154,2,0.5543,4.266,3.434,0.06755,0.84,0.04896,0.03379,-0.7579,-0.5727,-0.08604,-0.02052,0.4615,0.8439,0.2818,0.003,0.03299,0.4086,0.2056,0.0789,0.06023,-0.1534,-0.1143,-0.1269,-0.02237,0.2559
First-Line Supervisors of Non-Retail Sales Workers,First-Line Supervisors of Non-Retail Sales Workers,Sales,41-1012,fuzzy title,27860.0,0.4667,1.316,1.259,1.27,3.44,-0.1651,1,0.7553,4.378,4.669,0.3365,0.8166,0.08028,-0.02412,0.3385,0.8064,-0.05444,1.316,0.7037,0.4037,0.1301,0.075,1.368,0.9992,0.9394,1.223,1.27,1.289,1.259,1.232,1.254,1.292
First-Line Supervisors of Office and Administrative Support Workers,First-Line Supervisors of Office and Administrative Support Workers,Office & admin support,43-1011,fuzzy title,19830.0,0.4204,1.039,1.134,0.6262,2.283,-0.9472,1,0.7172,4.104,4.584,0.6775,0.7813,0.07261,-0.006539,-0.06606,0.4125,0.04058,1.039,0.8333,0.2773,0.08164,0.014,0.8576,0.4774,0.1976,0.6262,0.6262,1.025,1.134,1.122,1.167,1.221
First-Line Supervisors of Personal Service Workers,First-Line Supervisors of Personal Service Workers,Personal care,39-1021,fuzzy title,58400.0,0.4141,0.4303,0.6279,-0.1535,0.1897,-1.377,2,0.6561,,4.073,,,0.06612,,-0.429,-0.02773,0.06271,0.4303,0.4241,0.1875,0.08788,0.076,0.2845,-0.3006,-0.6448,-0.1137,-0.1535,0.5417,0.6279,0.5955,0.6095,0.5314
First-Line Supervisors of Police and Detectives,First-Line Supervisors of Police and Detectives,Protective service,33-1012,fuzzy title,20300.0,0.6045,-0.1923,-0.1962,-0.1437,-1.077,0.1236,2,0.5381,4.598,3.832,0.1545,0.8248,0.04754,0.02398,-1.448,-0.922,-0.08563,-0.1923,0.5526,0.2764,0.2608,0.0044,-0.2879,-0.1974,0.03929,-0.1317,-0.1437,-0.2397,-0.1962,-0.2116,-0.1599,-0.02339
First-Line Supervisors of Production and Operating Workers,First-Line Supervisors of Production and Operating Workers,Production,51-1011,fuzzy title,50110.0,0.4702,-0.08453,-0.03702,-0.2316,-0.9042,-0.2745,2,0.5674,4.124,3.468,0.2093,0.786,0.05337,-0.03715,-0.638,-0.4427,0.06164,-0.08453,0.45,0.8662,0.2302,0.016,-0.03685,0.04613,-0.4268,-0.2876,-0.2316,-0.07914,-0.03702,-0.0661,-0.02628,0.00401
"First-Line Supervisors of Protective Service Workers, All Other","First-Line Supervisors of Protective Service Workers, All Other",Protective service,33-9099,fuzzy title,1779.0,0.5767,0.07641,-0.01719,0.2132,-0.1188,0.4074,2,0.5797,3.643,2.754,,,0.04803,,-0.07817,-0.1455,-0.1664,,,,,,0.03055,0.09925,0.5229,0.2644,0.2132,-0.004099,-0.01719,-0.01893,0.06194,0.2738
First-Line Supervisors of Retail Sales Workers,First-Line Supervisors of Retail Sales Workers,Sales,41-1011,fuzzy title,242100.0,0.4014,0.01918,0.2011,-0.5034,-0.987,-1.218,2,0.5983,3.669,2.652,0.4835,0.789,0.05817,-0.03376,-1.018,-0.5893,-0.06365,0.01918,0.6486,0.456,0.1689,0.28,-0.09048,-0.5537,-0.87,-0.4457,-0.5034,0.1269,0.2011,0.1969,0.2281,0.1345
Fish and Game Wardens,Fish and Game Wardens,Protective service,33-3031,exact title,1040.0,0.5683,-0.4585,-0.5055,-0.1065,-1.706,0.7058,2,0.5012,4.106,5.35,,,0.04122,,-0.9261,-0.7691,-0.1217,-0.4585,0.2727,0.4613,0.5555,0.08,-0.591,-0.3576,0.34,-0.08943,-0.1065,-0.5416,-0.5055,-0.5177,-0.4794,-0.4818
Flight Attendants,Flight Attendants,Transportation,53-2031,exact title,17530.0,0.364,-0.7621,-0.3649,-1.864,-3.727,-2.113,0,0.4732,4.121,3.543,0.7776,0.7381,0.03483,0.01338,-1.471,-1.184,-0.05594,-0.7621,0.25,0.1277,1.242,0.35,-1.131,-1.563,-1.978,-1.56,-1.864,-0.6543,-0.3649,-0.3747,-0.2993,-0.2866
"Floor Layers, Except Carpet, Wood, and Hard Tiles","Floor Layers, Except Carpet, Wood, and Hard Tiles",Construction & extraction,47-2042,exact title,2358.0,0.5317,-1.301,-1.049,-1.398,-5.013,-0.8618,0,0.4409,3.872,1.994,,,0.04266,,-0.8797,-0.829,0.1928,-1.301,0.0,0.2817,1.619,0.79,-1.367,-1.867,-1.64,-1.615,-1.398,-1.049,-1.049,-1.049,-1.171,-1.549
Floral Designers,Floral Designers,Arts & media,27-1023,exact title,4173.0,0.3943,-0.2718,-0.2189,0.4337,-1.456,0.1911,2,0.5681,3.397,2.64,0.8876,0.842,0.0756,0.1208,0.1964,0.4475,0.1814,-0.2718,0.4333,0.2295,0.03138,0.047,-0.1705,-0.6046,-0.187,-0.3034,0.4337,-0.1445,-0.2189,-0.2189,-0.4,-0.8989
Food Batchmakers,Food Batchmakers,Production,51-3092,exact title,4652.0,0.3851,-0.3791,-0.4268,-0.6488,-1.568,0.1098,2,0.492,3.577,1.924,0.6185,0.6806,0.04069,0.003406,-0.1354,-0.5635,0.009768,-0.3791,0.1795,0.4984,0.4591,0.7,-0.3008,0.2378,-0.3854,-0.402,-0.6488,-0.4847,-0.4268,-0.4178,-0.3296,0.06903
Food Cooking Machine Operators and Tenders,Food Cooking Machine Operators and Tenders,Production,51-3093,exact title,1563.0,0.3774,-0.556,-0.6185,-0.7325,-2.028,0.3679,2,0.4713,3.58,2.25,0.4274,0.6452,0.04043,-0.02578,-0.213,-0.7048,0.06229,-0.556,0.06452,0.6955,1.269,0.61,-0.4694,0.1748,-0.3255,-0.4518,-0.7325,-0.6579,-0.6185,-0.6239,-0.5341,-0.1943
Food Preparation Workers,Food Preparation Workers,Food preparation,35-2021,exact title,12790.0,0.3125,-1.226,-0.934,-1.702,-4.896,-1.265,0,0.4375,3.36,2.707,0.5987,0.665,0.0487,0.009436,-0.7589,-0.8205,0.09855,-1.226,0.09259,0.02591,0.7693,0.87,-1.311,-1.669,-1.977,-1.7,-1.702,-0.9879,-0.934,-0.9324,-1.022,-1.263
"Food Preparation and Serving Related Workers, All Other","Food Preparation and Serving Related Workers, All Other",Food preparation,35-2021,fuzzy title,13650.0,0.3344,-1.226,-0.934,-1.702,-4.896,-1.265,0,0.4375,3.36,2.707,0.5987,0.665,0.0487,0.03128,-0.7589,-0.8205,0.09855,,,,,,-1.311,-1.669,-1.977,-1.7,-1.702,-0.9879,-0.934,-0.9324,-1.022,-1.263
Food Science Technicians,Food Science Technicians,"Life, physical & social science",19-4011,fuzzy title,1782.0,0.3541,0.09572,-0.04923,0.4328,0.08475,0.9032,2,0.5935,,5.544,,,0.05211,,0.4802,0.2294,-0.0183,0.09572,0.4809,0.4386,0.2657,0.97,0.2497,0.493,0.6522,0.5382,0.4328,0.07042,-0.04923,-0.03474,-0.0756,-0.1558
Food Scientists and Technologists,Food Scientists and Technologists,"Life, physical & social science",19-1012,exact title,6562.0,0.4022,0.7944,0.5725,1.129,2.269,0.8283,1,0.6868,4.361,6.808,,,0.07552,,0.5184,0.5831,-0.08361,0.7944,0.7692,0.2269,0.1387,0.077,1.1,1.23,1.049,1.049,1.129,0.7168,0.5725,0.5559,0.5697,0.7593
"Food Servers, Nonrestaurant","Food Servers, Nonrestaurant",Food preparation,35-3041,exact title,8620.0,0.3234,-0.727,-0.445,-1.326,-3.343,-1.217,0,0.4859,3.358,1.871,0.6641,0.6404,0.03945,0.01062,-0.3249,-0.5409,0.2162,-0.727,0.2222,0.2316,1.197,0.86,-0.9295,-1.142,-1.484,-1.129,-1.326,-0.5821,-0.445,-0.4395,-0.4809,-0.7787
Food Service Managers,Food Service Managers,Management,11-9051,exact title,56580.0,0.4059,-0.1213,0.06149,-0.7102,-1.413,-1.16,2,0.5975,4.085,2.541,0.5095,0.7179,0.05323,-0.0363,-0.9403,-0.5696,0.03908,-0.1213,0.6042,0.2835,0.06441,0.083,-0.1234,-0.5343,-1.051,-0.522,-0.7102,0.03889,0.06149,0.05135,0.04169,-0.1313
"Food and Tobacco Roasting, Baking, and Drying Machine Operators and Tenders","Food and Tobacco Roasting, Baking, and Drying Machine Operators and Tenders",Production,51-3091,exact title,3807.0,0.3634,-0.7589,-0.7901,-0.6771,-2.654,0.4273,0,0.4309,3.569,2.045,0.3391,0.7211,0.04289,-0.08821,-0.5989,-0.8463,-0.07896,-0.7589,0.1333,0.1208,1.354,0.91,-0.8035,-0.207,-0.3396,-0.677,-0.6771,-0.874,-0.7901,-0.7835,-0.7389,-0.4123
"Foreign Language and Literature Teachers, Postsecondary","Foreign Language and Literature Teachers, Postsecondary",Education,25-1124,exact title,13120.0,0.3051,1.334,1.814,-0.08224,2.332,-2.889,1,0.7289,4.344,10.03,,,0.06576,,0.6535,1.035,0.4457,1.334,0.8444,0.02104,0.01972,,0.5939,-0.2041,-0.7122,0.2232,-0.08225,1.417,1.814,1.802,1.86,1.557
Forensic Science Technicians,Forensic Science Technicians,"Life, physical & social science",19-4092,exact title,3681.0,0.4032,0.2401,0.01037,0.9275,0.7407,1.399,2,0.588,4.126,4.797,,,0.05363,,0.4318,0.2552,-0.2591,0.2401,0.3226,0.501,0.1627,0.0095,0.3143,0.7088,1.264,0.7528,0.9275,0.1026,0.01037,0.02688,-0.0002485,0.1389
Forest Fire Inspectors and Prevention Specialists,Forest Fire Inspectors and Prevention Specialists,Protective service,33-2022,exact title,772.0,0.4571,-0.2144,-0.3419,0.2808,-0.8832,0.8746,2,0.5568,3.752,3.938,,,0.04726,,-0.04067,-0.0438,-0.1573,-0.2144,0.5,0.312,0.04261,0.048,-0.1642,-0.08006,0.5841,0.1587,0.2808,-0.2655,-0.3419,-0.3355,-0.3297,-0.316
Forest and Conservation Technicians,Forest and Conservation Technicians,"Life, physical & social science",19-4093,exact title,2162.0,0.3961,-0.6672,-0.7611,-0.11,-2.298,0.8826,2,0.4978,,3.902,,,0.04245,,-0.7951,-0.6921,-0.13,-0.6672,0.5385,0.292,0.4457,0.42,-0.5955,-0.5008,0.18,-0.2661,-0.11,-0.6684,-0.7611,-0.7436,-0.7937,-0.8636
Forest and Conservation Workers,Forest and Conservation Workers,"Farming, fishing & forestry",45-4011,exact title,1856.0,0.4134,-1.064,-1.0,-0.9001,-3.821,0.05683,0,0.449,3.419,4.96,0.1827,0.7813,0.03934,-0.06326,-1.038,-0.9808,-9.446e-06,-1.064,0.1304,0.232,0.5589,0.87,-1.079,-1.132,-0.7669,-0.9633,-0.9001,-1.013,-1.0,-1.024,-1.015,-1.05
Foresters,Foresters,"Life, physical & social science",19-1032,exact title,569.0,0.4521,-0.1844,-0.1961,0.2001,-1.074,0.2181,2,0.5813,4.161,5.661,,,0.06799,,-0.5236,-0.1919,-0.0463,-0.1844,0.5588,0.9302,0.3757,0.0081,-0.1921,-0.4995,0.1144,-0.04884,0.2001,-0.1294,-0.1961,-0.2138,-0.2509,-0.3176
"Forestry and Conservation Science Teachers, Postsecondary","Forestry and Conservation Science Teachers, Postsecondary",Education,25-1043,exact title,4300.0,0.2915,1.26,1.563,0.4353,2.481,-1.802,1,0.7535,4.411,11.29,,,0.06958,,0.6582,1.056,0.2259,1.26,0.6304,0.0,0.01759,,0.8566,0.04947,-0.1022,0.6419,0.4353,1.401,1.563,1.553,1.51,1.011
Fuel Cell Engineers,Fuel Cell Engineers,Architecture & engineering,17-2199,fuzzy title,5286.0,0.394,0.7876,0.5808,1.213,2.186,0.765,1,0.7032,4.612,6.753,,,0.07159,,1.097,1.062,-0.1047,0.7876,0.6861,0.6906,0.3361,0.014,1.092,1.003,1.032,1.062,1.213,0.7697,0.5808,0.5803,0.5507,0.5851
Fundraisers,Fundraisers,Business & financial,13-1131,exact title,66780.0,0.3108,1.243,1.405,0.7183,2.758,-1.185,1,0.7442,4.105,5.906,0.7192,0.8727,0.07956,-0.1029,0.1879,0.6946,0.1545,1.243,0.7308,0.3439,0.1438,,1.061,0.5987,0.1113,0.7398,0.7183,1.296,1.405,1.369,1.374,1.178
Fundraising Managers,Fundraising Managers,Management,11-9199,fuzzy title,120700.0,0.3243,0.9647,0.91,0.9635,2.4,-0.04875,1,0.7153,4.826,6.13,,,0.06819,,0.5274,0.7676,-0.07831,1.294,0.825,0.4022,0.3166,0.015,0.9705,0.646,0.8331,0.955,0.9635,0.9659,0.91,0.9077,0.9032,0.9366
Funeral Attendants,Funeral Attendants,Personal care,39-4021,exact title,636.0,0.4211,-0.5445,-0.1577,-1.357,-3.036,-1.741,0,0.5198,3.375,2.867,,,0.03595,,-0.6066,-0.5293,0.3258,-0.5445,0.3111,0.06786,1.062,0.37,-0.9877,-1.577,-1.478,-0.9659,-1.357,-0.3661,-0.1577,-0.1549,-0.1644,-0.6705
Furniture Finishers,Furniture Finishers,Production,51-7021,exact title,1340.0,0.4696,-1.198,-1.238,-0.5872,-3.993,0.7414,0,0.418,3.6,1.677,0.281,0.8301,0.04736,-0.03169,-0.7616,-0.7944,-0.07474,-1.198,0.1429,0.2457,0.4568,0.87,-1.032,-0.8736,-0.5263,-0.9704,-0.5872,-1.125,-1.238,-1.224,-1.344,-1.417
Gambling Cage Workers,Gambling Cage Workers,Office & admin support,43-3041,fuzzy title,1685.0,0.4262,0.4027,0.4955,-0.5271,0.2919,-1.022,2,0.6476,3.38,1.986,,,0.04613,,0.1519,-0.007379,-0.03167,0.4027,0.5161,0.3494,0.08044,0.39,0.3951,0.01652,-0.3811,0.2622,-0.5271,0.4828,0.4955,0.5195,0.5824,0.5057
Gambling Change Persons and Booth Cashiers,Gambling Change Persons and Booth Cashiers,Sales,41-2011,fuzzy title,16170.0,0.3258,-0.2481,-0.1075,-0.8546,-1.709,-0.9614,2,0.5616,3.305,1.735,,,0.04928,,-0.2941,-0.3994,0.0447,-0.05009,0.619,0.2389,0.111,0.83,-0.2922,-0.5431,-0.9522,-0.5084,-0.8546,-0.1256,-0.1075,-0.0832,-0.07808,-0.1869
Gambling Managers,Gambling Managers,Management,11-9199,fuzzy title,642.0,0.461,0.9647,0.91,0.9635,2.4,-0.04875,1,0.7153,4.826,6.13,,,0.06819,,0.5274,0.7676,-0.07831,0.8299,0.7059,0.1783,0.08002,0.091,0.9705,0.646,0.8331,0.955,0.9635,0.9659,0.91,0.9077,0.9032,0.9366
Gambling Surveillance Officers and Gambling Investigators,Gambling Surveillance Officers and Gambling Investigators,Protective service,33-9031,fuzzy title,6455.0,0.4436,0.7284,0.4327,1.111,2.233,1.219,1,0.6502,3.568,2.244,,,0.04001,,0.4861,0.2294,-0.3229,0.7284,0.625,0.4664,0.1316,0.95,0.6753,0.9515,1.808,1.22,1.111,0.5423,0.4327,0.488,0.563,0.99
Gambling and Sports Book Writers and Runners,Gambling and Sports Book Writers and Runners,Personal care,39-3012,fuzzy title,1763.0,0.3088,0.4653,0.3654,0.1897,1.032,0.2373,1,0.6174,3.315,2.218,,,0.04131,,0.4689,0.1352,-0.08841,0.4653,0.3846,0.03722,0.1025,0.91,0.4489,0.8158,0.4965,0.6928,0.1897,0.32,0.3654,0.4079,0.5018,0.6372
Gas Compressor and Gas Pumping Station Operators,Gas Compressor and Gas Pumping Station Operators,Transportation,53-7071,exact title,1112.0,0.5801,-0.691,-0.8727,-0.3267,-2.104,1.239,2,0.4479,4.259,2.742,,,0.03744,,-0.3774,-0.7818,-0.1021,-0.691,0.1538,0.6306,0.8344,0.91,-0.5341,0.313,0.2237,-0.2936,-0.3267,-0.8735,-0.8727,-0.8789,-0.7946,-0.4395
General and Operations Managers,General and Operations Managers,Management,11-1021,exact title,137800.0,0.5082,0.5749,0.6776,0.2319,0.8553,-0.8552,1,0.6725,4.585,4.916,0.3316,0.8244,0.06167,0.003449,-0.3389,0.1221,0.08261,0.5749,0.6538,0.248,0.263,0.16,0.4414,-0.02556,-0.1194,0.3255,0.2319,0.6493,0.6776,0.6749,0.6832,0.5774
Genetic Counselors,Genetic Counselors,Healthcare practitioners,29-9092,exact title,2636.0,0.2315,1.528,1.478,1.347,4.001,-0.2887,1,0.7992,4.384,8.0,,,0.06457,,1.621,1.638,0.01043,1.528,0.8947,0.2035,0.08834,,1.473,1.061,1.132,1.404,1.347,1.548,1.478,1.507,1.452,1.43
Geodetic Surveyors,Geodetic Surveyors,Architecture & engineering,17-1022,fuzzy title,1759.0,0.4849,0.1461,-0.1213,0.7112,0.4396,1.384,2,0.6125,4.121,5.403,,,0.04934,,0.2975,0.2415,-0.2339,0.1461,0.6792,0.7049,0.2806,0.38,0.4076,0.5553,1.121,0.847,0.7112,0.07956,-0.1213,-0.08816,-0.1007,-0.1156
"Geography Teachers, Postsecondary","Geography Teachers, Postsecondary",Education,25-1064,exact title,739.0,0.3441,1.319,1.629,0.503,2.593,-2.04,1,0.7776,4.4,10.52,,,0.07669,,0.936,1.323,0.3726,1.319,0.6818,0.0,0.0189,,0.8961,-0.08233,-0.2124,0.5733,0.503,1.487,1.629,1.629,1.57,1.212
"Geological Technicians, Except Hydrologic Technicians","Geological Technicians, Except Hydrologic Technicians","Life, physical & social science",19-4041,fuzzy title,1417.0,0.4731,0.08327,-0.02654,0.3836,0.009961,0.692,2,0.5876,,5.948,,,0.0554,,0.6788,0.4007,-0.03434,0.08327,0.6745,0.7386,0.4282,0.91,0.145,0.3094,0.601,0.4147,0.3836,0.04634,-0.02654,-0.006214,-0.03687,0.03202
"Geoscientists, Except Hydrologists and Geographers","Geoscientists, Except Hydrologists and Geographers","Life, physical & social science",19-2042,exact title,16620.0,0.4321,0.7143,0.5673,1.057,1.857,0.6085,1,0.6879,4.427,7.543,,,0.06954,,1.101,1.052,-0.06545,0.7143,0.6667,0.539,0.3481,0.63,0.8717,0.6595,1.023,1.02,1.057,0.715,0.5673,0.5705,0.52,0.4534
Geothermal Production Managers,Geothermal Production Managers,Management,11-9199,fuzzy title,5955.0,0.681,0.9647,0.91,0.9635,2.4,-0.04875,1,0.7153,4.826,6.13,,,0.06819,,0.5274,0.7676,-0.07831,0.9647,0.632,0.4303,0.1005,0.25,0.9705,0.646,0.8331,0.955,0.9635,0.9659,0.91,0.9077,0.9032,0.9366
"Graders and Sorters, Agricultural Products","Graders and Sorters, Agricultural Products","Farming, fishing & forestry",45-2041,exact title,2704.0,0.354,-1.371,-1.032,-2.189,-5.379,-1.354,0,0.3921,3.389,1.554,0.6701,0.5358,0.04825,0.02849,-0.8249,-1.176,0.147,-1.371,0.1,0.5531,0.3588,0.41,-1.464,-1.639,-2.139,-1.817,-2.189,-1.163,-1.032,-1.041,-1.106,-1.387
Graphic Designers,Graphic Designers,Arts & media,27-1024,exact title,82450.0,0.3299,0.7157,0.5274,1.917,2.046,1.264,1,0.6886,3.926,5.385,0.5541,0.7966,0.09193,0.01037,1.641,1.822,0.2249,0.7157,0.8214,1.054,0.5522,0.082,0.9667,0.8767,1.265,1.017,1.917,0.7225,0.5274,0.5111,0.3361,0.02081
"Hairdressers, Hairstylists, and Cosmetologists","Hairdressers, Hairstylists, and Cosmetologists",Personal care,39-5012,exact title,50760.0,0.4152,-0.6825,-0.6156,-0.3888,-2.734,-0.03332,0,0.514,3.39,2.792,0.9188,0.7533,0.06224,0.06941,-0.3317,-0.2899,0.1347,-0.6825,0.1053,0.1411,0.4995,0.11,-0.432,-0.5133,-0.9077,-0.8666,-0.3888,-0.5452,-0.6156,-0.6379,-0.7461,-1.034
Hazardous Materials Removal Workers,Hazardous Materials Removal Workers,Construction & extraction,47-4041,exact title,2592.0,0.4174,-0.6887,-0.7441,-0.3681,-2.422,0.6225,0,0.4775,3.835,2.818,0.2141,0.6518,0.04648,-0.03529,-0.7252,-0.7402,-0.05211,-0.6887,0.06452,0.2178,1.664,0.53,-0.618,-0.332,-0.133,-0.4635,-0.3681,-0.7229,-0.7441,-0.7554,-0.7427,-0.6855
"Health Specialties Teachers, Postsecondary","Health Specialties Teachers, Postsecondary",Education,25-1071,exact title,34330.0,0.3437,0.9248,1.226,0.06417,1.436,-1.888,1,0.7269,4.632,8.98,,,0.06818,,0.6984,1.083,0.2782,0.9248,0.6,0.0,0.02139,,0.5874,-0.2327,-0.4862,0.2629,0.06416,1.106,1.226,1.234,1.178,0.7613
"Health Technologists and Technicians, All Other","Health Technologists and Technicians, All Other",Healthcare practitioners,29-2099,exact title,10280.0,0.3931,-0.2839,-0.2805,-0.3499,-1.483,0.02129,2,0.5344,3.823,4.663,,,0.04584,,-0.2771,-0.3183,-0.002516,-0.195,0.4232,0.4392,0.3745,0.1,-0.2436,-0.1277,-0.3173,-0.3057,-0.3499,-0.2592,-0.2805,-0.2681,-0.2936,-0.3857
"Health and Safety Engineers, Except Mining Safety Engineers and Inspectors","Health and Safety Engineers, Except Mining Safety Engineers and Inspectors",Architecture & engineering,17-2111,exact title,15820.0,0.5459,0.9949,0.7644,1.575,2.95,0.9972,1,0.71,4.596,5.965,,,0.06918,,1.417,1.296,-0.2479,0.9949,0.6662,0.5799,0.3227,0.028,1.148,1.092,1.609,1.327,1.575,0.8894,0.7644,0.7621,0.7623,0.9528
"Healthcare Practitioners and Technical Workers, All Other","Healthcare Practitioners and Technical Workers, All Other",Healthcare practitioners,29-9099,exact title,7938.0,0.4123,0.2296,0.2786,-0.1345,-0.03655,-0.5248,2,0.6161,4.073,6.1,,,0.04954,,-0.354,-0.2714,-0.079,0.2296,0.4095,0.5472,0.1152,,0.2988,0.1802,-0.2579,-0.1058,-0.1345,0.2676,0.2786,0.2609,0.2942,0.3757
"Healthcare Support Workers, All Other","Healthcare Support Workers, All Other",Healthcare support,31-9099,exact title,3689.0,0.3666,0.166,0.2521,-0.2246,-0.08254,-0.3833,2,0.5791,3.631,3.933,,,0.04569,,-0.05289,-0.135,0.09715,0.166,0.1579,0.02624,0.1746,,0.06309,0.3517,-0.2047,0.04108,-0.2246,0.1241,0.2521,0.2618,0.3223,0.3743
Hearing Aid Specialists,Hearing Aid Specialists,Healthcare practitioners,29-2092,exact title,1065.0,0.5,0.5649,0.4585,0.4181,1.459,0.3827,1,0.5982,4.086,5.109,,,0.0526,,0.06299,-0.1257,-0.03503,0.5649,0.1,0.1558,0.04822,,0.5682,1.316,0.541,0.5723,0.4181,0.299,0.4585,0.4337,0.609,0.9843
"Heating, Air Conditioning, and Refrigeration Mechanics and Installers","Heating, Air Conditioning, and Refrigeration Mechanics and Installers",Installation & repair,49-9021,exact title,11780.0,0.6087,-0.8491,-0.8961,-0.5521,-2.957,0.5078,0,0.4625,3.884,3.257,0.01647,0.8092,0.03517,0.04407,-0.7712,-0.8099,-0.1128,-0.8491,0.2105,0.222,0.6936,0.65,-0.7718,-0.561,-0.3189,-0.6921,-0.5521,-0.8746,-0.8961,-0.8856,-0.8768,-0.7899
Heavy and Tractor-Trailer Truck Drivers,Heavy and Tractor-Trailer Truck Drivers,Transportation,53-3032,fuzzy title,5541.0,0.5382,-1.149,-1.4,-0.2877,-3.172,2.163,0,0.3637,3.878,2.404,,,0.03182,,-1.102,-1.26,-0.1289,-1.149,0.3077,0.4952,1.221,0.79,-1.13,0.06102,0.6822,-0.2582,-0.2877,-1.437,-1.4,-1.415,-1.314,-1.009
"Helpers--Brickmasons, Blockmasons, Stonemasons, and Tile and Marble Setters","Helpers--Brickmasons, Blockmasons, Stonemasons, and Tile and Marble Setters",Construction & extraction,47-3011,exact title,2843.0,0.3509,-1.942,-1.822,-1.728,-6.584,0.01638,0,0.3356,3.634,2.372,,,0.02825,,-1.595,-1.47,-0.1079,-1.942,0.0,0.1488,2.37,0.83,-2.004,-2.079,-1.428,-1.817,-1.728,-1.806,-1.822,-1.8,-1.86,-2.01
Helpers--Carpenters,Helpers--Carpenters,Construction & extraction,47-3012,exact title,12250.0,0.4906,-1.425,-1.37,-1.163,-4.881,0.2108,0,0.3947,3.603,2.137,,,0.04079,,-1.156,-1.125,-0.06265,-1.425,0.0,0.219,0.9014,0.92,-1.409,-1.383,-0.9478,-1.3,-1.163,-1.361,-1.37,-1.379,-1.385,-1.438
Helpers--Extraction Workers,Helpers--Extraction Workers,Construction & extraction,47-5081,exact title,1928.0,0.4636,-1.543,-1.572,-1.176,-4.983,0.7264,0,0.3544,3.631,2.069,,,0.03063,,-1.178,-1.219,-0.1244,-1.543,0.1304,0.6543,1.131,0.37,-1.528,-1.073,-0.681,-1.233,-1.176,-1.599,-1.572,-1.586,-1.526,-1.363
"Helpers--Installation, Maintenance, and Repair Workers","Helpers--Installation, Maintenance, and Repair Workers",Installation & repair,49-9098,exact title,10790.0,0.4757,-1.347,-1.321,-1.098,-4.56,0.2876,0,0.3884,3.5,1.947,0.1033,0.6951,0.03353,-0.03103,-1.034,-1.158,-0.07909,-1.347,0.0,0.3209,1.656,0.79,-1.374,-1.142,-0.837,-1.245,-1.098,-1.357,-1.321,-1.323,-1.298,-1.147
Helpers--Production Workers,Helpers--Production Workers,Production,51-9198,exact title,12090.0,0.3859,-1.411,-1.355,-1.337,-4.842,0.1807,0,0.3828,3.401,1.871,0.3214,0.6306,0.03452,-0.01546,-0.8399,-1.136,0.001097,-1.411,0.1111,0.2231,1.047,0.66,-1.389,-1.213,-0.9863,-1.289,-1.337,-1.352,-1.355,-1.353,-1.368,-1.381
Helpers--Roofers,Helpers--Roofers,Construction & extraction,47-3016,exact title,2002.0,0.5163,-1.898,-1.668,-1.964,-6.719,-0.684,0,0.3524,3.593,3.432,,,0.02982,,-1.593,-1.431,-0.05798,-1.898,0.0,0.09025,1.985,0.72,-2.051,-2.437,-1.819,-2.063,-1.964,-1.706,-1.668,-1.67,-1.71,-1.818
Historians,Historians,"Life, physical & social science",19-3093,exact title,16340.0,0.23,1.099,1.491,0.2597,1.779,-2.197,1,0.7473,4.158,4.941,,,0.0744,,1.71,1.854,0.6041,1.099,0.6842,0.07612,0.05693,0.44,0.5289,-0.4857,-0.402,0.2912,0.2597,1.362,1.491,1.511,1.33,0.8348
"History Teachers, Postsecondary","History Teachers, Postsecondary",Education,25-1125,exact title,7919.0,0.2807,1.437,1.813,0.4811,2.804,-2.25,1,0.7933,4.358,10.09,,,0.07212,,1.056,1.45,0.3536,1.437,0.8222,0.01147,0.04746,,0.8396,-0.219,-0.09628,0.6254,0.4811,1.654,1.813,1.841,1.717,1.186
Home Appliance Repairers,Home Appliance Repairers,Installation & repair,49-9031,exact title,4100.0,0.5877,-0.9704,-0.9282,-0.897,-3.505,0.07211,0,0.4562,3.791,2.22,0.03438,0.7924,0.03769,0.01627,-0.539,-0.7675,0.03465,-0.9704,0.1455,0.4587,0.6303,0.72,-0.8801,-0.6929,-0.8713,-0.9765,-0.897,-0.9354,-0.9282,-0.9401,-0.9461,-0.9277
Home Health Aides,Home Health Aides,Healthcare support,31-1011,exact title,18240.0,0.3308,-0.6449,-0.4048,-0.9848,-3.074,-1.23,0,0.5297,,2.608,,,0.04987,,-0.918,-0.6343,0.05586,-0.6449,0.07692,0.09844,0.2438,0.39,-0.7527,-1.418,-1.319,-1.117,-0.9848,-0.452,-0.4048,-0.4221,-0.4492,-0.6097
"Hosts and Hostesses, Restaurant, Lounge, and Coffee Shop","Hosts and Hostesses, Restaurant, Lounge, and Coffee Shop",Food preparation,35-9031,exact title,45990.0,0.3126,-0.05655,0.1822,-0.927,-1.326,-1.545,2,0.5707,3.203,1.915,0.8452,0.7359,0.04582,-0.01063,-0.5082,-0.4621,0.08995,-0.05655,0.4571,0.1459,0.1943,0.97,-0.3552,-0.7887,-1.006,-0.513,-0.927,0.01337,0.1822,0.1989,0.2634,0.2778
"Hotel, Motel, and Resort Desk Clerks","Hotel, Motel, and Resort Desk Clerks",Office & admin support,43-4081,exact title,34700.0,0.3177,0.6063,0.7106,0.07097,1.004,-0.8543,1,0.6515,3.335,2.599,0.6786,0.656,0.06449,-0.081,0.06188,0.2046,0.06969,0.6063,0.5897,0.04599,0.08284,0.94,0.4691,0.2973,-0.153,0.3268,0.07097,0.5698,0.7106,0.6865,0.7903,0.7988
Human Factors Engineers and Ergonomists,Human Factors Engineers and Ergonomists,Architecture & engineering,17-2199,fuzzy title,2499.0,0.3778,0.7876,0.5808,1.213,2.186,0.765,1,0.7032,4.612,6.753,,,0.07159,,1.097,1.062,-0.1047,0.7876,0.6861,0.6906,0.3361,0.014,1.092,1.003,1.032,1.062,1.213,0.7697,0.5808,0.5803,0.5507,0.5851
"Human Resources Assistants, Except Payroll and Timekeeping","Human Resources Assistants, Except Payroll and Timekeeping",Office & admin support,43-4161,exact title,18930.0,0.3914,1.353,1.481,0.776,3.154,-1.018,1,0.7543,3.821,4.503,0.7933,0.6884,0.06433,0.0199,1.547,1.561,0.2269,1.353,0.7931,0.2082,0.07127,0.9,0.9335,0.5413,0.601,1.067,0.776,1.354,1.481,1.518,1.495,1.367
Human Resources Managers,Human Resources Managers,Management,11-3121,exact title,288900.0,0.4111,1.32,1.359,0.9705,3.21,-0.7406,1,0.7608,4.838,6.305,0.6679,0.7846,0.08108,0.008281,0.09531,0.6659,-0.02674,1.32,0.76,0.4244,0.04638,0.0055,1.288,0.7945,0.5367,0.9912,0.9705,1.354,1.359,1.331,1.356,1.329
Hydroelectric Production Managers,Hydroelectric Production Managers,Management,11-9199,fuzzy title,17020.0,0.6149,0.9647,0.91,0.9635,2.4,-0.04875,1,0.7153,4.826,6.13,,,0.06819,,0.5274,0.7676,-0.07831,0.9647,0.632,0.4303,0.1005,0.25,0.9705,0.646,0.8331,0.955,0.9635,0.9659,0.91,0.9077,0.9032,0.9366
Hydrologists,Hydrologists,"Life, physical & social science",19-2043,exact title,1897.0,0.2998,0.6405,0.5549,0.8979,1.437,0.1765,1,0.7095,4.431,7.348,,,0.07114,,1.044,1.025,-0.1491,0.6405,0.7708,0.6562,0.1127,0.014,0.8143,0.2626,0.6551,0.793,0.8979,0.7428,0.5549,0.557,0.4789,0.3242
Industrial Engineering Technologists and Technicians,Industrial Engineering Technologists and Technicians,Architecture & engineering,17-3026,fuzzy title,22600.0,0.475,0.6107,0.3474,1.199,1.813,1.15,1,0.6693,4.098,4.006,,,0.06823,,1.037,0.8904,-0.1231,0.6107,0.5683,0.4425,0.2746,0.03,0.9513,1.085,1.163,0.9731,1.199,0.5372,0.3474,0.3438,0.3314,0.482
Industrial Engineers,Industrial Engineers,Architecture & engineering,17-2112,exact title,36070.0,0.5413,1.138,0.9051,1.485,3.224,0.7162,1,0.7328,4.557,6.681,,,0.07059,,1.356,1.342,-0.06672,1.138,0.7459,0.6345,0.2139,0.029,1.329,1.284,1.35,1.35,1.485,1.034,0.9051,0.9047,0.9193,1.074
Industrial Machinery Mechanics,Industrial Machinery Mechanics,Installation & repair,49-9041,exact title,60850.0,0.5592,-1.133,-1.217,-0.8466,-3.64,0.8142,0,0.3876,4.092,3.19,,,0.03424,,-0.9115,-1.105,-0.0356,-1.133,0.2258,0.5009,0.6468,0.67,-1.077,-0.2875,-0.4581,-0.9061,-0.8466,-1.269,-1.217,-1.218,-1.136,-0.8259
Industrial Production Managers,Industrial Production Managers,Management,11-3051,exact title,69640.0,0.5587,0.5087,0.3543,0.6547,1.292,0.5696,1,0.6353,4.636,4.905,0.223,0.8366,0.05633,0.02336,-0.1287,0.01142,-0.1284,0.5087,0.5285,0.574,0.3619,0.03,0.6454,0.8617,0.7363,0.703,0.6547,0.3978,0.3543,0.3535,0.4157,0.6017
Industrial Truck and Tractor Operators,Industrial Truck and Tractor Operators,Transportation,53-7051,exact title,27390.0,0.5115,-1.399,-1.575,-0.6987,-4.128,1.727,0,0.3466,3.648,2.004,0.08567,0.6196,0.02423,0.02533,-1.145,-1.405,-0.06596,-1.399,0.0625,0.4488,2.842,0.93,-1.293,-0.3192,0.06859,-0.6749,-0.6987,-1.601,-1.575,-1.599,-1.503,-1.334
Industrial-Organizational Psychologists,Industrial-Organizational Psychologists,"Life, physical & social science",19-3032,exact title,2500.0,0.3419,1.402,1.427,1.257,3.451,-0.6195,1,0.7988,4.657,9.645,,,0.0842,,0.8315,1.349,0.05489,1.402,0.8222,0.4785,0.07041,0.012,1.396,0.6574,0.7127,1.203,1.257,1.517,1.427,1.418,1.354,1.126
Information Security Analysts,Information Security Analysts,Computer & mathematical,15-1122,exact title,51830.0,0.425,1.25,1.045,1.609,3.538,0.602,1,0.7661,,5.898,,,0.07208,,1.857,1.56,-0.02494,1.25,1.0,0.1033,0.328,,1.417,1.212,1.45,1.405,1.609,1.231,1.045,1.059,0.9978,1.153
Information Security Engineers,Information Security Engineers,Computer & mathematical,17-2199,fuzzy title,59460.0,0.456,0.7876,0.5808,1.213,2.186,0.765,1,0.7032,4.612,6.753,,,0.07159,,1.097,1.062,-0.1047,0.7876,0.6861,0.6906,0.3361,0.014,1.092,1.003,1.032,1.062,1.213,0.7697,0.5808,0.5803,0.5507,0.5851
Information Technology Project Managers,Information Technology Project Managers,Computer & mathematical,11-9199,fuzzy title,455800.0,0.4375,0.9647,0.91,0.9635,2.4,-0.04875,1,0.7153,4.826,6.13,,,0.06819,,0.5274,0.7676,-0.07831,0.9647,0.632,0.4303,0.1005,0.25,0.9705,0.646,0.8331,0.955,0.9635,0.9659,0.91,0.9077,0.9032,0.9366
"Inspectors, Testers, Sorters, Samplers, and Weighers","Inspectors, Testers, Sorters, Samplers, and Weighers",Production,51-9061,exact title,14530.0,0.4852,-0.02934,-0.1557,0.112,-0.3549,0.6576,2,0.5624,3.653,2.54,0.3838,0.7241,0.04643,0.02872,0.6993,0.1468,-0.07129,-0.02934,0.3125,0.6986,0.4321,0.98,0.06302,0.4404,0.3922,0.219,0.112,-0.113,-0.1557,-0.1204,-0.1272,0.02587
"Installation, Maintenance, and Repair Workers, All Other","Installation, Maintenance, and Repair Workers, All Other",Installation & repair,49-9099,exact title,14080.0,0.5219,-0.5901,-0.7932,-0.146,-1.813,1.181,2,0.4807,3.751,2.612,,,0.04015,,-0.2187,-0.5712,-0.1895,-0.9815,0.3226,0.4089,0.8583,0.96,-0.4203,0.1746,0.3163,-0.1609,-0.146,-0.7384,-0.7932,-0.7915,-0.7083,-0.3389
Instructional Coordinators,Instructional Coordinators,Education,25-9031,exact title,42950.0,0.3646,1.302,1.324,1.276,3.187,-0.5249,1,0.7698,4.155,7.437,,,0.08178,,0.5685,1.044,0.06465,1.302,0.775,0.3475,0.1072,0.0042,1.202,0.618,0.7548,1.023,1.276,1.357,1.324,1.323,1.266,1.156
"Insulation Workers, Floor, Ceiling, and Wall","Insulation Workers, Floor, Ceiling, and Wall",Construction & extraction,47-2131,exact title,506.0,0.4827,-1.619,-1.51,-1.406,-5.609,-0.05348,0,0.3816,3.686,1.73,,,0.03747,,-1.343,-1.219,-0.07245,-1.619,0.1,0.1194,0.3413,0.83,-1.696,-1.888,-1.163,-1.56,-1.406,-1.485,-1.51,-1.495,-1.554,-1.634
"Insurance Appraisers, Auto Damage","Insurance Appraisers, Auto Damage",Business & financial,13-1032,exact title,3070.0,0.4752,0.6635,0.5821,0.6974,1.624,0.355,1,0.657,4.138,3.415,,,0.05584,,0.9435,0.684,-0.03344,0.6635,0.8571,1.015,0.2388,0.98,0.5666,0.7012,0.8746,0.8841,0.6974,0.566,0.5821,0.5966,0.6265,0.6327
Insurance Claims and Policy Processing Clerks,Insurance Claims and Policy Processing Clerks,Office & admin support,43-9041,exact title,51990.0,0.4081,1.24,1.257,0.537,3.06,-0.5282,1,0.7271,3.818,3.233,0.8105,0.7517,0.05489,-0.007295,1.595,1.254,0.07508,1.24,0.7619,0.1232,0.131,0.98,1.041,1.026,0.7278,1.203,0.537,1.193,1.257,1.317,1.323,1.299
Insurance Sales Agents,Insurance Sales Agents,Sales,41-3021,exact title,80920.0,0.539,1.341,1.427,0.6781,3.15,-1.042,1,0.7649,3.909,4.729,0.4931,0.8203,0.07329,0.09251,0.8274,1.035,0.08635,1.341,0.7273,0.2937,0.03947,0.92,1.166,0.6861,0.4009,1.062,0.6781,1.372,1.427,1.437,1.464,1.381
Insurance Underwriters,Insurance Underwriters,Business & financial,13-2053,exact title,80140.0,0.4994,1.327,1.262,1.229,3.44,-0.09822,1,0.7754,4.336,5.4,0.6306,0.8178,0.0747,0.06732,1.921,1.747,0.1211,1.327,0.8571,0.5935,0.07152,0.99,1.363,0.9322,1.065,1.336,1.229,1.396,1.262,1.273,1.19,1.104
Interior Designers,Interior Designers,Arts & media,27-1025,exact title,30180.0,0.4057,1.122,0.8219,2.421,3.449,1.566,1,0.7443,4.1,5.952,0.8499,0.8633,0.09097,0.1318,0.9734,1.508,-0.06604,1.122,0.5862,0.4428,0.07928,0.022,1.372,1.058,2.035,1.67,2.421,1.066,0.8219,0.8291,0.6956,0.5408
Interpreters and Translators,Interpreters and Translators,Arts & media,27-3091,exact title,13210.0,0.2927,1.111,1.352,-0.06266,2.243,-1.912,1,0.6556,3.894,6.585,0.7295,0.6309,0.05573,0.09369,0.802,0.6969,0.174,1.111,0.88,0.01791,0.008039,0.38,0.4412,0.5263,-0.2796,0.2569,-0.06266,0.8994,1.352,1.363,1.598,2.084
"Interviewers, Except Eligibility and Loan","Interviewers, Except Eligibility and Loan",Office & admin support,43-4111,exact title,2564.0,0.3138,1.297,1.449,0.2057,2.986,-1.368,1,0.6906,3.617,2.838,0.7407,0.6948,0.06072,-0.1058,1.081,0.8716,0.1771,1.297,0.5517,0.2008,0.02876,0.94,0.8888,1.091,0.08249,0.72,0.2057,1.124,1.449,1.453,1.625,1.893
Investment Fund Managers,Investment Fund Managers,Management,11-9199,fuzzy title,202300.0,0.4448,0.9647,0.91,0.9635,2.4,-0.04875,1,0.7153,4.826,6.13,,,0.06819,,0.5274,0.7676,-0.07831,0.9647,0.632,0.4303,0.1005,0.25,0.9705,0.646,0.8331,0.955,0.9635,0.9659,0.91,0.9077,0.9032,0.9366
"Janitors and Cleaners, Except Maids and Housekeeping Cleaners","Janitors and Cleaners, Except Maids and Housekeeping Cleaners",Building & grounds,37-2011,exact title,20990.0,0.3932,-1.436,-1.093,-1.751,-5.613,-1.297,0,0.4144,3.393,2.212,,,0.04356,,-0.7827,-0.8804,0.05485,-1.436,0.05556,0.2803,2.814,0.66,-1.673,-2.33,-1.892,-1.883,-1.751,-1.146,-1.093,-1.088,-1.23,-1.563
Jewelers and Precious Stone and Metal Workers,Jewelers and Precious Stone and Metal Workers,Production,51-9071,exact title,3128.0,0.3628,-0.156,-0.6367,1.035,0.2029,3.008,2,0.5072,3.842,2.672,0.4876,0.696,0.0593,-0.05198,0.714,0.0443,-0.1185,-0.156,0.25,0.5432,0.509,0.95,0.5099,1.922,1.491,0.811,1.035,-0.4191,-0.6367,-0.645,-0.6683,-0.5353
"Judges, Magistrate Judges, and Magistrates","Judges, Magistrate Judges, and Magistrates",Legal,23-1023,exact title,15610.0,0.34,1.496,1.646,0.8351,3.489,-1.22,1,0.7814,4.997,8.365,,,0.05965,,1.143,1.23,0.1056,1.496,0.4444,0.2743,0.07595,0.4,1.202,0.593,0.5687,0.9791,0.8351,1.595,1.646,1.66,1.585,1.447
Judicial Law Clerks,Judicial Law Clerks,Legal,23-1012,exact title,40730.0,0.3222,1.463,1.513,0.9545,3.646,-0.6949,1,0.758,3.927,9.549,0.6486,0.7498,0.06892,0.03019,1.86,1.697,0.1383,1.463,0.8966,0.009462,0.04338,0.41,1.165,0.9413,0.8528,1.229,0.9545,1.442,1.513,1.547,1.52,1.525
"Kindergarten Teachers, Except Special Education","Kindergarten Teachers, Except Special Education",Education,25-2012,exact title,153300.0,0.3974,0.3644,0.6531,-0.3341,-0.2401,-1.901,2,0.6667,4.109,6.381,,,0.06677,,0.2794,0.6291,0.09002,0.3644,0.4521,0.3405,0.2358,0.15,0.1212,-0.8368,-0.9445,-0.3573,-0.3341,0.5886,0.6531,0.6381,0.6096,0.4365
Labor Relations Specialists,Labor Relations Specialists,Business & financial,13-1075,exact title,12020.0,0.3888,1.335,1.431,0.9441,3.076,-1.128,1,0.791,4.344,5.9,,,0.0785,,0.3048,0.8523,0.03982,1.335,0.7736,0.6035,0.1082,,1.229,0.5112,0.2873,0.8482,0.9441,1.441,1.431,1.424,1.404,1.303
"Laborers and Freight, Stock, and Material Movers, Hand","Laborers and Freight, Stock, and Material Movers, Hand",Transportation,53-7062,exact title,15100.0,0.4221,-1.709,-1.498,-1.792,-6.096,-0.4977,0,0.3639,3.441,2.061,0.217,0.6684,0.03146,-0.03516,-1.3,-1.298,0.08675,-1.709,0.08174,0.4827,1.951,0.85,-1.851,-2.074,-1.619,-1.738,-1.792,-1.509,-1.498,-1.495,-1.57,-1.826
Landscape Architects,Landscape Architects,Architecture & engineering,17-1012,exact title,5175.0,0.2996,1.034,0.8364,1.78,2.948,0.8643,1,0.7413,4.219,6.321,0.3924,0.8776,0.08949,-0.1452,0.928,1.27,0.07905,1.034,0.6842,0.7365,0.1967,0.045,1.31,1.075,1.318,1.249,1.78,1.003,0.8364,0.8135,0.7439,0.6894
Landscaping and Groundskeeping Workers,Landscaping and Groundskeeping Workers,Building & grounds,37-3011,exact title,4451.0,0.4386,-1.824,-1.656,-1.702,-6.348,-0.2596,0,0.3533,3.539,2.747,0.08351,0.7101,0.03117,-0.02337,-1.336,-1.344,0.03379,-1.824,0.04878,0.1277,0.6708,0.95,-1.876,-2.092,-1.559,-1.846,-1.702,-1.641,-1.656,-1.654,-1.721,-1.949
"Lathe and Turning Machine Tool Setters, Operators, and Tenders, Metal and Plastic","Lathe and Turning Machine Tool Setters, Operators, and Tenders, Metal and Plastic",Production,51-4034,exact title,6769.0,0.5563,-1.067,-1.126,-0.9061,-3.566,0.6419,0,0.4223,3.79,2.47,,,0.03518,,-0.5466,-0.9063,0.06656,-1.067,0.06452,0.3137,0.4306,0.84,-0.8962,-0.4709,-0.5162,-0.7849,-0.9061,-1.077,-1.126,-1.133,-1.101,-1.053
Laundry and Dry-Cleaning Workers,Laundry and Dry-Cleaning Workers,Production,51-6011,exact title,2465.0,0.3993,-1.054,-0.8895,-1.346,-4.051,-0.5986,0,0.434,3.345,1.354,0.6575,0.564,0.04499,0.08489,-0.7053,-0.8829,0.112,-1.054,0.1,0.4398,0.9797,0.71,-1.03,-1.012,-1.421,-1.325,-1.346,-0.9405,-0.8895,-0.9024,-0.9325,-0.9957
"Law Teachers, Postsecondary","Law Teachers, Postsecondary",Education,25-1112,exact title,8793.0,0.291,1.356,1.802,0.2658,2.465,-2.499,1,0.7703,4.816,9.971,,,0.07749,,0.9351,1.286,0.4619,1.356,0.75,0.0,0.01968,,0.8201,-0.205,-0.4476,0.3417,0.2658,1.568,1.802,1.784,1.671,1.146
Lawyers,Lawyers,Legal,23-1011,exact title,361900.0,0.3626,1.329,1.454,1.036,3.073,-0.9525,1,0.7718,4.852,10.34,,,0.08067,,0.3399,0.8821,0.1381,1.329,0.8,0.2987,0.04356,0.035,1.102,0.4577,0.531,0.9078,1.036,1.415,1.454,1.456,1.368,1.157
"Layout Workers, Metal and Plastic","Layout Workers, Metal and Plastic",Production,51-4192,fuzzy title,4025.0,0.523,-0.7221,-0.936,-0.01602,-2.238,1.372,2,0.4945,3.945,2.628,,,0.0424,,-0.06524,-0.3641,-0.08826,-0.7221,0.3043,0.2705,0.221,0.84,-0.3913,-0.1647,0.3378,-0.1546,-0.01602,-0.7339,-0.936,-0.9133,-0.9644,-0.9358
Legal Secretaries and Administrative Assistants,Legal Secretaries and Administrative Assistants,Office & admin support,43-6012,fuzzy title,60660.0,0.3725,1.015,1.149,0.4807,2.175,-0.7724,1,0.6941,3.865,4.189,0.9589,0.8139,0.06479,-0.00102,1.929,1.708,0.2125,1.015,1.0,0.1664,0.4231,0.98,0.6201,0.5473,0.3766,0.8217,0.4807,1.028,1.149,1.196,1.128,0.8521
Librarians and Media Collections Specialists,Librarians and Media Collections Specialists,Education,25-4021,fuzzy title,29770.0,0.2641,1.037,0.9778,1.043,2.628,-0.02519,1,0.7049,,7.484,,,0.07702,,0.9907,1.067,-0.01304,0.744,0.7368,0.2059,0.317,0.52,0.9164,0.7492,0.9624,0.9764,1.043,0.9911,0.9778,1.01,0.9662,1.119
"Library Assistants, Clerical","Library Assistants, Clerical",Office & admin support,43-4121,exact title,30930.0,0.2829,0.2039,0.2762,-0.1322,-0.1567,-0.5388,2,0.6126,3.383,2.85,0.8269,0.7764,0.05291,-0.1055,0.1651,0.1413,-0.0307,0.2039,0.6379,0.1565,0.3646,0.95,-0.02221,-0.2918,0.02472,0.08591,-0.1322,0.2241,0.2762,0.3202,0.3055,0.3422
"Library Science Teachers, Postsecondary","Library Science Teachers, Postsecondary",Education,25-1082,exact title,507.0,0.2159,1.386,1.626,0.6666,2.979,-1.558,1,0.7695,4.345,10.24,,,0.06877,,1.261,1.553,0.2307,1.386,0.617,0.00826,0.03846,,0.9078,0.1501,0.3166,0.8545,0.6666,1.503,1.626,1.656,1.567,1.255
Library Technicians,Library Technicians,Education,25-4031,exact title,2690.0,0.2766,0.03796,0.1795,-0.3987,-0.8027,-0.777,2,0.5928,3.61,4.471,0.7564,0.7632,0.05286,-5.551e-16,0.22,0.1147,-0.03293,0.03796,0.7885,0.08039,0.09496,0.99,-0.2147,-0.5589,-0.2912,-0.1653,-0.3987,0.1337,0.1795,0.2157,0.1612,0.05752
Licensed Practical and Licensed Vocational Nurses,Licensed Practical and Licensed Vocational Nurses,Healthcare practitioners,29-2061,exact title,51960.0,0.4232,-0.5137,-0.298,-1.111,-2.628,-1.166,0,0.5248,3.873,3.794,0.8926,0.684,0.04244,0.03605,-1.418,-0.9681,0.00368,-0.5137,0.4474,0.2139,0.8052,0.058,-0.5916,-0.938,-1.263,-0.95,-1.111,-0.3493,-0.298,-0.2993,-0.3266,-0.435
"Life, Physical, and Social Science Technicians, All Other","Life, Physical, and Social Science Technicians, All Other","Life, physical & social science",19-4099,exact title,4439.0,0.3783,0.4501,0.1762,1.003,1.33,1.291,1,0.6369,3.892,5.176,,,0.05775,,0.8282,0.6255,-0.1535,0.4501,0.7834,0.8259,0.3159,0.61,0.7036,0.9946,1.174,0.9414,1.003,0.3394,0.1762,0.195,0.1785,0.2773
"Lifeguards, Ski Patrol, and Other Recreational Protective Service Workers","Lifeguards, Ski Patrol, and Other Recreational Protective Service Workers",Protective service,33-9092,exact title,22980.0,0.3726,-0.4718,-0.3161,-0.835,-2.369,-0.9404,0,0.5242,3.244,2.686,,,0.03432,,-0.63,-0.6521,-0.246,-0.4718,0.24,0.4653,0.4684,0.67,-0.8173,-1.338,-0.6056,-0.7687,-0.835,-0.4084,-0.3161,-0.2984,-0.2337,-0.05116
Light Truck Drivers,Light Truck Drivers,Transportation,53-3033,fuzzy title,30370.0,0.4657,-1.121,-1.2,-0.6486,-3.574,1.094,0,0.4087,3.645,1.822,,,0.02749,,-0.8843,-1.051,-0.002948,-1.121,0.5,0.2733,1.129,0.69,-1.212,-0.6963,0.06016,-0.5592,-0.6486,-1.241,-1.2,-1.19,-1.15,-1.105
"Loading and Moving Machine Operators, Underground Mining","Loading and Moving Machine Operators, Underground Mining",Construction & extraction,53-7033,fuzzy title,578.0,0.5385,-1.263,-1.39,-0.7546,-3.861,1.336,0,0.3618,,1.613,,,0.03145,,-1.099,-1.307,-0.04206,-1.307,0.1395,0.3264,2.025,0.435,-1.26,-0.3396,-0.05306,-0.7608,-0.7546,-1.444,-1.39,-1.384,-1.33,-1.068
Loan Interviewers and Clerks,Loan Interviewers and Clerks,Office & admin support,43-4131,exact title,52470.0,0.4712,1.364,1.274,1.019,3.632,-0.1619,1,0.7438,3.827,3.854,0.7948,0.7855,0.05883,0.0484,1.314,1.257,-0.03729,1.364,0.875,0.06519,0.03528,0.92,1.288,1.242,1.035,1.37,1.019,1.259,1.274,1.304,1.374,1.555
Loan Officers,Loan Officers,Business & financial,13-2072,exact title,141400.0,0.5598,1.386,1.477,0.3298,3.273,-1.074,1,0.7618,4.149,4.135,,,0.05434,,1.136,1.005,0.05873,1.386,0.9545,0.5575,0.1057,0.98,1.324,1.04,0.315,1.163,0.3298,1.407,1.477,1.483,1.529,1.364
"Locker Room, Coatroom, and Dressing Room Attendants","Locker Room, Coatroom, and Dressing Room Attendants",Personal care,39-3093,exact title,39470.0,0.3325,-0.3454,0.2795,-1.908,-3.042,-3.162,0,0.5407,3.352,1.988,,,0.03661,,-0.3291,-0.3094,0.3583,-0.3454,0.2258,0.2131,2.758,0.43,-0.9914,-1.957,-2.286,-1.381,-1.908,6.964e-05,0.2795,0.3032,0.2011,-0.4316
Locksmiths and Safe Repairers,Locksmiths and Safe Repairers,Installation & repair,49-9094,exact title,642.0,0.5396,-0.8657,-0.9909,-0.2969,-2.787,1.19,0,0.4497,3.848,2.4,0.05385,0.8513,0.03991,-0.04962,-0.112,-0.4679,-0.1056,-0.8657,0.08,0.09366,0.2065,0.77,-0.6907,-0.2216,0.09762,-0.4436,-0.2969,-0.9003,-0.9909,-0.9744,-1.015,-1.121
Locomotive Engineers,Locomotive Engineers,Transportation,53-4011,exact title,947.0,0.5239,-0.4977,-0.9162,0.3539,-0.8844,2.63,2,0.4258,4.379,2.34,,,0.02375,,-0.5739,-0.9998,-0.2826,-0.4977,0.3929,1.329,2.413,0.96,-0.4434,1.123,1.538,0.507,0.3539,-0.971,-0.9162,-0.9037,-0.6839,-0.04717
Lodging Managers,Lodging Managers,Management,11-9081,exact title,25300.0,0.4052,0.4022,0.464,0.2053,0.4779,-0.5245,2,0.6376,4.085,4.89,0.5414,0.7587,0.06114,-0.01019,-1.043,-0.3939,-0.03118,0.4022,0.5,0.3618,0.3682,0.0039,0.3335,0.09084,-0.05781,0.1804,0.2053,0.4186,0.464,0.4434,0.4841,0.4716
Logisticians,Logisticians,Business & financial,13-1081,exact title,25900.0,0.4836,1.297,1.081,1.569,3.613,0.4791,1,0.7692,4.344,5.767,0.3504,0.7043,0.07751,0.0332,1.523,1.593,-0.1694,1.297,0.8426,0.6637,0.1835,0.012,1.536,1.219,1.326,1.435,1.569,1.245,1.081,1.076,1.079,1.199
Logistics Engineers,Logistics Engineers,Business & financial,17-2199,fuzzy title,16400.0,0.4778,0.7876,0.5808,1.213,2.186,0.765,1,0.7032,4.612,6.753,,,0.07159,,1.097,1.062,-0.1047,0.7876,0.6861,0.6906,0.3361,0.014,1.092,1.003,1.032,1.062,1.213,0.7697,0.5808,0.5803,0.5507,0.5851
Loss Prevention Managers,Loss Prevention Managers,Management,11-9199,fuzzy title,3611.0,0.5018,0.9647,0.91,0.9635,2.4,-0.04875,1,0.7153,4.826,6.13,,,0.06819,,0.5274,0.7676,-0.07831,0.9647,0.632,0.4303,0.1005,0.25,0.9705,0.646,0.8331,0.955,0.9635,0.9659,0.91,0.9077,0.9032,0.9366
Machine Feeders and Offbearers,Machine Feeders and Offbearers,Transportation,53-7063,exact title,6898.0,0.5151,-1.037,-1.013,-1.217,-3.651,0.1154,0,0.4149,3.611,1.902,0.4887,0.7143,0.0363,0.08028,-0.7122,-1.006,0.05762,-1.037,0.1818,0.3029,2.05,0.93,-0.9805,-0.4711,-0.9047,-0.9916,-1.217,-1.071,-1.013,-1.018,-0.9541,-0.8065
Machinists,Machinists,Production,51-4041,exact title,9631.0,0.5881,-0.8676,-0.9782,-0.5376,-2.84,0.8495,0,0.4493,3.866,2.939,0.04376,0.8387,0.04381,0.03722,-0.7182,-0.8192,-0.006962,-0.8676,0.2653,0.6838,0.7677,0.65,-0.6157,-0.05587,-0.3231,-0.6264,-0.5376,-0.9369,-0.9782,-0.9902,-0.9488,-0.8078
Magnetic Resonance Imaging Technologists,Magnetic Resonance Imaging Technologists,Healthcare practitioners,29-2035,exact title,11540.0,0.4922,-0.07276,-0.1366,-0.03478,-0.6152,0.3155,2,0.5536,4.348,4.259,0.5857,0.7797,0.04737,-0.01914,-0.3112,-0.2999,0.009356,-0.07276,0.3111,0.6629,0.3928,,0.02433,0.3922,-0.002269,-0.03168,-0.03478,-0.1418,-0.1366,-0.1253,-0.106,0.02309
Maids and Housekeeping Cleaners,Maids and Housekeeping Cleaners,Building & grounds,37-2012,exact title,10770.0,0.3105,-1.481,-1.031,-2.102,-6.073,-2.035,0,0.43,3.36,1.69,0.8847,0.5645,0.03865,0.07245,-1.113,-0.9847,0.08272,-1.481,0.05882,0.08559,2.302,0.69,-1.764,-2.773,-2.469,-2.152,-2.102,-1.065,-1.031,-1.003,-1.185,-1.666
"Mail Clerks and Mail Machine Operators, Except Postal Service","Mail Clerks and Mail Machine Operators, Except Postal Service",Office & admin support,43-9051,exact title,3654.0,0.34,-0.8185,-0.7109,-1.031,-3.236,-0.3095,0,0.4715,3.483,1.731,0.5164,0.655,0.04403,-0.07182,-0.3425,-0.5837,0.06251,-0.8185,0.1892,0.7197,0.9146,0.94,-0.8312,-0.8325,-0.8879,-0.921,-1.031,-0.709,-0.7109,-0.6994,-0.7589,-0.851
"Maintenance Workers, Machinery","Maintenance Workers, Machinery",Installation & repair,49-9043,exact title,15160.0,0.5859,-0.9735,-1.015,-0.7243,-3.312,0.5485,0,0.4424,3.89,2.99,0.04717,0.8283,0.03738,0.01994,-0.4908,-0.7663,-0.000222,-0.9735,0.1143,0.492,1.01,0.86,-0.9023,-0.5586,-0.4334,-0.7637,-0.7243,-0.9968,-1.015,-1.014,-1.004,-0.8836
"Maintenance and Repair Workers, General","Maintenance and Repair Workers, General",Installation & repair,49-9071,exact title,18480.0,0.5425,-1.014,-1.07,-0.6091,-3.423,0.6797,0,0.4351,3.765,2.568,0.04373,0.7773,0.03526,-0.01131,-0.4455,-0.6995,-0.1129,-1.014,0.1569,0.4667,0.8634,0.64,-0.9859,-0.7664,-0.2542,-0.7348,-0.6091,-1.018,-1.07,-1.035,-1.076,-1.04
"Makeup Artists, Theatrical and Performance","Makeup Artists, Theatrical and Performance",Personal care,39-5091,exact title,7216.0,0.301,-0.4596,-0.4974,0.3094,-1.814,0.6613,2,0.5352,4.903,3.174,,,0.06937,,-0.03971,-0.04884,-0.01989,-0.4596,0.439,0.562,0.3669,0.01,-0.2753,-0.3371,-0.06882,-0.3408,0.3094,-0.3642,-0.4974,-0.487,-0.6553,-0.9988
Management Analysts,Management Analysts,Business & financial,13-1111,exact title,72780.0,0.3972,1.432,1.548,0.9663,3.325,-1.182,1,0.8122,4.533,7.154,0.4303,0.7879,0.07698,-0.04111,1.227,1.545,0.1654,1.432,0.8095,0.5312,0.1702,0.13,1.381,0.5303,0.3361,0.9626,0.9663,1.573,1.548,1.531,1.481,1.261
"Managers, All Other","Managers, All Other",Management,11-9199,exact title,265500.0,0.4771,0.9647,0.91,0.9635,2.4,-0.04875,1,0.7153,4.826,6.13,,,0.06819,,0.5274,0.7676,-0.07831,0.9647,0.632,0.4303,0.1005,0.25,0.9705,0.646,0.8331,0.955,0.9635,0.9659,0.91,0.9077,0.9032,0.9366
Manicurists and Pedicurists,Manicurists and Pedicurists,Personal care,39-5092,exact title,9879.0,0.3673,0.03351,-0.07922,0.271,-0.03597,0.9133,2,0.5244,3.375,1.795,0.8359,0.2109,0.06281,0.1603,0.6531,0.04087,0.1782,0.03351,0.1111,0.09037,0.2841,0.95,0.1997,1.182,0.2877,0.1633,0.271,-0.1778,-0.07922,-0.1188,-0.05165,0.0654
Manufactured Building and Mobile Home Installers,Manufactured Building and Mobile Home Installers,Installation & repair,49-9095,exact title,6442.0,0.5675,-1.414,-1.44,-0.9141,-4.637,0.7357,0,0.3908,3.593,1.42,,,0.0351,,-1.709,-1.368,-0.07796,-1.414,0.1538,0.1205,0.551,0.18,-1.313,-1.008,-0.6485,-1.155,-0.9141,-1.403,-1.44,-1.439,-1.461,-1.509
Manufacturing Engineers,Manufacturing Engineers,Architecture & engineering,17-2199,fuzzy title,58540.0,0.5323,0.7876,0.5808,1.213,2.186,0.765,1,0.7032,4.612,6.753,,,0.07159,,1.097,1.062,-0.1047,0.7876,0.6861,0.6906,0.3361,0.014,1.092,1.003,1.032,1.062,1.213,0.7697,0.5808,0.5803,0.5507,0.5851
Marine Engineers and Naval Architects,Marine Engineers and Naval Architects,Architecture & engineering,17-2121,exact title,2405.0,0.5012,0.5472,0.3434,1.186,1.542,0.9869,1,0.6772,4.537,6.359,0.09399,0.8142,0.06744,0.01882,0.8033,0.925,-0.1199,0.5472,0.5439,0.9304,0.2224,0.01,0.8043,0.607,1.169,0.983,1.186,0.5479,0.3434,0.3604,0.304,0.2665
Market Research Analysts and Marketing Specialists,Market Research Analysts and Marketing Specialists,Business & financial,13-1161,exact title,81370.0,0.3261,1.427,1.356,1.396,3.73,-0.2166,1,0.7981,4.158,6.826,0.6149,0.7893,0.07995,-0.06869,1.925,1.939,-0.06536,1.427,0.9615,1.111,0.3114,0.61,1.52,0.888,1.031,1.389,1.396,1.493,1.356,1.346,1.3,1.273
Marketing Managers,Marketing Managers,Management,11-2021,exact title,578100.0,0.3799,1.315,1.204,1.61,3.531,0.1503,1,0.7733,4.905,6.681,0.6219,0.8183,0.08271,-0.03963,0.6451,1.133,-0.08572,1.315,0.9375,0.5602,0.08647,0.014,1.435,0.9486,1.149,1.341,1.61,1.33,1.204,1.19,1.151,1.1
Marriage and Family Therapists,Marriage and Family Therapists,Community & social service,21-1013,exact title,50320.0,0.2625,1.367,1.473,0.8573,3.231,-1.185,1,0.7591,3.91,8.423,0.7826,0.778,0.07537,-0.03571,-0.3487,0.2409,-0.007643,1.367,0.3704,0.332,0.06864,0.014,1.179,0.7299,0.3371,0.6861,0.8573,1.336,1.473,1.435,1.52,1.747
Massage Therapists,Massage Therapists,Healthcare support,31-9011,exact title,7947.0,0.3568,-1.41,-0.6819,-2.684,-6.564,-3.694,0,0.4928,3.848,3.067,0.8266,0.7592,0.05119,0.01979,-0.8944,-0.6802,0.3773,-1.41,0.2963,0.1371,0.02514,0.54,-1.731,-3.328,-3.78,-2.813,-2.684,-0.7659,-0.6819,-0.7086,-0.9053,-1.672
Materials Engineers,Materials Engineers,Architecture & engineering,17-2131,exact title,8736.0,0.4365,1.037,0.7805,1.578,3.051,1.064,1,0.7356,4.588,7.307,0.13,0.7824,0.07984,-0.02102,1.5,1.446,-0.09032,1.037,0.4878,1.03,0.1469,0.021,1.375,1.29,1.486,1.442,1.578,0.9917,0.7805,0.7798,0.7337,0.7151
Materials Scientists,Materials Scientists,"Life, physical & social science",19-2032,exact title,5537.0,0.3694,1.033,0.7858,1.593,3.029,1.006,1,0.7298,4.606,8.478,,,0.07708,,1.583,1.484,-0.08501,1.033,0.5862,0.4951,0.133,0.021,1.314,1.339,1.413,1.342,1.593,0.9628,0.7858,0.7903,0.7509,0.8028
"Mathematical Science Teachers, Postsecondary","Mathematical Science Teachers, Postsecondary",Education,25-1022,exact title,6960.0,0.3546,1.339,1.407,0.6193,3.06,-1.147,1,0.8052,4.351,9.325,,,0.06811,,1.212,1.523,0.05825,1.339,0.6757,0.0,0.02214,,1.428,0.5029,0.2259,1.164,0.6193,1.501,1.407,1.422,1.417,1.055
Mechanical Door Repairers,Mechanical Door Repairers,Installation & repair,49-9011,exact title,1492.0,0.5793,-1.383,-1.282,-1.187,-4.879,0.007874,0,0.4063,3.808,1.948,,,0.03511,,-1.276,-1.118,-0.04618,-1.383,0.09091,0.4687,0.7795,0.91,-1.435,-1.565,-0.9907,-1.31,-1.187,-1.256,-1.282,-1.27,-1.34,-1.523
Mechanical Drafters,Mechanical Drafters,Architecture & engineering,17-3013,exact title,8625.0,0.49,0.841,0.3818,1.986,2.941,2.184,1,0.6886,4.098,5.069,,,0.07164,,1.897,1.616,-0.2499,0.841,0.8621,0.1401,0.08032,0.68,1.336,1.666,2.037,1.65,1.986,0.6774,0.3818,0.3985,0.3804,0.5371
Mechanical Engineering Technologists and Technicians,Mechanical Engineering Technologists and Technicians,Architecture & engineering,17-3027,fuzzy title,5087.0,0.4797,-0.1192,-0.2737,0.2559,-0.5428,0.9003,2,0.5571,4.102,5.03,,,0.05411,,-0.03657,-0.1989,-0.07437,-0.1192,0.4626,0.6404,0.4598,0.38,0.06259,0.3742,0.468,0.202,0.2559,-0.1802,-0.2737,-0.2777,-0.2748,-0.1515
Mechanical Engineers,Mechanical Engineers,Architecture & engineering,17-2141,exact title,103500.0,0.5149,1.005,0.678,1.628,3.123,1.314,1,0.7187,4.557,6.711,0.09049,0.8075,0.07113,0.02617,1.389,1.288,-0.1487,1.005,0.6948,0.49,0.154,0.011,1.372,1.544,1.568,1.476,1.628,0.874,0.678,0.6736,0.7005,0.9138
Mechatronics Engineers,Mechatronics Engineers,Architecture & engineering,17-2199,fuzzy title,26400.0,0.4972,0.7876,0.5808,1.213,2.186,0.765,1,0.7032,4.612,6.753,,,0.07159,,1.097,1.062,-0.1047,0.7876,0.6861,0.6906,0.3361,0.014,1.092,1.003,1.032,1.062,1.213,0.7697,0.5808,0.5803,0.5507,0.5851
Medical Appliance Technicians,Medical Appliance Technicians,Production,51-9082,exact title,1434.0,0.3742,-0.495,-0.5483,-0.3204,-1.864,0.4635,2,0.4979,3.813,4.316,,,0.04483,,-0.5602,-0.606,0.0133,-0.495,0.1379,0.5551,0.5621,0.45,-0.2503,0.1355,-0.3531,-0.4216,-0.3204,-0.5533,-0.5483,-0.5728,-0.5273,-0.5191
Medical Assistants,Medical Assistants,Healthcare support,31-9092,exact title,71680.0,0.315,0.1498,0.2356,-0.2574,-0.3605,-0.6644,2,0.6063,3.616,3.322,0.9084,0.6769,0.0525,-0.01456,-0.2015,-0.1188,-0.003592,0.1498,0.2308,0.1485,0.1494,0.3,0.09873,-0.08841,-0.4034,-0.05079,-0.2574,0.2123,0.2356,0.2458,0.2463,0.2051
Medical Equipment Preparers,Medical Equipment Preparers,Healthcare support,31-9093,exact title,11080.0,0.3986,-0.7309,-0.7763,-0.5938,-2.573,0.5188,0,0.4665,3.643,3.225,,,0.0384,,-0.2796,-0.6551,0.009685,-0.7309,0.07407,0.4788,1.782,0.78,-0.6912,-0.2502,-0.2893,-0.5044,-0.5938,-0.786,-0.7763,-0.7641,-0.7548,-0.6397
Medical Equipment Repairers,Medical Equipment Repairers,Installation & repair,49-9062,exact title,29720.0,0.4978,-0.2769,-0.5368,0.4793,-0.7912,1.53,2,0.5364,3.91,3.229,,,0.04772,,0.1318,-0.1002,-0.18,-0.2769,0.3333,0.2898,0.2143,0.27,0.06125,0.5024,0.7132,0.2458,0.4793,-0.3422,-0.5368,-0.5202,-0.5582,-0.4791
"Medical Scientists, Except Epidemiologists","Medical Scientists, Except Epidemiologists","Life, physical & social science",19-1042,exact title,21000.0,0.244,1.28,1.167,1.327,3.457,0.2341,1,0.7588,4.557,10.59,,,0.0736,,1.431,1.345,-0.0124,1.28,0.7727,0.5354,0.1817,0.0045,1.398,1.179,1.169,1.382,1.327,1.277,1.167,1.16,1.11,1.089
Medical Secretaries and Administrative Assistants,Medical Secretaries and Administrative Assistants,Office & admin support,31-9092,fuzzy title,51340.0,0.3779,0.1498,0.2356,-0.2574,-0.3605,-0.6644,2,0.6063,3.616,3.322,0.9084,0.6769,0.0525,0.04828,-0.2015,-0.1188,-0.003592,1.218,0.8519,0.07937,0.2086,0.81,0.09873,-0.08841,-0.4034,-0.05079,-0.2574,0.2123,0.2356,0.2458,0.2463,0.2051
Medical Transcriptionists,Medical Transcriptionists,Healthcare support,31-9094,exact title,13480.0,0.3108,1.063,1.196,0.06288,2.314,-1.032,1,0.6815,3.405,3.299,0.8225,0.7731,0.04888,-0.1057,2.321,1.42,0.4195,1.063,0.3214,0.2599,0.2477,0.89,0.6128,1.038,0.1109,0.6833,0.06288,0.9897,1.196,1.255,1.281,1.335
Medical and Clinical Laboratory Technicians,Medical and Clinical Laboratory Technicians,Healthcare practitioners,29-2012,exact title,15080.0,0.3371,-0.1273,-0.2828,0.1305,-0.5999,0.7518,2,0.5535,,5.743,,,0.05309,,-0.09229,-0.2036,-0.1157,-0.1273,0.09524,0.9861,0.2214,0.47,0.1293,0.4983,0.2154,0.1215,0.1305,-0.201,-0.2828,-0.2687,-0.2514,-0.112
Medical and Clinical Laboratory Technologists,Medical and Clinical Laboratory Technologists,Healthcare practitioners,29-2011,exact title,15000.0,0.3833,0.2818,-0.04235,0.9026,1.026,1.764,2,0.5928,,6.0,,,0.05103,,0.7746,0.3134,-0.1774,0.2818,0.2837,0.9743,0.3606,0.9,0.6188,1.289,1.325,0.9128,0.9026,0.146,-0.04235,-0.007426,-0.05323,0.0668
Medical and Health Services Managers,Medical and Health Services Managers,Management,11-9111,exact title,166000.0,0.4431,1.26,1.315,0.8518,3.014,-0.7558,1,0.7531,4.618,6.077,0.7272,0.7797,0.07098,0.05684,0.1687,0.6003,0.04411,1.26,0.6286,0.6106,0.2155,0.0073,1.155,0.7336,0.4858,1.018,0.8518,1.282,1.315,1.302,1.315,1.255
"Meeting, Convention, and Event Planners","Meeting, Convention, and Event Planners",Business & financial,13-1121,fuzzy title,126000.0,0.3542,0.374,0.5131,0.1993,0.1733,-0.8849,2,0.665,3.901,4.668,0.7832,0.7951,0.06686,-0.009227,-0.4063,0.1391,0.1043,0.374,0.6486,0.6225,0.3218,0.037,0.3052,-0.35,-0.3428,0.07364,0.1993,0.5379,0.5131,0.5001,0.4338,0.1572
Mental Health Counselors,Mental Health Counselors,Community & social service,21-1014,exact title,17090.0,0.3359,1.342,1.537,0.6489,2.938,-1.602,1,0.7653,,7.303,0.7765,0.7462,0.08116,,-0.1841,0.3812,0.07837,1.342,0.4118,0.2078,0.1065,0.0048,1.166,0.4576,0.01627,0.5172,0.6489,1.419,1.537,1.474,1.53,1.558
Mental Health and Substance Abuse Social Workers,Mental Health and Substance Abuse Social Workers,Community & social service,21-1023,exact title,71980.0,0.2861,1.119,1.253,0.5554,2.402,-1.361,1,0.7351,3.894,7.367,0.7948,0.7785,0.07728,-0.02403,-0.3497,0.2028,-0.02852,1.119,0.5417,0.1891,0.1221,0.0031,0.9441,0.3326,0.02974,0.4434,0.5554,1.136,1.253,1.211,1.295,1.532
Merchandise Displayers and Window Trimmers,Merchandise Displayers and Window Trimmers,Arts & media,27-1026,exact title,25320.0,0.3808,-1.001,-0.7348,-0.8655,-4.182,-0.9837,0,0.4995,3.468,3.623,0.6224,0.7487,0.05914,0.1217,-0.665,-0.3237,0.1912,-1.001,0.439,0.458,0.312,0.48,-1.054,-1.957,-1.455,-1.393,-0.8655,-0.7025,-0.7348,-0.7313,-0.9144,-1.442
Metal-Refining Furnace Operators and Tenders,Metal-Refining Furnace Operators and Tenders,Production,51-4051,exact title,672.0,0.5482,-1.167,-1.304,-0.7557,-3.632,1.152,0,0.3891,3.844,1.641,,,0.0309,,-0.8225,-1.163,-0.2225,-1.167,0.08333,0.2581,0.3723,0.88,-1.101,-0.3696,-0.142,-0.6771,-0.7557,-1.286,-1.304,-1.301,-1.234,-0.9709
"Meter Readers, Utilities","Meter Readers, Utilities",Office & admin support,43-5041,exact title,1921.0,0.5086,-0.9724,-1.027,-0.6234,-3.253,0.8001,0,0.4309,3.823,2.709,0.1655,0.786,0.03851,-0.01856,-0.8217,-0.8964,-0.1577,-0.9724,0.625,0.112,0.7705,0.85,-1.039,-0.6913,-0.07027,-0.5423,-0.6234,-1.006,-1.027,-1.001,-1.023,-1.012
Microbiologists,Microbiologists,"Life, physical & social science",19-1022,exact title,5092.0,0.3455,0.6956,0.4742,1.22,1.957,0.9862,1,0.6907,4.373,7.262,,,0.07856,,1.07,0.9654,-0.06049,0.6956,0.5417,0.6978,0.6793,0.012,1.046,1.05,1.101,0.9857,1.22,0.7145,0.4742,0.4669,0.3794,0.3837
Microsystems Engineers,Microsystems Engineers,Architecture & engineering,17-2199,fuzzy title,124900.0,0.409,0.7876,0.5808,1.213,2.186,0.765,1,0.7032,4.612,6.753,,,0.07159,,1.097,1.062,-0.1047,0.7876,0.6861,0.6906,0.3361,0.014,1.092,1.003,1.032,1.062,1.213,0.7697,0.5808,0.5803,0.5507,0.5851
Midwives,Midwives,Healthcare practitioners,29-1161,fuzzy title,3838.0,0.3022,0.1966,0.3052,-0.124,-0.2692,-0.6761,2,0.6217,4.726,7.973,,,0.0521,,-0.4189,-0.2218,0.03145,0.1966,0.4878,0.4324,0.2306,,0.1691,-0.1879,-0.3359,-0.05096,-0.124,0.3234,0.3052,0.2993,0.2497,0.0788
Millwrights,Millwrights,Installation & repair,49-9044,exact title,2730.0,0.6083,-1.266,-1.284,-0.9461,-4.242,0.5048,0,0.4103,4.1,2.522,0.01852,0.9022,0.03667,0.004019,-1.369,-1.199,-0.05821,-1.266,0.08696,0.3169,1.149,0.59,-1.159,-0.89,-0.7344,-1.068,-0.9461,-1.255,-1.284,-1.284,-1.287,-1.24
"Mining and Geological Engineers, Including Mining Safety Engineers","Mining and Geological Engineers, Including Mining Safety Engineers",Architecture & engineering,17-2151,exact title,3978.0,0.5133,1.347,1.031,1.985,4.064,1.115,1,0.7724,4.576,6.207,,,0.07747,,1.944,1.916,-0.244,1.347,0.5926,0.6249,0.4599,0.14,1.59,1.364,1.952,1.778,1.985,1.25,1.031,1.045,1.052,1.236
"Mixing and Blending Machine Setters, Operators, and Tenders","Mixing and Blending Machine Setters, Operators, and Tenders",Production,51-9023,exact title,559.0,0.4274,-0.8197,-0.9409,-0.5568,-2.615,1.008,0,0.4274,3.649,2.224,,,0.03564,,-0.674,-0.9423,-0.07704,-0.8197,0.1111,0.08316,0.4113,0.83,-0.7252,0.04348,-0.03044,-0.4469,-0.5568,-0.9692,-0.9409,-0.94,-0.8829,-0.6288
"Mobile Heavy Equipment Mechanics, Except Engines","Mobile Heavy Equipment Mechanics, Except Engines",Installation & repair,49-3042,exact title,1528.0,0.6117,-1.17,-1.259,-0.7083,-3.782,0.9021,0,0.4134,4.061,2.835,,,0.03552,,-1.035,-1.062,-0.118,-1.17,0.2,0.5965,0.7184,0.4,-1.002,-0.553,-0.3807,-0.8855,-0.7083,-1.197,-1.259,-1.256,-1.264,-1.154
"Model Makers, Metal and Plastic","Model Makers, Metal and Plastic",Production,51-4061,exact title,1108.0,0.5843,-0.7422,-0.8677,-0.4423,-2.452,0.8011,0,0.4572,4.019,3.023,,,0.04169,,-0.2926,-0.6148,0.03906,-0.7422,0.1935,0.5909,0.67,0.93,-0.4815,0.04125,-0.2184,-0.5755,-0.4423,-0.8439,-0.8677,-0.8752,-0.7995,-0.5832
"Model Makers, Wood","Model Makers, Wood",Production,51-7031,exact title,1436.0,0.4379,-0.7279,-0.8021,-0.4843,-2.541,0.5827,0,0.4812,4.107,2.248,,,0.04514,,-0.3209,-0.5496,0.1105,-0.7279,0.3077,0.905,0.2753,0.96,-0.5072,-0.1008,-0.3905,-0.6011,-0.4843,-0.7459,-0.8021,-0.804,-0.7914,-0.7331
Models,Models,Sales,41-9012,exact title,4076.0,0.3132,-1.122,-0.5034,-1.801,-5.423,-2.983,0,0.5062,,1.337,,,0.07387,,-0.4238,0.02549,0.2978,-1.122,0.7333,0.0575,0.1821,0.98,-1.649,-3.383,-2.646,-2.207,-1.801,-0.5878,-0.5034,-0.4683,-0.7266,-1.423
"Molders, Shapers, and Casters, Except Metal and Plastic","Molders, Shapers, and Casters, Except Metal and Plastic",Production,51-9195,exact title,501.0,0.4383,-1.183,-1.241,-0.6597,-3.9,0.8486,0,0.415,3.624,2.543,0.2007,0.7806,0.04608,-0.04609,-0.6431,-0.8036,0.07769,-1.183,0.09313,0.238,0.6009,0.9,-0.9716,-0.5915,-0.5351,-0.9281,-0.6597,-1.151,-1.241,-1.245,-1.312,-1.404
"Molding, Coremaking, and Casting Machine Setters, Operators, and Tenders, Metal and Plastic","Molding, Coremaking, and Casting Machine Setters, Operators, and Tenders, Metal and Plastic",Production,51-4072,exact title,1804.0,0.5766,-1.146,-1.108,-1.173,-4.021,0.0585,0,0.4098,3.594,1.84,,,0.0378,,-0.7304,-0.9494,-0.04081,-1.146,0.06977,0.3671,0.5417,0.95,-1.137,-0.8673,-0.9078,-1.135,-1.173,-1.143,-1.108,-1.104,-1.082,-0.8971
Molecular and Cellular Biologists,Molecular and Cellular Biologists,"Life, physical & social science",19-1020,fuzzy title,53680.0,0.2352,0.7521,0.6617,1.013,1.823,0.2762,1,0.7013,,7.262,0.4835,0.7974,0.07685,,,,,,,,,,0.8704,0.5048,0.8211,0.8848,1.013,0.8109,0.6617,0.6646,0.5766,0.4823
Motion Picture Projectionists,Motion Picture Projectionists,Personal care,39-3021,exact title,11760.0,0.2896,-0.3787,-0.6494,0.3664,-0.8306,2.054,2,0.4422,3.379,1.636,,,0.04148,,0.0736,-0.5209,-0.07258,-0.3787,0.1515,0.4953,1.681,0.97,-0.4274,0.9626,1.137,0.3355,0.3664,-0.741,-0.6494,-0.6408,-0.5485,-0.1857
Motorboat Mechanics and Service Technicians,Motorboat Mechanics and Service Technicians,Installation & repair,49-3051,fuzzy title,2607.0,0.6109,-0.8864,-0.9378,-0.7135,-2.992,0.5897,0,0.4331,3.844,2.838,,,0.03451,,-0.2211,-0.78,-0.07831,-0.8864,0.07692,0.6255,0.8589,0.66,-0.8186,-0.2837,-0.3602,-0.7201,-0.7135,-0.9794,-0.9378,-0.9619,-0.8791,-0.6577
Motorboat Operators,Motorboat Operators,Transportation,53-5022,exact title,8041.0,0.5669,-0.8871,-1.177,0.0357,-2.328,2.194,2,0.4082,3.655,2.787,,,0.02998,,-1.095,-1.19,-0.2003,-0.8871,0.2581,0.1197,1.581,0.62,-0.8678,0.2692,0.9535,-0.03457,0.03571,-1.221,-1.177,-1.189,-1.042,-0.6564
Motorcycle Mechanics,Motorcycle Mechanics,Installation & repair,49-3052,exact title,1649.0,0.5057,-0.7637,-0.6656,-1.035,-2.95,-0.4061,0,0.4571,3.642,2.978,,,0.04493,,-0.5566,-0.8416,0.2244,-0.7637,0.0,0.1049,0.2563,0.79,-0.6644,-0.1545,-1.28,-1.148,-1.035,-0.8509,-0.6656,-0.7438,-0.5963,-0.2867
"Multiple Machine Tool Setters, Operators, and Tenders, Metal and Plastic","Multiple Machine Tool Setters, Operators, and Tenders, Metal and Plastic",Production,51-4081,exact title,1199.0,0.482,-0.7427,-0.8449,-0.5758,-2.454,0.7331,0,0.444,3.628,2.192,,,0.0388,,-0.5453,-0.8585,0.05084,-0.7427,0.1795,0.7613,1.635,0.91,-0.6071,0.1532,-0.2743,-0.5702,-0.5758,-0.8994,-0.8449,-0.8602,-0.7457,-0.4337
Museum Technicians and Conservators,Museum Technicians and Conservators,Education,25-4013,exact title,13430.0,0.2201,-0.09121,-0.1107,0.2282,-0.7645,0.3067,2,0.5661,3.863,6.266,,,0.05943,,0.1191,0.08112,0.1188,-0.09121,0.3684,0.321,0.1474,0.59,-0.0005785,-0.007811,0.05198,-0.05324,0.2282,-0.0556,-0.1107,-0.1075,-0.1936,-0.3356
Music Directors and Composers,Music Directors and Composers,Arts & media,27-2041,exact title,13600.0,0.2886,0.883,1.032,0.01801,1.832,-1.598,1,0.6401,3.894,6.436,0.3723,0.8165,0.0809,-0.06618,0.7534,0.5746,0.06727,0.883,0.386,0.2545,0.05665,0.015,0.5252,0.9134,-0.6122,-0.0937,0.01802,0.5845,1.032,0.9224,1.302,2.331
Musicians and Singers,Musicians and Singers,Arts & media,27-2042,exact title,22640.0,0.3878,-0.004006,0.2905,-1.082,-1.248,-2.144,2,0.5504,,5.44,0.3783,0.7821,0.06589,,-0.008722,-0.02003,0.1356,-0.004006,0.1633,0.2692,0.1112,0.074,-0.3694,-0.2812,-1.694,-1.157,-1.082,-0.1147,0.2905,0.2257,0.484,1.133
Nanosystems Engineers,Nanosystems Engineers,Architecture & engineering,17-2199,fuzzy title,22580.0,0.3805,0.7876,0.5808,1.213,2.186,0.765,1,0.7032,4.612,6.753,,,0.07159,,1.097,1.062,-0.1047,0.7876,0.6861,0.6906,0.3361,0.014,1.092,1.003,1.032,1.062,1.213,0.7697,0.5808,0.5803,0.5507,0.5851
Nanotechnology Engineering Technologists and Technicians,Nanotechnology Engineering Technologists and Technicians,Architecture & engineering,17-3029,fuzzy title,5850.0,0.3203,0.1941,-0.07929,0.6988,0.5419,1.296,2,0.592,4.126,5.319,,,0.05298,,0.4885,0.2649,-0.1324,0.1941,0.4713,0.5856,0.6665,0.24,0.4772,0.9078,0.9048,0.6382,0.6988,0.06383,-0.07929,-0.06722,-0.05665,0.08899
Natural Sciences Managers,Natural Sciences Managers,Management,11-9121,exact title,22950.0,0.2914,1.328,1.241,1.313,3.514,-0.02103,1,0.7633,4.927,7.02,0.5659,0.7962,0.0733,-0.1269,1.068,1.244,-0.03142,1.328,0.7286,0.4322,0.08017,0.018,1.36,1.023,1.088,1.335,1.313,1.31,1.241,1.242,1.233,1.237
Network and Computer Systems Administrators,Network and Computer Systems Administrators,Computer & mathematical,15-1142,exact title,73860.0,0.4734,0.7895,0.475,1.476,2.469,1.426,1,0.6812,,5.581,,,0.06681,,1.193,1.022,-0.2023,0.7895,0.8649,0.497,0.4108,0.03,1.151,1.428,1.498,1.201,1.476,0.6881,0.475,0.4833,0.4471,0.6261
New Accounts Clerks,New Accounts Clerks,Office & admin support,43-4141,exact title,101800.0,0.4163,1.175,1.201,0.3844,2.862,-0.6366,1,0.7101,3.633,2.587,0.7546,0.7435,0.05609,-0.01979,1.025,0.8075,0.06269,1.175,0.68,0.138,0.08897,0.99,1.054,1.226,0.4193,0.9926,0.3844,1.051,1.201,1.216,1.324,1.408
Nuclear Engineers,Nuclear Engineers,Architecture & engineering,17-2161,exact title,5366.0,0.4955,1.303,1.073,1.557,3.746,0.6463,1,0.7718,4.791,6.074,,,0.07358,,1.536,1.484,-0.1577,1.303,0.7,0.7103,0.1148,0.07,1.496,1.335,1.487,1.615,1.557,1.237,1.073,1.083,1.089,1.237
Nuclear Medicine Technologists,Nuclear Medicine Technologists,Healthcare practitioners,29-2033,exact title,3008.0,0.4889,0.08553,-0.0226,0.2562,-0.09039,0.5407,2,0.5914,4.366,5.431,,,0.05124,,-0.1525,-0.1027,-0.03376,0.08553,0.3548,0.3174,0.1888,0.13,0.2779,0.4049,0.308,0.3515,0.2562,0.08672,-0.0226,-0.002824,-0.04038,-0.1204
Nuclear Monitoring Technicians,Nuclear Monitoring Technicians,"Life, physical & social science",19-4051,fuzzy title,1918.0,0.5246,0.1697,-0.09053,0.5136,0.5717,1.245,2,0.5733,4.599,3.803,,,0.04398,,0.4386,0.0138,-0.256,0.1697,0.4567,1.277,0.4189,0.85,0.3366,0.8837,1.054,0.6294,0.5136,-0.006415,-0.09053,-0.06899,0.003679,0.4256
Nuclear Power Reactor Operators,Nuclear Power Reactor Operators,Production,51-8011,exact title,1910.0,0.6367,0.7705,0.4088,1.211,2.579,1.608,1,0.6357,4.647,3.273,,,0.05003,,0.7321,0.3726,-0.2058,0.7705,0.2424,0.8331,0.5869,0.95,1.022,1.866,1.632,1.254,1.211,0.4798,0.4088,0.4213,0.539,1.023
Nurse Anesthetists,Nurse Anesthetists,Healthcare practitioners,29-1151,exact title,3512.0,0.4843,0.2413,0.1344,0.2386,0.3657,0.3189,2,0.6034,5.276,8.259,0.5753,0.8799,0.05201,-0.001447,-0.3866,-0.2842,-0.08816,0.2413,0.25,0.3777,0.3104,,0.4296,0.6483,0.2649,0.2762,0.2386,0.1947,0.1344,0.1325,0.1682,0.3537
Nurse Midwives,Nurse Midwives,Healthcare practitioners,29-1161,exact title,13050.0,0.4198,0.1966,0.3052,-0.124,-0.2692,-0.6761,2,0.6217,4.726,7.973,,,0.0521,,-0.4189,-0.2218,0.03145,0.1966,0.4878,0.4324,0.2306,,0.1691,-0.1879,-0.3359,-0.05096,-0.124,0.3234,0.3052,0.2993,0.2497,0.0788
Nurse Practitioners,Nurse Practitioners,Healthcare practitioners,29-1171,exact title,51660.0,0.452,0.1901,0.3017,-0.2782,-0.2843,-0.7858,2,0.6085,4.793,8.266,,,0.05266,,-0.8629,-0.5216,-0.01257,0.1901,0.5556,0.17,0.05939,,0.1595,-0.06339,-0.4542,-0.1372,-0.2782,0.2636,0.3017,0.2858,0.296,0.2794
Nursing Assistants,Nursing Assistants,Healthcare support,31-1014,exact title,61810.0,0.2914,-0.904,-0.5148,-1.751,-4.179,-1.948,0,0.4823,,2.346,,,0.04358,,-1.114,-0.9198,0.0844,-0.904,0.2373,0.339,0.3475,,-1.159,-1.869,-2.025,-1.554,-1.751,-0.6405,-0.5148,-0.5308,-0.5575,-0.8323
"Nursing Instructors and Teachers, Postsecondary","Nursing Instructors and Teachers, Postsecondary",Education,25-1072,exact title,14890.0,0.4694,0.5171,0.7438,-0.1246,0.4012,-1.408,2,0.6655,4.35,9.272,,,0.06048,,-0.2453,0.1352,0.0779,0.5171,0.6078,0.03654,0.04698,,0.3134,-0.3136,-0.5259,0.01341,-0.1246,0.6768,0.7438,0.7484,0.693,0.4094
Obstetricians and Gynecologists,Obstetricians and Gynecologists,Healthcare practitioners,29-1064,exact title,2751.0,0.3282,0.2803,0.3644,-0.08417,0.06526,-0.4967,2,0.6314,,11.36,,,0.05102,,-0.2306,-0.205,0.0408,0.2803,0.4286,0.2817,0.09608,,0.3883,0.193,-0.2522,0.04152,-0.08417,0.3827,0.3644,0.3283,0.2992,0.109
Occupational Health and Safety Specialists,Occupational Health and Safety Specialists,"Life, physical & social science",29-9011,exact title,20550.0,0.5572,0.8349,0.5979,1.226,2.466,1.022,1,0.6683,,6.273,,,0.0571,,0.3621,0.3455,-0.2819,0.8349,0.4286,0.4761,0.2582,0.17,0.9146,1.087,1.53,1.219,1.226,0.6627,0.5979,0.6058,0.6662,0.9124
Occupational Health and Safety Technicians,Occupational Health and Safety Technicians,"Life, physical & social science",29-9012,exact title,38990.0,0.5439,0.3997,0.329,0.5104,0.7816,0.2955,2,0.6324,,6.25,,,0.0573,,0.3015,0.1534,-0.09285,0.3997,0.5833,0.3773,0.2817,0.25,0.4067,0.3009,0.6697,0.5188,0.5104,0.3783,0.329,0.3316,0.3201,0.3784
Occupational Therapists,Occupational Therapists,Healthcare practitioners,29-1122,exact title,5677.0,0.3677,0.1152,0.2657,-0.1083,-0.6527,-0.9782,2,0.6266,4.449,7.488,0.8973,0.8522,0.0635,-0.02885,-0.3881,-0.01734,0.03051,0.1152,0.5208,0.7737,0.2742,0.0035,0.02982,-0.5857,-0.5824,-0.3103,-0.1083,0.2723,0.2657,0.2536,0.203,0.05938
Occupational Therapy Aides,Occupational Therapy Aides,Healthcare support,31-2012,fuzzy title,1679.0,0.4452,-0.7734,-0.3573,-1.602,-3.899,-2.207,0,0.5263,3.513,3.577,,,0.0508,,-1.134,-0.7511,0.1533,-0.7734,0.1481,0.2348,0.1344,0.27,-0.9886,-1.951,-2.133,-1.579,-1.602,-0.448,-0.3573,-0.3671,-0.4364,-0.7765
Occupational Therapy Assistants,Occupational Therapy Assistants,Healthcare support,31-2011,fuzzy title,30200.0,0.3697,-0.3154,-0.07452,-0.7619,-2.102,-1.257,0,0.5754,4.123,5.385,,,0.05299,,-0.7773,-0.4339,0.1599,-0.3154,0.3256,0.2996,0.1331,0.028,-0.4239,-0.9766,-1.175,-0.7941,-0.7619,-0.09521,-0.07452,-0.07998,-0.1545,-0.4405
"Office Clerks, General","Office Clerks, General",Office & admin support,43-9061,exact title,20290.0,0.3756,0.9889,0.9109,0.6238,2.535,-0.02756,1,0.6872,3.612,3.447,0.8234,0.73,0.0572,-0.01247,0.9265,0.6384,0.03015,0.9889,0.7879,0.1643,0.2479,0.96,0.868,1.082,0.7919,1.105,0.6238,0.8555,0.9109,0.9417,1.03,1.201
"Office Machine Operators, Except Computer","Office Machine Operators, Except Computer",Office & admin support,43-9071,exact title,11780.0,0.3658,-0.5171,-0.5774,-0.5533,-1.958,0.3603,2,0.49,3.601,2.962,0.5997,0.6396,0.04315,-0.003753,-0.3168,-0.5264,-0.01565,-0.5171,0.3529,0.6485,0.8532,0.92,-0.4353,-0.01437,-0.28,-0.3489,-0.5533,-0.5606,-0.5774,-0.5506,-0.5358,-0.3636
"Office and Administrative Support Workers, All Other","Office and Administrative Support Workers, All Other",Office & admin support,43-1011,fuzzy title,110400.0,0.4006,1.039,1.134,0.6262,2.283,-0.9472,1,0.7172,4.104,4.584,0.6775,0.7813,0.07261,-0.02631,-0.06606,0.4125,0.04058,,,,,,0.8576,0.4774,0.1976,0.6262,0.6262,1.025,1.134,1.122,1.167,1.221
Operating Engineers and Other Construction Equipment Operators,Operating Engineers and Other Construction Equipment Operators,Construction & extraction,47-2073,exact title,667.0,0.5764,-0.8815,-1.174,-0.07019,-2.289,2.196,2,0.3901,3.879,2.083,,,0.03064,,-0.6148,-1.074,-0.0673,-0.8815,0.1739,0.5885,2.222,0.95,-0.7501,0.6549,0.7294,-0.09999,-0.07019,-1.239,-1.174,-1.196,-1.037,-0.6502
Operations Research Analysts,Operations Research Analysts,Computer & mathematical,15-2031,exact title,5125.0,0.4412,1.4,1.234,1.535,3.725,0.05763,1,0.8462,4.411,7.4,0.4994,0.7232,0.08662,0.08222,2.568,2.685,-0.09491,1.4,1.0,0.2703,0.0386,0.035,1.835,0.8659,1.049,1.598,1.535,1.606,1.234,1.237,1.129,0.8938
Ophthalmic Laboratory Technicians,Ophthalmic Laboratory Technicians,Production,51-9083,exact title,1065.0,0.4231,-0.5967,-0.9184,0.08596,-1.5,2.17,2,0.448,3.618,3.011,,,0.03848,,-0.1697,-0.6582,-0.07377,-0.5967,0.125,0.6389,2.564,0.97,-0.178,1.127,0.6763,0.1416,0.08596,-0.789,-0.9184,-0.8883,-0.9069,-0.82
Ophthalmic Medical Technicians,Ophthalmic Medical Technicians,Healthcare practitioners,29-2057,exact title,3741.0,0.3515,0.07873,0.0829,-0.05459,-0.3545,0.02439,2,0.5901,3.616,3.087,,,0.04681,,0.1373,-0.004728,0.04219,0.07873,0.1842,0.3877,0.7375,,0.106,0.1718,-0.01779,0.1936,-0.05458,0.1276,0.0829,0.1085,0.05892,-0.171
"Opticians, Dispensing","Opticians, Dispensing",Healthcare practitioners,29-2081,exact title,4303.0,0.4126,0.1014,0.02858,0.2674,-0.0556,0.6227,2,0.5811,3.626,3.577,0.7246,0.7999,0.05267,-0.08335,-0.09889,-0.08374,0.1149,0.1014,0.3333,0.2961,0.8869,0.71,0.2569,0.6339,0.2907,0.3436,0.2674,0.08133,0.02857,0.04445,-0.009324,-0.3055
Optometrists,Optometrists,Healthcare practitioners,29-1041,exact title,8979.0,0.4322,0.504,0.2003,1.061,1.652,1.633,1,0.6298,4.823,10.91,0.4402,0.7772,0.05519,0.007072,0.361,0.1477,-0.136,0.504,0.1,1.077,0.5402,0.14,0.903,1.484,1.342,1.064,1.061,0.3832,0.2003,0.1984,0.1771,0.214
Oral and Maxillofacial Surgeons,Oral and Maxillofacial Surgeons,Healthcare practitioners,29-1022,exact title,1178.0,0.4795,-0.239,-0.3303,-0.044,-1.039,0.6831,2,0.545,,11.64,,,0.0495,,-0.6328,-0.5925,0.07931,-0.239,0.16,0.2597,1.124,0.0036,0.1467,0.6381,-0.1351,-0.1454,-0.044,-0.2249,-0.3303,-0.3497,-0.3982,-0.5423
Order Clerks,Order Clerks,Office & admin support,43-4151,exact title,27870.0,0.4151,0.8389,0.7611,0.5278,2.095,0.0663,1,0.6585,3.635,3.16,,,0.05165,,0.5909,0.4821,-0.1209,0.8389,0.7714,0.07654,0.03155,0.98,0.7398,0.9353,0.807,0.9323,0.5278,0.6998,0.7611,0.8045,0.8688,1.023
Orderlies,Orderlies,Healthcare support,31-1015,exact title,13280.0,0.3585,-1.679,-1.088,-2.77,-6.965,-2.83,0,0.4022,,1.976,,,0.03944,,-1.579,-1.282,0.1307,-1.679,0.09375,0.1363,0.5871,,-2.085,-3.26,-3.134,-2.609,-2.77,-1.25,-1.088,-1.108,-1.182,-1.603
"Orthopedic Surgeons, Except Pediatric","Orthopedic Surgeons, Except Pediatric",Healthcare practitioners,29-1067,fuzzy title,9297.0,0.5081,-0.05045,-0.1455,0.2047,-0.5098,0.558,2,0.5873,,11.29,,,0.05256,,-0.7699,-0.5447,-0.01112,-0.05045,0.3944,0.6163,0.17,,0.3167,0.5107,0.04559,-0.0139,0.2047,-0.001793,-0.1455,-0.1636,-0.2335,-0.3109
Orthotists and Prosthetists,Orthotists and Prosthetists,Healthcare practitioners,29-2091,exact title,1448.0,0.4685,0.06658,0.1256,0.137,-0.4999,-0.1799,2,0.6026,4.323,7.06,,,0.06388,,-0.1583,0.04877,0.1397,0.06658,0.3793,0.6433,0.1608,0.0035,0.1649,-0.03225,-0.2217,-0.09326,0.137,0.1651,0.1256,0.1181,0.02806,-0.2751
Outdoor Power Equipment and Other Small Engine Mechanics,Outdoor Power Equipment and Other Small Engine Mechanics,Installation & repair,49-3053,exact title,8312.0,0.5853,-0.8941,-0.9615,-0.6314,-2.994,0.6257,0,0.4406,3.625,2.548,,,0.03955,,-0.449,-0.7432,0.05609,-0.8941,0.1429,0.4543,0.6093,0.93,-0.7158,-0.1904,-0.4485,-0.8015,-0.6314,-0.9793,-0.9615,-0.9877,-0.9226,-0.6881
Packaging and Filling Machine Operators and Tenders,Packaging and Filling Machine Operators and Tenders,Production,51-9111,exact title,11990.0,0.4438,-0.9786,-1.011,-0.9037,-3.319,0.4668,0,0.4223,3.582,1.902,0.5369,0.5551,0.03728,0.109,-0.8697,-1.02,-0.007191,-0.9786,0.15,0.2453,0.6536,0.98,-0.9155,-0.3388,-0.5696,-0.8417,-0.9037,-1.063,-1.011,-1.017,-0.9576,-0.7226
"Packers and Packagers, Hand","Packers and Packagers, Hand",Transportation,53-7064,exact title,6259.0,0.3542,-1.514,-1.193,-2.101,-5.815,-1.294,0,0.4063,3.399,2.091,0.5567,0.5133,0.03419,0.03577,-0.8913,-1.133,0.1327,-1.514,0.2,0.7279,2.593,0.38,-1.599,-2.016,-2.155,-1.9,-2.101,-1.24,-1.193,-1.195,-1.274,-1.625
"Painters, Construction and Maintenance","Painters, Construction and Maintenance",Construction & extraction,47-2141,exact title,2246.0,0.4409,-1.588,-1.381,-1.581,-5.742,-0.4558,0,0.3855,3.82,2.46,,,0.03304,,-1.195,-1.121,0.05498,-1.588,0.05714,0.3952,0.9775,0.75,-1.709,-1.99,-1.507,-1.647,-1.581,-1.36,-1.381,-1.349,-1.503,-1.854
"Painting, Coating, and Decorating Workers","Painting, Coating, and Decorating Workers",Production,51-9123,exact title,1847.0,0.3941,-0.9706,-0.9511,-0.6129,-3.399,0.613,0,0.4342,3.62,1.778,,,0.04341,,-0.4742,-0.8624,0.02171,-0.9706,0.05882,0.4674,1.687,0.92,-0.8603,-0.568,-0.4829,-0.7315,-0.6129,-0.9006,-0.9511,-0.9345,-1.089,-1.412
"Paper Goods Machine Setters, Operators, and Tenders","Paper Goods Machine Setters, Operators, and Tenders",Production,51-9196,exact title,17940.0,0.4448,-0.874,-0.9174,-0.8366,-3.018,0.3647,0,0.439,3.803,2.01,0.2878,0.7223,0.04326,-0.02007,-0.4064,-0.8418,-0.02031,-0.874,0.05263,0.5055,0.5956,0.67,-0.7689,-0.2454,-0.5884,-0.8254,-0.8366,-0.949,-0.9174,-0.9212,-0.8593,-0.5386
Paralegals and Legal Assistants,Paralegals and Legal Assistants,Legal,23-2011,exact title,169300.0,0.3405,1.292,1.333,1.016,3.186,-0.4358,1,0.737,4.029,5.192,0.8438,0.7867,0.06886,-0.008411,2.009,1.839,0.09726,1.292,0.85,0.6245,0.0968,0.94,0.961,0.7273,0.9777,1.157,1.016,1.281,1.333,1.374,1.304,1.226
Paramedics,Paramedics,Healthcare practitioners,29-2041,fuzzy title,14090.0,0.5561,-0.6863,-0.6994,-0.5535,-2.505,0.3731,0,0.4716,,3.571,,,0.03889,,-1.344,-1.083,-0.1276,-0.6863,0.4006,0.2989,0.3204,0.049,-0.678,-0.3911,-0.2539,-0.5906,-0.5535,-0.7351,-0.6994,-0.7122,-0.6696,-0.5727
Parking Attendants,Parking Attendants,Transportation,53-6021,fuzzy title,6815.0,0.3918,-0.8354,-1.038,-0.08143,-2.447,1.698,2,0.4347,3.376,1.656,0.1465,0.5672,0.03039,-0.08266,-0.7745,-0.9298,-0.2465,-0.8354,0.2143,0.73,0.8391,0.87,-0.857,-0.2523,0.7686,-0.03907,-0.08143,-1.023,-1.038,-1.027,-0.9617,-0.8732
Parking Enforcement Workers,Parking Enforcement Workers,Protective service,33-3041,exact title,2702.0,0.4594,-0.624,-0.6274,-0.4256,-2.29,0.515,2,0.4687,3.841,2.073,,,0.03636,,-0.8334,-0.8245,-0.0948,-0.624,0.5385,0.3328,0.2698,0.84,-0.8348,-0.5324,0.08489,-0.3004,-0.4256,-0.7132,-0.6274,-0.6196,-0.5842,-0.5895
Parts Salespersons,Parts Salespersons,Sales,41-2022,exact title,36420.0,0.5777,-0.1185,-0.01364,-0.4397,-1.148,-0.5765,2,0.5561,3.534,2.344,0.1251,0.8497,0.05045,0.02896,-0.565,-0.3889,-0.007522,-0.1185,0.4,0.1726,0.09938,0.98,-0.3001,-0.4389,-0.4,-0.2738,-0.4397,-0.1059,-0.01364,-0.0004682,0.01968,0.04029
"Paving, Surfacing, and Tamping Equipment Operators","Paving, Surfacing, and Tamping Equipment Operators",Construction & extraction,47-2071,exact title,2110.0,0.5752,-1.185,-1.303,-0.803,-3.697,1.086,0,0.3858,3.849,1.834,,,0.02799,,-1.036,-1.252,-0.06064,-1.185,0.0,0.5397,2.017,0.83,-1.121,-0.3577,-0.2175,-0.7496,-0.8029,-1.356,-1.303,-1.311,-1.192,-0.9414
Payroll and Timekeeping Clerks,Payroll and Timekeeping Clerks,Office & admin support,43-3051,exact title,50160.0,0.4367,1.258,1.155,0.7824,3.267,-0.1136,1,0.7577,3.863,3.517,0.8842,0.7733,0.0552,0.03681,2.115,1.722,-0.0263,1.258,0.8108,0.06017,0.03501,0.97,1.235,1.066,1.003,1.488,0.7824,1.254,1.155,1.227,1.227,1.179
Pediatric Surgeons,Pediatric Surgeons,Healthcare practitioners,29-1067,fuzzy title,1099.0,0.2752,-0.05045,-0.1455,0.2047,-0.5098,0.558,2,0.5873,,11.29,,,0.05256,,-0.7699,-0.5447,-0.01112,-0.05045,0.3944,0.6163,0.17,,0.3167,0.5107,0.04559,-0.0139,0.2047,-0.001793,-0.1455,-0.1636,-0.2335,-0.3109
"Pediatricians, General","Pediatricians, General",Healthcare practitioners,29-1065,exact title,10120.0,0.3366,1.126,1.146,0.7514,2.715,-0.4936,1,0.7338,,10.4,,,0.05452,,0.6354,0.5872,0.0307,1.126,0.5,0.3187,0.1236,,1.107,0.9699,0.5034,0.8323,0.7514,1.104,1.146,1.133,1.163,1.15
Personal Care Aides,Personal Care Aides,Healthcare support,39-9021,fuzzy title,19450.0,0.3017,-0.5738,-0.206,-1.398,-3.152,-1.896,0,0.5293,,2.645,,,0.04099,,-0.771,-0.6328,0.1439,-0.5738,0.4444,0.08933,0.02128,0.74,-0.909,-1.601,-1.67,-1.19,-1.398,-0.3401,-0.206,-0.1974,-0.2383,-0.533
Personal Financial Advisors,Personal Financial Advisors,Business & financial,13-2052,exact title,100800.0,0.5747,1.401,1.396,0.8149,3.499,-0.5883,1,0.7939,4.545,6.571,0.306,0.8411,0.06756,0.07288,1.135,1.218,-0.02227,1.401,0.9474,0.6812,0.1663,0.58,1.517,1.028,0.6561,1.329,0.8149,1.474,1.396,1.382,1.39,1.216
"Personal Service Managers, All Other","Personal Service Managers, All Other",Management,11-9199,fuzzy title,93770.0,0.4869,0.9647,0.91,0.9635,2.4,-0.04875,1,0.7153,4.826,6.13,,,0.06819,,0.5274,0.7676,-0.07831,0.9647,0.632,0.4303,0.1005,0.25,0.9705,0.646,0.8331,0.955,0.9635,0.9659,0.91,0.9077,0.9032,0.9366
Pest Control Workers,Pest Control Workers,Building & grounds,37-2021,exact title,1895.0,0.5349,-0.7255,-0.7243,-0.4949,-2.641,0.3871,0,0.4742,3.625,2.111,0.05536,0.7984,0.04315,-0.02012,-1.049,-0.8638,-0.1125,-0.7255,0.375,1.079,1.713,0.66,-0.7997,-0.6222,-0.2236,-0.4971,-0.4949,-0.7608,-0.7243,-0.7295,-0.711,-0.7024
"Pesticide Handlers, Sprayers, and Applicators, Vegetation","Pesticide Handlers, Sprayers, and Applicators, Vegetation",Building & grounds,37-3012,exact title,1244.0,0.5322,-0.8848,-0.9336,-0.626,-3.02,0.6805,0,0.4491,3.645,2.528,,,0.04231,,-0.6213,-0.7745,-0.03152,-0.8848,0.05556,0.6732,0.6021,0.97,-0.7908,-0.4819,-0.262,-0.5302,-0.626,-0.8925,-0.9336,-0.9349,-0.9503,-0.9758
Petroleum Engineers,Petroleum Engineers,Architecture & engineering,17-2171,exact title,13910.0,0.6031,1.248,1.033,1.576,3.565,0.6152,1,0.7569,4.874,6.162,,,0.07618,,1.217,1.32,-0.08699,1.248,0.7778,0.6604,0.2866,0.16,1.398,1.235,1.436,1.503,1.576,1.172,1.033,1.039,1.05,1.215
Pharmacists,Pharmacists,Healthcare practitioners,29-1051,exact title,94710.0,0.419,0.6059,0.5706,0.4776,1.251,-0.0245,1,0.675,4.856,9.572,0.5678,0.7181,0.06557,0.01476,-0.07637,0.1643,-0.02005,0.6059,0.5143,0.166,0.1061,0.012,0.6696,0.446,0.4509,0.72,0.4776,0.6772,0.5706,0.5984,0.5184,0.3575
Pharmacy Aides,Pharmacy Aides,Healthcare support,31-9095,exact title,11000.0,0.3639,-0.1553,-0.02849,-0.5959,-1.334,-0.6045,2,0.5585,3.399,2.143,0.754,0.6617,0.04282,-0.01175,-0.01208,-0.1822,0.03004,-0.1553,0.2,0.1966,0.4143,0.72,-0.29,-0.4676,-0.5023,-0.2143,-0.5959,-0.07546,-0.02849,0.01029,-0.03027,-0.2938
Pharmacy Technicians,Pharmacy Technicians,Healthcare practitioners,29-2052,exact title,41970.0,0.3299,0.007026,-0.02339,-0.1433,-0.4921,0.1375,2,0.573,3.604,2.708,0.805,0.7073,0.05203,-0.1264,0.2,-0.03015,-0.08734,0.007026,0.6176,0.0842,0.1622,0.92,0.0127,0.1418,0.08811,0.1844,-0.1433,0.01042,-0.02339,0.02065,-0.02269,-0.05339
"Philosophy and Religion Teachers, Postsecondary","Philosophy and Religion Teachers, Postsecondary",Education,25-1126,exact title,4920.0,0.4955,1.364,1.8,0.2914,2.476,-2.494,1,0.7765,4.352,10.72,,,0.07079,,1.221,1.487,0.417,1.364,0.8182,0.0,0.02034,,0.7784,-0.3434,-0.356,0.4206,0.2914,1.592,1.8,1.803,1.683,1.12
Phlebotomists,Phlebotomists,Healthcare support,31-9097,exact title,30200.0,0.3415,-0.2778,-0.2526,-0.3279,-1.437,0.0702,2,0.5416,3.621,3.092,0.8571,0.667,0.04674,0.0121,-0.3135,-0.4079,-0.005923,-0.2778,0.1707,0.1053,1.164,,-0.2828,-0.1848,-0.1859,-0.2405,-0.3279,-0.2179,-0.2526,-0.2201,-0.316,-0.4385
Photographers,Photographers,Arts & media,27-4021,exact title,27630.0,0.3523,-0.1681,-0.3821,0.9288,-0.471,1.6,2,0.5448,3.662,3.44,0.5068,0.8184,0.06866,0.002891,0.02452,0.095,0.004141,-0.1681,0.4167,0.8087,0.9338,0.021,0.0411,0.4439,0.8967,0.2648,0.9288,-0.2742,-0.3821,-0.3865,-0.4577,-0.496
Photographic Process Workers and Processing Machine Operators,Photographic Process Workers and Processing Machine Operators,Production,51-9151,exact title,3560.0,0.327,-0.3616,-0.4978,0.06237,-1.323,0.8498,2,0.5167,3.6,2.401,0.4285,0.7188,0.04961,-0.1074,-0.3463,-0.3794,-0.1169,-0.3616,0.34,0.6595,0.4984,0.99,-0.1885,0.08371,0.2406,-0.07116,0.06237,-0.3984,-0.4978,-0.4726,-0.5115,-0.427
Photonics Engineers,Photonics Engineers,Architecture & engineering,17-2199,fuzzy title,8677.0,0.3424,0.7876,0.5808,1.213,2.186,0.765,1,0.7032,4.612,6.753,,,0.07159,,1.097,1.062,-0.1047,0.7876,0.6861,0.6906,0.3361,0.014,1.092,1.003,1.032,1.062,1.213,0.7697,0.5808,0.5803,0.5507,0.5851
"Physical Scientists, All Other","Physical Scientists, All Other","Life, physical & social science",19-2099,exact title,724.0,0.313,1.14,0.9125,1.584,3.253,0.8135,1,0.7644,4.645,8.356,0.4347,0.639,0.07688,0.002873,1.915,1.814,-0.04886,1.14,0.7391,0.6799,0.1699,0.43,1.433,1.156,1.405,1.547,1.584,1.168,0.9125,0.9181,0.8287,0.7773
Physical Therapist Aides,Physical Therapist Aides,Healthcare support,31-2022,exact title,6557.0,0.3459,-0.8823,-0.6148,-1.428,-3.854,-1.339,0,0.4847,3.374,3.254,,,0.04592,,-1.067,-0.8655,0.06853,-0.8823,0.2424,0.2768,0.3582,0.61,-1.027,-1.494,-1.628,-1.383,-1.428,-0.6618,-0.6148,-0.6059,-0.6573,-0.823
Physical Therapist Assistants,Physical Therapist Assistants,Healthcare support,31-2021,exact title,14160.0,0.4271,-0.5309,-0.2473,-1.016,-2.856,-1.455,0,0.5517,4.114,5.002,,,0.05062,,-0.7688,-0.4737,0.09423,-0.5309,0.2051,0.3532,0.3454,0.018,-0.6726,-1.378,-1.425,-1.069,-1.016,-0.2773,-0.2473,-0.2404,-0.333,-0.6486
Physical Therapists,Physical Therapists,Healthcare practitioners,29-1123,exact title,47570.0,0.4177,-0.3582,-0.05881,-0.8785,-2.412,-1.585,0,0.5921,4.56,9.078,0.6874,0.8127,0.0547,0.03309,-0.824,-0.416,0.09715,-0.3582,0.5532,0.8117,0.2531,0.021,-0.4168,-1.316,-1.426,-0.9567,-0.8785,-0.01881,-0.05882,-0.06642,-0.2066,-0.6456
Physician Assistants,Physician Assistants,Healthcare practitioners,29-1071,exact title,60460.0,0.408,0.1059,0.04024,0.05409,-0.2067,0.166,2,0.5944,4.8,6.84,0.6703,0.8047,0.04789,-0.04614,-0.44,-0.3354,-0.08523,0.1059,0.2202,0.2247,0.2155,0.14,0.2111,0.2502,0.13,0.1501,0.0541,0.1182,0.04024,0.05483,0.03286,0.0387
"Physicians, All Other","Physicians, All Other",Healthcare practitioners,29-1069,fuzzy title,9390.0,0.3477,0.7086,0.6187,0.8373,1.729,0.3016,1,0.6815,,11.33,,,0.06199,,0.04398,0.2378,-0.09517,0.7086,0.5448,0.4076,0.09751,,0.8705,0.7719,0.7335,0.735,0.8373,0.7137,0.6187,0.6079,0.5716,0.5475
Physicists,Physicists,"Life, physical & social science",19-2012,exact title,3189.0,0.314,1.346,1.097,1.791,3.846,0.5654,1,0.798,5.027,9.234,,,0.08763,,1.332,1.664,-0.1959,1.346,0.7727,1.138,0.3201,0.1,1.713,1.189,1.402,1.552,1.791,1.337,1.097,1.094,1.097,1.2
"Physics Teachers, Postsecondary","Physics Teachers, Postsecondary",Education,25-1054,exact title,114100.0,0.286,1.044,1.24,0.3341,2.02,-1.374,1,0.7462,4.533,10.45,,,0.06524,,0.8224,1.166,0.2619,1.044,0.5814,0.0,0.05932,,0.9246,0.2019,-0.1648,0.6618,0.3341,1.195,1.24,1.234,1.202,0.7287
"Plant and System Operators, All Other","Plant and System Operators, All Other",Production,51-8099,exact title,9635.0,0.5534,-0.6702,-0.8108,-0.3448,-2.186,0.9516,2,0.4628,3.917,2.683,,,0.03732,,-0.7902,-0.848,-0.1357,-0.6702,0.1622,0.8099,1.296,0.86,-0.5792,-0.0269,0.1123,-0.2999,-0.3449,-0.7852,-0.8108,-0.8031,-0.7444,-0.4979
"Plumbers, Pipefitters, and Steamfitters","Plumbers, Pipefitters, and Steamfitters",Construction & extraction,47-2152,exact title,8477.0,0.5521,-1.121,-1.12,-0.7584,-3.875,0.4281,0,0.4473,4.092,2.534,0.01899,0.8002,0.04159,-0.0007715,-0.9818,-0.9,-0.02182,-1.121,0.1043,0.4011,1.101,0.35,-0.987,-0.9149,-0.6565,-0.9727,-0.7584,-1.051,-1.12,-1.12,-1.169,-1.289
Podiatrists,Podiatrists,Healthcare practitioners,29-1081,exact title,1046.0,0.5075,0.6279,0.5537,0.6519,1.477,0.3061,1,0.6624,4.983,10.06,0.2594,0.8548,0.05737,-0.01782,0.135,0.1674,-0.007746,0.6279,0.381,0.2489,0.05628,0.0046,0.8286,0.9208,0.5671,0.6257,0.6519,0.6138,0.5537,0.5338,0.5143,0.4243
Police and Sheriff's Patrol Officers,Police and Sheriff's Patrol Officers,Protective service,33-3051,exact title,46820.0,0.5952,-0.6681,-0.6402,-0.6213,-2.555,0.11,0,0.4745,4.168,3.175,,,0.03764,,-1.679,-1.222,-0.1162,-0.6681,0.3781,0.2713,0.2677,0.098,-0.8054,-0.6732,-0.2923,-0.6135,-0.6213,-0.6979,-0.6402,-0.6523,-0.6067,-0.4456
"Political Science Teachers, Postsecondary","Political Science Teachers, Postsecondary",Education,25-1065,exact title,5921.0,0.2463,1.368,1.77,0.3231,2.536,-2.419,1,0.7829,4.406,10.9,,,0.0731,,1.096,1.446,0.4314,1.368,0.6341,0.0,0.02138,,0.7693,-0.2753,-0.3388,0.5086,0.3231,1.594,1.77,1.793,1.683,1.156
Political Scientists,Political Scientists,"Life, physical & social science",19-3094,exact title,9288.0,0.204,1.419,1.687,0.6362,2.975,-1.833,1,0.7878,4.808,10.17,,,0.07965,,1.588,1.839,0.3144,1.419,0.8333,1.478,0.3176,0.039,1.063,0.1405,0.01033,0.7202,0.6362,1.608,1.687,1.686,1.592,1.268
Postal Service Clerks,Postal Service Clerks,Office & admin support,43-5051,exact title,1546.0,0.3981,-0.5187,-0.2835,-1.295,-2.713,-1.316,0,0.5329,3.957,2.348,0.5758,0.6022,0.04048,0.01871,-0.4112,-0.5152,0.03712,-0.5187,0.4074,0.01249,0.08997,0.95,-0.6918,-1.095,-1.289,-0.8554,-1.295,-0.3537,-0.2835,-0.2521,-0.2697,-0.4571
"Postal Service Mail Sorters, Processors, and Processing Machine Operators","Postal Service Mail Sorters, Processors, and Processing Machine Operators",Office & admin support,43-5053,exact title,6727.0,0.3723,-1.185,-1.007,-1.586,-4.49,-0.6009,0,0.416,3.883,1.998,0.5446,0.5366,0.03906,0.02575,-0.8609,-1.014,0.03865,-1.185,0.2,0.1498,0.9822,0.79,-1.228,-1.249,-1.381,-1.388,-1.586,-1.031,-1.007,-0.9941,-1.054,-1.19
Postmasters and Mail Superintendents,Postmasters and Mail Superintendents,Management,11-9131,exact title,2277.0,0.405,0.8234,0.8657,0.4705,1.734,-0.6949,1,0.6884,4.385,3.026,,,0.06752,,0.04085,0.3675,-0.05652,0.8234,0.6667,0.2845,0.1712,0.75,0.6865,0.3285,0.2499,0.5943,0.4705,0.8169,0.8657,0.8717,0.9067,1.04
"Postsecondary Teachers, All Other","Postsecondary Teachers, All Other",Education,25-1011,fuzzy title,47630.0,0.3547,1.349,1.618,0.377,2.726,-1.932,1,0.7817,4.547,10.08,,,0.06841,,0.8678,1.231,0.1603,,,,,,0.9997,0.04046,-0.07704,0.7175,0.377,1.515,1.618,1.644,1.604,1.193
"Pourers and Casters, Metal","Pourers and Casters, Metal",Production,51-4052,exact title,1347.0,0.5198,-1.009,-1.143,-0.5393,-3.122,1.214,0,0.4021,3.825,1.768,,,0.03969,,-0.5855,-1.019,0.01134,-1.009,0.0,0.1302,0.7931,0.87,-0.919,-0.1193,-0.01647,-0.583,-0.5393,-1.165,-1.143,-1.153,-1.096,-0.84
Power Distributors and Dispatchers,Power Distributors and Dispatchers,Production,51-8012,exact title,1802.0,0.6047,0.5012,0.2566,0.9828,1.481,1.206,1,0.6427,4.59,2.93,,,0.04931,,0.8288,0.5248,-0.1749,0.5012,0.4167,0.9158,0.8482,0.64,0.7107,0.9696,1.249,0.9642,0.9828,0.3898,0.2566,0.2702,0.2753,0.3723
Power Plant Operators,Power Plant Operators,Production,51-8013,exact title,1991.0,0.5786,-0.3483,-0.4411,-0.1809,-1.295,0.6093,2,0.5068,4.393,2.359,,,0.04239,,-0.08284,-0.452,-0.037,-0.3483,0.1829,0.9304,1.655,0.85,-0.2755,0.3108,0.04108,-0.231,-0.1809,-0.5159,-0.4411,-0.4615,-0.3608,-0.02809
Prepress Technicians and Workers,Prepress Technicians and Workers,Production,51-5111,exact title,4474.0,0.4592,0.4108,-0.001473,1.556,1.711,2.442,1,0.5862,3.752,3.39,0.4302,0.7462,0.06579,0.008707,1.14,0.6877,-0.1194,0.4108,0.1875,0.8915,0.3937,0.97,0.8234,1.734,1.812,1.181,1.556,0.1686,-0.001473,-0.004259,-0.04012,0.1482
"Preschool Teachers, Except Special Education","Preschool Teachers, Except Special Education",Education,25-2011,exact title,45310.0,0.3381,0.03064,0.3223,-0.4273,-1.199,-1.808,2,0.62,3.408,4.5,,,0.07359,,-0.2633,0.1063,0.01071,0.03064,0.4697,0.3489,0.3298,0.0074,-0.1724,-1.059,-1.233,-0.7601,-0.4273,0.2148,0.3223,0.2852,0.2871,0.2034
"Pressers, Textile, Garment, and Related Materials","Pressers, Textile, Garment, and Related Materials",Production,51-6021,exact title,2480.0,0.5093,-1.95,-1.854,-1.892,-6.515,0.2096,0,0.3025,3.356,2.713,0.6147,0.5753,0.0308,0.2402,-1.181,-1.505,0.0779,-1.95,0.04167,0.1856,0.3259,0.81,-1.766,-1.298,-1.682,-1.945,-1.892,-1.825,-1.854,-1.862,-1.927,-2.089
Print Binding and Finishing Workers,Print Binding and Finishing Workers,Production,51-5113,exact title,3955.0,0.424,-0.9062,-0.9139,-0.7244,-3.181,0.3631,0,0.4467,3.6,2.101,0.4526,0.8042,0.03861,-0.02475,-0.6667,-0.8132,0.007663,-0.9062,0.1282,0.5503,0.8641,0.95,-0.8559,-0.5702,-0.5095,-0.8024,-0.7244,-0.9339,-0.9139,-0.9197,-0.8976,-0.8047
Printing Press Operators,Printing Press Operators,Production,51-5112,exact title,4368.0,0.5072,-0.7094,-0.8443,-0.2242,-2.3,1.062,2,0.4544,3.632,2.143,0.2379,0.787,0.04436,0.004765,-0.5105,-0.6403,-0.07051,-0.7094,0.25,0.8099,1.104,0.83,-0.5037,0.04205,0.02559,-0.376,-0.2242,-0.7796,-0.8443,-0.8369,-0.86,-0.7603
Private Detectives and Investigators,Private Detectives and Investigators,Protective service,33-9021,exact title,6114.0,0.6281,0.7483,0.6148,0.9329,2.001,0.605,1,0.6556,4.084,4.507,0.4368,0.7478,0.05635,0.1373,1.002,0.7149,-0.08192,0.7483,0.5556,0.3173,0.03035,0.31,0.728,0.929,1.12,0.935,0.9329,0.6378,0.6148,0.6043,0.6491,0.7754
Probation Officers and Correctional Treatment Specialists,Probation Officers and Correctional Treatment Specialists,Community & social service,21-1092,exact title,10510.0,0.3648,0.5272,0.8968,-0.4557,0.1444,-2.146,2,0.6694,4.099,5.981,0.5382,0.7071,0.06509,0.004099,-0.3312,0.004994,0.2413,0.5272,0.6053,0.2009,0.07389,0.25,0.2365,-0.5418,-1.029,-0.3797,-0.4557,0.7284,0.8968,0.8453,0.8288,0.5789
Procurement Clerks,Procurement Clerks,Office & admin support,43-3061,exact title,65180.0,0.4525,1.488,1.59,0.7237,3.541,-1.096,1,0.7895,3.81,4.715,0.5724,0.7598,0.06868,-0.001384,1.892,1.801,0.1956,1.488,0.6571,0.3028,0.07205,0.98,1.289,0.8081,0.4911,1.2,0.7237,1.563,1.59,1.626,1.563,1.409
Producers and Directors,Producers and Directors,Arts & media,27-2012,exact title,53760.0,0.2707,0.9388,0.8598,1.206,2.45,0.2662,1,0.6886,4.369,5.481,0.3913,0.8105,0.07547,-0.1061,0.5153,0.7708,0.04977,0.9388,0.6563,0.3826,0.1838,0.022,0.9342,0.9043,0.932,0.9115,1.206,0.8519,0.8598,0.8391,0.8498,0.9208
"Production, Planning, and Expediting Clerks","Production, Planning, and Expediting Clerks",Office & admin support,43-5061,exact title,33400.0,0.4645,0.6999,0.6614,0.6193,1.55,-0.05513,1,0.6873,3.872,3.766,0.5468,0.792,0.0601,-0.003077,0.9498,0.882,0.05223,0.6999,0.8846,0.2198,0.05364,0.88,0.7229,0.511,0.5366,0.7288,0.6193,0.7252,0.6614,0.6828,0.6442,0.5641
Proofreaders and Copy Markers,Proofreaders and Copy Markers,Office & admin support,43-9081,exact title,3386.0,0.2641,1.288,1.436,0.642,2.881,-0.9424,1,0.7544,3.783,4.891,0.762,0.8628,0.04683,-0.1702,3.564,2.768,0.5576,1.288,1.0,0.7761,0.2588,0.84,0.7689,0.4728,0.6766,1.058,0.642,1.41,1.436,1.554,1.337,0.9917
"Property, Real Estate, and Community Association Managers","Property, Real Estate, and Community Association Managers",Management,11-9141,exact title,143700.0,0.4913,1.215,1.215,1.054,3.033,-0.275,1,0.7439,4.081,5.04,0.5161,0.805,0.06956,0.02771,0.6717,0.9321,0.06897,1.215,0.6591,0.3041,0.1516,0.81,1.119,0.7878,0.8685,1.164,1.054,1.211,1.215,1.215,1.201,1.051
Prosthodontists,Prosthodontists,Healthcare practitioners,29-1024,exact title,1866.0,0.5141,-0.1561,-0.2145,0.1146,-0.8359,0.6161,2,0.553,4.615,11.41,,,0.04782,,-0.409,-0.3663,0.1525,-0.1561,0.1818,0.6708,0.4712,0.055,0.1383,0.5163,-0.05005,-0.05331,0.1146,-0.1522,-0.2145,-0.2367,-0.2927,-0.5365
"Protective Service Workers, All Other","Protective Service Workers, All Other",Protective service,33-9099,exact title,3610.0,0.4965,0.07641,-0.01719,0.2132,-0.1188,0.4074,2,0.5797,3.643,2.754,,,0.04803,,-0.07817,-0.1455,-0.1664,0.07641,0.4627,0.5884,0.2664,,0.03055,0.09925,0.5229,0.2644,0.2132,-0.004099,-0.01719,-0.01893,0.06194,0.2738
Psychiatric Aides,Psychiatric Aides,Healthcare support,31-1013,exact title,8256.0,0.2936,-0.4966,-0.2746,-1.006,-2.558,-1.194,0,0.5232,,3.064,,,0.04789,,-1.234,-0.8769,0.006396,-0.4966,0.25,0.4323,0.1233,0.47,-0.6759,-1.076,-1.142,-0.9822,-1.006,-0.3868,-0.2746,-0.2964,-0.2645,-0.234
Psychiatrists,Psychiatrists,Healthcare practitioners,29-1066,exact title,5860.0,0.2799,1.281,1.366,0.8235,2.99,-1.015,1,0.7608,,11.38,,,0.07758,,-0.3356,0.2648,0.007836,1.281,0.7826,0.3002,0.0438,,1.158,0.5744,0.4167,0.7895,0.8235,1.319,1.366,1.342,1.358,1.45
"Psychologists, All Other","Psychologists, All Other","Life, physical & social science",19-3039,exact title,7656.0,0.2452,1.39,1.33,1.297,3.628,-0.171,1,0.7856,4.634,11.92,,,0.0693,,0.6812,0.8964,-0.05586,1.39,0.3452,0.1942,0.06607,0.0043,1.478,1.019,1.066,1.221,1.297,1.425,1.33,1.318,1.28,1.273
"Psychology Teachers, Postsecondary","Psychology Teachers, Postsecondary",Education,25-1066,exact title,6898.0,0.2854,1.334,1.716,0.307,2.481,-2.336,1,0.7776,4.355,10.86,,,0.07326,,0.6828,1.127,0.3198,1.334,0.62,0.01815,0.0202,,0.8659,-0.2081,-0.381,0.5039,0.307,1.548,1.716,1.705,1.64,1.116
Public Relations Managers,Public Relations Managers,Management,11-2031,exact title,36520.0,0.352,1.294,1.383,1.12,3.026,-0.8773,1,0.7752,,6.103,,,0.08097,,0.4314,1.021,0.09935,1.294,0.825,0.4022,0.3166,0.015,1.228,0.5013,0.4222,0.8978,1.12,1.375,1.383,1.353,1.328,1.115
Public Relations Specialists,Public Relations Specialists,Arts & media,27-3031,exact title,229600.0,0.3082,1.285,1.518,0.6907,2.74,-1.563,1,0.751,4.14,6.167,0.6495,0.8172,0.08127,0.0001449,0.5798,0.977,0.2476,1.285,0.9394,0.2143,0.09021,0.18,1.039,0.4519,-0.1013,0.5283,0.6907,1.351,1.518,1.461,1.476,1.313
"Purchasing Agents, Except Wholesale, Retail, and Farm Products","Purchasing Agents, Except Wholesale, Retail, and Farm Products",Business & financial,13-1023,exact title,16000.0,0.5165,1.509,1.496,1.058,3.833,-0.6239,1,0.7917,,5.696,0.5352,0.8077,0.07158,,1.103,1.2,0.05169,1.509,0.5789,0.5146,0.1678,0.77,1.515,1.022,0.7856,1.332,1.058,1.555,1.496,1.508,1.499,1.458
Purchasing Managers,Purchasing Managers,Management,11-3061,exact title,117100.0,0.5019,1.423,1.393,1.298,3.646,-0.5396,1,0.7875,4.845,6.15,0.4861,0.8129,0.08805,0.03567,-0.02077,0.5429,-0.0826,1.423,0.8286,0.2116,0.03541,0.03,1.478,0.9082,0.7063,1.18,1.298,1.441,1.393,1.357,1.396,1.499
Quality Control Systems Managers,Quality Control Systems Managers,Management,11-9199,fuzzy title,133500.0,0.4718,0.9647,0.91,0.9635,2.4,-0.04875,1,0.7153,4.826,6.13,,,0.06819,,0.5274,0.7676,-0.07831,0.9647,0.632,0.4303,0.1005,0.25,0.9705,0.646,0.8331,0.955,0.9635,0.9659,0.91,0.9077,0.9032,0.9366
Radiation Therapists,Radiation Therapists,Healthcare practitioners,29-1124,exact title,2483.0,0.4638,-0.2189,-0.3162,-0.1147,-0.9692,0.6021,2,0.5366,4.416,5.163,0.7146,0.8423,0.04163,-0.01473,-0.5984,-0.5517,-0.02105,-0.2189,0.3171,0.2245,0.2866,0.34,-0.1096,0.2836,0.1545,0.03662,-0.1147,-0.2792,-0.3162,-0.3064,-0.2841,-0.217
Radiologic Technologists and Technicians,Radiologic Technologists and Technicians,Healthcare practitioners,29-2034,exact title,16480.0,0.4744,-0.5559,-0.4048,-0.7953,-2.557,-0.5756,0,0.5168,4.117,4.831,0.7015,0.819,0.044,0.009225,-0.686,-0.5952,0.08067,-0.5559,0.4561,0.5233,0.7363,,-0.6117,-0.7888,-0.8897,-0.7505,-0.7953,-0.4142,-0.4048,-0.4067,-0.4753,-0.6809
"Rail Yard Engineers, Dinkey Operators, and Hostlers","Rail Yard Engineers, Dinkey Operators, and Hostlers",Transportation,53-4013,exact title,1463.0,0.4799,-0.8321,-1.021,-0.3242,-2.411,1.512,2,0.4038,4.112,2.403,,,0.02956,,-1.013,-1.171,-0.1652,-0.8321,0.1136,0.7195,2.39,0.91,-0.8447,0.216,0.4373,-0.2771,-0.3242,-1.144,-1.021,-1.03,-0.8766,-0.4656
"Railroad Brake, Signal, and Switch Operators and Locomotive Firers","Railroad Brake, Signal, and Switch Operators and Locomotive Firers",Transportation,53-4012,fuzzy title,1673.0,0.4713,-0.7711,-1.073,0.02019,-1.955,2.216,2,0.3962,,2.5,,,0.02812,,-0.7996,-1.118,-0.1821,-0.9944,0.08333,1.253,1.792,0.88,-0.7773,0.5899,1.008,0.07036,0.02019,-1.125,-1.073,-1.064,-0.9321,-0.5018
Railroad Conductors and Yardmasters,Railroad Conductors and Yardmasters,Transportation,53-4031,exact title,4118.0,0.4369,-0.4663,-0.5791,-0.1384,-1.562,0.8888,2,0.4736,4.158,2.264,0.07528,0.7971,0.03995,-0.1516,-0.8927,-0.8528,-0.1478,-0.4663,0.4167,0.3055,0.8535,0.83,-0.5301,0.09513,0.3309,-0.1542,-0.1384,-0.69,-0.5791,-0.5821,-0.4648,-0.1569
Real Estate Brokers,Real Estate Brokers,Sales,41-9021,exact title,61920.0,0.5382,1.15,1.348,0.4538,2.393,-1.214,1,0.7348,4.127,5.213,,,0.05754,,0.8474,1.025,0.1614,1.15,0.7188,0.3678,0.369,0.97,0.8235,0.3078,0.1831,0.856,0.4538,1.252,1.348,1.36,1.295,0.8831
Real Estate Sales Agents,Real Estate Sales Agents,Sales,41-9022,exact title,381000.0,0.5241,0.8649,0.7013,1.148,2.428,0.7699,1,0.6661,3.878,2.952,,,0.0592,,-0.3164,0.01124,-0.162,0.8649,0.5357,0.2843,0.06048,0.86,0.7805,0.9591,1.378,1.27,1.148,0.6923,0.7013,0.7166,0.7712,0.8458
Receptionists and Information Clerks,Receptionists and Information Clerks,Office & admin support,43-4171,exact title,54370.0,0.3688,1.013,1.033,0.4573,2.404,-0.5256,1,0.6819,3.4,2.648,0.8962,0.7411,0.0555,-0.02107,0.977,0.8053,0.1173,1.013,0.7333,0.4207,0.2788,0.96,0.8061,0.9951,0.4091,0.8468,0.4573,0.8895,1.033,1.05,1.165,1.259
Recreation Workers,Recreation Workers,Personal care,39-9032,exact title,14100.0,0.355,-0.2441,0.09701,-0.7992,-2.153,-1.988,0,0.5904,3.39,4.765,0.6299,0.7587,0.06673,-0.03672,-1.163,-0.4671,0.02956,-0.2441,0.4048,0.1549,0.1123,0.0061,-0.5539,-1.58,-1.444,-1.0,-0.7992,-0.003709,0.09701,0.09599,0.05279,-0.1303
"Recreation and Fitness Studies Teachers, Postsecondary","Recreation and Fitness Studies Teachers, Postsecondary",Education,25-1193,exact title,5443.0,0.3654,1.165,1.429,0.4636,2.282,-1.668,1,0.7342,4.283,10.12,,,0.06679,,0.3683,0.7702,0.2489,1.165,0.8605,0.0,0.02097,,0.6957,-0.07301,0.01645,0.5823,0.4636,1.258,1.429,1.442,1.396,1.139
Recreational Therapists,Recreational Therapists,Healthcare practitioners,29-1125,exact title,2561.0,0.3281,0.219,0.401,-0.2381,-0.4848,-1.255,2,0.6175,3.87,6.91,0.8093,0.7856,0.06443,-0.07434,-0.6944,-0.2467,0.121,0.219,0.6364,0.4456,0.1073,0.0028,0.07408,-0.3473,-0.8178,-0.4366,-0.2381,0.2982,0.401,0.3568,0.3662,0.292
Recreational Vehicle Service Technicians,Recreational Vehicle Service Technicians,Installation & repair,49-3092,exact title,4644.0,0.5518,-0.9244,-0.8695,-0.819,-3.36,0.09952,0,0.4406,3.774,2.784,,,0.03655,,-0.8586,-0.9179,-0.0581,-0.9244,0.1212,0.2827,0.7394,0.59,-0.9555,-0.7135,-0.6873,-0.972,-0.819,-0.9351,-0.8695,-0.8752,-0.8701,-0.8223
Refuse and Recyclable Material Collectors,Refuse and Recyclable Material Collectors,Transportation,53-7081,exact title,647.0,0.3795,-1.283,-1.263,-0.9049,-4.235,0.6784,0,0.3599,3.651,1.8,0.1239,0.6239,0.03751,-0.1071,-1.148,-1.208,-0.04478,-1.283,0.3571,0.3866,1.997,0.93,-1.488,-0.8987,-0.4276,-1.007,-0.9049,-1.392,-1.263,-1.271,-1.242,-1.147
Registered Nurses,Registered Nurses,Healthcare practitioners,29-1141,exact title,231800.0,0.4211,0.2294,0.2724,-0.04828,-0.05987,-0.4997,2,0.612,4.352,6.578,0.8965,0.7779,0.05431,0.02973,-0.8462,-0.4195,-0.0832,0.2294,0.5116,0.6461,0.1487,,0.225,-0.03221,-0.1554,-0.01042,-0.04828,0.2716,0.2724,0.267,0.2762,0.3333
Regulatory Affairs Managers,Regulatory Affairs Managers,Management,11-9199,fuzzy title,4226.0,0.4069,0.9647,0.91,0.9635,2.4,-0.04875,1,0.7153,4.826,6.13,,,0.06819,,0.5274,0.7676,-0.07831,0.9647,0.632,0.4303,0.1005,0.25,0.9705,0.646,0.8331,0.955,0.9635,0.9659,0.91,0.9077,0.9032,0.9366
Rehabilitation Counselors,Rehabilitation Counselors,Community & social service,21-1015,exact title,4809.0,0.3695,0.5025,0.8347,-0.2824,0.142,-1.996,2,0.6539,3.652,6.175,0.6831,0.7443,0.06311,0.04185,-0.6197,-0.07124,0.09417,0.5025,0.6774,0.3474,0.0998,0.0094,0.1089,-0.7363,-0.7843,-0.3391,-0.2824,0.6669,0.8347,0.8121,0.7978,0.6715
Reinforcing Iron and Rebar Workers,Reinforcing Iron and Rebar Workers,Construction & extraction,47-2171,exact title,874.0,0.5481,-1.971,-1.781,-1.968,-6.844,-0.4453,0,0.3447,3.888,1.93,,,0.03206,,-1.538,-1.468,0.01927,-1.971,0.0,0.1524,1.795,0.9,-1.975,-2.227,-1.844,-2.086,-1.969,-1.776,-1.781,-1.792,-1.844,-1.963
Reservation and Transportation Ticket Agents and Travel Clerks,Reservation and Transportation Ticket Agents and Travel Clerks,Office & admin support,43-4181,exact title,5796.0,0.3548,0.2273,0.4228,-0.5221,-0.3191,-1.263,2,0.583,3.686,2.245,0.5685,0.641,0.05549,-0.06529,-0.504,-0.2571,0.0676,0.2273,0.6857,0.382,0.2162,0.61,-0.0573,-0.2122,-0.6589,-0.2405,-0.5221,0.2075,0.4228,0.4157,0.5129,0.6032
Residential Advisors,Residential Advisors,Personal care,39-9041,exact title,41040.0,0.3368,0.4746,0.7106,-0.1985,0.3182,-1.503,2,0.6391,3.441,4.955,0.6103,0.6439,0.06129,-0.03706,-0.08994,0.1687,0.06551,0.4746,0.38,0.1881,0.1465,0.064,0.1396,-0.2833,-0.5879,-0.133,-0.1985,0.5009,0.7106,0.6829,0.7673,0.7713
Respiratory Therapists,Respiratory Therapists,Healthcare practitioners,29-1126,exact title,13760.0,0.4703,-0.1881,-0.1994,-0.2712,-1.079,0.09516,2,0.5458,4.124,5.022,0.6524,0.7596,0.04679,0.007032,-0.6723,-0.5838,-0.09914,-0.1881,0.2857,0.4124,0.5253,0.066,-0.1129,0.1012,-0.1966,-0.1858,-0.2712,-0.1989,-0.1994,-0.2041,-0.1951,-0.1298
Retail Salespersons,Retail Salespersons,Sales,41-2031,exact title,227600.0,0.38,0.08731,0.3574,-0.7189,-0.9799,-1.747,2,0.6081,3.371,2.31,0.5359,0.7495,0.05996,-0.03305,-0.7225,-0.2906,0.1386,0.08731,0.4474,0.08552,0.733,0.92,-0.08519,-0.682,-1.217,-0.5341,-0.7189,0.2088,0.3574,0.3349,0.4026,0.2658
Riggers,Riggers,Installation & repair,49-9096,exact title,1639.0,0.45,-1.222,-1.278,-0.5587,-3.948,0.958,0,0.3992,3.874,2.096,0.05477,0.7809,0.03745,-0.1072,-0.8215,-0.9785,-0.08891,-1.222,0.07407,1.1,3.094,0.89,-1.25,-0.8976,-0.1613,-0.9159,-0.5587,-1.291,-1.278,-1.274,-1.28,-1.209
Robotics Engineers,Robotics Engineers,Architecture & engineering,17-2199,fuzzy title,5949.0,0.3386,0.7876,0.5808,1.213,2.186,0.765,1,0.7032,4.612,6.753,,,0.07159,,1.097,1.062,-0.1047,0.7876,0.6861,0.6906,0.3361,0.014,1.092,1.003,1.032,1.062,1.213,0.7697,0.5808,0.5803,0.5507,0.5851
"Rock Splitters, Quarry","Rock Splitters, Quarry",Construction & extraction,47-5051,exact title,843.0,0.5557,-1.763,-1.614,-1.738,-6.094,-0.1888,0,0.3494,3.63,3.023,,,0.03321,,-1.387,-1.406,0.06274,-1.763,0.1538,0.1148,0.5191,0.96,-1.764,-1.74,-1.565,-1.803,-1.738,-1.641,-1.614,-1.616,-1.668,-1.77
"Roof Bolters, Mining","Roof Bolters, Mining",Construction & extraction,47-5061,exact title,712.0,0.475,-1.619,-1.593,-1.43,-5.308,0.4802,0,0.335,,1.867,,,0.02553,,-1.65,-1.582,-0.05339,-1.619,0.0,0.1347,0.6619,0.49,-1.659,-1.134,-0.9381,-1.417,-1.43,-1.681,-1.593,-1.615,-1.531,-1.377
"Rotary Drill Operators, Oil and Gas","Rotary Drill Operators, Oil and Gas",Construction & extraction,47-5012,exact title,3387.0,0.6941,-0.7737,-0.8804,-0.5177,-2.553,0.8102,0,0.4533,4.032,2.579,,,0.03783,,-1.082,-1.043,-0.05802,-0.7737,0.05263,0.4058,1.353,0.53,-0.6642,-0.1089,-0.1249,-0.4689,-0.5177,-0.8832,-0.8804,-0.8827,-0.8215,-0.5813
"Roustabouts, Oil and Gas","Roustabouts, Oil and Gas",Construction & extraction,47-5071,exact title,4476.0,0.5816,-1.519,-1.5,-1.291,-5.028,0.4142,0,0.3568,3.662,1.717,,,0.03155,,-1.165,-1.338,-0.1453,-1.519,0.0,0.2644,2.066,0.68,-1.533,-1.19,-0.8683,-1.356,-1.291,-1.553,-1.5,-1.518,-1.463,-1.266
Sailors and Marine Oilers,Sailors and Marine Oilers,Transportation,53-5011,exact title,640.0,0.4217,-1.15,-1.269,-0.6032,-3.548,1.224,0,0.3837,3.844,2.073,,,0.02928,,-1.272,-1.274,-0.2206,-1.15,0.02128,0.2674,1.162,0.83,-1.296,-0.5656,0.1167,-0.5799,-0.6032,-1.346,-1.269,-1.266,-1.171,-0.8602
Sales Engineers,Sales Engineers,Sales,41-9031,exact title,132700.0,0.5084,1.145,1.026,1.335,3.097,0.3314,1,0.7281,4.642,5.666,0.08513,0.8636,0.07531,-0.03897,-0.09491,0.4215,-0.05904,1.145,0.75,0.3688,0.05391,0.0041,1.251,1.125,1.088,1.256,1.335,1.084,1.026,1.014,1.023,0.9774
Sales Managers,Sales Managers,Management,11-2022,exact title,624100.0,0.5659,1.266,1.294,1.01,3.072,-0.6866,1,0.7628,4.848,6.044,0.3355,0.8527,0.08293,0.04959,-0.1645,0.4716,-0.04974,1.266,0.8667,1.046,0.3657,0.013,1.304,0.7463,0.4759,0.9712,1.01,1.303,1.294,1.253,1.288,1.241
"Sales Representatives of Services, Except Advertising, Insurance, Financial Services, and Travel","Sales Representatives of Services, Except Advertising, Insurance, Financial Services, and Travel",Sales,41-3099,fuzzy title,315900.0,0.4757,1.303,1.242,0.9373,3.342,-0.3327,1,0.7675,,5.467,,,0.06928,,1.334,1.325,-0.05782,1.303,0.8,0.2012,0.1145,,1.441,1.121,0.6923,1.268,0.9373,1.314,1.242,1.234,1.27,1.249
"Sales Representatives, Wholesale and Manufacturing, Except Technical and Scientific Products","Sales Representatives, Wholesale and Manufacturing, Except Technical and Scientific Products",Sales,41-4012,exact title,524800.0,0.5211,0.8225,1.039,0.1783,1.423,-1.301,1,0.6675,4.121,5.081,,,0.06977,,0.02991,0.3955,0.2615,0.8225,0.931,0.09292,0.05854,0.85,0.4951,0.2864,-0.3029,0.3098,0.1783,0.8328,1.039,1.027,1.069,0.8409
"Sales Representatives, Wholesale and Manufacturing, Technical and Scientific Products","Sales Representatives, Wholesale and Manufacturing, Technical and Scientific Products",Sales,41-4011,exact title,180000.0,0.6031,0.8912,0.9531,0.675,1.953,-0.5811,1,0.7008,4.552,4.635,,,0.06764,,0.009255,0.4622,-0.01961,0.8912,0.7618,0.2714,0.05398,0.25,0.7749,0.3829,0.3598,0.7205,0.675,0.9038,0.9531,0.9547,0.9784,0.8246
"Sales and Related Workers, All Other","Sales and Related Workers, All Other",Sales,41-9091,fuzzy title,75660.0,0.5364,1.107,1.511,0.04748,1.79,-2.572,1,0.7351,3.381,1.435,0.6226,0.7844,0.08371,0.07778,0.4724,0.9525,0.5624,,,,,,0.7001,-0.2172,-0.9387,0.08641,0.04747,1.224,1.511,1.458,1.531,1.222
School Psychologists,School Psychologists,"Life, physical & social science",19-3031,fuzzy title,33150.0,0.2805,1.456,1.626,0.8265,3.318,-1.444,1,0.7991,,9.931,,,0.07782,,0.2129,0.7065,0.09534,1.456,0.7615,0.8119,0.122,0.0047,1.278,0.5549,0.2094,0.7962,0.8265,1.559,1.626,1.593,1.587,1.483
"Secretaries and Administrative Assistants, Except Legal, Medical, and Executive","Secretaries and Administrative Assistants, Except Legal, Medical, and Executive",Office & admin support,43-6011,fuzzy title,7544.0,0.3376,1.08,1.106,0.6545,2.574,-0.5275,1,0.6985,4.128,4.489,0.9457,0.7905,0.06546,-0.02923,0.7465,0.8918,0.0319,1.099,0.7692,0.09865,0.2519,0.96,0.8261,0.8103,0.5755,0.9017,0.6545,1.002,1.106,1.135,1.184,1.248
"Securities, Commodities, and Financial Services Sales Agents","Securities, Commodities, and Financial Services Sales Agents",Sales,41-3031,exact title,123400.0,0.5252,1.256,1.26,0.7731,3.083,-0.5781,1,0.7618,4.142,4.679,0.2808,0.8132,0.06908,0.02689,0.8411,0.9737,-0.03895,1.256,0.7692,0.4447,0.07958,0.016,1.292,0.8868,0.5824,1.124,0.7731,1.302,1.26,1.249,1.26,1.217
Security Guards,Security Guards,Protective service,33-9032,exact title,61760.0,0.4456,-0.3908,-0.4228,-0.3378,-1.622,0.2077,2,0.5002,3.449,2.222,,,0.02837,,-0.4027,-0.5983,-0.2808,-0.3908,0.3333,0.6895,0.9238,0.84,-0.6834,-0.557,0.205,-0.2193,-0.3378,-0.4953,-0.4228,-0.4018,-0.2892,0.03953
Security Managers,Security Managers,Management,11-9199,fuzzy title,26230.0,0.5266,0.9647,0.91,0.9635,2.4,-0.04875,1,0.7153,4.826,6.13,,,0.06819,,0.5274,0.7676,-0.07831,0.9647,0.632,0.4303,0.1005,0.25,0.9705,0.646,0.8331,0.955,0.9635,0.9659,0.91,0.9077,0.9032,0.9366
Security and Fire Alarm Systems Installers,Security and Fire Alarm Systems Installers,Installation & repair,49-2098,exact title,2859.0,0.5595,-0.6926,-0.6849,-0.4541,-2.567,0.3266,0,0.4847,3.878,2.702,0.03326,0.7795,0.04488,-0.00718,-0.346,-0.5358,0.001804,-0.6926,0.2667,0.4932,0.3774,0.82,-0.6645,-0.4661,-0.3627,-0.6126,-0.4541,-0.7135,-0.6849,-0.6926,-0.6982,-0.7158
Self-Enrichment Teachers,Self-Enrichment Teachers,Education,25-3021,fuzzy title,31150.0,0.3675,0.5264,0.8248,-0.04071,0.3074,-1.761,2,0.6663,3.775,5.511,,,0.07609,,0.1703,0.3507,0.2477,0.5264,0.56,0.3698,0.09913,0.13,0.2421,-0.5255,-0.7694,-0.2392,-0.04072,0.6573,0.8248,0.8011,0.7793,0.5502
"Separating, Filtering, Clarifying, Precipitating, and Still Machine Setters, Operators, and Tenders","Separating, Filtering, Clarifying, Precipitating, and Still Machine Setters, Operators, and Tenders",Production,51-9012,exact title,3698.0,0.5235,-0.9379,-1.048,-0.5839,-3.024,0.9509,0,0.4256,3.829,2.048,,,0.03382,,-0.8079,-0.9643,-0.2022,-0.9379,0.1714,0.4401,0.7563,0.88,-0.9249,-0.4255,0.03049,-0.5424,-0.5839,-1.047,-1.048,-1.031,-0.9903,-0.7516
Septic Tank Servicers and Sewer Pipe Cleaners,Septic Tank Servicers and Sewer Pipe Cleaners,Construction & extraction,47-4071,exact title,3505.0,0.5338,-1.211,-1.26,-0.9217,-3.951,0.6977,0,0.3964,3.802,1.857,,,0.02873,,-1.099,-1.214,-0.0971,-1.211,0.1562,0.3644,1.087,0.83,-1.2,-0.6679,-0.484,-0.923,-0.9217,-1.302,-1.26,-1.273,-1.192,-0.9815
"Service Unit Operators, Oil and Gas","Service Unit Operators, Oil and Gas",Construction & extraction,47-5013,fuzzy title,1808.0,0.6028,-0.9719,-1.068,-0.7585,-3.13,0.8357,0,0.4153,3.88,1.63,,,0.03368,,-1.098,-1.171,-0.1189,-0.9719,0.2258,0.6869,0.8062,0.93,-0.9166,-0.1933,-0.2555,-0.6514,-0.7585,-1.131,-1.068,-1.083,-0.9567,-0.6681
Set and Exhibit Designers,Set and Exhibit Designers,Arts & media,27-1027,exact title,9560.0,0.2823,-0.05193,-0.1603,0.7514,-0.459,0.7847,2,0.5993,4.005,7.218,,,0.06984,,-0.1168,0.2269,0.03471,-0.05193,0.5652,0.2495,0.3776,0.0055,0.1505,-0.04722,0.4363,0.1874,0.7514,-0.02034,-0.1603,-0.1753,-0.2539,-0.4355
Sewing Machine Operators,Sewing Machine Operators,Production,51-6031,exact title,1277.0,0.3901,-0.964,-1.273,-0.1788,-2.617,2.178,2,0.4062,3.391,1.627,0.7922,0.6018,0.03673,0.0976,-0.1757,-0.8096,-0.07706,-0.964,0.04651,0.3721,0.7656,0.89,-0.5187,0.6756,0.446,-0.2475,-0.1788,-1.135,-1.273,-1.251,-1.283,-1.108
Shampooers,Shampooers,Personal care,39-5093,exact title,2320.0,0.3466,-0.9054,-0.5006,-1.741,-4.188,-1.877,0,0.4824,3.196,2.566,,,0.04417,,-0.4657,-0.6578,0.3109,-0.9054,0.1429,0.05269,0.01703,0.79,-1.098,-1.529,-2.209,-1.612,-1.741,-0.6251,-0.5006,-0.5088,-0.5978,-1.04
Sheet Metal Workers,Sheet Metal Workers,Construction & extraction,47-2211,exact title,1144.0,0.5302,-1.175,-1.245,-0.7386,-3.875,0.7351,0,0.4288,3.979,2.193,0.04844,0.8234,0.03775,-0.02835,-0.8085,-0.8664,-0.03301,-1.175,0.07895,0.4064,0.2967,0.82,-1.015,-0.8146,-0.4527,-0.8577,-0.7386,-1.163,-1.245,-1.232,-1.26,-1.201
Ship Engineers,Ship Engineers,Transportation,53-5031,exact title,833.0,0.6185,-0.5265,-0.5672,-0.4819,-1.989,0.2971,2,0.4864,4.412,2.856,,,0.04265,,-0.3853,-0.5924,-0.009885,-0.5265,0.2812,0.1249,0.2851,0.041,-0.454,-0.03679,-0.3225,-0.5158,-0.4819,-0.6095,-0.5672,-0.5804,-0.5052,-0.2512
Slaughterers and Meat Packers,Slaughterers and Meat Packers,Production,51-3023,exact title,2247.0,0.454,-1.835,-1.543,-2.529,-6.68,-1.127,0,0.3387,3.398,1.925,,,0.02922,,-1.388,-1.573,0.2021,-1.835,0.0,0.07624,0.1573,0.6,-1.82,-1.77,-2.471,-2.274,-2.529,-1.635,-1.543,-1.556,-1.552,-1.764
Social Science Research Assistants,Social Science Research Assistants,"Life, physical & social science",19-4061,exact title,184800.0,0.2436,1.205,1.126,1.262,3.129,0.002794,1,0.7591,3.906,6.723,,,0.0719,,1.635,1.578,-0.03093,1.205,0.8485,0.354,0.1889,0.65,1.217,0.8443,1.027,1.246,1.262,1.216,1.126,1.151,1.118,1.015
"Social Sciences Teachers, Postsecondary, All Other","Social Sciences Teachers, Postsecondary, All Other",Education,25-1113,fuzzy title,3813.0,0.3016,1.347,1.739,0.3512,2.55,-2.3,1,0.7662,4.263,10.44,,,0.07433,,0.4012,0.9297,0.298,,,,,,0.8406,-0.1115,-0.3259,0.4324,0.3512,1.51,1.739,1.718,1.666,1.219
"Social Scientists and Related Workers, All Other","Social Scientists and Related Workers, All Other","Life, physical & social science",19-3099,exact title,2073.0,0.2532,1.328,1.085,1.903,3.871,0.7927,1,0.7631,4.436,6.5,,,0.07478,,1.326,1.57,-0.1127,1.328,0.9535,0.263,0.02969,0.04,1.51,1.249,1.659,1.578,1.903,1.237,1.085,1.086,1.096,1.227
"Social Work Teachers, Postsecondary","Social Work Teachers, Postsecondary",Education,25-1113,exact title,14410.0,0.3068,1.347,1.739,0.3512,2.55,-2.3,1,0.7662,4.263,10.44,,,0.07433,,0.4012,0.9297,0.298,1.347,0.7273,0.0,0.02001,,0.8406,-0.1115,-0.3259,0.4324,0.3512,1.51,1.739,1.718,1.666,1.219
"Social Workers, All Other","Social Workers, All Other",Community & social service,19-3099,fuzzy title,41640.0,0.2501,1.328,1.085,1.903,3.871,0.7927,1,0.7631,4.436,6.5,,,0.07478,,1.326,1.57,-0.1127,,,,,,1.51,1.249,1.659,1.578,1.903,1.237,1.085,1.086,1.096,1.227
Social and Community Service Managers,Social and Community Service Managers,Management,11-9151,exact title,180600.0,0.3022,1.156,1.225,0.7899,2.671,-0.8718,1,0.7462,4.304,6.307,0.7102,0.7681,0.07428,-0.07134,-0.5773,0.05936,-0.01279,1.156,0.6429,0.2367,0.1854,0.0067,1.125,0.6983,0.2184,0.7524,0.7899,1.166,1.225,1.188,1.251,1.216
Social and Human Service Assistants,Social and Human Service Assistants,Community & social service,21-1093,exact title,59180.0,0.2888,0.4652,0.5574,0.0716,0.6135,-0.6836,2,0.6336,3.627,5.574,0.7801,0.6373,0.0554,0.01439,-0.4821,-0.1664,-0.002056,0.4652,0.4643,0.06552,0.07361,0.13,0.2822,0.05543,0.01163,0.2089,0.07159,0.449,0.5574,0.5415,0.6149,0.6434
Sociologists,Sociologists,"Life, physical & social science",19-3041,exact title,2292.0,0.2817,1.411,1.747,0.5128,2.798,-2.229,1,0.7963,4.532,10.32,,,0.08288,,1.128,1.535,0.3278,1.411,0.8462,0.6539,0.2769,0.059,1.076,0.04643,-0.3942,0.529,0.5128,1.618,1.747,1.725,1.657,1.255
"Sociology Teachers, Postsecondary","Sociology Teachers, Postsecondary",Education,25-1067,exact title,42460.0,0.3671,1.349,1.77,0.2546,2.467,-2.418,1,0.7727,4.356,10.31,,,0.07056,,0.8928,1.317,0.4375,1.349,0.5909,0.0,0.02073,,0.7841,-0.2526,-0.3592,0.4781,0.2546,1.568,1.77,1.773,1.672,1.084
Software Developers,Software Developers,Computer & mathematical,15-1132,fuzzy title,506700.0,0.3408,1.201,0.8816,1.776,3.629,1.107,1,0.7625,,6.239,,,0.0848,,2.002,1.827,-0.2443,1.242,0.8772,0.7178,0.2148,0.086,1.669,1.532,1.575,1.562,1.776,1.165,0.8816,0.858,0.8406,1.057
Soil and Plant Scientists,Soil and Plant Scientists,"Life, physical & social science",19-1013,exact title,1233.0,0.3456,0.6321,0.6092,0.8037,1.328,-0.06219,1,0.6911,4.201,9.629,,,0.077,,1.189,1.144,0.01113,0.6321,0.8261,0.5338,0.2873,0.021,0.7125,0.2799,0.4551,0.5842,0.8037,0.7042,0.6092,0.5928,0.5256,0.4421
Solar Energy Installation Managers,Solar Energy Installation Managers,Construction & extraction,11-9199,fuzzy title,6272.0,0.6178,0.9647,0.91,0.9635,2.4,-0.04875,1,0.7153,4.826,6.13,,,0.06819,,0.5274,0.7676,-0.07831,0.9647,0.632,0.4303,0.1005,0.25,0.9705,0.646,0.8331,0.955,0.9635,0.9659,0.91,0.9077,0.9032,0.9366
Solar Energy Systems Engineers,Solar Energy Systems Engineers,Architecture & engineering,17-2199,fuzzy title,4672.0,0.404,0.7876,0.5808,1.213,2.186,0.765,1,0.7032,4.612,6.753,,,0.07159,,1.097,1.062,-0.1047,0.7876,0.6861,0.6906,0.3361,0.014,1.092,1.003,1.032,1.062,1.213,0.7697,0.5808,0.5803,0.5507,0.5851
Sound Engineering Technicians,Sound Engineering Technicians,Arts & media,27-4014,exact title,12140.0,0.3304,0.4715,0.3385,0.4526,1.238,0.4195,1,0.5808,4.103,3.312,,,0.06281,,0.3852,0.1428,0.05735,0.4715,0.5556,0.6437,0.5731,0.13,0.4982,1.375,0.3795,0.4027,0.4526,0.1872,0.3385,0.3055,0.4947,1.085
Spa Managers,Spa Managers,Management,11-9199,fuzzy title,7087.0,0.4064,0.9647,0.91,0.9635,2.4,-0.04875,1,0.7153,4.826,6.13,,,0.06819,,0.5274,0.7676,-0.07831,0.9647,0.632,0.4303,0.1005,0.25,0.9705,0.646,0.8331,0.955,0.9635,0.9659,0.91,0.9077,0.9032,0.9366
"Special Education Teachers, All Other","Special Education Teachers, All Other",Education,25-2059,exact title,34510.0,0.3653,-0.6633,-0.2361,-1.426,-3.579,-2.225,0,0.5297,4.123,6.906,,,0.05293,,-1.501,-0.8439,0.1033,-0.6633,0.3,0.428,0.1125,,-0.9887,-1.934,-2.006,-1.491,-1.426,-0.3502,-0.2361,-0.2351,-0.3189,-0.6706
"Special Education Teachers, Middle School","Special Education Teachers, Middle School",Education,25-2053,exact title,816.0,0.3585,1.296,1.334,1.025,3.111,-0.8674,1,0.7603,,7.06,,,0.07899,,0.5693,0.9339,0.02531,1.296,0.4805,0.4244,0.2086,0.016,1.195,0.5712,0.5085,0.8863,1.025,1.321,1.334,1.323,1.353,1.471
"Special Education Teachers, Secondary School","Special Education Teachers, Secondary School",Education,25-2054,exact title,12910.0,0.3702,0.9588,0.9999,0.759,2.14,-0.677,1,0.7081,,6.502,,,0.07551,,0.1649,0.5354,-0.01513,0.9588,0.4359,0.4099,0.2078,0.0077,0.8294,0.2434,0.4655,0.6845,0.759,0.9735,0.9999,0.9849,1.013,1.127
Speech-Language Pathologists,Speech-Language Pathologists,Healthcare practitioners,29-1127,exact title,31070.0,0.3546,1.146,1.343,0.2294,2.446,-1.693,1,0.6884,4.37,8.191,0.9534,0.8858,0.07168,-0.05906,0.422,0.539,0.05479,1.146,0.6829,0.1873,0.1122,0.0064,0.7776,0.6701,-0.2957,0.3132,0.2294,1.002,1.343,1.274,1.498,1.984
Stationary Engineers and Boiler Operators,Stationary Engineers and Boiler Operators,Production,51-8021,exact title,5562.0,0.6192,-0.5032,-0.5798,-0.3852,-1.781,0.636,2,0.4736,4.151,2.409,0.04225,0.7615,0.03958,0.06963,-0.3044,-0.6654,-0.01469,-0.5032,0.2093,0.4855,0.4388,0.89,-0.5096,0.1778,-0.01429,-0.3329,-0.3852,-0.6672,-0.5798,-0.5837,-0.4912,-0.2183
Statistical Assistants,Statistical Assistants,Office & admin support,43-9111,exact title,6351.0,0.3703,1.39,1.053,1.791,4.178,1.023,1,0.7922,3.875,6.661,0.5439,0.7211,0.0707,-0.03047,2.232,2.138,-0.302,1.39,1.0,0.4623,0.0781,0.66,1.71,1.455,1.855,1.95,1.791,1.362,1.053,1.105,1.083,1.225
Statisticians,Statisticians,Computer & mathematical,15-2041,exact title,20020.0,0.2808,1.383,1.243,1.335,3.691,0.02489,1,0.805,4.56,7.933,,,0.07536,,2.157,2.098,-0.1578,1.383,0.9137,0.7701,0.1395,0.22,1.624,1.009,1.118,1.514,1.335,1.475,1.243,1.265,1.208,1.115
Structural Iron and Steel Workers,Structural Iron and Steel Workers,Construction & extraction,47-2221,exact title,872.0,0.5077,-1.78,-1.701,-1.474,-5.951,0.2807,0,0.3373,4.07,2.107,0.022,0.7881,0.02934,-0.02663,-1.743,-1.507,-0.009267,-1.78,0.0,0.2947,1.762,0.83,-1.819,-1.684,-1.156,-1.61,-1.474,-1.717,-1.701,-1.707,-1.729,-1.776
Structural Metal Fabricators and Fitters,Structural Metal Fabricators and Fitters,Production,51-2041,exact title,2607.0,0.6441,-1.076,-1.078,-0.9616,-3.723,0.4119,0,0.4247,3.817,2.724,0.0543,0.8511,0.03618,0.09412,-0.5558,-0.8762,0.1244,-1.076,0.04545,0.4712,1.459,0.41,-1.027,-0.73,-0.5839,-0.8766,-0.9616,-1.054,-1.078,-1.057,-1.083,-1.115
Substance Abuse and Behavioral Disorder Counselors,Substance Abuse and Behavioral Disorder Counselors,Community & social service,21-1011,exact title,4907.0,0.3327,1.031,1.204,0.4818,2.071,-1.324,1,0.7237,,7.076,0.7191,0.7096,0.06424,,-0.09722,0.3547,0.07186,1.031,0.4,0.4869,0.09966,0.033,0.7702,0.09619,0.08266,0.4543,0.4818,1.09,1.204,1.184,1.201,1.188
Subway and Streetcar Operators,Subway and Streetcar Operators,Transportation,53-4041,exact title,24950.0,0.3982,-0.6155,-0.9125,-0.167,-1.48,1.969,2,0.4013,4.397,2.881,,,0.02496,,-0.9749,-1.273,-0.1744,-0.6155,0.4091,0.5153,1.33,0.86,-0.5943,1.001,0.8463,0.0968,-0.167,-1.078,-0.9125,-0.9377,-0.6644,0.001598
Supply Chain Managers,Supply Chain Managers,Management,11-9199,fuzzy title,123200.0,0.5122,0.9647,0.91,0.9635,2.4,-0.04875,1,0.7153,4.826,6.13,,,0.06819,,0.5274,0.7676,-0.07831,0.9647,0.632,0.4303,0.1005,0.25,0.9705,0.646,0.8331,0.955,0.9635,0.9659,0.91,0.9077,0.9032,0.9366
"Surgeons, All Other","Surgeons, All Other",Healthcare practitioners,29-1067,exact title,8513.0,0.4329,-0.05045,-0.1455,0.2047,-0.5098,0.558,2,0.5873,,11.29,,,0.05256,,-0.7699,-0.5447,-0.01112,-0.05045,0.3944,0.6163,0.17,,0.3167,0.5107,0.04559,-0.0139,0.2047,-0.001793,-0.1455,-0.1636,-0.2335,-0.3109
Surgical Technologists,Surgical Technologists,Healthcare practitioners,29-2055,exact title,3661.0,0.4199,-0.483,-0.5418,-0.4396,-1.863,0.3284,2,0.4985,3.882,3.994,0.7647,0.7297,0.03839,-0.01346,-0.645,-0.7258,-0.09957,-0.483,0.03333,0.1713,0.4184,0.34,-0.4138,-0.06886,-0.2416,-0.3815,-0.4396,-0.5358,-0.5418,-0.5298,-0.4723,-0.3077
Survey Researchers,Survey Researchers,"Life, physical & social science",19-3022,exact title,5121.0,0.177,1.427,1.279,1.287,3.87,0.1183,1,0.7819,4.09,7.376,,,0.07102,,1.363,1.435,-0.1314,1.427,0.9375,0.456,0.1005,0.23,1.577,1.122,1.301,1.64,1.287,1.454,1.279,1.301,1.289,1.238
Surveying and Mapping Technicians,Surveying and Mapping Technicians,Architecture & engineering,17-3031,exact title,6338.0,0.5077,0.08523,-0.2902,0.9622,0.3592,1.953,2,0.5742,3.848,4.34,0.09614,0.8673,0.0509,-0.01459,0.623,0.4336,-0.2696,0.08523,0.9149,0.4687,0.502,0.96,0.3199,0.7733,1.399,0.8899,0.9622,-0.06982,-0.2902,-0.2521,-0.2966,-0.2637
Surveyors,Surveyors,Architecture & engineering,17-1022,exact title,9867.0,0.5599,0.1461,-0.1213,0.7112,0.4396,1.384,2,0.6125,4.121,5.403,,,0.04934,,0.2975,0.2415,-0.2339,0.1461,0.6792,0.7049,0.2806,0.38,0.4076,0.5553,1.121,0.847,0.7112,0.07956,-0.1213,-0.08816,-0.1007,-0.1156
"Switchboard Operators, Including Answering Service","Switchboard Operators, Including Answering Service",Office & admin support,43-2011,exact title,1651.0,0.3823,0.9833,1.244,-0.5394,1.906,-1.799,1,0.6157,3.406,2.892,0.8374,0.7097,0.04913,-0.004045,0.722,0.2362,0.2535,0.9833,0.5806,0.2945,0.5816,0.96,0.5005,1.095,-0.5997,0.1697,-0.5394,0.6862,1.244,1.209,1.537,1.847
"Tailors, Dressmakers, and Custom Sewers","Tailors, Dressmakers, and Custom Sewers",Production,51-6052,exact title,1557.0,0.3238,-0.4305,-0.6065,0.1318,-1.373,1.288,2,0.5108,3.447,2.029,,,0.05071,,0.05363,-0.2309,0.2084,-0.4305,0.1364,0.706,0.8119,0.84,0.009176,0.8028,0.06393,-0.1423,0.1318,-0.516,-0.6065,-0.6071,-0.643,-0.7756
"Tax Examiners and Collectors, and Revenue Agents","Tax Examiners and Collectors, and Revenue Agents",Business & financial,13-2081,fuzzy title,4845.0,0.3717,1.367,1.253,1.043,3.696,0.04518,1,0.7538,4.039,4.551,0.6683,0.7145,0.05719,-0.0281,1.555,1.295,-0.1182,1.367,0.9032,0.2443,0.06568,0.93,1.401,1.353,1.169,1.454,1.043,1.294,1.253,1.274,1.302,1.412
Tax Preparers,Tax Preparers,Business & financial,13-2082,exact title,98130.0,0.4511,1.294,1.144,1.04,3.522,0.1891,1,0.7637,3.835,4.3,0.6407,0.7482,0.06668,0.03109,1.869,1.569,-0.09708,1.294,1.0,0.7977,0.1941,0.99,1.452,1.429,1.06,1.492,1.04,1.273,1.144,1.177,1.152,1.21
Taxi Drivers,Taxi Drivers,Transportation,53-3041,fuzzy title,6832.0,0.4126,-0.6323,-0.938,0.2079,-1.509,2.214,2,0.4172,,2.427,,,0.02795,,-0.837,-1.096,-0.1046,-0.6323,0.3413,0.3687,1.187,0.89,-0.6641,0.6398,1.132,0.2627,0.2079,-1.035,-0.938,-0.9452,-0.7693,-0.3188
"Teachers and Instructors, All Other","Teachers and Instructors, All Other",Education,25-3099,exact title,5299.0,0.4057,1.325,1.486,0.5311,2.939,-1.498,1,0.759,3.923,6.039,,,0.06962,,0.6617,0.9892,0.1941,1.325,0.369,0.4924,0.3404,,1.105,0.6606,-0.04664,0.7239,0.5311,1.354,1.486,1.478,1.553,1.489
"Teaching Assistants, All Other","Teaching Assistants, All Other",Education,25-1191,fuzzy title,29620.0,0.2787,1.111,1.376,0.3862,2.097,-1.807,1,0.7459,,6.907,,,0.07713,,1.274,1.444,0.3544,0.4517,0.3833,0.1074,0.202,0.56,0.7431,0.04395,-0.3313,0.4098,0.3862,1.217,1.376,1.369,1.363,1.147
Team Assemblers,Team Assemblers,Production,51-2092,exact title,8590.0,0.4176,-0.8305,-0.8316,-0.7084,-2.954,0.4004,0,0.4506,,2.068,,,0.03779,,-0.6154,-0.8226,0.09309,-0.8305,0.1765,0.9235,0.7833,0.97,-0.8013,-0.3268,-0.5096,-0.7072,-0.7084,-0.8601,-0.8316,-0.8215,-0.8331,-0.8341
Technical Writers,Technical Writers,Arts & media,27-3042,exact title,21150.0,0.3638,1.184,1.317,1.244,2.668,-0.5909,1,0.7567,4.357,5.307,0.5724,0.8382,0.07239,0.009999,2.654,2.625,0.6363,1.184,0.9333,0.5236,0.1245,0.89,0.9105,0.3581,0.6334,0.8961,1.244,1.33,1.317,1.367,1.095,0.5872
"Telecommunications Equipment Installers and Repairers, Except Line Installers","Telecommunications Equipment Installers and Repairers, Except Line Installers",Installation & repair,49-2022,exact title,2427.0,0.4779,-0.853,-0.9386,-0.2989,-2.826,0.9055,0,0.4487,4.1,3.352,,,0.03776,,-0.7974,-0.7979,-0.1459,-0.853,0.2969,0.6554,0.8228,0.36,-0.8208,-0.5084,0.01884,-0.5165,-0.2989,-0.9138,-0.9386,-0.9255,-0.9443,-0.8761
Telecommunications Line Installers and Repairers,Telecommunications Line Installers and Repairers,Installation & repair,49-9052,exact title,5378.0,0.5145,-1.084,-1.054,-0.8191,-3.795,0.3373,0,0.4391,4.098,2.284,0.04841,0.762,0.03783,-0.04046,-0.8698,-0.9168,-0.04473,-1.084,0.0625,0.2756,0.3178,0.49,-1.099,-0.9745,-0.5741,-0.9303,-0.8191,-1.051,-1.054,-1.048,-1.078,-1.163
Telemarketers,Telemarketers,Sales,41-9041,exact title,16960.0,0.3479,1.118,1.926,-1.428,0.9663,-4.697,1,0.706,3.364,1.919,0.6218,0.6891,0.05491,-0.06413,0.4022,0.5668,0.7919,1.118,0.8333,0.01592,0.01094,0.99,0.3211,-0.477,-2.519,-0.7809,-1.428,1.264,1.926,1.863,2.029,1.51
Telephone Operators,Telephone Operators,Office & admin support,43-2021,exact title,4292.0,0.344,1.02,1.412,-0.8204,1.675,-2.644,1,0.6457,3.628,1.851,0.7532,0.6644,0.0516,-0.07338,0.6756,0.3359,0.4421,1.02,0.7368,0.3459,0.3085,0.97,0.5116,0.8028,-1.262,-0.1608,-0.8204,0.8291,1.412,1.348,1.683,1.916
Tellers,Tellers,Office & admin support,43-3071,exact title,114900.0,0.4391,0.4728,0.4311,-0.05733,0.8798,-0.2154,2,0.6296,3.592,2.684,0.8718,0.7754,0.04847,0.04687,0.39,0.1621,-0.05845,0.4728,0.4375,0.2298,0.121,0.98,0.5579,0.7163,0.0834,0.5203,-0.05733,0.4029,0.4311,0.4398,0.5616,0.6397
Terrazzo Workers and Finishers,Terrazzo Workers and Finishers,Construction & extraction,47-2053,exact title,1722.0,0.5188,-1.776,-1.685,-1.536,-6.022,0.1005,0,0.348,3.885,2.081,,,0.03126,,-1.371,-1.362,-0.05583,-1.776,0.04545,0.1632,0.5209,0.88,-1.747,-1.767,-1.331,-1.673,-1.536,-1.649,-1.685,-1.683,-1.731,-1.839
Textile Bleaching and Dyeing Machine Operators and Tenders,Textile Bleaching and Dyeing Machine Operators and Tenders,Production,51-6061,exact title,1185.0,0.3854,-0.8609,-0.923,-0.8293,-2.987,0.4201,0,0.4508,3.399,2.533,,,0.03797,,-0.5907,-0.8269,-0.04451,-0.8609,0.2368,1.045,1.02,0.97,-0.6401,-0.203,-0.607,-0.7503,-0.8293,-0.8816,-0.923,-0.9145,-0.8773,-0.7326
"Textile Knitting and Weaving Machine Setters, Operators, and Tenders","Textile Knitting and Weaving Machine Setters, Operators, and Tenders",Production,51-6063,exact title,505.0,0.411,-1.242,-1.156,-1.502,-4.361,-0.05452,0,0.377,3.526,2.023,,,0.03453,,-0.8393,-1.245,0.1689,-1.242,0.25,0.9849,0.8849,0.73,-1.158,-0.4579,-1.331,-1.419,-1.502,-1.279,-1.156,-1.162,-1.113,-1.05
"Therapists, All Other","Therapists, All Other",Healthcare practitioners,21-1013,fuzzy title,1171.0,0.3712,1.367,1.473,0.8573,3.231,-1.185,1,0.7591,3.91,8.423,0.7826,0.778,0.07537,0.07292,-0.3487,0.2409,-0.007643,,,,,,1.179,0.7299,0.3371,0.6861,0.8573,1.336,1.473,1.435,1.52,1.747
Timing Device Assemblers and Adjusters,Timing Device Assemblers and Adjusters,Production,51-2093,fuzzy title,4873.0,0.4642,-0.2553,-0.6354,0.6285,-0.2727,2.469,2,0.4845,,2.342,,,0.04608,,0.7331,-0.1489,0.04442,-0.2553,0.0,0.2639,0.4191,0.98,0.2243,1.73,1.067,0.4655,0.6285,-0.5721,-0.6354,-0.6588,-0.6019,-0.3285
Tire Builders,Tire Builders,Production,51-9197,exact title,911.0,0.5346,-1.611,-1.463,-1.899,-5.615,-0.367,0,0.3394,3.87,1.878,0.1165,0.7245,0.03036,0.04709,-1.293,-1.473,0.1036,-1.611,0.0,0.4312,0.7112,0.94,-1.611,-1.178,-1.723,-1.844,-1.899,-1.586,-1.463,-1.48,-1.431,-1.29
Tire Repairers and Changers,Tire Repairers and Changers,Installation & repair,49-3093,exact title,2081.0,0.5044,-1.551,-1.423,-1.562,-5.424,-0.1284,0,0.3733,3.387,2.263,,,0.03128,,-1.358,-1.322,-0.02552,-1.551,0.0,0.2468,0.6229,0.7,-1.598,-1.588,-1.285,-1.5,-1.562,-1.429,-1.423,-1.424,-1.459,-1.588
"Title Examiners, Abstractors, and Searchers","Title Examiners, Abstractors, and Searchers",Legal,23-2093,exact title,7645.0,0.4578,1.28,1.384,0.6196,2.977,-0.8743,1,0.7423,3.857,3.05,0.7217,0.8075,0.05835,0.02549,2.023,1.663,0.197,1.28,0.8571,0.05714,0.01918,0.99,0.8889,0.6294,0.654,1.061,0.6196,1.297,1.384,1.442,1.383,1.271
Tool and Die Makers,Tool and Die Makers,Production,51-4111,exact title,2722.0,0.6625,-0.5318,-0.6872,0.0744,-1.753,1.114,2,0.5054,4.043,3.421,0.02213,0.9274,0.05699,0.06962,0.3632,-0.04018,0.1009,-0.5318,0.2188,0.3795,0.6146,0.84,-0.2587,0.1168,0.1885,-0.1847,0.07441,-0.5644,-0.6872,-0.6879,-0.7288,-0.7171
Tour Guides and Escorts,Tour Guides and Escorts,Personal care,39-7011,exact title,29670.0,0.3517,0.3571,0.7356,-0.5739,-0.3373,-2.088,2,0.635,,4.101,,,0.05525,,0.2109,0.2907,0.1637,0.3571,0.3846,0.1725,0.5831,0.91,-0.1217,-0.845,-0.9677,-0.3966,-0.5739,0.4281,0.7356,0.7144,0.7876,0.5158
Traffic Technicians,Traffic Technicians,Transportation,53-6041,exact title,541.0,0.5264,0.3996,0.1289,1.031,1.304,1.478,1,0.6155,3.884,3.401,,,0.05626,,0.5092,0.3219,-0.1599,0.3996,0.7407,0.6363,0.2103,0.9,0.5671,1.046,1.356,0.9567,1.031,0.2088,0.1289,0.1201,0.1805,0.365
Training and Development Managers,Training and Development Managers,Management,11-3131,exact title,48730.0,0.3986,1.284,1.337,1.2,3.115,-0.6267,1,0.7487,4.789,6.628,0.5094,0.796,0.08347,-0.03935,0.02526,0.6829,-0.009513,1.284,0.9091,0.5692,0.07734,0.0063,1.193,0.6073,0.6517,0.9618,1.2,1.309,1.337,1.302,1.302,1.194
Training and Development Specialists,Training and Development Specialists,Business & financial,13-1151,exact title,82840.0,0.3993,1.198,1.323,0.9481,2.714,-0.9525,1,0.7404,4.12,6.334,0.5431,0.7756,0.08497,-0.01103,0.113,0.6831,0.05211,1.198,0.7632,0.2618,0.04156,0.014,0.9759,0.3891,0.3946,0.7598,0.9481,1.235,1.323,1.293,1.289,1.174
Transit and Railroad Police,Transit and Railroad Police,Protective service,33-3052,exact title,3948.0,0.4182,-0.8206,-0.7447,-0.688,-3.086,0.01509,0,0.462,4.173,4.338,,,0.03851,,-1.235,-0.9974,-0.1664,-0.8206,0.625,0.4213,0.1683,0.57,-1.039,-1.047,-0.4044,-0.7665,-0.688,-0.8247,-0.7447,-0.7646,-0.7312,-0.6631
Transportation Engineers,Transportation Engineers,Architecture & engineering,17-2199,fuzzy title,10420.0,0.4481,0.7876,0.5808,1.213,2.186,0.765,1,0.7032,4.612,6.753,,,0.07159,,1.097,1.062,-0.1047,0.7876,0.6861,0.6906,0.3361,0.014,1.092,1.003,1.032,1.062,1.213,0.7697,0.5808,0.5803,0.5507,0.5851
Transportation Inspectors,Transportation Inspectors,Transportation,53-6051,exact title,2256.0,0.5254,-0.1838,-0.3176,0.1508,-0.7589,0.9125,2,0.5276,4.379,3.492,0.1459,0.7532,0.04223,-0.01391,0.03994,-0.2657,-0.1255,-0.1838,0.4086,1.14,0.6014,0.9,-0.2048,0.2492,0.5589,0.1812,0.1508,-0.3254,-0.3176,-0.3085,-0.2774,-0.1283
"Transportation Vehicle, Equipment and Systems Inspectors, Except Aviation","Transportation Vehicle, Equipment and Systems Inspectors, Except Aviation",Transportation,53-6051,fuzzy title,3323.0,0.5419,-0.1838,-0.3176,0.1508,-0.7589,0.9125,2,0.5276,4.379,3.492,0.1459,0.7532,0.04223,0.002658,0.03994,-0.2657,-0.1255,-0.1838,0.4086,1.14,0.6014,0.9,-0.2048,0.2492,0.5589,0.1812,0.1508,-0.3254,-0.3176,-0.3085,-0.2774,-0.1283
"Transportation, Storage, and Distribution Managers","Transportation, Storage, and Distribution Managers",Management,11-3071,exact title,72420.0,0.5456,0.8908,0.9045,0.7731,2.139,-0.3027,1,0.7128,4.587,5.054,0.2049,0.787,0.06973,0.01548,0.3503,0.6371,-0.0008735,0.8908,0.7839,0.65,0.2576,0.59,0.928,0.5863,0.5225,0.8221,0.7731,0.9296,0.9045,0.888,0.9009,0.8793
Travel Agents,Travel Agents,Sales,41-3041,exact title,20260.0,0.4218,1.134,1.278,0.3339,2.472,-1.271,1,0.712,3.78,3.929,0.8252,0.7836,0.07043,0.06371,0.3876,0.6578,0.1391,1.134,0.875,0.3539,0.2934,0.099,0.9604,0.7415,-0.06646,0.606,0.3339,1.091,1.278,1.254,1.343,1.412
Travel Guides,Travel Guides,Personal care,39-7012,exact title,2761.0,0.3417,0.6084,0.5527,0.6071,1.494,0.2988,1,0.625,,3.82,,,0.06104,,-0.2865,-0.05358,0.06748,0.6084,0.48,0.1699,0.1159,0.057,0.5469,0.9082,0.6605,0.6922,0.6071,0.382,0.5527,0.5107,0.6727,0.7727
Tree Trimmers and Pruners,Tree Trimmers and Pruners,Building & grounds,37-3013,exact title,2167.0,0.4611,-1.727,-1.581,-1.711,-5.956,-0.1813,0,0.3506,3.85,1.531,0.0416,0.7628,0.03002,-0.06555,-1.687,-1.519,0.04652,-1.727,0.122,0.3336,0.9593,0.77,-1.772,-1.642,-1.525,-1.793,-1.711,-1.652,-1.581,-1.603,-1.581,-1.634
"Umpires, Referees, and Other Sports Officials","Umpires, Referees, and Other Sports Officials",Arts & media,27-2023,exact title,3533.0,0.4306,-0.03256,-0.1455,0.1599,-0.4306,0.4196,2,0.5571,3.58,2.517,0.2179,0.8047,0.03906,-0.01031,-0.1167,-0.2378,-0.4409,-0.03256,0.2083,0.2829,0.2109,0.98,-0.2629,-0.2557,0.6939,0.1985,0.1599,-0.1567,-0.1455,-0.08601,-0.009501,0.3742
"Underground Mining Machine Operators, All Other","Underground Mining Machine Operators, All Other",Construction & extraction,53-7033,fuzzy title,1345.0,0.6195,-1.263,-1.39,-0.7546,-3.861,1.336,0,0.3618,,1.613,,,0.03145,,-1.099,-1.307,-0.04206,-1.2,,0.4823,1.968,0.59,-1.26,-0.3396,-0.05306,-0.7608,-0.7546,-1.444,-1.39,-1.384,-1.33,-1.068
Urban and Regional Planners,Urban and Regional Planners,"Life, physical & social science",19-3051,exact title,24730.0,0.3868,1.228,1.075,1.642,3.415,0.5133,1,0.7522,4.363,8.112,0.4484,0.8094,0.07781,0.01066,0.9881,1.302,0.01958,1.228,0.8864,0.5874,0.08005,0.13,1.338,1.065,1.36,1.412,1.642,1.158,1.075,1.063,1.058,1.017
"Ushers, Lobby Attendants, and Ticket Takers","Ushers, Lobby Attendants, and Ticket Takers",Personal care,39-3031,exact title,9316.0,0.3154,-0.2421,-0.1113,-0.6087,-1.534,-0.6246,2,0.5243,3.196,1.841,0.4388,0.7186,0.0452,-0.1715,-0.2532,-0.3585,-0.06469,-0.2421,0.2571,0.1913,0.9321,0.96,-0.45,-0.5136,-0.525,-0.4429,-0.6087,-0.2637,-0.1113,-0.1168,-0.06008,-0.0006764
Validation Engineers,Validation Engineers,Architecture & engineering,17-2199,fuzzy title,22480.0,0.4273,0.7876,0.5808,1.213,2.186,0.765,1,0.7032,4.612,6.753,,,0.07159,,1.097,1.062,-0.1047,0.7876,0.6861,0.6906,0.3361,0.014,1.092,1.003,1.032,1.062,1.213,0.7697,0.5808,0.5803,0.5507,0.5851
Veterinarians,Veterinarians,Healthcare practitioners,29-1131,exact title,14160.0,0.3889,-0.075,-0.08426,-0.1381,-0.7672,0.09633,2,0.5744,4.609,10.78,0.6173,0.9078,0.04758,-0.02186,-0.3954,-0.3792,0.02297,-0.075,0.4324,0.6453,0.4217,0.038,0.1684,0.2506,-0.225,-0.1118,-0.1381,-0.01542,-0.08426,-0.1125,-0.1431,-0.25
Veterinary Assistants and Laboratory Animal Caretakers,Veterinary Assistants and Laboratory Animal Caretakers,Healthcare support,31-9096,exact title,11150.0,0.3058,-0.7736,-0.5899,-1.299,-3.344,-0.9613,0,0.4945,3.394,3.281,0.8425,0.8353,0.03938,-0.06729,-0.7038,-0.7419,-0.04209,-0.7736,0.1481,0.7329,0.5439,0.86,-0.8072,-1.091,-1.335,-1.076,-1.299,-0.6072,-0.5899,-0.5824,-0.5936,-0.7246
Veterinary Technologists and Technicians,Veterinary Technologists and Technicians,Healthcare practitioners,29-2056,exact title,12380.0,0.3619,-0.3623,-0.282,-0.6736,-1.865,-0.5291,2,0.5416,3.607,4.517,0.8793,0.843,0.05109,-0.07473,-0.4856,-0.4953,-0.04788,-0.3623,0.2295,0.3572,0.5455,0.029,-0.2752,-0.4235,-0.77,-0.5919,-0.6736,-0.2784,-0.282,-0.2936,-0.2876,-0.25
Waiters and Waitresses,Waiters and Waitresses,Food preparation,35-3031,exact title,93010.0,0.3328,-0.9481,-0.4693,-2.113,-4.552,-2.612,0,0.4839,3.258,2.174,0.7176,0.7106,0.03778,0.02229,-1.244,-1.054,0.1055,-0.9481,0.2449,0.112,0.2666,0.94,-1.295,-2.105,-2.564,-1.868,-2.113,-0.6678,-0.4693,-0.4672,-0.469,-0.6916
Water and Wastewater Treatment Plant and System Operators,Water and Wastewater Treatment Plant and System Operators,Production,51-8099,fuzzy title,3494.0,0.5595,-0.6702,-0.8108,-0.3448,-2.186,0.9516,2,0.4628,3.917,2.683,,,0.03732,,-0.7902,-0.848,-0.1357,-0.445,0.25,1.488,0.6972,0.61,-0.5792,-0.0269,0.1123,-0.2999,-0.3449,-0.7852,-0.8108,-0.8031,-0.7444,-0.4979
Web Developers,Web Developers,Computer & mathematical,15-1134,exact title,52740.0,0.3391,1.089,0.7888,1.765,3.289,1.181,1,0.7302,,4.75,,,0.07572,,1.936,1.749,-0.1916,1.089,0.9808,0.3287,0.117,,1.444,1.458,1.584,1.406,1.765,1.021,0.7888,0.8005,0.746,0.906
"Weighers, Measurers, Checkers, and Samplers, Recordkeeping","Weighers, Measurers, Checkers, and Samplers, Recordkeeping",Office & admin support,43-5111,exact title,2190.0,0.4088,-0.1861,-0.3529,0.003654,-0.7435,0.8647,2,0.5339,3.627,2.381,0.4937,0.7373,0.04944,-0.04889,0.172,-0.139,-0.1431,-0.1861,0.3793,0.4415,0.5257,0.95,-0.1208,0.2216,0.5445,0.2594,0.003654,-0.2705,-0.3529,-0.318,-0.2937,-0.07106
"Welders, Cutters, Solderers, and Brazers","Welders, Cutters, Solderers, and Brazers",Production,51-4121,exact title,12910.0,0.5655,-1.198,-1.298,-0.6966,-3.814,1.075,0,0.3991,3.85,2.269,,,0.03334,,-0.6067,-0.989,-0.03404,-1.198,0.07843,0.2575,1.188,0.94,-1.055,-0.4917,-0.2824,-0.7925,-0.6966,-1.249,-1.298,-1.29,-1.295,-1.267
Wellhead Pumpers,Wellhead Pumpers,Transportation,53-7073,exact title,1175.0,0.6721,-1.091,-1.099,-0.9525,-3.755,0.432,0,0.4264,4.155,2.318,,,0.03618,,-0.6765,-1.023,0.11,-1.091,0.0,0.5867,1.86,0.84,-0.9926,-0.7865,-0.5289,-0.9397,-0.9525,-1.061,-1.099,-1.105,-1.1,-1.09
"Wholesale and Retail Buyers, Except Farm Products","Wholesale and Retail Buyers, Except Farm Products",Business & financial,13-1022,exact title,28650.0,0.4258,0.8188,0.7912,0.6689,1.821,-0.3071,1,0.7151,,3.94,0.5716,0.8024,0.07462,,0.267,0.5791,-0.1389,0.8188,0.7,0.6383,0.2394,0.29,0.9198,0.4284,0.4176,0.7908,0.6689,0.9064,0.7912,0.8006,0.7603,0.668
Wind Energy Development Managers,Wind Energy Development Managers,Management,11-9199,fuzzy title,15330.0,0.5055,0.9647,0.91,0.9635,2.4,-0.04875,1,0.7153,4.826,6.13,,,0.06819,,0.5274,0.7676,-0.07831,0.9647,0.632,0.4303,0.1005,0.25,0.9705,0.646,0.8331,0.955,0.9635,0.9659,0.91,0.9077,0.9032,0.9366
Wind Energy Engineers,Wind Energy Engineers,Architecture & engineering,17-2199,fuzzy title,2795.0,0.4701,0.7876,0.5808,1.213,2.186,0.765,1,0.7032,4.612,6.753,,,0.07159,,1.097,1.062,-0.1047,0.7876,0.6861,0.6906,0.3361,0.014,1.092,1.003,1.032,1.062,1.213,0.7697,0.5808,0.5803,0.5507,0.5851
Wind Energy Operations Managers,Wind Energy Operations Managers,Management,11-9199,fuzzy title,12750.0,0.5543,0.9647,0.91,0.9635,2.4,-0.04875,1,0.7153,4.826,6.13,,,0.06819,,0.5274,0.7676,-0.07831,0.9647,0.632,0.4303,0.1005,0.25,0.9705,0.646,0.8331,0.955,0.9635,0.9659,0.91,0.9077,0.9032,0.9366
Wind Turbine Service Technicians,Wind Turbine Service Technicians,Installation & repair,49-9081,exact title,1047.0,0.5197,-0.971,-0.9838,-0.5755,-3.36,0.5077,0,0.4447,4.03,3.085,,,0.03793,,-0.7024,-0.785,-0.1012,-0.971,0.08696,0.4087,0.9213,,-0.9576,-0.774,-0.3861,-0.8096,-0.5755,-0.9631,-0.9838,-0.9804,-1.011,-0.9952
Word Processors and Typists,Word Processors and Typists,Office & admin support,43-9022,exact title,1241.0,0.4194,0.622,0.5072,0.5259,1.574,0.6015,1,0.6264,3.785,2.979,0.8521,0.7355,0.05246,0.03633,1.625,1.059,-0.0365,0.622,0.7838,0.112,0.2809,0.81,0.5581,1.167,0.8923,0.8422,0.5259,0.5308,0.5072,0.5827,0.4996,0.5218
Writers and Authors,Writers and Authors,Arts & media,27-3043,exact title,134600.0,0.2719,0.9879,1.17,1.17,2.016,-0.9425,1,0.7503,4.241,5.093,0.6098,0.861,0.09835,-0.07768,2.168,2.462,0.455,0.9879,0.9074,0.211,0.03825,0.038,0.824,0.02444,0.1217,0.4453,1.17,1.207,1.17,1.146,0.971,0.5711
Zoologists and Wildlife Biologists,Zoologists and Wildlife Biologists,"Life, physical & social science",19-1023,exact title,8518.0,0.2815,0.3176,0.3267,0.3152,0.3564,-0.0709,2,0.6366,4.169,7.502,,,0.05814,,-0.005388,0.1254,0.1033,0.3176,0.7619,0.6127,0.2894,0.3,0.2269,0.044,0.2934,0.3667,0.3152,0.3507,0.3267,0.3399,0.2892,0.2188
