state,name,state_fips,year,vr_rep_share,aige,net_migration_rate,mover_income_gap,coverage,cspp_grtw,cspp_hincomemed,cspp_incomepcap,cspp_inst6014_nom,cspp_masseconlib_est,cspp_masssociallib_est,cspp_perc_college,cspp_policyeconlib_est,cspp_policysociallib_est,cspp_propgopleg,cspp_propgoppres,cspp_ranney4_control,cspp_unemployment,cspp_x_top_corporateincometaxrate
AL,Alabama,01,2000,,0.5171,,,,1.0,,24070.0,83.07,-0.1289,-0.1361,19.33,-1.35,-1.27,,,1.0,4.6,5.0
AL,Alabama,01,2001,,0.5171,,,,1.0,,25070.0,83.07,-0.03446,-0.2063,19.52,-1.087,-1.168,,,1.0,5.3,6.5
AL,Alabama,01,2002,,0.5171,,,,1.0,,25760.0,83.07,-0.1555,-0.2519,20.75,-1.361,-1.348,,,0.5,5.9,6.5
AL,Alabama,01,2003,,0.5171,,,,1.0,,26660.0,46.1,0.1078,-0.3606,21.33,-1.395,-1.375,,,0.5,5.8,6.5
AL,Alabama,01,2004,,0.5171,,,,1.0,,28260.0,46.1,-0.03768,-0.2872,21.99,-1.28,-1.306,,,0.5,5.8,6.5
AL,Alabama,01,2005,,0.5171,,,,1.0,,29680.0,46.1,-0.05275,-0.2621,21.2,-1.268,-1.291,,,0.5,4.5,6.5
AL,Alabama,01,2006,,0.5171,,,,1.0,,31210.0,46.1,-0.059,-0.06634,21.11,-1.291,-1.477,,,0.5,4.0,6.5
AL,Alabama,01,2007,,0.5171,,,,1.0,,32530.0,45.22,-0.02188,-0.1056,21.58,-1.336,-1.489,,,0.5,4.0,6.5
AL,Alabama,01,2008,,0.5171,,,,1.0,,33950.0,45.62,-0.1522,-0.1858,22.38,-1.367,-1.514,,,0.5,5.7,6.5
AL,Alabama,01,2009,,0.5171,,,,1.0,,32660.0,42.33,-0.3828,-0.2919,22.21,-0.9906,-1.572,,,0.5,11.0,6.5
AL,Alabama,01,2010,,0.5171,,,,1.0,,33520.0,41.78,-0.4561,0.03294,22.37,-0.9795,-1.538,42.1,60.4,0.0,10.5,6.5
AL,Alabama,01,2011,,0.5171,,,,1.0,,34990.0,20.54,-0.4574,0.07989,22.8,-0.9456,-1.554,62.9,60.4,0.0,9.6,6.5
AL,Alabama,01,2012,0.638,0.5171,,,0.06115,1.0,43160.0,35880.0,19.96,-0.4104,0.09687,23.66,-0.915,-1.602,62.1,60.4,0.0,8.0,6.5
AL,Alabama,01,2013,0.6327,0.5171,-0.0003663,2.126,0.06462,1.0,43250.0,36100.0,19.06,-0.5821,0.09471,23.74,-1.446,-1.582,62.1,60.7,0.0,7.2,6.5
AL,Alabama,01,2014,0.629,0.5171,-0.001709,2.143,0.06775,1.0,43510.0,37260.0,19.06,-0.5248,0.07022,23.36,-1.37,-1.577,63.6,60.7,0.0,6.8,6.5
AL,Alabama,01,2015,0.6269,0.5171,-0.001257,-0.01372,0.07078,1.0,43620.0,38870.0,,,,24.32,,,70.0,60.7,0.0,6.1,
AL,Alabama,01,2016,0.6237,0.5171,-0.0002388,-3.296,0.0741,1.0,44760.0,39510.0,,,,25.11,,,70.0,60.7,0.0,6.0,
AL,Alabama,01,2017,0.6223,0.5171,0.002275,4.973,0.07762,,46470.0,41000.0,,,,,,,70.0,62.1,,4.4,
AL,Alabama,01,2018,0.6184,0.5171,0.001368,3.18,0.08115,,48490.0,42680.0,,,,,,,,,,,
AL,Alabama,01,2019,0.6165,0.5171,0.001485,1.956,0.08394,,50540.0,44100.0,,,,,,,,,,,6.5
AL,Alabama,01,2020,0.6171,0.5171,0.004194,1.105,0.08524,,,,,,,,,,,,,,
AL,Alabama,01,2021,0.6163,0.5171,0.004997,3.512,0.08629,,,,,,,,,,,,,,
AL,Alabama,01,2022,0.6184,0.5171,0.004717,3.827,0.08674,,,,,,,,,,,,,,
AL,Alabama,01,2023,0.6196,0.5171,,,0.08671,,,,,,,,,,,,,,
AL,Alabama,01,2024,0.6207,0.5171,,,0.08548,,,,,,,,,,,,,,
AL,Alabama,01,2025,,0.5171,,,,,,,,,,,,,,,,,
AK,Alaska,02,2000,,0.471,,,,0.0,,30510.0,51.13,-0.2575,0.7572,26.77,0.326,0.2225,,,0.5,6.6,9.4
AK,Alaska,02,2001,,0.471,,,,0.0,,32250.0,50.81,-0.1586,0.9103,25.96,0.2198,0.506,,,0.5,6.3,9.4
AK,Alaska,02,2002,,0.471,,,,0.0,,33170.0,50.81,-0.2312,1.037,28.1,0.1778,0.4763,,,0.0,7.7,9.4
AK,Alaska,02,2003,,0.471,,,,0.0,,33660.0,35.99,-0.0327,1.006,26.69,-0.03722,0.4524,,,0.0,8.0,9.4
AK,Alaska,02,2004,,0.471,,,,0.0,,34990.0,35.99,-0.1166,0.903,27.37,0.1024,0.2971,,,0.0,7.5,9.4
AK,Alaska,02,2005,,0.471,,,,0.0,,36910.0,35.99,-0.1584,0.7611,27.28,-0.01567,0.257,,,0.0,6.9,9.4
AK,Alaska,02,2006,,0.471,,,,0.0,,38950.0,35.99,-0.1617,0.6857,26.89,-0.1303,0.2435,,,0.0,6.6,9.4
AK,Alaska,02,2007,,0.471,,,,0.0,,41320.0,35.99,-0.1423,0.6855,26.16,-0.2843,0.1876,,,0.0,6.3,9.4
AK,Alaska,02,2008,,0.471,,,,0.0,,44800.0,39.03,-0.1657,0.6409,27.33,-0.2289,0.1853,,,0.5,6.7,9.4
AK,Alaska,02,2009,,0.471,,,,0.0,,43230.0,42.48,-0.3361,0.4386,27.08,-0.4041,0.1233,,,0.5,7.7,9.4
AK,Alaska,02,2010,,0.471,,,,0.0,,44200.0,42.48,-0.4231,0.4851,28.71,-0.2034,0.05459,53.3,59.8,0.5,7.9,9.4
AK,Alaska,02,2011,,0.471,,,,0.0,,52370.0,40.47,-0.4057,0.4374,25.88,-0.1914,0.005251,56.7,59.8,0.5,7.6,9.4
AK,Alaska,02,2012,0.6333,0.471,,,0.08573,0.0,69920.0,53600.0,42.48,-0.4091,0.4634,29.0,-0.2096,0.000489,53.3,59.8,0.5,7.1,9.4
AK,Alaska,02,2013,0.631,0.471,-0.01108,-13.96,0.0911,0.0,70760.0,52680.0,35.44,-0.4671,0.4452,29.41,0.1288,-0.1086,63.3,55.3,0.0,6.9,9.4
AK,Alaska,02,2014,0.6252,0.471,-0.01148,-5.14,0.09539,0.0,71830.0,55780.0,35.44,-0.4611,0.4536,29.35,-0.1812,-0.09051,65.0,55.3,0.0,6.8,9.4
AK,Alaska,02,2015,0.6222,0.471,-0.004349,-4.463,0.09918,0.0,72520.0,57560.0,,,,28.55,,,61.7,55.3,0.5,6.4,
AK,Alaska,02,2016,0.6196,0.471,-0.008672,-8.732,0.1013,0.0,74440.0,56220.0,,,,29.42,,,61.7,55.3,0.5,6.6,
AK,Alaska,02,2017,0.6172,0.471,-0.02255,-10.68,0.1037,,76110.0,57300.0,,,,,,,58.3,51.3,,7.2,
AK,Alaska,02,2018,0.6152,0.471,-0.01461,-5.788,0.1065,,76720.0,60230.0,,,,,,,,,,,
AK,Alaska,02,2019,0.6151,0.471,-0.01123,-6.754,0.1086,,77640.0,62630.0,,,,,,,,,,,9.4
AK,Alaska,02,2020,0.6146,0.471,-0.009922,-7.092,0.1085,,,,,,,,,,,,,,
AK,Alaska,02,2021,0.614,0.471,-0.006086,-7.446,0.1083,,,,,,,,,,,,,,
AK,Alaska,02,2022,0.6113,0.471,-0.007809,-10.31,0.1085,,,,,,,,,,,,,,
AK,Alaska,02,2023,0.612,0.471,,,0.1087,,,,,,,,,,,,,,
AK,Alaska,02,2024,0.6121,0.471,,,0.1073,,,,,,,,,,,,,,
AK,Alaska,02,2025,,0.471,,,,,,,,,,,,,,,,,
AZ,Arizona,04,2000,,0.9088,,,,1.0,,26290.0,11.95,-0.2712,0.347,23.73,-0.8683,-0.5993,,,0.5,3.9,8.0
AZ,Arizona,04,2001,,0.9088,,,,1.0,,27090.0,16.74,-0.1692,0.4025,23.47,-0.5704,-0.569,,,0.5,4.7,6.97
AZ,Arizona,04,2002,,0.9088,,,,1.0,,27460.0,16.74,-0.2719,0.5433,23.5,-0.9333,-0.2853,,,0.5,6.2,6.97
AZ,Arizona,04,2003,,0.9088,,,,1.0,,28240.0,54.48,-0.03309,0.4622,24.51,-0.873,-0.2642,,,0.5,5.6,6.97
AZ,Arizona,04,2004,,0.9088,,,,1.0,,30080.0,54.48,-0.1551,0.5702,25.0,-0.9503,-0.3337,,,0.5,5.1,6.97
AZ,Arizona,04,2005,,0.9088,,,,1.0,,32220.0,51.67,-0.1394,0.5493,25.83,-1.014,-0.384,,,0.5,4.7,6.97
AZ,Arizona,04,2006,,0.9088,,,,1.0,,34330.0,51.67,-0.1931,0.7367,25.78,-0.8247,-0.5876,,,0.5,4.2,6.97
AZ,Arizona,04,2007,,0.9088,,,,1.0,,35440.0,49.71,-0.1669,0.7707,25.49,-0.4901,-0.4571,,,0.5,3.9,6.97
AZ,Arizona,04,2008,,0.9088,,,,1.0,,36050.0,49.71,-0.138,0.9731,25.57,-0.7592,-0.4697,,,0.0,6.2,6.97
AZ,Arizona,04,2009,,0.9088,,,,1.0,,33960.0,5.461,-0.3232,0.6528,25.73,-1.091,-0.4818,,,0.0,9.9,6.97
AZ,Arizona,04,2010,,0.9088,,,,1.0,,34550.0,5.461,-0.4264,1.033,26.28,-0.9358,-0.536,58.9,53.8,0.0,10.4,6.97
AZ,Arizona,04,2011,,0.9088,,,,1.0,,34970.0,4.106,-0.3567,0.9477,26.68,-0.6834,-0.6572,67.8,53.8,0.0,9.5,6.97
AZ,Arizona,04,2012,0.5528,0.9088,,,0.1241,1.0,50260.0,36120.0,4.106,-0.3299,1.117,27.84,-0.7211,-0.6506,67.8,53.8,0.0,8.3,6.97
AZ,Arizona,04,2013,0.5483,0.9088,0.004237,9.864,0.1311,1.0,49770.0,36600.0,4.511,-0.4278,1.241,27.82,-1.24,-0.6903,58.9,54.2,0.0,7.7,6.5
AZ,Arizona,04,2014,0.543,0.9088,0.005226,5.241,0.1379,1.0,49930.0,38230.0,3.017,-0.4512,1.451,27.82,-1.221,-0.6278,58.9,54.2,0.0,6.8,6.5
AZ,Arizona,04,2015,0.5388,0.9088,0.004466,9.131,0.145,1.0,50260.0,39700.0,,,,28.32,,,58.9,54.2,0.0,6.0,
AZ,Arizona,04,2016,0.5333,0.9088,0.01023,5.338,0.1522,1.0,51340.0,40780.0,,,,29.12,,,60.0,54.2,0.0,5.3,
AZ,Arizona,04,2017,0.5285,0.9088,0.01625,9.671,0.1599,,53510.0,42570.0,,,,,,,57.8,48.1,,4.9,
AZ,Arizona,04,2018,0.5254,0.9088,0.01402,11.41,0.168,,56210.0,44560.0,,,,,,,,,,,
AZ,Arizona,04,2019,0.5226,0.9088,0.01408,10.72,0.1749,,58940.0,45980.0,,,,,,,,,,,4.9
AZ,Arizona,04,2020,0.5219,0.9088,0.01631,12.51,0.1781,,,,,,,,,,,,,,
AZ,Arizona,04,2021,0.5197,0.9088,0.01207,15.02,0.1812,,,,,,,,,,,,,,
AZ,Arizona,04,2022,0.5182,0.9088,0.007806,14.19,0.1835,,,,,,,,,,,,,,
AZ,Arizona,04,2023,0.5185,0.9088,,,0.1837,,,,,,,,,,,,,,
AZ,Arizona,04,2024,0.5183,0.9088,,,0.1813,,,,,,,,,,,,,,
AZ,Arizona,04,2025,,0.9088,,,,,,,,,,,,,,,,,
AR,Arkansas,05,2000,,0.243,,,,1.0,,22570.0,48.12,-0.09194,-0.1922,16.64,-1.08,-1.483,,,0.5,4.4,6.5
AR,Arkansas,05,2001,,0.243,,,,1.0,,23860.0,47.31,0.01214,-0.2293,18.18,-0.9647,-2.058,,,0.5,5.1,6.5
AR,Arkansas,05,2002,,0.243,,,,1.0,,24260.0,47.31,-0.1553,-0.2871,19.98,-0.9161,-2.08,,,0.5,5.4,6.5
AR,Arkansas,05,2003,,0.243,,,,1.0,,25410.0,46.89,0.08812,-0.3852,19.29,-0.9966,-1.811,,,0.5,6.2,6.5
AR,Arkansas,05,2004,,0.243,,,,1.0,,26810.0,46.89,-0.102,-0.3433,18.19,-0.9714,-2.033,,,0.5,5.9,6.5
AR,Arkansas,05,2005,,0.243,,,,1.0,,27860.0,46.89,-0.09992,-0.2233,18.87,-0.9321,-2.189,,,0.5,5.2,6.5
AR,Arkansas,05,2006,,0.243,,,,1.0,,29380.0,46.89,-0.2247,-0.1188,18.7,-0.6982,-1.982,,,1.0,5.2,6.5
AR,Arkansas,05,2007,,0.243,,,,1.0,,31350.0,74.58,-0.1409,-0.1457,19.45,-0.5589,-1.992,,,1.0,5.3,6.5
AR,Arkansas,05,2008,,0.243,,,,1.0,,32830.0,74.58,-0.2511,-0.179,19.25,-0.751,-2.045,,,1.0,5.5,6.5
AR,Arkansas,05,2009,,0.243,,,,1.0,,31970.0,74.58,-0.2941,-0.337,19.03,-0.6756,-1.957,,,1.0,7.8,6.5
AR,Arkansas,05,2010,,0.243,,,,1.0,,32680.0,74.58,-0.4704,0.05874,19.85,-0.9611,-1.777,26.7,58.8,1.0,8.2,6.5
AR,Arkansas,05,2011,,0.243,,,,1.0,,33860.0,68.77,-0.3774,0.002116,20.61,-1.066,-1.747,43.7,58.8,1.0,8.3,6.5
AR,Arkansas,05,2012,0.6301,0.243,,,0.0808,1.0,40530.0,36230.0,68.49,-0.4026,0.03619,21.47,-1.099,-1.777,44.4,58.8,1.0,7.6,6.5
AR,Arkansas,05,2013,0.6254,0.243,-0.001177,0.2261,0.08574,1.0,40770.0,36220.0,48.9,-0.4528,-0.005436,20.86,-1.229,-1.79,53.3,60.5,0.5,7.3,6.5
AR,Arkansas,05,2014,0.6218,0.243,-0.002353,1.445,0.0905,1.0,41260.0,38250.0,48.9,-0.3751,-0.01847,21.61,-1.139,-1.85,54.1,60.5,0.5,6.1,6.5
AR,Arkansas,05,2015,0.619,0.243,-0.00101,-1.542,0.09544,1.0,41370.0,39490.0,,,,21.75,,,65.2,60.5,0.0,5.1,
AR,Arkansas,05,2016,0.6153,0.243,-0.0002919,-0.9262,0.1,1.0,42340.0,40360.0,,,,22.35,,,65.2,60.5,0.0,4.0,
AR,Arkansas,05,2017,0.6118,0.243,0.001849,-0.7021,0.1045,,43810.0,41620.0,,,,,,,75.6,60.6,,3.7,
AR,Arkansas,05,2018,0.6094,0.243,0.0007216,-2.075,0.1087,,45730.0,43290.0,,,,,,,,,,,
AR,Arkansas,05,2019,0.6077,0.243,0.0003725,-2.25,0.1121,,47600.0,44580.0,,,,,,,,,,,6.5
AR,Arkansas,05,2020,0.609,0.243,0.00395,0.02469,0.1133,,,,,,,,,,,,,,
AR,Arkansas,05,2021,0.6088,0.243,0.006452,4.254,0.1149,,,,,,,,,,,,,,
AR,Arkansas,05,2022,0.6079,0.243,0.005928,1.558,0.1163,,,,,,,,,,,,,,
AR,Arkansas,05,2023,0.6088,0.243,,,0.1168,,,,,,,,,,,,,,
AR,Arkansas,05,2024,0.6098,0.243,,,0.1157,,,,,,,,,,,,,,
AR,Arkansas,05,2025,,0.243,,,,,,,,,,,,,,,,,
CA,California,06,2000,,1.028,,,,0.0,,33400.0,89.61,-0.1228,0.736,27.53,2.004,2.225,,,1.0,4.9,8.84
CA,California,06,2001,,1.028,,,,0.0,,33900.0,89.25,0.06341,0.8803,28.66,2.005,2.259,,,1.0,5.3,8.84
CA,California,06,2002,,1.028,,,,0.0,,34050.0,89.25,-0.05481,1.032,29.05,2.081,2.228,,,1.0,6.7,8.84
CA,California,06,2003,,1.028,,,,0.0,,34980.0,89.68,0.2778,0.9712,29.6,2.217,2.603,,,0.5,6.7,8.84
CA,California,06,2004,,1.028,,,,0.0,,36890.0,51.75,-0.06134,1.0,29.9,2.111,2.488,,,0.5,6.2,8.84
CA,California,06,2005,,1.028,,,,0.0,,38730.0,50.92,0.1082,1.01,30.09,1.884,2.612,,,0.5,5.4,8.84
CA,California,06,2006,,1.028,,,,0.0,,41520.0,50.92,0.04678,1.054,29.6,1.656,2.503,,,0.5,4.9,8.84
CA,California,06,2007,,1.028,,,,0.0,,43210.0,50.56,0.03375,1.176,30.03,1.895,2.424,,,0.5,5.4,8.84
CA,California,06,2008,,1.028,,,,0.0,,43990.0,50.16,0.1049,1.318,30.29,1.818,2.349,,,0.5,7.3,8.84
CA,California,06,2009,,1.028,,,,0.0,,41350.0,49.84,-0.09745,1.16,30.6,1.691,2.272,,,0.5,11.2,8.84
CA,California,06,2010,,1.028,,,,0.0,,42580.0,49.84,-0.1374,1.443,30.84,1.851,2.249,35.8,37.3,1.0,12.2,8.84
CA,California,06,2011,,1.028,,,,0.0,,46180.0,89.41,-0.1066,1.494,31.08,1.761,2.527,35.8,37.3,1.0,11.7,8.84
CA,California,06,2012,0.3576,1.028,,,0.1101,0.0,61400.0,48820.0,89.41,-0.1139,1.753,31.77,1.759,2.513,35.8,37.3,1.0,10.4,8.84
CA,California,06,2013,0.3542,1.028,-0.000689,-10.08,0.1162,0.0,61090.0,49310.0,87.43,-0.09448,1.944,31.88,1.585,2.728,31.7,38.3,1.0,8.9,8.84
CA,California,06,2014,0.3506,1.028,-0.000991,-0.1536,0.1226,0.0,61490.0,52380.0,87.43,0.01891,2.292,32.56,1.559,2.633,30.0,38.3,1.0,7.5,8.84
CA,California,06,2015,0.3469,1.028,-0.0006864,-6.837,0.129,0.0,61820.0,55850.0,,,,33.17,,,33.3,38.3,1.0,6.2,
CA,California,06,2016,0.3434,1.028,-0.001777,-0.2194,0.1351,0.0,63780.0,58070.0,,,,33.88,,,35.0,38.3,1.0,5.4,
CA,California,06,2017,0.34,1.028,-0.004389,-5.145,0.1413,,67170.0,60580.0,,,,,,,31.7,31.5,,4.8,
CA,California,06,2018,0.3366,1.028,-0.004098,-10.43,0.1474,,71230.0,63760.0,,,,,,,,,,,
CA,California,06,2019,0.3336,1.028,-0.004724,-8.73,0.1524,,75240.0,66740.0,,,,,,,,,,,8.84
CA,California,06,2020,0.3319,1.028,-0.007704,-22.02,0.1542,,,,,,,,,,,,,,
CA,California,06,2021,0.3292,1.028,-0.01016,-38.35,0.1565,,,,,,,,,,,,,,
CA,California,06,2022,0.3266,1.028,-0.008958,-19.22,0.1586,,,,,,,,,,,,,,
CA,California,06,2023,0.3257,1.028,,,0.1578,,,,,,,,,,,,,,
CA,California,06,2024,0.3253,1.028,,,0.1555,,,,,,,,,,,,,,
CA,California,06,2025,,1.028,,,,,,,,,,,,,,,,,
CO,Colorado,08,2000,,0.981,,,,0.0,,33990.0,7.91,-0.31,0.4909,33.1,-0.6092,-0.1163,,,0.5,2.7,4.63
CO,Colorado,08,2001,,0.981,,,,0.0,,35360.0,21.16,-0.1134,0.5908,33.88,-0.5636,-0.03484,,,0.5,3.7,4.63
CO,Colorado,08,2002,,0.981,,,,0.0,,35130.0,19.93,-0.2622,0.6586,33.71,-0.7332,-0.03437,,,0.0,5.7,4.63
CO,Colorado,08,2003,,0.981,,,,0.0,,35310.0,16.71,0.0467,0.6118,34.85,-0.7683,-0.1468,,,0.0,6.0,4.63
CO,Colorado,08,2004,,0.981,,,,0.0,,36850.0,16.71,-0.09572,0.6534,33.87,-0.7265,-0.2526,,,0.5,5.4,4.63
CO,Colorado,08,2005,,0.981,,,,0.0,,38800.0,29.3,-0.1218,0.6675,35.68,-0.6768,-0.117,,,0.5,5.0,4.63
CO,Colorado,08,2006,,0.981,,,,0.0,,41180.0,29.3,-0.1491,0.8427,34.74,-0.7528,-0.04861,,,1.0,4.3,4.63
CO,Colorado,08,2007,,0.981,,,,0.0,,42720.0,38.54,-0.1456,1.007,35.26,-0.7052,0.2144,,,1.0,3.7,4.63
CO,Colorado,08,2008,,0.981,,,,0.0,,44160.0,78.13,-0.2098,1.224,35.89,-0.7268,0.2666,,,1.0,4.8,4.63
CO,Colorado,08,2009,,0.981,,,,0.0,,41320.0,78.69,-0.3602,0.9892,36.23,-0.6731,0.2537,,,1.0,7.3,4.63
CO,Colorado,08,2010,,0.981,,,,0.0,,42230.0,78.69,-0.4439,1.367,36.85,-0.7123,0.2068,41.0,44.9,0.5,8.7,4.63
CO,Colorado,08,2011,,0.981,,,,0.0,,43570.0,67.06,-0.4206,1.321,37.16,-0.2651,0.1663,48.0,44.9,0.5,8.4,4.63
CO,Colorado,08,2012,0.446,0.981,,,0.1522,0.0,58240.0,45660.0,67.06,-0.385,1.647,37.93,-0.1682,0.1357,48.0,44.9,0.5,7.9,4.63
CO,Colorado,08,2013,0.4414,0.981,0.008031,0.5042,0.161,0.0,58430.0,47300.0,73.46,-0.4627,1.771,38.08,-0.5323,0.4857,45.0,46.5,1.0,6.8,4.63
CO,Colorado,08,2014,0.436,0.981,0.009196,-2.046,0.1702,0.0,59450.0,50690.0,72.44,-0.4835,2.117,38.37,-0.5038,0.4906,45.0,46.5,1.0,5.0,4.63
CO,Colorado,08,2015,0.43,0.981,0.009293,-5.011,0.1798,0.0,60630.0,52220.0,,,,39.8,,,49.0,46.5,0.5,3.9,
CO,Colorado,08,2016,0.4244,0.981,0.01163,2.336,0.1888,0.0,62520.0,52430.0,,,,40.33,,,49.0,46.5,0.5,3.3,
CO,Colorado,08,2017,0.4192,0.981,0.0118,5.517,0.1992,,65460.0,55550.0,,,,,,,46.0,43.3,,2.8,
CO,Colorado,08,2018,0.4138,0.981,0.009095,6.54,0.2099,,68810.0,58840.0,,,,,,,,,,,
CO,Colorado,08,2019,0.4096,0.981,0.007315,7.283,0.2192,,72330.0,61160.0,,,,,,,,,,,4.63
CO,Colorado,08,2020,0.4061,0.981,0.005522,11.7,0.2228,,,,,,,,,,,,,,
CO,Colorado,08,2021,0.4024,0.981,0.002541,13.88,0.2279,,,,,,,,,,,,,,
CO,Colorado,08,2022,0.3999,0.981,0.002885,6.489,0.2323,,,,,,,,,,,,,,
CO,Colorado,08,2023,0.3983,0.981,,,0.2328,,,,,,,,,,,,,,
CO,Colorado,08,2024,0.398,0.981,,,0.2304,,,,,,,,,,,,,,
CO,Colorado,08,2025,,0.981,,,,,,,,,,,,,,,,,
CT,Connecticut,09,2000,,1.155,,,,0.0,,41920.0,55.18,-0.01366,1.095,31.49,1.603,1.594,,,0.5,2.3,7.5
CT,Connecticut,09,2001,,1.155,,,,0.0,,43560.0,57.27,0.1254,1.24,32.99,1.49,1.59,,,0.5,3.3,7.5
CT,Connecticut,09,2002,,1.155,,,,0.0,,43240.0,57.27,0.04045,1.408,33.22,1.475,1.521,,,0.5,4.3,7.5
CT,Connecticut,09,2003,,1.155,,,,0.0,,43580.0,58.25,0.1773,1.319,34.87,1.514,1.55,,,0.5,5.5,7.5
CT,Connecticut,09,2004,,1.155,,,,0.0,,46170.0,58.25,0.1959,1.265,34.74,1.677,1.615,,,0.5,4.9,7.5
CT,Connecticut,09,2005,,1.155,,,,0.0,,48130.0,59.07,0.09414,1.148,35.18,1.566,1.669,,,0.5,4.9,7.5
CT,Connecticut,09,2006,,1.155,,,,0.0,,52320.0,59.07,0.1558,1.207,33.83,1.545,1.655,,,0.5,4.3,7.5
CT,Connecticut,09,2007,,1.155,,,,0.0,,55860.0,57.66,0.0849,1.387,34.79,1.467,1.63,,,0.5,4.5,7.5
CT,Connecticut,09,2008,,1.155,,,,0.0,,56900.0,57.66,0.02506,1.621,36.01,1.695,1.684,,,0.5,5.7,7.5
CT,Connecticut,09,2009,,1.155,,,,0.0,,53570.0,54.3,-0.07878,1.445,35.89,1.783,1.664,,,0.5,7.9,7.5
CT,Connecticut,09,2010,,1.155,,,,0.0,,54880.0,54.3,-0.2879,1.742,35.77,1.898,1.657,25.7,38.3,1.0,9.1,7.5
CT,Connecticut,09,2011,,1.155,,,,0.0,,63790.0,82.22,-0.1805,1.749,36.61,1.772,1.886,34.2,38.3,1.0,8.8,7.5
CT,Connecticut,09,2012,0.3858,1.155,,,0.119,0.0,69520.0,64900.0,82.22,-0.2382,2.076,37.53,1.942,2.071,34.8,38.3,1.0,8.3,7.5
CT,Connecticut,09,2013,0.3807,1.155,-0.00594,-18.23,0.1244,0.0,69460.0,63540.0,82.99,-0.195,2.349,37.92,1.691,1.995,35.3,40.4,1.0,7.8,7.5
CT,Connecticut,09,2014,0.3769,1.155,-0.006974,-3.666,0.1294,0.0,69900.0,66470.0,82.99,-0.1237,2.677,38.34,1.741,2.283,35.8,40.4,1.0,6.6,7.5
CT,Connecticut,09,2015,0.3721,1.155,-0.005834,-15.72,0.1346,0.0,70330.0,68340.0,,,,38.79,,,41.7,40.4,1.0,5.7,
CT,Connecticut,09,2016,0.3671,1.155,-0.008407,-31.45,0.1394,0.0,71760.0,69890.0,,,,39.18,,,42.2,40.4,1.0,5.1,
CT,Connecticut,09,2017,0.3626,1.155,-0.008562,-15.16,0.1439,,73780.0,71700.0,,,,,,,48.1,40.9,,4.7,
CT,Connecticut,09,2018,0.3581,1.155,-0.006785,-1.252,0.1476,,76110.0,74790.0,,,,,,,,,,,
CT,Connecticut,09,2019,0.3556,1.155,-0.005934,-14.64,0.1504,,78440.0,77270.0,,,,,,,,,,,7.5
CT,Connecticut,09,2020,0.3547,1.155,-0.001996,1.526,0.15,,,,,,,,,,,,,,
CT,Connecticut,09,2021,0.352,1.155,-0.0003002,2.508,0.1503,,,,,,,,,,,,,,
CT,Connecticut,09,2022,0.3512,1.155,-0.004251,-2.033,0.1506,,,,,,,,,,,,,,
CT,Connecticut,09,2023,0.3503,1.155,,,0.1499,,,,,,,,,,,,,,
CT,Connecticut,09,2024,0.3504,1.155,,,0.1473,,,,,,,,,,,,,,
CT,Connecticut,09,2025,,1.155,,,,,,,,,,,,,,,,,
DE,Delaware,10,2000,,0.9454,,,,0.0,,31010.0,71.19,-0.03583,0.8242,25.45,1.05,-0.1933,,,0.5,4.0,8.7
DE,Delaware,10,2001,,0.9454,,,,0.0,,32350.0,65.36,0.1113,0.9083,25.01,1.029,-0.1292,,,0.5,3.5,8.7
DE,Delaware,10,2002,,0.9454,,,,0.0,,33130.0,65.36,0.03262,0.9789,25.21,0.9288,-0.1792,,,0.5,4.2,8.7
DE,Delaware,10,2003,,0.9454,,,,0.0,,33760.0,65.36,0.2639,0.8627,27.78,0.8869,0.3448,,,0.5,4.4,8.7
DE,Delaware,10,2004,,0.9454,,,,0.0,,35530.0,65.36,0.1639,0.7834,28.18,0.8382,0.2734,,,0.5,3.9,8.7
DE,Delaware,10,2005,,0.9454,,,,0.0,,36770.0,65.36,0.08947,0.6966,27.76,0.8469,0.2134,,,0.5,4.1,8.7
DE,Delaware,10,2006,,0.9454,,,,0.0,,38810.0,65.36,0.125,0.7218,28.3,0.9837,0.2196,,,0.5,3.6,8.7
DE,Delaware,10,2007,,0.9454,,,,0.0,,39810.0,67.44,0.07331,0.8284,26.14,0.9278,0.1498,,,0.5,3.4,8.7
DE,Delaware,10,2008,,0.9454,,,,0.0,,40550.0,68.74,0.07092,0.8535,26.91,0.9473,0.117,,,1.0,4.9,8.7
DE,Delaware,10,2009,,0.9454,,,,0.0,,38630.0,79.06,-0.06508,0.7297,28.58,0.8674,0.3894,,,1.0,8.3,8.7
DE,Delaware,10,2010,,0.9454,,,,0.0,,39660.0,79.06,-0.1623,1.008,27.73,0.7538,0.3385,37.1,37.0,1.0,8.4,8.7
DE,Delaware,10,2011,,0.9454,,,,0.0,,43880.0,76.57,-0.1722,1.047,28.48,0.6453,0.4017,35.5,37.0,1.0,7.5,8.7
DE,Delaware,10,2012,0.4803,0.9454,,,0.015,0.0,60120.0,44060.0,76.57,-0.2046,1.211,30.47,0.5789,0.5045,35.5,37.0,1.0,7.2,8.7
DE,Delaware,10,2013,0.4739,0.9454,0.006642,-2.407,0.01584,0.0,59880.0,44320.0,76.57,-0.2474,1.328,29.98,0.9931,1.015,35.5,40.0,1.0,6.7,8.7
DE,Delaware,10,2014,0.4671,0.9454,0.003263,-0.6606,0.01636,0.0,60230.0,45960.0,76.57,-0.2047,1.503,30.7,1.099,1.072,35.5,40.0,1.0,5.7,8.7
DE,Delaware,10,2015,0.4643,0.9454,0.002456,7.631,0.01715,0.0,60510.0,47980.0,,,,31.71,,,40.3,40.0,1.0,4.8,
DE,Delaware,10,2016,0.4589,0.9454,0.004973,0.09655,0.01777,0.0,61020.0,48780.0,,,,32.04,,,40.3,40.0,1.0,4.4,
DE,Delaware,10,2017,0.4576,0.9454,0.01037,3.66,0.0184,,63040.0,50740.0,,,,,,,41.9,41.7,,4.6,
DE,Delaware,10,2018,0.4547,0.9454,0.008826,5.749,0.019,,65630.0,52850.0,,,,,,,,,,,
DE,Delaware,10,2019,0.4479,0.9454,0.008396,6.936,0.0194,,68290.0,54320.0,,,,,,,,,,,8.7
DE,Delaware,10,2020,0.4479,0.9454,0.0132,19.19,0.01956,,,,,,,,,,,,,,
DE,Delaware,10,2021,0.4478,0.9454,0.01448,2.154,0.01942,,,,,,,,,,,,,,
DE,Delaware,10,2022,0.4456,0.9454,0.01219,7.822,0.01933,,,,,,,,,,,,,,
DE,Delaware,10,2023,0.446,0.9454,,,0.01925,,,,,,,,,,,,,,
DE,Delaware,10,2024,0.4444,0.9454,,,0.01898,,,,,,,,,,,,,,
DE,Delaware,10,2025,,0.9454,,,,,,,,,,,,,,,,,
DC,District of Columbia,11,2000,,2.339,,,,,,40460.0,,,,,,,,,,,9.5
DC,District of Columbia,11,2001,,2.339,,,,,,45420.0,,,,,,,,,,,9.5
DC,District of Columbia,11,2002,,2.339,,,,,,46350.0,,,,,,,,,,,9.5
DC,District of Columbia,11,2003,,2.339,,,,,,48450.0,,,,,,,,,,,9.5
DC,District of Columbia,11,2004,,2.339,,,,,,52360.0,,,,,,,,,,,9.5
DC,District of Columbia,11,2005,,2.339,,,,,,56360.0,,,,,,,,,,6.4,9.5
DC,District of Columbia,11,2006,,2.339,,,,,,60960.0,,,,,,,,,,5.8,9.5
DC,District of Columbia,11,2007,,2.339,,,,,,65330.0,,,,,,,,,,5.5,9.5
DC,District of Columbia,11,2008,,2.339,,,,,,70650.0,,,,,,,,,,6.5,9.5
DC,District of Columbia,11,2009,,2.339,,,,,,67780.0,,,,,,,,,,9.3,9.5
DC,District of Columbia,11,2010,,2.339,,,,,,70040.0,,,,,,,,,,9.4,9.5
DC,District of Columbia,11,2011,,2.339,,,,,,67370.0,,,,,,,,,,10.2,9.5
DC,District of Columbia,11,2012,0.2956,2.339,,,0.5209,,64270.0,68310.0,,,,,,,,,,9.0,9.5
DC,District of Columbia,11,2013,0.2923,2.339,-0.0009046,-23.56,0.5405,,65830.0,67820.0,,,,,,,,,,8.5,9.5
DC,District of Columbia,11,2014,0.2892,2.339,-0.0009685,-16.38,0.5581,,69240.0,71220.0,,,,,,,,,,7.8,9.5
DC,District of Columbia,11,2015,0.286,2.339,0.006401,-11.5,0.5784,,70850.0,75280.0,,,,,,,,,,6.9,
DC,District of Columbia,11,2016,0.2826,2.339,0.0001713,-16.28,0.6009,,72940.0,77630.0,,,,,,,,,,6.0,
DC,District of Columbia,11,2017,0.2795,2.339,-0.01649,-12.0,0.6229,,77650.0,78970.0,,,,,,,,,,6.1,
DC,District of Columbia,11,2018,0.2762,2.339,-0.006744,-13.96,0.6478,,82600.0,80940.0,,,,,,,,,,,
DC,District of Columbia,11,2019,0.2719,2.339,-0.006496,-14.58,0.6786,,86420.0,83110.0,,,,,,,,,,,8.25
DC,District of Columbia,11,2020,0.2684,2.339,-0.0267,-21.93,0.7133,,,,,,,,,,,,,,
DC,District of Columbia,11,2021,0.264,2.339,-0.02841,-22.88,0.743,,,,,,,,,,,,,,
DC,District of Columbia,11,2022,0.2607,2.339,-0.00715,-28.31,0.7644,,,,,,,,,,,,,,
DC,District of Columbia,11,2023,0.26,2.339,,,0.7744,,,,,,,,,,,,,,
DC,District of Columbia,11,2024,0.2595,2.339,,,0.7747,,,,,,,,,,,,,,
DC,District of Columbia,11,2025,,2.339,,,,,,,,,,,,,,,,,
FL,Florida,12,2000,,0.738,,,,1.0,,29080.0,17.73,-0.1039,0.5616,22.4,-0.5339,-0.4573,,,0.0,3.6,5.5
FL,Florida,12,2001,,0.738,,,,1.0,,29800.0,15.7,0.04899,0.6733,23.96,-0.6333,-0.36,,,0.0,4.8,5.5
FL,Florida,12,2002,,0.738,,,,1.0,,30460.0,15.7,-0.1348,0.6994,24.2,-0.7358,-0.4323,,,0.0,5.5,5.5
FL,Florida,12,2003,,0.738,,,,1.0,,31240.0,16.74,0.133,0.6302,25.28,-0.8283,-0.3468,,,0.0,5.1,5.5
FL,Florida,12,2004,,0.738,,,,1.0,,33460.0,16.74,-0.06741,0.6309,25.63,-0.8504,-0.2855,,,0.0,4.6,5.5
FL,Florida,12,2005,,0.738,,,,1.0,,35490.0,16.83,0.02307,0.4915,25.31,-0.9081,-0.5764,,,0.0,3.7,5.5
FL,Florida,12,2006,,0.738,,,,1.0,,38000.0,16.83,0.003439,0.6224,25.49,-0.8041,-0.6971,,,0.0,3.2,5.5
FL,Florida,12,2007,,0.738,,,,1.0,,39260.0,15.95,0.02506,0.6989,25.96,-0.5834,-0.6975,,,0.0,4.0,5.5
FL,Florida,12,2008,,0.738,,,,1.0,,39960.0,15.95,-0.04234,0.8493,26.08,-0.6757,-0.7193,,,0.0,6.3,5.5
FL,Florida,12,2009,,0.738,,,,1.0,,37390.0,16.82,-0.2132,0.7251,25.72,-0.9428,-0.7602,,,0.0,10.4,5.5
FL,Florida,12,2010,,0.738,,,,1.0,,38220.0,16.82,-0.1891,1.091,26.21,-0.788,-0.7586,63.8,48.4,0.0,11.1,5.5
FL,Florida,12,2011,,0.738,,,,1.0,,40130.0,12.49,-0.2872,1.17,26.22,-0.8904,-0.8055,68.1,48.4,0.0,10.0,5.5
FL,Florida,12,2012,0.5197,0.738,,,0.111,1.0,47310.0,41110.0,12.49,-0.2585,1.405,27.13,-0.7108,-0.8191,68.1,48.4,0.0,8.5,5.5
FL,Florida,12,2013,0.5146,0.738,0.003704,21.41,0.1178,1.0,46960.0,40680.0,11.34,-0.3645,1.567,27.66,-1.078,-0.8393,62.5,49.1,0.0,7.2,5.5
FL,Florida,12,2014,0.5094,0.738,0.007236,27.85,0.1247,1.0,47210.0,43120.0,11.34,-0.3878,1.687,27.75,-1.12,-0.7903,62.5,49.1,0.0,6.3,5.5
FL,Florida,12,2015,0.5055,0.738,0.007797,36.43,0.1318,1.0,47510.0,45250.0,,,,28.99,,,65.6,49.1,0.0,5.4,
FL,Florida,12,2016,0.5012,0.738,0.01215,38.89,0.1388,1.0,48900.0,46040.0,,,,29.11,,,66.9,49.1,0.0,4.9,
FL,Florida,12,2017,0.4979,0.738,0.01148,26.25,0.1459,,50880.0,48470.0,,,,,,,65.0,48.6,,4.2,
FL,Florida,12,2018,0.4943,0.738,0.006879,40.64,0.1528,,53270.0,50940.0,,,,,,,,,,,
FL,Florida,12,2019,0.4925,0.738,0.007335,43.88,0.1582,,55660.0,52390.0,,,,,,,,,,,5.5
FL,Florida,12,2020,0.493,0.738,0.009571,53.73,0.1598,,,,,,,,,,,,,,
FL,Florida,12,2021,0.4929,0.738,0.01478,76.84,0.1625,,,,,,,,,,,,,,
FL,Florida,12,2022,0.4932,0.738,0.01387,59.82,0.1652,,,,,,,,,,,,,,
FL,Florida,12,2023,0.4941,0.738,,,0.1657,,,,,,,,,,,,,,
FL,Florida,12,2024,0.4952,0.738,,,0.1641,,,,,,,,,,,,,,
FL,Florida,12,2025,,0.738,,,,,,,,,,,,,,,,,
GA,Georgia,13,2000,,0.8129,,,,1.0,,28540.0,77.27,-0.1918,0.2889,24.4,-0.4825,-1.118,,,1.0,3.7,6.0
GA,Georgia,13,2001,,0.8129,,,,1.0,,29350.0,76.65,-0.1863,0.3193,24.84,-0.3807,-1.173,,,1.0,4.0,6.0
GA,Georgia,13,2002,,0.8129,,,,1.0,,29530.0,76.65,-0.2311,0.3209,24.55,-0.3439,-1.226,,,0.5,5.1,6.0
GA,Georgia,13,2003,,0.8129,,,,1.0,,30060.0,32.72,-0.05947,0.1538,25.83,-0.3701,-1.21,,,0.5,4.7,6.0
GA,Georgia,13,2004,,0.8129,,,,1.0,,31130.0,32.72,-0.2021,0.09494,25.83,-0.4953,-1.359,,,0.0,4.7,6.0
GA,Georgia,13,2005,,0.8129,,,,1.0,,32780.0,12.74,-0.2254,0.1053,27.28,-0.464,-1.576,,,0.0,5.3,6.0
GA,Georgia,13,2006,,0.8129,,,,1.0,,34060.0,12.74,-0.1845,0.2428,26.65,-0.6215,-1.806,,,0.0,4.7,6.0
GA,Georgia,13,2007,,0.8129,,,,1.0,,35370.0,7.837,-0.06867,0.1924,27.1,-0.6133,-1.805,,,0.0,4.5,6.0
GA,Georgia,13,2008,,0.8129,,,,1.0,,35860.0,7.428,-0.04314,0.3,27.74,-0.8576,-1.878,,,0.0,6.2,6.0
GA,Georgia,13,2009,,0.8129,,,,1.0,,34080.0,6.737,-0.227,0.1116,28.04,-0.8589,-1.852,,,0.0,9.9,6.0
GA,Georgia,13,2010,,0.8129,,,,1.0,,34800.0,6.492,-0.2648,0.4977,27.65,-1.057,-1.925,58.9,52.2,0.0,10.5,6.0
GA,Georgia,13,2011,,0.8129,,,,1.0,,36570.0,3.849,-0.2782,0.5966,27.97,-1.076,-1.887,63.1,52.2,0.0,10.2,6.0
GA,Georgia,13,2012,0.4381,0.8129,,,0.05798,1.0,49600.0,37250.0,3.849,-0.2886,0.7594,28.64,-1.079,-1.929,64.0,52.2,0.0,9.2,6.0
GA,Georgia,13,2013,0.4328,0.8129,0.0009104,-2.539,0.06228,1.0,49180.0,37540.0,3.121,-0.309,0.872,28.85,-1.379,-1.914,66.5,53.4,0.0,8.2,6.0
GA,Georgia,13,2014,0.4258,0.8129,0.001747,0.03682,0.06618,1.0,49340.0,39790.0,3.121,-0.2707,0.925,29.44,-1.425,-1.896,66.5,53.4,0.0,7.1,6.0
GA,Georgia,13,2015,0.4199,0.8129,0.002618,-3.802,0.06951,1.0,49620.0,41780.0,,,,30.19,,,66.9,53.4,0.0,6.0,
GA,Georgia,13,2016,0.4141,0.8129,0.004964,-4.068,0.07198,1.0,51040.0,42870.0,,,,31.0,,,66.5,53.4,0.0,5.4,
GA,Georgia,13,2017,0.4089,0.8129,0.006445,-2.912,0.07389,,52980.0,44860.0,,,,,,,66.1,50.4,,4.7,
GA,Georgia,13,2018,0.4047,0.8129,0.004602,-1.789,0.07508,,55680.0,46920.0,,,,,,,,,,,
GA,Georgia,13,2019,0.4039,0.8129,0.004533,-5.82,0.0739,,58700.0,48190.0,,,,,,,,,,,5.75
GA,Georgia,13,2020,0.4066,0.8129,0.004653,-0.8114,0.06774,,,,,,,,,,,,,,
GA,Georgia,13,2021,0.4088,0.8129,0.006742,-4.771,0.0625,,,,,,,,,,,,,,
GA,Georgia,13,2022,0.4073,0.8129,0.006058,-8.888,0.05957,,,,,,,,,,,,,,
GA,Georgia,13,2023,0.4061,0.8129,,,0.0577,,,,,,,,,,,,,,
GA,Georgia,13,2024,0.4051,0.8129,,,0.05601,,,,,,,,,,,,,,
GA,Georgia,13,2025,,0.8129,,,,,,,,,,,,,,,,,
HI,Hawaii,15,2000,,0.2347,,,,0.0,,29020.0,90.79,-0.1722,0.8776,25.85,0.8033,1.633,,,1.0,4.3,6.4
HI,Hawaii,15,2001,,0.2347,,,,0.0,,29310.0,90.79,-0.06761,1.031,26.82,0.7659,1.634,,,1.0,4.6,6.4
HI,Hawaii,15,2002,,0.2347,,,,0.0,,30230.0,90.79,-0.1308,1.166,28.13,0.6686,1.609,,,0.5,4.2,6.4
HI,Hawaii,15,2003,,0.2347,,,,0.0,,31200.0,64.9,0.06356,1.115,28.44,0.7528,1.789,,,0.5,4.3,6.4
HI,Hawaii,15,2004,,0.2347,,,,0.0,,33200.0,64.9,0.01186,1.104,29.3,0.6885,1.725,,,0.5,3.4,6.4
HI,Hawaii,15,2005,,0.2347,,,,0.0,,35070.0,64.9,-0.03685,1.04,28.36,0.7339,1.708,,,0.5,2.9,6.4
HI,Hawaii,15,2006,,0.2347,,,,0.0,,37510.0,64.9,0.017,1.115,29.75,0.7419,1.841,,,0.5,2.6,6.4
HI,Hawaii,15,2007,,0.2347,,,,0.0,,39950.0,66.9,-0.02417,1.316,29.07,0.7362,2.011,,,0.5,2.8,6.4
HI,Hawaii,15,2008,,0.2347,,,,0.0,,41510.0,66.9,-0.0397,1.502,29.55,0.9657,1.979,,,0.5,4.3,6.4
HI,Hawaii,15,2009,,0.2347,,,,0.0,,40680.0,67.17,-0.2395,1.334,30.38,1.124,1.972,,,0.5,7.2,6.4
HI,Hawaii,15,2010,,0.2347,,,,0.0,,41660.0,67.17,-0.3138,1.63,29.46,1.38,1.911,10.5,26.6,1.0,6.9,6.4
HI,Hawaii,15,2011,,0.2347,,,,0.0,,43520.0,87.11,-0.2593,1.596,29.99,1.41,2.135,11.8,26.6,1.0,6.8,6.4
HI,Hawaii,15,2012,0.3761,0.2347,,,0.05989,0.0,67490.0,44760.0,87.11,-0.2037,1.938,30.51,1.379,2.27,11.8,26.6,1.0,6.0,6.4
HI,Hawaii,15,2013,0.3734,0.2347,0.000489,9.277,0.06321,0.0,67400.0,44940.0,84.9,-0.224,2.12,31.68,1.556,2.412,10.5,27.8,1.0,4.9,6.4
HI,Hawaii,15,2014,0.3677,0.2347,-0.001005,3.818,0.06613,0.0,68200.0,47230.0,84.9,-0.1217,2.485,31.98,1.561,2.386,10.5,27.8,1.0,4.4,6.4
HI,Hawaii,15,2015,0.367,0.2347,0.000733,6.622,0.06878,0.0,69520.0,49460.0,,,,31.79,,,10.5,27.8,1.0,3.6,
HI,Hawaii,15,2016,0.3644,0.2347,-0.004508,11.76,0.07099,0.0,71980.0,51120.0,,,,33.42,,,10.5,27.8,1.0,3.0,
HI,Hawaii,15,2017,0.3599,0.2347,-0.0116,4.584,0.07331,,74920.0,53380.0,,,,,,,7.9,30.0,,2.4,
HI,Hawaii,15,2018,0.3577,0.2347,-0.006029,6.388,0.07562,,78080.0,55120.0,,,,,,,,,,,
HI,Hawaii,15,2019,0.3552,0.2347,-0.005995,1.454,0.07795,,81280.0,57030.0,,,,,,,,,,,6.4
HI,Hawaii,15,2020,0.3509,0.2347,-0.005317,10.95,0.07874,,,,,,,,,,,,,,
HI,Hawaii,15,2021,0.3521,0.2347,-0.006861,15.68,0.0795,,,,,,,,,,,,,,
HI,Hawaii,15,2022,0.3489,0.2347,-0.005613,23.96,0.08005,,,,,,,,,,,,,,
HI,Hawaii,15,2023,0.3462,0.2347,,,0.07967,,,,,,,,,,,,,,
HI,Hawaii,15,2024,0.345,0.2347,,,0.07863,,,,,,,,,,,,,,
HI,Hawaii,15,2025,,0.2347,,,,,,,,,,,,,,,,,
ID,Idaho,16,2000,,0.4953,,,,1.0,,24680.0,11.83,-0.5599,0.03922,21.67,-1.214,-0.3932,,,0.0,4.9,8.0
ID,Idaho,16,2001,,0.4953,,,,1.0,,25660.0,12.47,-0.4901,0.1011,22.56,-1.229,-1.067,,,0.0,5.0,8.0
ID,Idaho,16,2002,,0.4953,,,,1.0,,26040.0,12.47,-0.5115,0.1467,22.66,-1.262,-1.131,,,0.0,5.8,7.6
ID,Idaho,16,2003,,0.4953,,,,1.0,,26450.0,12.47,-0.3839,0.1206,24.17,-1.412,-1.146,,,0.0,5.4,7.6
ID,Idaho,16,2004,,0.4953,,,,1.0,,28410.0,12.47,-0.382,0.2377,23.92,-1.23,-0.6961,,,0.0,5.3,7.6
ID,Idaho,16,2005,,0.4953,,,,1.0,,29540.0,12.47,-0.4424,0.2459,23.89,-1.286,-0.7533,,,0.0,4.0,7.6
ID,Idaho,16,2006,,0.4953,,,,1.0,,31490.0,12.47,-0.4331,0.3726,23.75,-1.338,-0.736,,,0.0,3.5,7.6
ID,Idaho,16,2007,,0.4953,,,,1.0,,32610.0,14.09,-0.4488,0.4404,24.59,-1.295,-0.9765,,,0.0,3.1,7.6
ID,Idaho,16,2008,,0.4953,,,,1.0,,33110.0,14.09,-0.4249,0.5265,24.4,-1.282,-1.004,,,0.0,5.1,7.6
ID,Idaho,16,2009,,0.4953,,,,1.0,,31030.0,14.96,-0.5908,0.3326,24.29,-1.573,-1.04,,,0.0,8.8,7.6
ID,Idaho,16,2010,,0.4953,,,,1.0,,31990.0,14.96,-0.7277,0.6007,24.66,-1.494,-1.256,76.2,61.5,0.0,9.0,7.6
ID,Idaho,16,2011,,0.4953,,,,1.0,,33510.0,8.785,-0.7536,0.5858,25.86,-1.755,-1.229,81.0,61.5,0.0,8.3,7.6
ID,Idaho,16,2012,0.7166,0.4953,,,0.08401,1.0,47020.0,35180.0,8.785,-0.8128,0.7052,26.03,-1.809,-1.234,81.0,61.5,0.0,7.2,7.4
ID,Idaho,16,2013,0.7121,0.4953,0.00481,17.34,0.08877,1.0,46770.0,36190.0,8.785,-0.864,0.757,26.43,-1.732,-1.255,81.0,64.5,0.0,6.1,7.4
ID,Idaho,16,2014,0.7085,0.4953,0.004196,6.419,0.09328,1.0,47330.0,37880.0,8.785,-0.9438,0.876,25.47,-1.651,-1.27,81.0,64.5,0.0,4.9,7.4
ID,Idaho,16,2015,0.7048,0.4953,0.00201,-1.46,0.09835,1.0,47580.0,39750.0,,,,25.95,,,80.0,64.5,0.0,4.2,
ID,Idaho,16,2016,0.6997,0.4953,0.0113,13.02,0.1037,1.0,49170.0,40530.0,,,,27.52,,,80.0,64.5,0.0,3.8,
ID,Idaho,16,2017,0.6972,0.4953,0.0221,15.93,0.1093,,50980.0,42220.0,,,,,,,83.8,59.2,,3.2,
ID,Idaho,16,2018,0.6941,0.4953,0.01566,18.85,0.1152,,53090.0,44510.0,,,,,,,,,,,
ID,Idaho,16,2019,0.6925,0.4953,0.01593,19.64,0.1199,,55780.0,45920.0,,,,,,,,,,,6.925
ID,Idaho,16,2020,0.6917,0.4953,0.02337,30.52,0.1233,,,,,,,,,,,,,,
ID,Idaho,16,2021,0.6918,0.4953,0.0207,31.79,0.1263,,,,,,,,,,,,,,
ID,Idaho,16,2022,0.6913,0.4953,0.01167,28.94,0.1276,,,,,,,,,,,,,,
ID,Idaho,16,2023,0.6931,0.4953,,,0.1273,,,,,,,,,,,,,,
ID,Idaho,16,2024,0.6946,0.4953,,,0.1263,,,,,,,,,,,,,,
ID,Idaho,16,2025,,0.4953,,,,,,,,,,,,,,,,,
IL,Illinois,17,2000,,0.9888,,,,0.0,,32640.0,34.96,-0.1024,0.7339,26.39,0.2493,0.4636,,,0.5,4.4,4.8
IL,Illinois,17,2001,,0.9888,,,,0.0,,33230.0,34.53,0.1116,0.8278,27.94,0.2749,0.5351,,,0.5,5.4,4.8
IL,Illinois,17,2002,,0.9888,,,,0.0,,33790.0,34.53,-0.01842,0.9038,28.39,0.2548,0.496,,,1.0,6.5,4.8
IL,Illinois,17,2003,,0.9888,,,,0.0,,34720.0,82.56,0.244,0.8037,28.31,0.3799,0.4609,,,1.0,6.7,7.3
IL,Illinois,17,2004,,0.9888,,,,0.0,,36160.0,82.56,0.1278,0.7513,29.29,0.5196,0.4408,,,1.0,6.1,7.3
IL,Illinois,17,2005,,0.9888,,,,0.0,,37440.0,79.97,0.09083,0.6827,29.45,0.3277,0.4082,,,1.0,5.7,7.3
IL,Illinois,17,2006,,0.9888,,,,0.0,,39900.0,79.97,-0.05963,0.8314,29.06,0.1494,0.8479,,,1.0,4.5,7.3
IL,Illinois,17,2007,,0.9888,,,,0.0,,41950.0,83.37,0.07915,0.9551,29.73,0.11,0.8298,,,1.0,5.0,7.3
IL,Illinois,17,2008,,0.9888,,,,0.0,,43500.0,83.94,0.01744,1.07,30.11,0.0639,0.8969,,,1.0,6.3,7.3
IL,Illinois,17,2009,,0.9888,,,,0.0,,41060.0,85.58,-0.08622,0.8823,30.79,0.3428,0.8589,,,1.0,10.2,7.3
IL,Illinois,17,2010,,0.9888,,,,0.0,,42060.0,85.58,-0.1623,1.29,31.21,0.2877,0.8169,39.5,36.9,1.0,10.4,9.5
IL,Illinois,17,2011,,0.9888,,,,0.0,,44140.0,84.3,-0.1494,1.24,31.29,0.328,0.948,44.1,36.9,1.0,9.7,9.5
IL,Illinois,17,2012,0.3444,0.9888,,,0.1259,0.0,56850.0,46050.0,84.3,-0.1421,1.524,31.82,0.4008,0.9487,44.1,36.9,1.0,9.0,9.5
IL,Illinois,17,2013,0.3385,0.9888,-0.006135,-14.3,0.1327,0.0,56800.0,47120.0,83.18,-0.2155,1.599,32.65,0.6472,0.8147,37.3,41.1,1.0,9.1,9.5
IL,Illinois,17,2014,0.3327,0.9888,-0.007645,-13.73,0.1391,0.0,57170.0,49460.0,83.18,-0.1612,1.868,33.38,0.6717,1.0,37.3,41.1,1.0,7.1,9.5
IL,Illinois,17,2015,0.3275,0.9888,-0.004973,-20.17,0.1453,0.0,57570.0,51750.0,,,,33.37,,,37.9,41.1,0.5,5.9,
IL,Illinois,17,2016,0.3215,0.9888,-0.008188,-14.2,0.1511,0.0,59200.0,52410.0,,,,34.22,,,37.9,41.1,0.5,5.9,
IL,Illinois,17,2017,0.3158,0.9888,-0.01281,-11.59,0.1571,,61230.0,54250.0,,,,,,,41.2,38.4,,5.0,
IL,Illinois,17,2018,0.3105,0.9888,-0.008511,-18.69,0.1629,,63580.0,57140.0,,,,,,,,,,,
IL,Illinois,17,2019,0.307,0.9888,-0.008407,-20.67,0.1675,,65890.0,58790.0,,,,,,,,,,,9.5
IL,Illinois,17,2020,0.3051,0.9888,-0.01004,-30.61,0.1681,,,,,,,,,,,,,,
IL,Illinois,17,2021,0.303,0.9888,-0.01071,-43.78,0.1697,,,,,,,,,,,,,,
IL,Illinois,17,2022,0.3006,0.9888,-0.008782,-38.11,0.1713,,,,,,,,,,,,,,
IL,Illinois,17,2023,0.2994,0.9888,,,0.1713,,,,,,,,,,,,,,
IL,Illinois,17,2024,0.2986,0.9888,,,0.1699,,,,,,,,,,,,,,
IL,Illinois,17,2025,,0.9888,,,,,,,,,,,,,,,,,
IN,Indiana,18,2000,,0.4298,,,,0.0,,27460.0,56.36,-0.2751,0.106,19.65,-0.2593,-0.6244,,,0.5,3.2,3.4
IN,Indiana,18,2001,,0.4298,,,,0.0,,28030.0,55.35,-0.1148,0.0835,20.42,-0.2481,-0.5091,,,0.5,4.4,3.4
IN,Indiana,18,2002,,0.4298,,,,0.0,,28480.0,55.31,-0.2304,0.0933,20.63,-0.4197,-0.4851,,,0.5,5.1,3.4
IN,Indiana,18,2003,,0.4298,,,,0.0,,29480.0,55.61,-0.008125,0.03045,21.17,-0.1282,-0.4701,,,0.5,5.1,8.5
IN,Indiana,18,2004,,0.4298,,,,0.0,,30530.0,55.61,-0.1309,0.08904,21.58,-0.1756,-0.5457,,,0.0,5.3,8.5
IN,Indiana,18,2005,,0.4298,,,,0.0,,31140.0,16.36,-0.1334,0.08477,21.14,-0.192,-0.5516,,,0.0,5.5,8.5
IN,Indiana,18,2006,,0.4298,,,,0.0,,32670.0,16.36,-0.1089,0.2138,21.89,-0.3666,-0.7292,,,0.5,5.0,8.5
IN,Indiana,18,2007,,0.4298,,,,0.0,,33640.0,23.33,-0.09254,0.2064,22.41,-0.3787,-0.7522,,,0.5,4.6,8.5
IN,Indiana,18,2008,,0.4298,,,,0.0,,34890.0,23.33,-0.03097,0.2699,23.23,-0.059,-0.8097,,,0.5,5.9,8.5
IN,Indiana,18,2009,,0.4298,,,,0.0,,33360.0,20.9,-0.1985,-0.02518,22.56,0.1605,-0.8097,,,0.5,10.3,8.5
IN,Indiana,18,2010,,0.4298,,,,0.0,,34040.0,20.9,-0.3272,0.5156,23.0,0.113,-0.8467,54.0,49.0,0.0,10.4,8.5
IN,Indiana,18,2011,,0.4298,,,,0.0,,37650.0,10.38,-0.3839,0.4511,22.98,0.1504,-0.8679,64.0,49.0,0.0,9.1,8.5
IN,Indiana,18,2012,0.5759,0.4298,,,0.09759,1.0,48370.0,39330.0,10.38,-0.414,0.6655,23.57,-0.1775,-0.7454,64.7,49.0,0.0,8.3,8.0
IN,Indiana,18,2013,0.5697,0.4298,-0.0006558,-1.926,0.1032,1.0,48250.0,39640.0,10.24,-0.5341,0.7045,23.95,-0.4323,-0.7021,70.7,54.3,0.0,7.7,7.5
IN,Indiana,18,2014,0.5635,0.4298,-0.001878,-2.604,0.1088,1.0,48740.0,41080.0,10.24,-0.5383,0.8027,25.0,-0.3241,-0.6952,70.7,54.3,0.0,5.9,7.0
IN,Indiana,18,2015,0.558,0.4298,-0.001673,-3.822,0.1144,1.0,49260.0,42630.0,,,,25.21,,,73.3,54.3,0.0,4.8,
IN,Indiana,18,2016,0.5529,0.4298,-0.001924,-4.748,0.12,1.0,50430.0,43650.0,,,,25.95,,,74.0,54.3,0.0,4.4,
IN,Indiana,18,2017,0.5479,0.4298,-0.0008556,-3.906,0.1257,,52180.0,45220.0,,,,,,,74.0,56.5,,3.5,
IN,Indiana,18,2018,0.5444,0.4298,3.172e-05,-5.925,0.1309,,54320.0,47300.0,,,,,,,,,,,
IN,Indiana,18,2019,0.5414,0.4298,-0.0004411,-4.828,0.1347,,56300.0,48690.0,,,,,,,,,,,5.575
IN,Indiana,18,2020,0.5406,0.4298,0.0004998,-4.671,0.1355,,,,,,,,,,,,,,
IN,Indiana,18,2021,0.539,0.4298,0.001216,-5.645,0.1365,,,,,,,,,,,,,,
IN,Indiana,18,2022,0.5386,0.4298,-0.000135,-7.795,0.1372,,,,,,,,,,,,,,
IN,Indiana,18,2023,0.5386,0.4298,,,0.1368,,,,,,,,,,,,,,
IN,Indiana,18,2024,0.5397,0.4298,,,0.1351,,,,,,,,,,,,,,
IN,Indiana,18,2025,,0.4298,,,,,,,,,,,,,,,,,
IA,Iowa,19,2000,,0.6961,,,,1.0,,27280.0,57.69,-0.3388,0.2769,21.47,0.00559,0.5758,,,0.5,2.6,
IA,Iowa,19,2001,,0.6961,,,,1.0,,27910.0,57.69,-0.1402,0.3223,22.67,0.07034,0.5258,,,0.5,3.3,12.0
IA,Iowa,19,2002,,0.6961,,,,1.0,,28820.0,58.78,-0.2681,0.3356,22.5,-0.004677,0.5398,,,0.5,4.0,12.0
IA,Iowa,19,2003,,0.6961,,,,1.0,,29400.0,57.32,-0.04006,0.2485,22.59,-0.04024,0.5173,,,0.5,4.5,12.0
IA,Iowa,19,2004,,0.6961,,,,1.0,,31590.0,58.23,-0.1073,0.3197,24.12,-0.09684,0.4571,,,0.5,4.6,12.0
IA,Iowa,19,2005,,0.6961,,,,1.0,,32200.0,65.65,-0.1708,0.3598,23.8,-0.1518,0.4568,,,0.5,4.3,12.0
IA,Iowa,19,2006,,0.6961,,,,1.0,,33720.0,65.65,-0.1342,0.4823,24.38,-0.212,0.426,,,1.0,3.7,12.0
IA,Iowa,19,2007,,0.6961,,,,1.0,,35840.0,77.92,-0.1698,0.6189,24.08,-0.1235,0.868,,,1.0,3.7,12.0
IA,Iowa,19,2008,,0.6961,,,,1.0,,38310.0,76.95,-0.2197,0.7868,24.38,-0.005703,0.9326,,,1.0,4.2,12.0
IA,Iowa,19,2009,,0.6961,,,,1.0,,37070.0,78.83,-0.36,0.6009,25.38,0.4349,1.086,,,1.0,6.4,12.0
IA,Iowa,19,2010,,0.6961,,,,1.0,,38080.0,78.83,-0.4206,1.01,25.36,0.4424,1.017,41.3,44.7,0.5,6.0,12.0
IA,Iowa,19,2011,,0.6961,,,,1.0,,40940.0,29.53,-0.4325,0.9464,25.91,0.4513,0.9955,56.0,44.7,0.5,5.5,12.0
IA,Iowa,19,2012,0.4944,0.6961,,,0.09452,1.0,51130.0,42900.0,29.53,-0.4414,1.249,26.99,0.4075,0.9987,56.0,44.7,0.5,5.0,12.0
IA,Iowa,19,2013,0.4882,0.6961,-0.0009096,-0.1599,0.09974,1.0,51840.0,43460.0,35.07,-0.5958,1.343,26.12,0.09218,0.8358,50.7,46.5,0.5,4.7,12.0
IA,Iowa,19,2014,0.4841,0.6961,-0.002123,-3.614,0.1049,1.0,52720.0,44780.0,34.38,-0.615,1.592,28.04,0.09667,0.8828,51.3,46.5,0.5,4.3,12.0
IA,Iowa,19,2015,0.4782,0.6961,-0.001364,-7.379,0.1098,1.0,53180.0,46270.0,,,,27.38,,,53.3,46.5,0.5,3.8,
IA,Iowa,19,2016,0.4741,0.6961,-0.002739,-2.364,0.1144,1.0,54570.0,46520.0,,,,29.13,,,54.0,46.5,0.5,3.7,
IA,Iowa,19,2017,0.4695,0.6961,-0.003355,-3.684,0.1188,,56570.0,47630.0,,,,,,,58.7,51.1,,3.1,
IA,Iowa,19,2018,0.4648,0.6961,-0.002136,-9.499,0.1234,,58580.0,50150.0,,,,,,,,,,,
IA,Iowa,19,2019,0.4611,0.6961,-0.003461,-9.094,0.1268,,60520.0,51790.0,,,,,,,,,,,12.0
IA,Iowa,19,2020,0.4613,0.6961,-0.002081,-4.101,0.1278,,,,,,,,,,,,,,
IA,Iowa,19,2021,0.4612,0.6961,-0.0003867,-7.02,0.129,,,,,,,,,,,,,,
IA,Iowa,19,2022,0.4614,0.6961,-0.003727,-5.805,0.1294,,,,,,,,,,,,,,
IA,Iowa,19,2023,0.4621,0.6961,,,0.129,,,,,,,,,,,,,,
IA,Iowa,19,2024,0.4643,0.6961,,,0.127,,,,,,,,,,,,,,
IA,Iowa,19,2025,,0.6961,,,,,,,,,,,,,,,,,
KS,Kansas,20,2000,,0.9477,,,,1.0,,28470.0,15.46,-0.3811,0.3032,25.97,-0.6069,-0.7628,,,0.0,3.7,4.0
KS,Kansas,20,2001,,0.9477,,,,1.0,,29660.0,15.46,-0.3263,0.3554,27.22,-0.5441,-0.6556,,,0.0,4.3,4.0
KS,Kansas,20,2002,,0.9477,,,,1.0,,29740.0,15.46,-0.3463,0.355,26.77,-0.7238,-0.4565,,,0.5,5.1,4.0
KS,Kansas,20,2003,,0.9477,,,,1.0,,30810.0,45.81,-0.1843,0.3122,28.84,-0.654,-0.4988,,,0.5,5.4,4.0
KS,Kansas,20,2004,,0.9477,,,,1.0,,31880.0,45.81,-0.2493,0.3096,28.34,-0.7244,-0.3611,,,0.5,5.5,4.0
KS,Kansas,20,2005,,0.9477,,,,1.0,,33100.0,45.81,-0.2941,0.3032,28.36,-0.8434,-0.4378,,,0.5,5.0,4.0
KS,Kansas,20,2006,,0.9477,,,,1.0,,35680.0,45.81,-0.2817,0.4739,28.97,-0.8008,-0.6081,,,0.5,4.4,4.0
KS,Kansas,20,2007,,0.9477,,,,1.0,,37660.0,45.85,-0.2395,0.5108,29.26,-0.8272,-0.6607,,,0.5,4.2,4.0
KS,Kansas,20,2008,,0.9477,,,,1.0,,40460.0,45.85,-0.2267,0.5923,29.75,-0.8918,-0.6614,,,0.5,4.6,4.0
KS,Kansas,20,2009,,0.9477,,,,1.0,,38250.0,45.19,-0.3491,0.3582,30.02,-0.5866,-0.7232,,,0.5,6.9,4.0
KS,Kansas,20,2010,,0.9477,,,,1.0,,39000.0,45.19,-0.4414,0.7076,30.33,-0.6602,-0.5366,64.8,56.8,0.0,7.1,4.0
KS,Kansas,20,2011,,0.9477,,,,1.0,,42710.0,5.383,-0.3914,0.5821,30.71,-0.7593,-0.6585,75.2,56.8,0.0,6.5,4.0
KS,Kansas,20,2012,0.6646,0.9477,,,0.04259,1.0,51270.0,45110.0,5.383,-0.377,0.7341,30.36,-0.804,-0.8087,75.2,56.8,0.0,5.7,4.0
KS,Kansas,20,2013,0.6596,0.9477,-0.004503,1.137,0.04479,1.0,51330.0,45940.0,5.383,-0.4679,0.7397,31.13,-0.8429,-0.82,73.3,60.0,0.0,5.3,4.0
KS,Kansas,20,2014,0.6553,0.9477,-0.005196,2.972,0.04684,1.0,51870.0,46860.0,5.383,-0.5077,0.8667,31.86,-0.9332,-0.8486,75.2,60.0,0.0,4.5,4.0
KS,Kansas,20,2015,0.6533,0.9477,-0.003007,-11.77,0.04865,1.0,52200.0,47320.0,,,,31.99,,,78.2,60.0,0.0,4.2,
KS,Kansas,20,2016,0.6517,0.9477,-0.006921,0.8722,0.05032,1.0,53570.0,47360.0,,,,33.32,,,78.2,60.0,0.0,4.2,
KS,Kansas,20,2017,0.6493,0.9477,-0.008221,-1.885,0.05191,,55480.0,48850.0,,,,,,,70.3,56.2,,3.6,
KS,Kansas,20,2018,0.6483,0.9477,-0.004998,-5.209,0.05341,,57420.0,51240.0,,,,,,,,,,,
KS,Kansas,20,2019,0.6467,0.9477,-0.005317,-0.7474,0.05464,,59600.0,53440.0,,,,,,,,,,,7.0
KS,Kansas,20,2020,0.6456,0.9477,-0.00355,-1.338,0.05451,,,,,,,,,,,,,,
KS,Kansas,20,2021,0.6463,0.9477,-0.002635,-1.171,0.05446,,,,,,,,,,,,,,
KS,Kansas,20,2022,0.6475,0.9477,-0.003374,-8.238,0.05463,,,,,,,,,,,,,,
KS,Kansas,20,2023,0.647,0.9477,,,0.05448,,,,,,,,,,,,,,
KS,Kansas,20,2024,0.6478,0.9477,,,0.05377,,,,,,,,,,,,,,
KS,Kansas,20,2025,,0.9477,,,,,,,,,,,,,,,,,
KY,Kentucky,21,2000,,0.4901,,,,0.0,,24780.0,55.12,-0.1045,-0.1271,17.72,-0.1745,-0.5135,,,0.5,4.1,8.25
KY,Kentucky,21,2001,,0.4901,,,,0.0,,25360.0,55.12,-0.08154,-0.1942,18.2,-0.2083,-0.5609,,,0.5,5.5,8.25
KY,Kentucky,21,2002,,0.4901,,,,0.0,,25860.0,55.12,-0.05373,-0.2339,18.89,-0.1815,-0.6511,,,0.5,5.6,8.25
KY,Kentucky,21,2003,,0.4901,,,,0.0,,26350.0,57.86,0.000201,-0.3052,18.75,-0.1987,-0.5599,,,0.5,6.2,8.25
KY,Kentucky,21,2004,,0.4901,,,,0.0,,27490.0,35.07,0.07884,-0.1719,19.16,-0.2545,-0.6127,,,0.5,5.2,8.25
KY,Kentucky,21,2005,,0.4901,,,,0.0,,28490.0,33.38,-0.04295,-0.09902,19.39,-0.3294,-0.6855,,,0.5,5.9,7.0
KY,Kentucky,21,2006,,0.4901,,,,0.0,,30030.0,33.38,-0.03087,0.08987,20.05,-0.4312,-0.8296,,,0.5,5.7,7.0
KY,Kentucky,21,2007,,0.4901,,,,0.0,,31180.0,37.52,0.04619,0.02878,20.29,-0.3688,-0.8924,,,0.5,5.4,6.0
KY,Kentucky,21,2008,,0.4901,,,,0.0,,32520.0,65.17,-0.03707,0.05546,19.61,-0.3957,-0.8908,,,0.5,6.4,6.0
KY,Kentucky,21,2009,,0.4901,,,,0.0,,31960.0,65.87,-0.2167,-0.1967,21.13,-0.3179,-0.9194,,,0.5,10.3,6.0
KY,Kentucky,21,2010,,0.4901,,,,0.0,,32380.0,68.36,-0.3769,0.2814,20.93,-0.383,-0.9964,39.9,57.5,0.5,10.2,6.0
KY,Kentucky,21,2011,,0.4901,,,,0.0,,34620.0,62.43,-0.349,0.2338,20.99,-0.385,-0.9622,46.4,57.5,0.5,9.4,6.0
KY,Kentucky,21,2012,0.4975,0.4901,,,0.0787,0.0,42610.0,35740.0,63.07,-0.3408,0.3849,21.77,-0.4305,-1.034,45.7,57.5,0.5,8.2,6.0
KY,Kentucky,21,2013,0.4952,0.4901,-0.0007502,-0.2662,0.08324,0.0,43040.0,35900.0,63.0,-0.4416,0.3598,22.83,-0.2937,-0.9821,48.6,60.5,0.5,8.1,6.0
KY,Kentucky,21,2014,0.4921,0.4901,-0.00208,-3.588,0.08782,0.0,43340.0,37560.0,62.29,-0.396,0.4556,23.03,-0.2641,-0.8686,50.0,60.5,0.5,6.4,6.0
KY,Kentucky,21,2015,0.4903,0.4901,-0.001437,-3.856,0.09242,0.0,43740.0,39170.0,,,,23.27,,,52.2,60.5,0.5,5.3,
KY,Kentucky,21,2016,0.4879,0.4901,-0.001108,-3.29,0.09734,1.0,44810.0,39740.0,,,,23.65,,,53.6,60.5,0.5,5.0,
KY,Kentucky,21,2017,0.4852,0.4901,-0.0005333,0.05452,0.1019,,46540.0,40870.0,,,,,,,65.9,62.5,,4.9,
KY,Kentucky,21,2018,0.4833,0.4901,-0.0002814,-6.187,0.1062,,48390.0,42310.0,,,,,,,,,,,
KY,Kentucky,21,2019,0.4815,0.4901,-0.001091,-2.893,0.1096,,50590.0,43720.0,,,,,,,,,,,5.0
KY,Kentucky,21,2020,0.4814,0.4901,0.001125,-9.197,0.1111,,,,,,,,,,,,,,
KY,Kentucky,21,2021,0.4804,0.4901,0.001473,-6.314,0.1125,,,,,,,,,,,,,,
KY,Kentucky,21,2022,0.48,0.4901,0.00169,-3.782,0.1133,,,,,,,,,,,,,,
KY,Kentucky,21,2023,0.4795,0.4901,,,0.1131,,,,,,,,,,,,,,
KY,Kentucky,21,2024,0.4795,0.4901,,,0.1116,,,,,,,,,,,,,,
KY,Kentucky,21,2025,,0.4901,,,,,,,,,,,,,,,,,
LA,Louisiana,22,2000,,0.5144,,,,1.0,,23550.0,46.91,-0.09943,0.1679,19.15,-1.402,-0.7731,,,0.5,5.5,8.0
LA,Louisiana,22,2001,,0.5144,,,,1.0,,25280.0,46.91,0.01804,0.1503,19.46,-1.101,-0.9996,,,0.5,6.0,8.0
LA,Louisiana,22,2002,,0.5144,,,,1.0,,25760.0,46.91,-0.1103,0.1243,20.55,-0.9471,-0.8318,,,0.5,6.1,8.0
LA,Louisiana,22,2003,,0.5144,,,,1.0,,26430.0,45.63,0.07987,-0.0472,21.45,-0.7785,-0.8792,,,1.0,6.6,8.0
LA,Louisiana,22,2004,,0.5144,,,,1.0,,27670.0,71.96,-0.03152,-0.03036,21.65,-0.7937,-0.781,,,1.0,6.0,8.0
LA,Louisiana,22,2005,,0.5144,,,,1.0,,29570.0,78.03,-0.1562,-0.004512,20.91,-0.8488,-0.7906,,,1.0,7.2,8.0
LA,Louisiana,22,2006,,0.5144,,,,1.0,,33290.0,78.03,-0.1042,0.1268,20.13,-0.9184,-0.9932,,,1.0,4.5,8.0
LA,Louisiana,22,2007,,0.5144,,,,1.0,,35790.0,73.4,-0.1139,0.01023,20.43,-0.8583,-0.7654,,,0.5,4.3,8.0
LA,Louisiana,22,2008,,0.5144,,,,1.0,,37940.0,43.86,0.03581,0.02203,20.59,-0.5999,-0.8032,,,0.5,4.9,8.0
LA,Louisiana,22,2009,,0.5144,,,,1.0,,36160.0,38.84,-0.1719,-0.1761,21.79,-0.5518,-0.8727,,,0.5,6.8,8.0
LA,Louisiana,22,2010,,0.5144,,,,1.0,,37020.0,39.42,-0.2263,0.2667,21.72,-0.7909,-0.8785,45.8,58.6,0.5,8.0,8.0
LA,Louisiana,22,2011,,0.5144,,,,1.0,,38700.0,28.25,-0.2278,0.2494,21.32,-0.8226,-0.8889,48.6,58.6,0.5,7.8,8.0
LA,Louisiana,22,2012,0.5794,0.5144,,,0.09663,1.0,44670.0,40540.0,12.37,-0.1966,0.3712,22.46,-0.758,-0.9672,56.9,58.6,0.0,7.1,8.0
LA,Louisiana,22,2013,0.5759,0.5144,-0.001192,-5.532,0.1031,1.0,44870.0,40900.0,14.69,-0.36,0.3438,23.04,-0.966,-0.9252,56.9,57.8,0.0,6.7,8.0
LA,Louisiana,22,2014,0.5724,0.5144,-0.001935,-7.479,0.1094,1.0,44990.0,42670.0,14.03,-0.3802,0.3514,23.13,-0.9466,-0.9206,59.0,57.8,0.0,6.4,8.0
LA,Louisiana,22,2015,0.5695,0.5144,-0.001049,-7.053,0.1141,1.0,45050.0,42880.0,,,,23.48,,,56.9,57.8,0.0,6.3,
LA,Louisiana,22,2016,0.5674,0.5144,-0.003212,1.618,0.1182,1.0,45650.0,42500.0,,,,23.59,,,59.7,57.8,0.0,6.1,
LA,Louisiana,22,2017,0.5638,0.5144,-0.008297,0.4238,0.1227,,46710.0,43900.0,,,,,,,59.0,58.1,,5.1,
LA,Louisiana,22,2018,0.5621,0.5144,-0.005929,-0.4987,0.1269,,47940.0,46160.0,,,,,,,,,,,
LA,Louisiana,22,2019,0.5616,0.5144,-0.005809,1.206,0.1302,,49470.0,47360.0,,,,,,,,,,,8.0
LA,Louisiana,22,2020,0.5619,0.5144,-0.006166,-0.05176,0.1303,,,,,,,,,,,,,,
LA,Louisiana,22,2021,0.5619,0.5144,-0.00864,-0.9267,0.1301,,,,,,,,,,,,,,
LA,Louisiana,22,2022,0.5616,0.5144,-0.008761,1.26,0.13,,,,,,,,,,,,,,
LA,Louisiana,22,2023,0.5615,0.5144,,,0.1291,,,,,,,,,,,,,,
LA,Louisiana,22,2024,0.5633,0.5144,,,0.1275,,,,,,,,,,,,,,
LA,Louisiana,22,2025,,0.5144,,,,,,,,,,,,,,,,,
ME,Maine,23,2000,,0.8209,,,,0.0,,26700.0,72.26,-0.07787,0.5736,23.59,1.219,0.3488,,,0.5,3.5,8.93
ME,Maine,23,2001,,0.8209,,,,0.0,,28180.0,70.8,0.06664,0.682,22.5,1.181,0.423,,,0.5,4.0,8.93
ME,Maine,23,2002,,0.8209,,,,0.0,,28850.0,73.62,-0.002303,0.7916,24.08,1.326,0.346,,,1.0,4.4,8.93
ME,Maine,23,2003,,0.8209,,,,0.0,,29850.0,78.71,0.2424,0.7845,25.91,1.28,0.4678,,,1.0,5.1,8.93
ME,Maine,23,2004,,0.8209,,,,0.0,,31340.0,78.71,0.07752,0.8437,26.17,1.38,0.6866,,,1.0,4.7,8.93
ME,Maine,23,2005,,0.8209,,,,0.0,,31830.0,78.53,0.1203,0.8304,25.4,1.408,1.048,,,1.0,4.9,8.93
ME,Maine,23,2006,,0.8209,,,,0.0,,33470.0,78.53,0.03824,1.035,26.02,1.548,1.038,,,1.0,4.6,8.93
ME,Maine,23,2007,,0.8209,,,,0.0,,34930.0,80.44,0.07284,1.207,26.75,1.434,0.9937,,,1.0,4.7,8.93
ME,Maine,23,2008,,0.8209,,,,0.0,,36430.0,80.53,0.05527,1.456,24.48,1.368,0.9712,,,1.0,5.5,8.93
ME,Maine,23,2009,,0.8209,,,,0.0,,36060.0,85.06,-0.1393,1.328,26.86,1.392,0.9881,,,1.0,8.1,8.93
ME,Maine,23,2010,,0.8209,,,,0.0,,36720.0,85.06,-0.2634,1.651,27.0,1.264,0.9741,37.6,40.5,0.0,8.1,8.93
ME,Maine,23,2011,,0.8209,,,,0.0,,39460.0,54.16,-0.267,1.551,28.84,1.262,0.9527,52.7,40.5,0.0,7.9,8.93
ME,Maine,23,2012,0.4125,0.8209,,,0.05158,0.0,48220.0,40280.0,53.92,-0.222,1.842,28.22,1.236,0.9225,52.7,40.5,0.0,7.5,8.93
ME,Maine,23,2013,0.407,0.8209,0.0008791,2.984,0.05358,0.0,48450.0,40150.0,66.85,-0.2865,1.986,28.17,1.505,0.8685,40.3,40.9,0.5,6.6,8.93
ME,Maine,23,2014,0.4033,0.8209,0.001013,1.479,0.05546,0.0,48800.0,41800.0,67.14,-0.1806,2.359,29.87,1.559,0.8979,39.2,40.9,0.5,5.6,8.93
ME,Maine,23,2015,0.3986,0.8209,-0.001657,-1.79,0.0575,0.0,49330.0,43600.0,,,,30.58,,,47.3,40.9,0.5,4.4,
ME,Maine,23,2016,0.3918,0.8209,0.001993,5.908,0.05905,0.0,50830.0,44800.0,,,,30.82,,,47.8,40.9,0.5,3.9,
ME,Maine,23,2017,0.3885,0.8209,0.009503,11.38,0.06084,,53020.0,46520.0,,,,,,,48.9,44.9,,3.3,
ME,Maine,23,2018,0.3856,0.8209,0.005741,6.636,0.06281,,55420.0,48750.0,,,,,,,,,,,
ME,Maine,23,2019,0.3835,0.8209,0.005031,9.204,0.06428,,57920.0,50580.0,,,,,,,,,,,8.93
ME,Maine,23,2020,0.3805,0.8209,0.01138,21.86,0.0655,,,,,,,,,,,,,,
ME,Maine,23,2021,0.3802,0.8209,0.01315,15.77,0.06642,,,,,,,,,,,,,,
ME,Maine,23,2022,0.3797,0.8209,0.008597,11.8,0.0665,,,,,,,,,,,,,,
ME,Maine,23,2023,0.3798,0.8209,,,0.06569,,,,,,,,,,,,,,
ME,Maine,23,2024,0.3805,0.8209,,,0.06454,,,,,,,,,,,,,,
ME,Maine,23,2025,,0.8209,,,,,,,,,,,,,,,,,
MD,Maryland,24,2000,,1.151,,,,0.0,,34680.0,87.41,0.01727,0.8726,32.03,0.6776,1.441,,,1.0,3.9,7.0
MD,Maryland,24,2001,,1.151,,,,0.0,,36200.0,87.41,0.215,0.9777,32.96,1.112,1.481,,,1.0,4.1,7.0
MD,Maryland,24,2002,,1.151,,,,0.0,,37090.0,87.41,0.05788,1.071,33.18,1.063,1.481,,,0.5,4.4,7.0
MD,Maryland,24,2003,,1.151,,,,0.0,,38150.0,51.33,0.2882,0.9623,34.58,1.081,1.466,,,0.5,4.5,7.0
MD,Maryland,24,2004,,1.151,,,,0.0,,40500.0,51.33,0.2044,0.8925,34.93,1.09,1.473,,,0.5,4.2,7.0
MD,Maryland,24,2005,,1.151,,,,0.0,,42400.0,51.33,0.2061,0.887,34.77,1.037,1.534,,,0.5,4.1,7.0
MD,Maryland,24,2006,,1.151,,,,0.0,,44860.0,51.33,0.2482,0.9779,35.52,1.152,1.524,,,1.0,3.9,7.0
MD,Maryland,24,2007,,1.151,,,,0.0,,46840.0,86.62,0.2534,1.145,35.54,1.462,1.536,,,1.0,3.5,8.25
MD,Maryland,24,2008,,1.151,,,,0.0,,48850.0,86.62,0.2637,1.249,35.75,1.327,1.585,,,1.0,4.2,8.25
MD,Maryland,24,2009,,1.151,,,,0.0,,47670.0,83.78,0.05276,1.081,36.09,1.426,1.619,,,1.0,7.0,8.25
MD,Maryland,24,2010,,1.151,,,,0.0,,49070.0,83.78,0.01705,1.451,36.36,1.313,1.62,26.6,36.8,1.0,7.7,8.25
MD,Maryland,24,2011,,1.151,,,,0.0,,52430.0,86.79,0.05724,1.448,37.33,1.275,1.624,29.3,36.8,1.0,7.2,8.25
MD,Maryland,24,2012,0.3894,1.151,,,0.07865,0.0,73000.0,53530.0,86.79,0.002442,1.728,37.31,1.245,1.718,29.3,36.8,1.0,7.0,8.25
MD,Maryland,24,2013,0.3855,1.151,-0.002435,-14.94,0.08306,0.0,73540.0,53040.0,85.86,0.06202,1.852,37.73,1.104,1.713,29.3,36.6,1.0,6.6,8.25
MD,Maryland,24,2014,0.3826,1.151,-0.001214,-12.71,0.08704,0.0,74150.0,54670.0,85.86,0.1471,2.111,38.59,1.066,1.938,28.7,36.6,1.0,5.8,8.25
MD,Maryland,24,2015,0.3794,1.151,-0.00343,-8.433,0.09108,0.0,74550.0,57010.0,,,,39.55,,,34.0,36.6,0.5,5.1,
MD,Maryland,24,2016,0.3759,1.151,-0.005014,-9.023,0.09508,0.0,76070.0,58970.0,,,,39.69,,,34.6,36.6,0.5,4.3,
MD,Maryland,24,2017,0.3731,1.151,-0.005473,-9.152,0.09917,,78920.0,60710.0,,,,,,,34.6,33.9,,4.1,
MD,Maryland,24,2018,0.3709,1.151,-0.003687,-12.44,0.1026,,81870.0,62640.0,,,,,,,,,,,
MD,Maryland,24,2019,0.3689,1.151,-0.00404,-13.04,0.1051,,84800.0,64540.0,,,,,,,,,,,8.25
MD,Maryland,24,2020,0.3686,1.151,-0.004143,-11.5,0.1054,,,,,,,,,,,,,,
MD,Maryland,24,2021,0.3675,1.151,-0.005308,-8.348,0.1059,,,,,,,,,,,,,,
MD,Maryland,24,2022,0.3649,1.151,-0.006318,-13.31,0.1059,,,,,,,,,,,,,,
MD,Maryland,24,2023,0.3647,1.151,,,0.1055,,,,,,,,,,,,,,
MD,Maryland,24,2024,0.3643,1.151,,,0.1041,,,,,,,,,,,,,,
MD,Maryland,24,2025,,1.151,,,,,,,,,,,,,,,,,
MA,Massachusetts,25,2000,,1.522,,,,0.0,,38220.0,72.88,0.1115,1.353,34.13,1.375,1.667,,,0.5,2.6,8.33
MA,Massachusetts,25,2001,,1.522,,,,0.0,,39550.0,71.84,0.2421,1.528,35.8,1.326,1.638,,,0.5,3.7,8.33
MA,Massachusetts,25,2002,,1.522,,,,0.0,,39600.0,71.84,0.1535,1.702,35.73,1.231,1.66,,,0.5,5.3,8.33
MA,Massachusetts,25,2003,,1.522,,,,0.0,,40260.0,71.64,0.3575,1.599,36.23,1.262,1.677,,,0.5,5.8,8.33
MA,Massachusetts,25,2004,,1.522,,,,0.0,,42280.0,71.64,0.2761,1.547,37.78,1.18,1.953,,,0.5,5.1,8.33
MA,Massachusetts,25,2005,,1.522,,,,0.0,,44100.0,71.1,0.2084,1.434,37.05,1.318,2.001,,,0.5,4.8,8.33
MA,Massachusetts,25,2006,,1.522,,,,0.0,,47560.0,71.1,0.2576,1.516,37.08,1.095,1.966,,,1.0,4.9,8.33
MA,Massachusetts,25,2007,,1.522,,,,0.0,,50150.0,92.21,0.1869,1.754,38.49,1.414,1.886,,,1.0,4.6,8.33
MA,Massachusetts,25,2008,,1.522,,,,0.0,,51900.0,92.21,0.1884,1.955,38.79,1.645,1.869,,,1.0,5.5,8.33
MA,Massachusetts,25,2009,,1.522,,,,0.0,,49820.0,92.45,-0.03046,1.775,38.8,1.759,1.858,,,1.0,8.1,8.33
MA,Massachusetts,25,2010,,1.522,,,,0.0,,51300.0,92.45,-0.1028,2.043,39.55,1.708,1.832,10.5,36.2,1.0,8.3,8.25
MA,Massachusetts,25,2011,,1.522,,,,0.0,,55300.0,91.63,-0.1155,2.033,39.7,1.688,1.801,17.5,36.2,1.0,7.3,8.0
MA,Massachusetts,25,2012,0.2697,1.522,,,0.1466,0.0,66660.0,57320.0,91.63,-0.07234,2.461,39.97,1.677,1.968,18.0,36.2,1.0,6.7,8.0
MA,Massachusetts,25,2013,0.2663,1.522,-0.002135,-7.513,0.1546,0.0,66870.0,57360.0,91.45,-0.05502,2.699,40.66,1.768,2.052,16.5,37.6,1.0,6.7,8.0
MA,Massachusetts,25,2014,0.2625,1.522,-0.00366,-1.256,0.1627,0.0,67850.0,59940.0,91.45,0.05271,3.142,41.96,1.839,1.939,16.5,37.6,1.0,5.8,8.0
MA,Massachusetts,25,2015,0.2587,1.522,-0.002457,-5.764,0.1707,0.0,68560.0,63590.0,,,,42.29,,,20.5,37.6,0.5,4.9,
MA,Massachusetts,25,2016,0.2552,1.522,-0.005225,-3.07,0.1787,0.0,70950.0,65690.0,,,,43.37,,,19.5,37.6,0.5,3.7,
MA,Massachusetts,25,2017,0.252,1.522,-0.007084,-2.407,0.1866,,74170.0,68400.0,,,,,,,20.5,32.8,,3.7,
MA,Massachusetts,25,2018,0.2488,1.522,-0.005269,-2.575,0.1943,,77380.0,71770.0,,,,,,,,,,,
MA,Massachusetts,25,2019,0.246,1.522,-0.005145,-1.497,0.2007,,81220.0,74160.0,,,,,,,,,,,8.0
MA,Massachusetts,25,2020,0.2455,1.522,-0.007091,-6.649,0.2017,,,,,,,,,,,,,,
MA,Massachusetts,25,2021,0.2443,1.522,-0.008754,-18.38,0.2052,,,,,,,,,,,,,,
MA,Massachusetts,25,2022,0.2435,1.522,-0.008714,-7.193,0.2084,,,,,,,,,,,,,,
MA,Massachusetts,25,2023,0.243,1.522,,,0.2087,,,,,,,,,,,,,,
MA,Massachusetts,25,2024,0.2428,1.522,,,0.2062,,,,,,,,,,,,,,
MA,Massachusetts,25,2025,,1.522,,,,,,,,,,,,,,,,,
MI,Michigan,26,2000,,0.678,,,,0.0,,29400.0,21.9,-0.1071,0.4003,21.8,0.5018,0.2229,,,0.0,3.6,2.1
MI,Michigan,26,2001,,0.678,,,,0.0,,30020.0,19.97,-0.03492,0.5537,23.3,0.4229,0.1824,,,0.0,5.3,2.0
MI,Michigan,26,2002,,0.678,,,,0.0,,30260.0,19.97,-0.03802,0.5507,23.66,0.3551,0.1911,,,0.5,6.2,1.9
MI,Michigan,26,2003,,0.678,,,,0.0,,31300.0,71.22,0.03643,0.4487,24.42,0.4231,0.167,,,0.5,7.3,1.9
MI,Michigan,26,2004,,0.678,,,,0.0,,31770.0,71.52,0.0111,0.4013,24.73,0.3603,0.2098,,,0.5,7.0,1.9
MI,Michigan,26,2005,,0.678,,,,0.0,,32410.0,61.2,-0.01907,0.4607,25.09,0.4495,0.2008,,,0.5,6.8,1.9
MI,Michigan,26,2006,,0.678,,,,0.0,,33360.0,60.48,0.02446,0.6152,24.8,0.5049,0.01511,,,0.5,7.0,1.9
MI,Michigan,26,2007,,0.678,,,,0.0,,34420.0,70.04,0.08494,0.7857,24.9,0.4746,0.0206,,,0.5,7.0,4.95
MI,Michigan,26,2008,,0.678,,,,0.0,,35280.0,70.04,0.2197,0.9084,25.1,0.5317,-0.02738,,,0.5,8.0,4.95
MI,Michigan,26,2009,,0.678,,,,0.0,,33510.0,72.82,-0.142,0.7737,25.1,0.5654,0.1057,,,0.5,13.7,4.95
MI,Michigan,26,2010,,0.678,,,,0.0,,34690.0,71.99,-0.147,1.155,25.76,0.5409,0.1458,43.9,40.9,0.0,12.6,4.95
MI,Michigan,26,2011,,0.678,,,,0.0,,37510.0,10.92,-0.1653,1.047,26.02,0.489,0.1185,60.1,40.9,0.0,10.4,6.0
MI,Michigan,26,2012,0.4484,0.678,,,0.1138,1.0,48470.0,39050.0,10.81,-0.2475,1.238,26.55,0.1802,0.1118,59.5,40.9,0.0,9.1,6.0
MI,Michigan,26,2013,0.4399,0.678,-0.002584,-0.3767,0.1205,1.0,48410.0,39360.0,11.17,-0.2948,1.314,27.22,0.3676,0.1093,57.4,44.8,0.0,8.8,6.0
MI,Michigan,26,2014,0.4316,0.678,-0.003838,1.631,0.1265,1.0,49090.0,41140.0,11.17,-0.3635,1.475,27.71,0.358,0.1532,57.4,44.8,0.0,7.3,6.0
MI,Michigan,26,2015,0.4236,0.678,-0.002894,-0.5247,0.1331,1.0,49580.0,43460.0,,,,28.34,,,60.8,44.8,0.0,5.4,
MI,Michigan,26,2016,0.4149,0.678,-0.002669,-0.9766,0.1397,1.0,50800.0,44620.0,,,,28.47,,,60.8,44.8,0.0,4.9,
MI,Michigan,26,2017,0.4055,0.678,-0.001531,-0.8318,0.1466,,52670.0,45930.0,,,,,,,60.8,47.3,,4.6,
MI,Michigan,26,2018,0.3977,0.678,-0.001996,-0.5513,0.1527,,54940.0,47760.0,,,,,,,,,,,
MI,Michigan,26,2019,0.3908,0.678,-0.002963,-4.577,0.157,,57140.0,49240.0,,,,,,,,,,,6.0
MI,Michigan,26,2020,0.3872,0.678,-0.001685,1.343,0.158,,,,,,,,,,,,,,
MI,Michigan,26,2021,0.3823,0.678,-0.001348,-9.139,0.1596,,,,,,,,,,,,,,
MI,Michigan,26,2022,0.3781,0.678,-0.002783,-4.711,0.1609,,,,,,,,,,,,,,
MI,Michigan,26,2023,0.3765,0.678,,,0.1604,,,,,,,,,,,,,,
MI,Michigan,26,2024,0.3767,0.678,,,0.1585,,,,,,,,,,,,,,
MI,Michigan,26,2025,,0.678,,,,,,,,,,,,,,,,,
MN,Minnesota,27,2000,,1.152,,,,0.0,,32600.0,54.06,-0.3314,0.4585,27.53,1.409,0.9616,,,0.5,3.3,9.8
MN,Minnesota,27,2001,,1.152,,,,0.0,,33350.0,52.35,-0.07394,0.5897,28.54,1.38,1.038,,,0.5,3.7,9.8
MN,Minnesota,27,2002,,1.152,,,,0.0,,34070.0,52.94,-0.219,0.6086,30.02,1.285,1.041,,,0.5,4.4,9.8
MN,Minnesota,27,2003,,1.152,,,,0.0,,35250.0,26.97,0.0662,0.5326,30.7,1.403,0.9311,,,0.5,5.0,9.8
MN,Minnesota,27,2004,,1.152,,,,0.0,,37020.0,26.97,-0.04511,0.5798,29.87,1.314,0.9156,,,0.5,4.8,9.8
MN,Minnesota,27,2005,,1.152,,,,0.0,,37890.0,33.91,-0.0422,0.5639,31.08,1.369,0.897,,,0.5,4.1,9.8
MN,Minnesota,27,2006,,1.152,,,,0.0,,39870.0,33.91,-0.0826,0.6871,30.42,1.262,0.8886,,,0.5,4.0,9.8
MN,Minnesota,27,2007,,1.152,,,,0.0,,41640.0,50.01,-0.03323,0.8374,31.18,1.119,0.9182,,,0.5,4.6,9.8
MN,Minnesota,27,2008,,1.152,,,,0.0,,43460.0,50.01,-0.1536,0.986,32.12,0.9204,0.9343,,,0.5,5.4,9.8
MN,Minnesota,27,2009,,1.152,,,,0.0,,41220.0,45.02,-0.2348,0.8025,31.73,0.9492,0.8884,,,0.5,7.8,9.8
MN,Minnesota,27,2010,,1.152,,,,0.0,,42850.0,45.02,-0.3874,1.183,32.44,0.9899,0.8572,33.8,44.0,0.5,7.4,9.8
MN,Minnesota,27,2011,,1.152,,,,0.0,,45340.0,53.64,-0.2703,1.121,32.93,0.8902,0.8341,54.2,44.0,0.5,6.5,9.8
MN,Minnesota,27,2012,0.5773,1.152,,,0.112,0.0,59130.0,47850.0,52.07,-0.3053,1.379,33.1,0.8375,0.8382,54.2,44.0,0.5,5.6,9.8
MN,Minnesota,27,2013,0.5673,1.152,-0.00105,-11.97,0.1155,0.0,59840.0,47930.0,78.17,-0.2211,1.526,33.96,0.9878,0.8978,44.3,45.1,1.0,5.0,9.8
MN,Minnesota,27,2014,0.5581,1.152,-0.002185,-13.67,0.1188,0.0,60830.0,50240.0,78.17,-0.2234,1.76,34.36,1.002,0.8288,44.3,45.1,1.0,4.2,9.8
MN,Minnesota,27,2015,0.5496,1.152,-0.001458,-7.545,0.122,0.0,61490.0,52340.0,,,,35.33,,,49.8,45.1,0.5,3.7,
MN,Minnesota,27,2016,0.5419,1.152,-0.000637,-11.54,0.1253,0.0,63220.0,53060.0,,,,34.83,,,50.2,45.1,0.5,3.9,
MN,Minnesota,27,2017,0.5322,1.152,0.001334,-6.413,0.1289,,65700.0,54930.0,,,,,,,54.7,44.9,,3.5,
MN,Minnesota,27,2018,0.5233,1.152,0.0003109,-14.85,0.1333,,68410.0,57350.0,,,,,,,,,,,
MN,Minnesota,27,2019,0.514,1.152,-0.001293,-14.42,0.1383,,71310.0,58830.0,,,,,,,,,,,9.8
MN,Minnesota,27,2020,0.5057,1.152,-0.002649,-14.03,0.1437,,,,,,,,,,,,,,
MN,Minnesota,27,2021,0.4969,1.152,-0.003964,-16.18,0.149,,,,,,,,,,,,,,
MN,Minnesota,27,2022,0.4905,1.152,-0.003433,-26.78,0.1528,,,,,,,,,,,,,,
MN,Minnesota,27,2023,0.4874,1.152,,,0.1539,,,,,,,,,,,,,,
MN,Minnesota,27,2024,0.4856,1.152,,,0.1537,,,,,,,,,,,,,,
MN,Minnesota,27,2025,,1.152,,,,,,,,,,,,,,,,,
MS,Mississippi,28,2000,,0.2473,,,,1.0,,21560.0,74.2,-0.09241,0.006258,17.3,-1.474,-1.949,,,1.0,5.7,5.0
MS,Mississippi,28,2001,,0.2473,,,,1.0,,22820.0,74.2,-0.02447,-0.07201,19.02,-1.237,-1.941,,,1.0,5.5,5.0
MS,Mississippi,28,2002,,0.2473,,,,1.0,,23130.0,74.2,-0.08939,-0.1721,18.02,-1.22,-1.93,,,1.0,6.8,5.0
MS,Mississippi,28,2003,,0.2473,,,,1.0,,23970.0,78.55,0.07769,-0.3722,18.86,-1.259,-1.926,,,0.5,6.3,5.0
MS,Mississippi,28,2004,,0.2473,,,,1.0,,25120.0,50.25,-0.05367,-0.4239,19.08,-1.369,-2.148,,,0.5,6.2,5.0
MS,Mississippi,28,2005,,0.2473,,,,1.0,,26760.0,48.17,-0.05653,-0.3342,18.77,-1.362,-2.102,,,0.5,7.5,5.0
MS,Mississippi,28,2006,,0.2473,,,,1.0,,27920.0,48.17,-0.07525,-0.2546,18.93,-1.471,-2.397,,,0.5,6.5,5.0
MS,Mississippi,28,2007,,0.2473,,,,1.0,,29570.0,42.08,0.02142,-0.2191,19.19,-1.492,-2.421,,,0.5,6.1,5.0
MS,Mississippi,28,2008,,0.2473,,,,1.0,,30950.0,44.21,-0.008759,-0.3242,19.76,-1.569,-2.459,,,0.5,6.6,5.0
MS,Mississippi,28,2009,,0.2473,,,,1.0,,30010.0,45.52,-0.2636,-0.4048,20.27,-1.583,-2.474,,,0.5,9.5,5.0
MS,Mississippi,28,2010,,0.2473,,,,1.0,,31050.0,45.09,-0.3744,-0.06088,19.95,-1.437,-2.494,42.0,56.4,0.5,10.4,5.0
MS,Mississippi,28,2011,,0.2473,,,,1.0,,32160.0,50.48,-0.3725,0.04796,20.38,-1.554,-2.436,43.1,56.4,0.5,10.0,5.0
MS,Mississippi,28,2012,0.6082,0.2473,,,0.04857,1.0,38880.0,33300.0,27.58,-0.398,0.005064,20.87,-1.616,-2.432,54.6,56.4,0.0,9.0,5.0
MS,Mississippi,28,2013,0.6026,0.2473,-0.003382,0.5307,0.05122,1.0,39030.0,33840.0,28.42,-0.4592,0.01731,20.78,-1.843,-2.483,53.4,55.5,0.0,8.6,5.0
MS,Mississippi,28,2014,0.5966,0.2473,-0.004538,-0.6407,0.05377,1.0,39460.0,34530.0,26.72,-0.4239,-0.07696,21.17,-1.597,-2.505,55.7,55.5,0.0,7.5,5.0
MS,Mississippi,28,2015,0.5956,0.2473,-0.00339,-2.498,0.05605,1.0,39660.0,35180.0,,,,21.11,,,56.3,55.5,0.0,6.4,
MS,Mississippi,28,2016,0.5957,0.2473,-0.003442,-1.439,0.0583,1.0,40530.0,35640.0,,,,22.16,,,60.9,55.5,0.0,5.8,
MS,Mississippi,28,2017,0.5942,0.2473,-0.003618,1.055,0.0607,,42010.0,36510.0,,,,,,,59.8,57.9,,5.1,
MS,Mississippi,28,2018,0.5921,0.2473,-0.003811,2.399,0.06316,,43570.0,37830.0,,,,,,,,,,,
MS,Mississippi,28,2019,0.5922,0.2473,-0.004452,3.648,0.06484,,45080.0,38890.0,,,,,,,,,,,5.0
MS,Mississippi,28,2020,0.5938,0.2473,-0.002698,2.705,0.06514,,,,,,,,,,,,,,
MS,Mississippi,28,2021,0.5953,0.2473,-0.001917,4.591,0.06542,,,,,,,,,,,,,,
MS,Mississippi,28,2022,0.5969,0.2473,-0.001563,7.104,0.06519,,,,,,,,,,,,,,
MS,Mississippi,28,2023,0.5988,0.2473,,,0.0647,,,,,,,,,,,,,,
MS,Mississippi,28,2024,0.5984,0.2473,,,0.06366,,,,,,,,,,,,,,
MS,Mississippi,28,2025,,0.2473,,,,,,,,,,,,,,,,,
MO,Missouri,29,2000,,0.9743,,,,0.0,,27880.0,73.79,-0.2832,0.1201,21.57,-0.1148,-0.1283,,,0.5,3.5,6.25
MO,Missouri,29,2001,,0.9743,,,,0.0,,28640.0,32.11,-0.2067,0.1094,23.04,0.03331,-0.09274,,,0.5,4.7,6.25
MO,Missouri,29,2002,,0.9743,,,,0.0,,29290.0,34.26,-0.2086,0.1235,23.99,-0.003338,-0.1424,,,0.5,5.5,6.25
MO,Missouri,29,2003,,0.9743,,,,0.0,,30220.0,54.77,-0.051,0.02694,24.14,-0.1013,-0.2029,,,0.5,5.6,6.25
MO,Missouri,29,2004,,0.9743,,,,0.0,,31410.0,54.77,-0.08432,0.1001,24.34,-0.173,-0.0935,,,0.0,5.7,6.25
MO,Missouri,29,2005,,0.9743,,,,0.0,,32250.0,18.8,-0.186,0.1318,24.11,-0.2118,-0.1123,,,0.0,5.4,6.25
MO,Missouri,29,2006,,0.9743,,,,0.0,,34010.0,18.48,-0.1591,0.2092,24.13,-0.3223,-0.1215,,,0.0,4.8,6.25
MO,Missouri,29,2007,,0.9743,,,,0.0,,35520.0,20.16,-0.1474,0.3295,25.02,-0.2379,-0.3827,,,0.0,5.1,6.25
MO,Missouri,29,2008,,0.9743,,,,0.0,,37740.0,20.89,-0.1394,0.2859,25.38,-0.1206,-0.4613,,,0.5,6.1,6.25
MO,Missouri,29,2009,,0.9743,,,,0.0,,36240.0,52.5,-0.3417,0.2026,25.5,-0.3603,-0.7195,,,0.5,9.3,6.25
MO,Missouri,29,2010,,0.9743,,,,0.0,,36960.0,52.68,-0.3939,0.4829,25.56,-0.359,-0.9251,56.9,49.4,0.5,9.6,6.25
MO,Missouri,29,2011,,0.9743,,,,0.0,,38330.0,48.51,-0.564,0.5375,26.53,-0.2921,-0.9339,67.0,49.4,0.5,8.5,6.25
MO,Missouri,29,2012,0.6238,0.9743,,,0.1567,0.0,47330.0,40120.0,48.51,-0.5146,0.6444,26.23,-0.3673,-0.9756,67.0,49.4,0.5,6.9,6.25
MO,Missouri,29,2013,0.6143,0.9743,-0.0007084,0.3832,0.1651,0.0,47380.0,40310.0,47.6,-0.5825,0.7806,27.26,-0.5873,-0.9205,68.0,53.9,0.5,6.7,6.25
MO,Missouri,29,2014,0.6051,0.9743,-0.001978,-1.319,0.1731,0.0,47760.0,41760.0,47.6,-0.5119,0.9353,27.76,-0.4494,-0.9801,67.0,53.9,0.5,6.1,6.25
MO,Missouri,29,2015,0.5959,0.9743,-0.001506,-1.35,0.1809,0.0,48170.0,43130.0,,,,28.16,,,72.1,53.9,0.5,5.0,
MO,Missouri,29,2016,0.5857,0.9743,-0.001259,-7.369,0.1888,0.0,49590.0,44290.0,,,,28.77,,,71.1,53.9,0.5,4.5,
MO,Missouri,29,2017,0.575,0.9743,-0.0007502,-2.722,0.1972,,51540.0,45310.0,,,,,,,72.1,56.4,,3.8,
MO,Missouri,29,2018,0.5652,0.9743,-0.0006098,-3.531,0.2051,,53560.0,47080.0,,,,,,,,,,,
MO,Missouri,29,2019,0.5576,0.9743,-0.0005059,-5.357,0.2114,,55460.0,48630.0,,,,,,,,,,,6.25
MO,Missouri,29,2020,0.5518,0.9743,0.001414,-6.242,0.214,,,,,,,,,,,,,,
MO,Missouri,29,2021,0.5457,0.9743,0.001689,-7.117,0.2161,,,,,,,,,,,,,,
MO,Missouri,29,2022,0.5413,0.9743,0.0009623,-10.87,0.218,,,,,,,,,,,,,,
MO,Missouri,29,2023,0.5389,0.9743,,,0.2183,,,,,,,,,,,,,,
MO,Missouri,29,2024,0.5388,0.9743,,,0.2164,,,,,,,,,,,,,,
MO,Missouri,29,2025,,0.9743,,,,,,,,,,,,,,,,,
MT,Montana,30,2000,,0.5934,,,,0.0,,23460.0,19.97,-0.3006,-0.05661,24.82,0.0692,0.3746,,,0.0,4.9,6.75
MT,Montana,30,2001,,0.5934,,,,0.0,,25280.0,24.37,-0.2459,-0.09119,24.96,0.019,0.3272,,,0.0,4.6,6.75
MT,Montana,30,2002,,0.5934,,,,0.0,,25640.0,24.37,-0.3416,-0.1036,24.38,0.07834,0.2936,,,0.0,4.6,6.75
MT,Montana,30,2003,,0.5934,,,,0.0,,26920.0,28.1,-0.1501,-0.1363,25.46,0.01471,0.2639,,,0.0,4.7,6.75
MT,Montana,30,2004,,0.5934,,,,0.0,,28490.0,28.1,-0.2707,-0.006467,27.22,-0.01392,0.1628,,,0.5,4.9,6.75
MT,Montana,30,2005,,0.5934,,,,0.0,,29980.0,65.12,-0.3056,0.1697,26.86,0.01973,0.4427,,,0.5,4.4,6.75
MT,Montana,30,2006,,0.5934,,,,0.0,,31960.0,66.72,-0.3109,0.3884,26.96,0.1176,0.457,,,0.5,3.5,6.75
MT,Montana,30,2007,,0.5934,,,,0.0,,33650.0,63.33,-0.2706,0.568,26.65,0.2232,0.3264,,,0.5,3.6,6.75
MT,Montana,30,2008,,0.5934,,,,0.0,,35300.0,63.33,-0.2937,0.6601,27.59,0.05558,0.2591,,,0.5,5.1,6.75
MT,Montana,30,2009,,0.5934,,,,0.0,,33710.0,59.12,-0.5078,0.5279,27.27,0.4014,0.1136,,,0.5,6.8,6.75
MT,Montana,30,2010,,0.5934,,,,0.0,,35070.0,59.12,-0.5723,0.8014,30.12,0.3543,0.05465,51.3,49.7,0.5,7.3,6.75
MT,Montana,30,2011,,0.5934,,,,0.0,,38170.0,51.49,-0.5475,0.7569,29.48,0.4656,0.03761,64.0,49.7,0.5,6.9,6.75
MT,Montana,30,2012,0.6446,0.5934,,,0.03977,0.0,45460.0,40300.0,51.49,-0.5753,0.892,28.6,0.4086,-0.002396,64.0,49.7,0.5,6.0,6.75
MT,Montana,30,2013,0.6401,0.5934,0.005087,14.51,0.04172,0.0,46230.0,40150.0,46.15,-0.6307,0.9849,29.53,0.5421,0.05024,60.0,55.3,0.5,5.4,6.75
MT,Montana,30,2014,0.6351,0.5934,0.002492,7.164,0.04415,0.0,46770.0,41870.0,43.46,-0.6521,1.104,28.24,0.5346,0.00483,60.0,55.3,0.5,4.7,6.75
MT,Montana,30,2015,0.6298,0.5934,0.00232,6.387,0.04599,0.0,47170.0,43580.0,,,,29.64,,,58.7,55.3,0.5,4.2,
MT,Montana,30,2016,0.6254,0.5934,0.00516,12.57,0.04798,0.0,48380.0,43970.0,,,,31.43,,,58.7,55.3,0.5,4.1,
MT,Montana,30,2017,0.619,0.5934,0.0103,14.32,0.05,,50800.0,46140.0,,,,,,,60.7,55.6,,4.0,
MT,Montana,30,2018,0.6132,0.5934,0.003934,12.47,0.05213,,52560.0,48140.0,,,,,,,,,,,
MT,Montana,30,2019,0.6081,0.5934,0.005809,20.5,0.05374,,54970.0,49680.0,,,,,,,,,,,6.75
MT,Montana,30,2020,0.6027,0.5934,0.01261,36.17,0.05497,,,,,,,,,,,,,,
MT,Montana,30,2021,0.6002,0.5934,0.01676,27.4,0.05583,,,,,,,,,,,,,,
MT,Montana,30,2022,0.5942,0.5934,0.01205,29.29,0.05664,,,,,,,,,,,,,,
MT,Montana,30,2023,0.5925,0.5934,,,0.05678,,,,,,,,,,,,,,
MT,Montana,30,2024,0.5936,0.5934,,,0.05638,,,,,,,,,,,,,,
MT,Montana,30,2025,,0.5934,,,,,,,,,,,,,,,,,
NE,Nebraska,31,2000,,0.8861,,,,1.0,,28590.0,29.29,-0.5166,0.2066,25.12,-0.5534,0.1035,,,,3.0,7.81
NE,Nebraska,31,2001,,0.8861,,,,1.0,,29850.0,28.35,-0.3184,0.2025,25.09,-0.5347,0.03062,,,,3.1,7.81
NE,Nebraska,31,2002,,0.8861,,,,1.0,,30230.0,28.35,-0.4688,0.2328,25.24,-0.5209,0.1258,,,,3.6,7.81
NE,Nebraska,31,2003,,0.8861,,,,1.0,,32010.0,28.35,-0.1626,0.1598,25.26,-0.3028,0.1587,,,,4.0,7.81
NE,Nebraska,31,2004,,0.8861,,,,1.0,,33100.0,28.35,-0.3063,0.2135,26.19,-0.3818,0.1094,,,,3.8,7.81
NE,Nebraska,31,2005,,0.8861,,,,1.0,,34100.0,25.27,-0.2859,0.2075,26.29,-0.4085,0.07105,,,,3.8,7.81
NE,Nebraska,31,2006,,0.8861,,,,1.0,,35430.0,25.27,-0.2626,0.3484,26.66,-0.4488,0.03213,,,,3.1,7.81
NE,Nebraska,31,2007,,0.8861,,,,1.0,,37890.0,21.84,-0.2633,0.4001,27.11,-0.4512,-0.01647,,,,3.0,7.81
NE,Nebraska,31,2008,,0.8861,,,,1.0,,40390.0,21.84,-0.2889,0.4479,27.69,-0.5756,-0.0526,,,,3.3,7.81
NE,Nebraska,31,2009,,0.8861,,,,1.0,,38660.0,20.11,-0.3807,0.2472,27.44,-0.4103,0.0594,,,,4.6,7.81
NE,Nebraska,31,2010,,0.8861,,,,1.0,,39670.0,20.11,-0.4783,0.5597,27.89,-0.4229,0.03706,,56.8,,4.6,7.81
NE,Nebraska,31,2011,,0.8861,,,,1.0,,45420.0,20.11,-0.4778,0.5005,28.43,-0.4493,0.007243,,56.8,,4.4,7.81
NE,Nebraska,31,2012,0.5866,0.8861,,,0.1092,1.0,51380.0,46550.0,20.11,-0.509,0.6321,30.01,-0.4593,-0.01128,,56.8,,4.0,7.81
NE,Nebraska,31,2013,0.5809,0.8861,-0.001482,-5.041,0.1152,1.0,51670.0,46580.0,15.68,-0.5311,0.7113,30.61,-0.2772,0.02661,,60.5,,3.8,7.81
NE,Nebraska,31,2014,0.5762,0.8861,-0.002689,-6.789,0.121,1.0,52400.0,48940.0,15.68,-0.5269,0.8359,30.61,-0.2895,-0.02073,,60.5,,3.3,7.81
NE,Nebraska,31,2015,0.5722,0.8861,-0.001619,-9.419,0.1266,1.0,53000.0,50700.0,,,,30.29,,,,60.5,,3.0,
NE,Nebraska,31,2016,0.5669,0.8861,-0.001598,-5.801,0.1318,1.0,54380.0,49590.0,,,,32.74,,,,60.5,,3.2,
NE,Nebraska,31,2017,0.5633,0.8861,-0.004311,-7.51,0.1374,,56680.0,50620.0,,,,,,,,58.7,,2.9,
NE,Nebraska,31,2018,0.5607,0.8861,-0.002789,-6.093,0.1425,,59120.0,52890.0,,,,,,,,,,,
NE,Nebraska,31,2019,0.5591,0.8861,-0.003639,-4.096,0.1468,,61440.0,54570.0,,,,,,,,,,,7.81
NE,Nebraska,31,2020,0.5589,0.8861,-0.00306,-16.96,0.1481,,,,,,,,,,,,,,
NE,Nebraska,31,2021,0.5592,0.8861,-0.002855,-3.327,0.1495,,,,,,,,,,,,,,
NE,Nebraska,31,2022,0.5584,0.8861,-0.001688,-9.205,0.1508,,,,,,,,,,,,,,
NE,Nebraska,31,2023,0.5583,0.8861,,,0.1505,,,,,,,,,,,,,,
NE,Nebraska,31,2024,0.5593,0.8861,,,0.1488,,,,,,,,,,,,,,
NE,Nebraska,31,2025,,0.8861,,,,,,,,,,,,,,,,,
NV,Nevada,32,2000,,-0.05791,,,,1.0,,30980.0,25.87,-0.322,0.5909,18.46,-0.8971,0.05462,,,0.5,4.1,0.0
NV,Nevada,32,2001,,-0.05791,,,,1.0,,31120.0,27.1,-0.1704,0.7055,18.76,-0.8537,0.1753,,,0.5,5.3,0.0
NV,Nevada,32,2002,,-0.05791,,,,1.0,,31200.0,30.45,-0.3098,0.7519,18.71,-1.09,0.1911,,,0.5,5.5,0.0
NV,Nevada,32,2003,,-0.05791,,,,1.0,,32500.0,27.03,-0.05749,0.6783,19.65,-1.176,0.138,,,0.5,5.2,0.0
NV,Nevada,32,2004,,-0.05791,,,,1.0,,35020.0,27.03,-0.1705,0.7046,19.4,-1.252,0.08981,,,0.5,4.2,0.0
NV,Nevada,32,2005,,-0.05791,,,,1.0,,37760.0,32.44,-0.2018,0.7322,20.88,-1.294,0.05665,,,0.5,4.1,0.0
NV,Nevada,32,2006,,-0.05791,,,,1.0,,38790.0,32.44,-0.1357,0.864,21.0,-1.077,0.0342,,,0.5,4.0,0.0
NV,Nevada,32,2007,,-0.05791,,,,1.0,,39870.0,38.51,-0.1695,1.038,21.88,-1.214,0.1191,,,0.5,4.5,0.0
NV,Nevada,32,2008,,-0.05791,,,,1.0,,39820.0,38.51,-0.1638,1.156,22.18,-1.13,0.08782,,,0.5,6.7,0.0
NV,Nevada,32,2009,,-0.05791,,,,1.0,,36520.0,44.67,-0.2836,0.979,21.92,-1.114,0.2795,,,0.5,11.3,0.0
NV,Nevada,32,2010,,-0.05791,,,,1.0,,36920.0,44.67,-0.4332,1.236,21.71,-0.8998,0.2371,34.9,42.7,0.5,13.5,0.0
NV,Nevada,32,2011,,-0.05791,,,,1.0,,38550.0,42.23,-0.3659,1.254,22.67,-0.9236,0.357,41.3,42.7,0.5,13.0,0.0
NV,Nevada,32,2012,0.5088,-0.05791,,,0.1076,1.0,54080.0,39650.0,42.23,-0.392,1.553,22.97,-0.9837,0.3176,41.3,42.7,0.5,11.2,0.0
NV,Nevada,32,2013,0.5031,-0.05791,0.006696,15.01,0.1142,1.0,52800.0,39270.0,42.92,-0.5161,1.712,22.71,-1.012,0.2194,39.7,45.7,0.5,9.6,0.0
NV,Nevada,32,2014,0.4998,-0.05791,0.008732,18.46,0.1213,1.0,52200.0,41490.0,42.92,-0.5282,2.064,23.3,-1.145,0.2321,39.7,45.7,0.5,7.9,0.0
NV,Nevada,32,2015,0.4931,-0.05791,0.009715,18.24,0.1283,1.0,51850.0,44290.0,,,,24.32,,,57.1,45.7,0.0,6.8,
NV,Nevada,32,2016,0.4879,-0.05791,0.01294,3.637,0.1362,1.0,53090.0,45320.0,,,,23.77,,,57.1,45.7,0.0,5.7,
NV,Nevada,32,2017,0.4827,-0.05791,0.02041,6.131,0.1447,,55430.0,47620.0,,,,,,,38.1,45.5,,5.0,
NV,Nevada,32,2018,0.4774,-0.05791,0.01775,15.62,0.1534,,57600.0,49940.0,,,,,,,,,,,
NV,Nevada,32,2019,0.4746,-0.05791,0.01568,12.45,0.1599,,60360.0,50980.0,,,,,,,,,,,
NV,Nevada,32,2020,0.4741,-0.05791,0.01342,22.17,0.1615,,,,,,,,,,,,,,
NV,Nevada,32,2021,0.4729,-0.05791,0.009566,52.43,0.1631,,,,,,,,,,,,,,
NV,Nevada,32,2022,0.4708,-0.05791,0.00819,29.57,0.1658,,,,,,,,,,,,,,
NV,Nevada,32,2023,0.4698,-0.05791,,,0.1664,,,,,,,,,,,,,,
NV,Nevada,32,2024,0.4697,-0.05791,,,0.1647,,,,,,,,,,,,,,
NV,Nevada,32,2025,,-0.05791,,,,,,,,,,,,,,,,,
NH,New Hampshire,33,2000,,0.9081,,,,0.0,,34100.0,48.59,-0.1496,0.7821,28.79,0.2518,0.6403,,,0.5,2.8,8.0
NH,New Hampshire,33,2001,,0.9081,,,,0.0,,34800.0,44.54,-0.01805,0.9421,29.05,0.2256,0.6063,,,0.5,3.5,8.0
NH,New Hampshire,33,2002,,0.9081,,,,0.0,,35230.0,44.54,-0.08865,1.064,30.22,0.2791,0.6711,,,0.0,4.7,8.5
NH,New Hampshire,33,2003,,0.9081,,,,0.0,,35810.0,16.02,0.1241,1.038,30.38,0.2651,0.6065,,,0.0,4.3,8.5
NH,New Hampshire,33,2004,,0.9081,,,,0.0,,37720.0,16.02,0.0447,1.0,32.22,0.2916,0.5753,,,0.5,3.7,8.5
NH,New Hampshire,33,2005,,0.9081,,,,0.0,,38530.0,44.81,0.002121,1.008,31.39,0.1779,0.6398,,,0.5,3.6,8.5
NH,New Hampshire,33,2006,,0.9081,,,,0.0,,41090.0,44.81,0.008918,1.134,32.0,0.6578,0.5899,,,1.0,3.4,8.5
NH,New Hampshire,33,2007,,0.9081,,,,0.0,,42980.0,78.82,0.03444,1.375,32.36,0.6741,0.7466,,,1.0,3.5,8.5
NH,New Hampshire,33,2008,,0.9081,,,,0.0,,44190.0,78.97,-0.02585,1.586,33.24,0.5104,0.7142,,,1.0,3.9,8.5
NH,New Hampshire,33,2009,,0.9081,,,,0.0,,42440.0,75.97,-0.1364,1.471,32.65,0.5104,0.7589,,,1.0,6.2,8.5
NH,New Hampshire,33,2010,,0.9081,,,,0.0,,43590.0,75.97,-0.2977,1.687,33.58,0.5226,0.7346,43.6,44.8,0.5,5.8,8.5
NH,New Hampshire,33,2011,,0.9081,,,,0.0,,48920.0,47.44,-0.3033,1.661,33.62,0.5591,0.5521,74.8,44.8,0.5,5.4,8.5
NH,New Hampshire,33,2012,0.5118,0.9081,,,0.03321,0.0,64920.0,50980.0,47.44,-0.3286,1.989,35.5,0.5272,0.4549,73.8,44.8,0.5,5.5,8.5
NH,New Hampshire,33,2013,0.5129,0.9081,0.001949,7.784,0.03403,0.0,64920.0,50720.0,66.2,-0.3098,2.201,35.35,0.592,0.4056,45.0,46.4,0.5,5.1,8.5
NH,New Hampshire,33,2014,0.5036,0.9081,0.0002103,9.476,0.03512,0.0,65990.0,52630.0,66.02,-0.3198,2.572,35.42,0.5722,0.4229,45.3,46.4,0.5,4.3,8.5
NH,New Hampshire,33,2015,0.5027,0.9081,-0.0006238,-10.6,0.03599,0.0,66780.0,54490.0,,,,35.68,,,59.4,46.4,0.5,3.4,
NH,New Hampshire,33,2016,0.5011,0.9081,0.002055,6.58,0.03653,0.0,68480.0,56460.0,,,,36.86,,,59.7,46.4,0.5,2.8,
NH,New Hampshire,33,2017,0.4994,0.9081,0.006697,11.2,0.0369,,71300.0,58690.0,,,,,,,56.4,46.5,,2.7,
NH,New Hampshire,33,2018,0.4973,0.9081,0.003543,-1.741,0.03718,,74060.0,61400.0,,,,,,,,,,,
NH,New Hampshire,33,2019,0.5002,0.9081,0.003998,6.128,0.03769,,76770.0,63450.0,,,,,,,,,,,7.7
NH,New Hampshire,33,2020,0.5003,0.9081,0.00894,19.55,0.03743,,,,,,,,,,,,,,
NH,New Hampshire,33,2021,0.5013,0.9081,0.009296,34.34,0.03673,,,,,,,,,,,,,,
NH,New Hampshire,33,2022,0.5029,0.9081,0.006084,18.12,0.03643,,,,,,,,,,,,,,
NH,New Hampshire,33,2023,0.5001,0.9081,,,0.03612,,,,,,,,,,,,,,
NH,New Hampshire,33,2024,0.5022,0.9081,,,0.03555,,,,,,,,,,,,,,
NH,New Hampshire,33,2025,,0.9081,,,,,,,,,,,,,,,,,
NJ,New Jersey,34,2000,,1.117,,,,0.0,,38670.0,29.16,0.07817,1.131,30.17,2.113,1.659,,,0.0,3.8,9.0
NJ,New Jersey,34,2001,,1.117,,,,0.0,,39640.0,47.71,0.2577,1.231,31.97,2.113,1.663,,,0.5,4.2,9.0
NJ,New Jersey,34,2002,,1.117,,,,0.0,,39940.0,76.9,0.08202,1.387,31.75,2.06,1.742,,,0.5,5.8,9.0
NJ,New Jersey,34,2003,,1.117,,,,0.0,,40420.0,76.48,0.2909,1.223,32.28,2.001,1.685,,,1.0,5.9,9.0
NJ,New Jersey,34,2004,,1.117,,,,0.0,,42300.0,84.4,0.2111,1.118,33.51,2.246,1.678,,,1.0,4.8,9.0
NJ,New Jersey,34,2005,,1.117,,,,0.0,,43880.0,84.11,0.2097,1.036,34.51,2.481,1.647,,,1.0,4.5,9.0
NJ,New Jersey,34,2006,,1.117,,,,0.0,,47500.0,84.94,0.1755,1.068,33.59,2.297,1.899,,,1.0,4.7,9.0
NJ,New Jersey,34,2007,,1.117,,,,0.0,,50260.0,84.62,0.2393,1.303,33.88,2.228,2.261,,,1.0,4.3,9.0
NJ,New Jersey,34,2008,,1.117,,,,0.0,,52130.0,86.28,0.1895,1.504,34.85,2.288,2.265,,,1.0,5.3,9.0
NJ,New Jersey,34,2009,,1.117,,,,0.0,,49570.0,84.25,0.05699,1.432,34.94,2.138,2.171,,,0.5,9.1,9.0
NJ,New Jersey,34,2010,,1.117,,,,0.0,,51170.0,48.9,-0.07307,1.675,35.73,2.075,2.333,41.7,42.1,0.5,9.5,9.0
NJ,New Jersey,34,2011,,1.117,,,,0.0,,53690.0,53.17,-0.01832,1.69,35.67,1.625,2.298,40.8,42.1,0.5,9.3,9.0
NJ,New Jersey,34,2012,0.3822,1.117,,,0.01012,0.0,71640.0,55580.0,54.02,-0.0419,1.983,36.78,1.606,2.274,38.3,42.1,0.5,9.3,9.0
NJ,New Jersey,34,2013,0.3802,1.117,-0.005365,-0.6945,0.01059,0.0,71630.0,56050.0,54.12,-0.02204,2.225,36.91,1.375,2.446,40.0,40.9,0.5,8.2,9.0
NJ,New Jersey,34,2014,0.3766,1.117,-0.006792,-12.52,0.01097,0.0,72060.0,58650.0,54.12,0.02341,2.488,37.72,1.503,2.616,40.0,40.9,0.5,6.7,9.0
NJ,New Jersey,34,2015,0.3753,1.117,-0.005782,-10.97,0.01131,0.0,72090.0,61140.0,,,,38.33,,,40.0,40.9,0.5,5.8,
NJ,New Jersey,34,2016,0.3717,1.117,-0.007228,-10.36,0.01169,0.0,73700.0,62820.0,,,,39.19,,,36.7,40.9,0.5,5.0,
NJ,New Jersey,34,2017,0.3677,1.117,-0.006999,-4.611,0.01208,,76480.0,64960.0,,,,,,,36.7,41.0,,4.6,
NJ,New Jersey,34,2018,0.364,1.117,-0.005385,-12.71,0.01257,,79360.0,67800.0,,,,,,,,,,,
NJ,New Jersey,34,2019,0.3621,1.117,-0.004598,-14.4,0.01299,,82540.0,70400.0,,,,,,,,,,,11.5
NJ,New Jersey,34,2020,0.3629,1.117,-0.003479,-8.938,0.0131,,,,,,,,,,,,,,
NJ,New Jersey,34,2021,0.3614,1.117,-0.003504,-20.03,0.01336,,,,,,,,,,,,,,
NJ,New Jersey,34,2022,0.3601,1.117,-0.00544,-22.5,0.01343,,,,,,,,,,,,,,
NJ,New Jersey,34,2023,0.3589,1.117,,,0.01347,,,,,,,,,,,,,,
NJ,New Jersey,34,2024,0.3599,1.117,,,0.0133,,,,,,,,,,,,,,
NJ,New Jersey,34,2025,,1.117,,,,,,,,,,,,,,,,,
NM,New Mexico,35,2000,,0.9067,,,,0.0,,22750.0,56.04,-0.2137,0.3619,23.42,0.06294,-0.0107,,,0.5,4.9,7.6
NM,New Mexico,35,2001,,0.9067,,,,0.0,,24750.0,56.29,-0.1015,0.4192,23.94,-0.06596,0.1655,,,0.5,4.8,7.6
NM,New Mexico,35,2002,,0.9067,,,,0.0,,24980.0,56.29,-0.1639,0.5104,26.08,0.01398,0.1398,,,1.0,5.4,7.6
NM,New Mexico,35,2003,,0.9067,,,,0.0,,25640.0,82.36,0.06334,0.4681,24.04,0.004387,0.5722,,,1.0,6.4,7.6
NM,New Mexico,35,2004,,0.9067,,,,0.0,,27090.0,82.36,-0.001687,0.5898,23.84,0.03256,0.728,,,1.0,5.6,7.6
NM,New Mexico,35,2005,,0.9067,,,,0.0,,28640.0,82.36,-0.09022,0.5333,25.47,0.3022,0.7168,,,1.0,5.1,7.6
NM,New Mexico,35,2006,,0.9067,,,,0.0,,30210.0,82.36,-0.04455,0.6005,25.53,0.1182,0.6927,,,1.0,4.2,7.6
NM,New Mexico,35,2007,,0.9067,,,,0.0,,31680.0,82.36,-0.0476,0.7034,24.65,0.4107,0.8309,,,1.0,3.8,7.6
NM,New Mexico,35,2008,,0.9067,,,,0.0,,33500.0,82.36,-0.02658,0.6616,25.06,0.4243,0.785,,,1.0,4.5,7.6
NM,New Mexico,35,2009,,0.9067,,,,0.0,,32390.0,80.09,-0.2091,0.5326,25.94,0.5334,0.8242,,,1.0,7.5,7.6
NM,New Mexico,35,2010,,0.9067,,,,0.0,,33370.0,80.09,-0.3583,0.7498,25.01,0.485,0.7903,35.7,42.0,0.5,8.1,7.6
NM,New Mexico,35,2011,,0.9067,,,,0.0,,35000.0,40.88,-0.329,0.7988,25.9,0.6231,1.103,42.9,42.0,0.5,7.5,7.6
NM,New Mexico,35,2012,0.4105,0.9067,,,0.07608,0.0,44890.0,35720.0,40.39,-0.2865,0.899,26.57,0.6146,1.101,42.9,42.0,0.5,7.1,7.6
NM,New Mexico,35,2013,0.4073,0.9067,-0.005347,-1.323,0.07934,0.0,44930.0,35090.0,41.67,-0.3424,1.05,26.79,0.4151,1.164,43.8,43.0,0.5,7.0,7.3
NM,New Mexico,35,2014,0.403,0.9067,-0.005667,-0.9628,0.08216,0.0,44970.0,37200.0,40.64,-0.3222,1.183,26.86,0.4173,1.185,44.6,43.0,0.5,6.7,7.3
NM,New Mexico,35,2015,0.4,0.9067,-0.004141,-0.7458,0.08512,0.0,44960.0,38310.0,,,,26.79,,,48.2,43.0,0.5,6.6,
NM,New Mexico,35,2016,0.3966,0.9067,-0.003884,-0.9372,0.08813,0.0,45670.0,39010.0,,,,27.75,,,49.1,43.0,0.5,6.7,
NM,New Mexico,35,2017,0.3936,0.9067,-0.003169,2.095,0.09099,,46720.0,39730.0,,,,,,,42.9,40.0,,6.2,
NM,New Mexico,35,2018,0.3895,0.9067,-0.000943,0.957,0.09405,,48060.0,41650.0,,,,,,,,,,,
NM,New Mexico,35,2019,0.3855,0.9067,0.0009893,-0.184,0.09694,,49750.0,43270.0,,,,,,,,,,,5.9
NM,New Mexico,35,2020,0.3831,0.9067,0.002388,10.18,0.09745,,,,,,,,,,,,,,
NM,New Mexico,35,2021,0.381,0.9067,-0.0005667,3.833,0.09816,,,,,,,,,,,,,,
NM,New Mexico,35,2022,0.3794,0.9067,-0.0002637,-3.712,0.09885,,,,,,,,,,,,,,
NM,New Mexico,35,2023,0.3783,0.9067,,,0.09864,,,,,,,,,,,,,,
NM,New Mexico,35,2024,0.3774,0.9067,,,0.09759,,,,,,,,,,,,,,
NM,New Mexico,35,2025,,0.9067,,,,,,,,,,,,,,,,,
NY,New York,36,2000,,1.496,,,,0.0,,34620.0,46.05,0.1524,1.17,27.72,2.036,1.439,,,0.5,4.6,8.5
NY,New York,36,2001,,1.496,,,,0.0,,35480.0,45.96,0.32,1.343,28.08,2.171,1.436,,,0.5,4.9,8.0
NY,New York,36,2002,,1.496,,,,0.0,,35450.0,45.96,0.2297,1.463,29.74,1.966,1.51,,,0.5,6.1,7.5
NY,New York,36,2003,,1.496,,,,0.0,,36260.0,44.13,0.651,1.42,29.99,2.079,1.646,,,0.5,6.3,7.5
NY,New York,36,2004,,1.496,,,,0.0,,38660.0,44.13,0.3643,1.238,30.77,2.051,1.645,,,0.5,5.8,7.5
NY,New York,36,2005,,1.496,,,,0.0,,41110.0,45.73,0.2715,1.121,31.54,2.18,1.605,,,0.5,5.0,7.5
NY,New York,36,2006,,1.496,,,,0.0,,44570.0,44.72,0.2961,1.147,31.46,2.166,1.613,,,0.5,4.5,7.5
NY,New York,36,2007,,1.496,,,,0.0,,47850.0,75.59,0.2129,1.372,32.07,2.155,1.641,,,0.5,4.6,7.1
NY,New York,36,2008,,1.496,,,,0.0,,49370.0,76.6,0.1653,1.464,32.43,3.131,1.629,,,1.0,5.4,7.1
NY,New York,36,2009,,1.496,,,,0.0,,46700.0,80.2,0.09819,1.373,32.95,2.951,1.618,,,1.0,8.3,7.1
NY,New York,36,2010,,1.496,,,,0.0,,48450.0,80.2,-0.02064,1.611,33.08,3.038,1.604,33.5,36.7,0.5,8.6,7.1
NY,New York,36,2011,,1.496,,,,0.0,,51490.0,76.69,0.006112,1.702,33.69,3.065,1.681,37.7,36.7,0.5,8.3,7.1
NY,New York,36,2012,0.3517,1.496,,,0.1578,0.0,57680.0,53980.0,76.69,0.03168,1.992,34.04,2.919,1.72,39.2,36.7,0.5,8.5,7.1
NY,New York,36,2013,0.3467,1.496,-0.006538,-8.353,0.1669,0.0,58000.0,54500.0,81.11,-0.08188,2.162,34.57,2.825,1.748,34.3,36.0,1.0,7.7,7.1
NY,New York,36,2014,0.3422,1.496,-0.007348,-5.96,0.1756,0.0,58690.0,56750.0,81.15,0.1016,2.512,35.4,2.843,1.749,32.4,36.0,1.0,6.3,7.1
NY,New York,36,2015,0.3383,1.496,-0.005178,-10.71,0.1846,0.0,59270.0,59240.0,,,,35.79,,,36.2,36.0,0.5,5.3,
NY,New York,36,2016,0.3343,1.496,-0.009496,-12.47,0.1934,0.0,60740.0,61390.0,,,,36.37,,,34.3,36.0,0.5,4.8,
NY,New York,36,2017,0.3309,1.496,-0.01351,-10.26,0.2021,,62760.0,65800.0,,,,,,,34.7,36.5,,4.7,
NY,New York,36,2018,0.3277,1.496,-0.009418,-14.76,0.2106,,65320.0,68610.0,,,,,,,,,,,
NY,New York,36,2019,0.3255,1.496,-0.00896,-10.52,0.2178,,68490.0,71680.0,,,,,,,,,,,6.5
NY,New York,36,2020,0.3254,1.496,-0.01588,-30.85,0.219,,,,,,,,,,,,,,
NY,New York,36,2021,0.3237,1.496,-0.01725,-39.48,0.2234,,,,,,,,,,,,,,
NY,New York,36,2022,0.3215,1.496,-0.0129,-2.226,0.2282,,,,,,,,,,,,,,
NY,New York,36,2023,0.3207,1.496,,,0.2294,,,,,,,,,,,,,,
NY,New York,36,2024,0.3205,1.496,,,0.2284,,,,,,,,,,,,,,
NY,New York,36,2025,,1.496,,,,,,,,,,,,,,,,,
NC,North Carolina,37,2000,,0.7378,,,,1.0,,27910.0,79.47,-0.1032,0.2102,22.95,-0.489,-0.8461,,,1.0,3.6,6.9
NC,North Carolina,37,2001,,0.7378,,,,1.0,,28360.0,77.15,-0.08681,0.2088,22.97,-0.3517,-0.976,,,1.0,5.5,6.9
NC,North Carolina,37,2002,,0.7378,,,,1.0,,28430.0,77.45,-0.07084,0.2006,23.57,-0.472,-0.9628,,,0.5,6.7,6.9
NC,North Carolina,37,2003,,0.7378,,,,1.0,,28930.0,71.98,-0.01854,0.1137,24.42,-0.4711,-0.9406,,,0.5,6.5,6.9
NC,North Carolina,37,2004,,0.7378,,,,1.0,,30480.0,74.17,0.04965,0.08874,24.78,-0.5211,-0.9331,,,1.0,5.4,6.9
NC,North Carolina,37,2005,,0.7378,,,,1.0,,31900.0,75.49,-0.1565,0.141,25.35,-0.573,-0.9253,,,1.0,5.2,6.9
NC,North Carolina,37,2006,,0.7378,,,,1.0,,33370.0,75.49,0.01705,0.1797,24.94,-0.6275,-0.7798,,,1.0,4.7,6.9
NC,North Carolina,37,2007,,0.7378,,,,1.0,,34760.0,77.03,-0.001714,0.2661,25.92,-0.5098,-0.7981,,,1.0,4.7,6.9
NC,North Carolina,37,2008,,0.7378,,,,1.0,,35740.0,77.03,0.04536,0.2963,26.58,-0.4012,-0.8516,,,1.0,6.1,6.9
NC,North Carolina,37,2009,,0.7378,,,,1.0,,34110.0,75.49,-0.194,0.1056,26.95,-0.3407,-0.8611,,,1.0,10.6,6.9
NC,North Carolina,37,2010,,0.7378,,,,1.0,,34980.0,75.49,-0.1932,0.5807,26.75,-0.3625,-0.8205,42.4,49.5,0.5,10.9,6.9
NC,North Carolina,37,2011,,0.7378,,,,1.0,,36760.0,47.13,-0.2409,0.5221,27.06,-0.3808,-1.055,57.6,49.5,0.5,10.3,6.9
NC,North Carolina,37,2012,0.46,0.7378,,,0.1201,1.0,46450.0,38960.0,47.13,-0.257,0.6448,27.64,-0.3943,-1.11,57.6,49.5,0.5,9.3,6.9
NC,North Carolina,37,2013,0.4567,0.7378,0.004527,5.257,0.1272,1.0,46330.0,38190.0,6.652,-0.3472,0.6714,28.66,-0.5715,-1.108,64.1,50.6,0.0,8.0,6.0
NC,North Carolina,37,2014,0.4531,0.7378,0.003529,4.815,0.1345,1.0,46690.0,40050.0,6.652,-0.4042,0.7697,29.02,-0.5724,-1.106,64.7,50.6,0.0,6.3,6.0
NC,North Carolina,37,2015,0.4483,0.7378,0.002887,5.536,0.1424,1.0,46870.0,41820.0,,,,29.88,,,62.9,50.6,0.0,5.8,
NC,North Carolina,37,2016,0.4437,0.7378,0.00703,4.779,0.1505,1.0,48260.0,42790.0,,,,30.84,,,63.5,50.6,0.0,5.1,
NC,North Carolina,37,2017,0.439,0.7378,0.01054,7.608,0.1584,,50320.0,44380.0,,,,,,,64.1,49.8,,4.6,
NC,North Carolina,37,2018,0.4354,0.7378,0.007839,8.021,0.1662,,52410.0,46170.0,,,,,,,,,,,
NC,North Carolina,37,2019,0.4324,0.7378,0.006587,8.353,0.1727,,54600.0,47710.0,,,,,,,,,,,2.5
NC,North Carolina,37,2020,0.4308,0.7378,0.009527,7.074,0.1747,,,,,,,,,,,,,,
NC,North Carolina,37,2021,0.4288,0.7378,0.01048,10.27,0.178,,,,,,,,,,,,,,
NC,North Carolina,37,2022,0.4282,0.7378,0.01083,6.053,0.1812,,,,,,,,,,,,,,
NC,North Carolina,37,2023,0.4275,0.7378,,,0.1822,,,,,,,,,,,,,,
NC,North Carolina,37,2024,0.4279,0.7378,,,0.181,,,,,,,,,,,,,,
NC,North Carolina,37,2025,,0.7378,,,,,,,,,,,,,,,,,
ND,North Dakota,38,2000,,0.5213,,,,1.0,,25590.0,26.07,-0.4041,0.02544,22.02,-1.605,-0.3892,,,0.0,3.0,10.5
ND,North Dakota,38,2001,,0.5213,,,,1.0,,26570.0,21.65,-0.3025,0.01995,23.39,-1.579,-0.2735,,,0.0,2.8,10.5
ND,North Dakota,38,2002,,0.5213,,,,1.0,,27160.0,21.65,-0.3539,0.04839,23.81,-1.565,-0.2598,,,0.0,4.0,10.5
ND,North Dakota,38,2003,,0.5213,,,,1.0,,29470.0,28.83,-0.168,-0.02456,25.1,-1.429,-0.3314,,,0.0,4.0,10.5
ND,North Dakota,38,2004,,0.5213,,,,1.0,,29920.0,28.83,-0.2432,0.02653,24.04,-1.568,-0.2768,,,0.0,3.4,7.0
ND,North Dakota,38,2005,,0.5213,,,,1.0,,31800.0,28.83,-0.282,0.04499,25.71,-1.637,-0.2172,,,0.0,3.4,7.0
ND,North Dakota,38,2006,,0.5213,,,,1.0,,32910.0,28.83,-0.3041,0.1528,26.46,-1.563,-0.2589,,,0.0,3.2,7.0
ND,North Dakota,38,2007,,0.5213,,,,1.0,,36210.0,33.06,-0.2239,0.1955,26.68,-1.595,-0.2742,,,0.0,3.1,6.4
ND,North Dakota,38,2008,,0.5213,,,,1.0,,40900.0,33.06,-0.3292,0.237,25.41,-1.705,-0.3055,,,0.0,3.2,6.4
ND,North Dakota,38,2009,,0.5213,,,,1.0,,39640.0,24.34,-0.4668,0.08929,27.16,-1.524,-0.3159,,,0.0,4.1,6.4
ND,North Dakota,38,2010,,0.5213,,,,1.0,,42760.0,24.34,-0.5192,0.4213,29.16,-1.711,-0.3496,59.6,53.3,0.0,3.8,6.4
ND,North Dakota,38,2011,,0.5213,,,,1.0,,47970.0,26.56,-0.5195,0.398,26.3,-2.1,-0.4112,73.8,53.3,0.0,3.5,5.2
ND,North Dakota,38,2012,0.5641,0.5213,,,0.06814,1.0,51640.0,55340.0,26.56,-0.5323,0.4878,28.96,-2.041,-0.4259,73.8,53.3,0.0,3.1,5.2
ND,North Dakota,38,2013,0.5596,0.5213,0.01483,-3.094,0.07288,1.0,53740.0,53740.0,26.91,-0.6063,0.558,28.05,-1.742,-0.2614,73.8,58.7,0.0,2.9,4.53
ND,North Dakota,38,2014,0.5509,0.5213,0.009308,-8.225,0.0775,1.0,55580.0,56210.0,26.91,-0.5449,0.6265,25.95,-2.106,-0.2549,73.8,58.7,0.0,2.7,4.53
ND,North Dakota,38,2015,0.5445,0.5213,0.01044,-4.826,0.08136,1.0,57180.0,53660.0,,,,29.93,,,73.0,58.7,0.0,2.8,
ND,North Dakota,38,2016,0.5368,0.5213,-0.01313,-3.999,0.08451,1.0,59110.0,51720.0,,,,29.25,,,73.0,58.7,0.0,3.2,
ND,North Dakota,38,2017,0.5326,0.5213,-0.01849,-7.044,0.08693,,61280.0,52610.0,,,,,,,84.4,63.0,,2.6,
ND,North Dakota,38,2018,0.5295,0.5213,-0.006617,-6.482,0.08938,,63470.0,55640.0,,,,,,,,,,,
ND,North Dakota,38,2019,0.5251,0.5213,-0.004909,-5.032,0.09121,,64890.0,57110.0,,,,,,,,,,,4.31
ND,North Dakota,38,2020,0.5257,0.5213,-0.008584,-7.298,0.09175,,,,,,,,,,,,,,
ND,North Dakota,38,2021,0.5242,0.5213,-0.01087,-4.919,0.09185,,,,,,,,,,,,,,
ND,North Dakota,38,2022,0.5242,0.5213,-0.004625,-12.34,0.09169,,,,,,,,,,,,,,
ND,North Dakota,38,2023,0.5246,0.5213,,,0.09084,,,,,,,,,,,,,,
ND,North Dakota,38,2024,0.5266,0.5213,,,0.08953,,,,,,,,,,,,,,
ND,North Dakota,38,2025,,0.5213,,,,,,,,,,,,,,,,,
OH,Ohio,39,2000,,0.8505,,,,0.0,,28700.0,24.4,-0.2519,0.2688,21.32,0.2691,-0.4319,,,0.0,4.1,8.5
OH,Ohio,39,2001,,0.8505,,,,0.0,,29280.0,23.75,-0.05868,0.2975,21.73,0.2217,-0.513,,,0.0,4.3,8.5
OH,Ohio,39,2002,,0.8505,,,,0.0,,29850.0,24.0,-0.2018,0.3369,21.88,0.2278,-0.6218,,,0.0,5.7,8.5
OH,Ohio,39,2003,,0.8505,,,,0.0,,30670.0,23.79,0.05072,0.2863,23.05,0.3167,-0.6877,,,0.0,6.1,8.5
OH,Ohio,39,2004,,0.8505,,,,0.0,,31580.0,23.79,-0.006249,0.3054,23.43,0.2938,-0.7526,,,0.0,6.3,8.5
OH,Ohio,39,2005,,0.8505,,,,0.0,,32440.0,23.17,-0.02546,0.2639,23.36,0.3479,-0.7891,,,0.0,5.9,8.5
OH,Ohio,39,2006,,0.8505,,,,0.0,,34010.0,22.9,-0.05608,0.4543,22.98,0.3559,-0.7793,,,0.5,5.4,
OH,Ohio,39,2007,,0.8505,,,,0.0,,35180.0,57.56,-0.02231,0.5359,24.34,0.2802,-0.5884,,,0.5,5.6,
OH,Ohio,39,2008,,0.8505,,,,0.0,,36390.0,57.56,-0.05636,0.6639,24.36,0.2352,-0.5985,,,0.5,6.4,
OH,Ohio,39,2009,,0.8505,,,,0.0,,35140.0,63.11,-0.2389,0.4882,24.33,0.2822,-0.2734,,,0.5,10.3,
OH,Ohio,39,2010,,0.8505,,,,0.0,,36180.0,63.11,-0.3341,0.7872,24.78,0.3331,-0.3011,50.8,47.2,0.0,10.3,
OH,Ohio,39,2011,,0.8505,,,,0.0,,39060.0,14.02,-0.2405,0.7663,25.01,0.2771,-0.3329,62.1,47.2,0.0,8.8,
OH,Ohio,39,2012,0.5308,0.8505,,,0.1257,0.0,48250.0,40620.0,14.02,-0.352,0.9952,25.36,0.2374,-0.3835,62.1,47.2,0.0,7.4,
OH,Ohio,39,2013,0.5253,0.8505,-0.002166,-5.312,0.1322,0.0,48310.0,41090.0,11.86,-0.3957,1.123,26.3,0.2495,-0.3398,62.9,48.2,0.0,7.5,
OH,Ohio,39,2014,0.52,0.8505,-0.002696,-4.88,0.1384,0.0,48850.0,42740.0,11.86,-0.3826,1.348,26.77,0.3747,-0.3609,62.9,48.2,0.0,5.8,
OH,Ohio,39,2015,0.5146,0.8505,-0.002195,-11.57,0.1446,0.0,49430.0,44390.0,,,,26.92,,,66.7,48.2,0.0,4.9,
OH,Ohio,39,2016,0.5092,0.8505,-0.002856,-10.3,0.1507,0.0,50670.0,45200.0,,,,28.0,,,66.7,48.2,0.0,4.9,
OH,Ohio,39,2017,0.5036,0.8505,-0.002332,-7.428,0.157,,52410.0,46800.0,,,,,,,68.2,51.3,,5.0,
OH,Ohio,39,2018,0.4991,0.8505,-0.00164,-8.307,0.1629,,54530.0,48730.0,,,,,,,,,,,
OH,Ohio,39,2019,0.4959,0.8505,-0.002083,-11.1,0.1674,,56600.0,50170.0,,,,,,,,,,,
OH,Ohio,39,2020,0.4945,0.8505,-0.00153,-10.23,0.1684,,,,,,,,,,,,,,
OH,Ohio,39,2021,0.4928,0.8505,-0.00131,-17.3,0.1696,,,,,,,,,,,,,,
OH,Ohio,39,2022,0.4912,0.8505,-0.001634,-14.99,0.1706,,,,,,,,,,,,,,
OH,Ohio,39,2023,0.4903,0.8505,,,0.1705,,,,,,,,,,,,,,
OH,Ohio,39,2024,0.4904,0.8505,,,0.1687,,,,,,,,,,,,,,
OH,Ohio,39,2025,,0.8505,,,,,,,,,,,,,,,,,
OK,Oklahoma,40,2000,,0.6218,,,,0.0,,24600.0,38.58,-0.2954,-0.2532,20.62,-0.5721,-1.009,,,0.5,3.0,6.0
OK,Oklahoma,40,2001,,0.6218,,,,1.0,,26200.0,37.71,-0.2188,-0.3433,20.5,-0.9779,-0.87,,,0.5,3.8,6.0
OK,Oklahoma,40,2002,,0.6218,,,,1.0,,26180.0,37.41,-0.3031,-0.3536,20.74,-0.7826,-0.908,,,1.0,4.5,6.0
OK,Oklahoma,40,2003,,0.6218,,,,1.0,,26860.0,65.33,-0.1031,-0.4691,22.06,-0.8628,-0.8732,,,1.0,5.7,6.0
OK,Oklahoma,40,2004,,0.6218,,,,1.0,,28700.0,65.83,-0.2219,-0.3408,22.36,-0.9617,-0.8936,,,0.5,4.9,6.0
OK,Oklahoma,40,2005,,0.6218,,,,1.0,,30330.0,51.39,-0.2397,-0.29,22.81,-0.8013,-1.031,,,0.5,4.5,6.0
OK,Oklahoma,40,2006,,0.6218,,,,1.0,,33040.0,51.39,-0.3188,-0.08215,22.12,-0.9425,-1.106,,,0.5,4.0,6.0
OK,Oklahoma,40,2007,,0.6218,,,,1.0,,34330.0,47.81,-0.2737,-0.0793,22.68,-0.9976,-1.138,,,0.5,4.1,6.0
OK,Oklahoma,40,2008,,0.6218,,,,1.0,,37690.0,47.81,-0.3377,0.0304,22.65,-0.9501,-1.181,,,0.5,3.7,6.0
OK,Oklahoma,40,2009,,0.6218,,,,1.0,,34000.0,42.26,-0.4358,-0.09967,22.62,-0.8097,-1.145,,,0.5,6.4,6.0
OK,Oklahoma,40,2010,,0.6218,,,,1.0,,35400.0,42.26,-0.5602,0.2438,22.72,-1.025,-1.288,58.4,65.6,0.0,6.8,6.0
OK,Oklahoma,40,2011,,0.6218,,,,1.0,,39030.0,11.09,-0.4844,0.2956,23.97,-1.054,-1.33,68.5,65.6,0.0,5.9,6.0
OK,Oklahoma,40,2012,0.6627,0.6218,,,0.09151,1.0,44890.0,41460.0,11.09,-0.4914,0.363,23.9,-1.074,-1.324,67.1,65.6,0.0,5.2,6.0
OK,Oklahoma,40,2013,0.6596,0.6218,0.002347,-0.8963,0.09725,1.0,45340.0,43090.0,8.748,-0.4908,0.4391,24.19,-0.9078,-1.347,72.5,66.8,0.0,5.3,6.0
OK,Oklahoma,40,2014,0.6565,0.6218,0.0004614,-2.536,0.1029,1.0,46240.0,45530.0,8.748,-0.5346,0.5238,24.35,-0.8911,-1.401,72.5,66.8,0.0,4.5,6.0
OK,Oklahoma,40,2015,0.6536,0.6218,0.0001203,-5.921,0.1074,1.0,46880.0,44180.0,,,,25.47,,,75.2,66.8,0.0,4.4,
OK,Oklahoma,40,2016,0.6516,0.6218,-0.001715,-2.419,0.1106,1.0,48040.0,41870.0,,,,25.78,,,73.8,66.8,0.0,4.9,
OK,Oklahoma,40,2017,0.6498,0.6218,-0.003835,-3.561,0.1152,,49770.0,43770.0,,,,,,,78.5,65.3,,4.3,
OK,Oklahoma,40,2018,0.6479,0.6218,-0.0008202,-1.152,0.1202,,51420.0,45810.0,,,,,,,,,,,
OK,Oklahoma,40,2019,0.6467,0.6218,0.0009636,-3.334,0.1238,,52920.0,47300.0,,,,,,,,,,,6.0
OK,Oklahoma,40,2020,0.6459,0.6218,0.004381,-6.666,0.1239,,,,,,,,,,,,,,
OK,Oklahoma,40,2021,0.6454,0.6218,0.006698,-0.3742,0.1241,,,,,,,,,,,,,,
OK,Oklahoma,40,2022,0.6446,0.6218,0.006252,-1.882,0.1249,,,,,,,,,,,,,,
OK,Oklahoma,40,2023,0.645,0.6218,,,0.125,,,,,,,,,,,,,,
OK,Oklahoma,40,2024,0.6459,0.6218,,,0.1237,,,,,,,,,,,,,,
OK,Oklahoma,40,2025,,0.6218,,,,,,,,,,,,,,,,,
OR,Oregon,41,2000,,0.7986,,,,0.0,,28730.0,60.65,-0.1634,0.5048,25.49,1.284,0.6381,,,0.5,4.9,6.6
OR,Oregon,41,2001,,0.7986,,,,0.0,,29250.0,65.3,-0.09399,0.6783,25.55,1.223,0.6244,,,0.5,6.3,6.6
OR,Oregon,41,2002,,0.7986,,,,0.0,,29800.0,65.3,-0.1738,0.7635,26.11,1.061,0.5739,,,0.5,7.5,6.6
OR,Oregon,41,2003,,0.7986,,,,0.0,,30580.0,65.77,0.03545,0.7476,26.25,1.085,0.5463,,,0.5,8.2,6.6
OR,Oregon,41,2004,,0.7986,,,,0.0,,31650.0,65.77,-0.05531,0.7836,27.84,1.067,0.4941,,,0.5,7.6,6.6
OR,Oregon,41,2005,,0.7986,,,,0.0,,32560.0,74.62,-0.05406,0.8074,27.57,0.9162,0.4522,,,0.5,6.2,6.6
OR,Oregon,41,2006,,0.7986,,,,0.0,,34710.0,74.62,-0.04988,0.8589,27.54,0.9705,0.434,,,1.0,5.3,6.6
OR,Oregon,41,2007,,0.7986,,,,0.0,,35950.0,81.14,-0.09686,1.115,28.72,0.9655,0.7888,,,1.0,5.2,6.6
OR,Oregon,41,2008,,0.7986,,,,0.0,,37400.0,81.14,-0.09158,1.232,28.29,0.8368,0.9835,,,1.0,6.5,6.6
OR,Oregon,41,2009,,0.7986,,,,0.0,,35570.0,84.9,-0.1999,1.154,29.25,1.333,1.044,,,1.0,11.3,7.6
OR,Oregon,41,2010,,0.7986,,,,0.0,,36430.0,84.9,-0.2245,1.385,29.2,1.356,1.034,40.0,40.8,0.5,10.6,7.6
OR,Oregon,41,2011,,0.7986,,,,0.0,,37810.0,72.35,-0.253,1.377,29.45,1.321,1.021,48.9,40.8,0.5,9.5,7.6
OR,Oregon,41,2012,0.3367,0.7986,,,0.1424,0.0,50040.0,39590.0,72.35,-0.2421,1.628,30.43,1.29,1.01,48.9,40.8,0.5,8.8,7.6
OR,Oregon,41,2013,0.3323,0.7986,0.005069,2.206,0.1505,0.0,50230.0,40000.0,78.46,-0.2304,1.815,30.75,1.086,1.008,44.4,54.5,1.0,7.9,7.6
OR,Oregon,41,2014,0.3288,0.7986,0.007616,2.076,0.1589,0.0,50520.0,42470.0,78.46,-0.193,2.082,30.92,1.133,0.9909,44.4,54.5,1.0,6.8,7.6
OR,Oregon,41,2015,0.3232,0.7986,0.006406,-1.072,0.1681,0.0,51240.0,45130.0,,,,32.55,,,41.1,54.5,1.0,5.6,
OR,Oregon,41,2016,0.3196,0.7986,0.01425,4.081,0.1773,0.0,53270.0,46550.0,,,,32.94,,,41.1,54.5,1.0,4.9,
OR,Oregon,41,2017,0.3155,0.7986,0.01374,2.656,0.1859,,56120.0,48720.0,,,,,,,42.2,39.1,,4.1,
OR,Oregon,41,2018,0.3114,0.7986,0.007767,-0.4694,0.1937,,59390.0,51480.0,,,,,,,,,,,
OR,Oregon,41,2019,0.3081,0.7986,0.006355,0.822,0.2,,62820.0,53210.0,,,,,,,,,,,7.6
OR,Oregon,41,2020,0.306,0.7986,0.005707,-1.446,0.2008,,,,,,,,,,,,,,
OR,Oregon,41,2021,0.3034,0.7986,-0.0005075,-1.209,0.2028,,,,,,,,,,,,,,
OR,Oregon,41,2022,0.2999,0.7986,6.588e-05,-7.999,0.2045,,,,,,,,,,,,,,
OR,Oregon,41,2023,0.2992,0.7986,,,0.2039,,,,,,,,,,,,,,
OR,Oregon,41,2024,0.299,0.7986,,,0.2009,,,,,,,,,,,,,,
OR,Oregon,41,2025,,0.7986,,,,,,,,,,,,,,,,,
PA,Pennsylvania,42,2000,,1.014,,,,0.0,,30110.0,28.69,-0.06253,0.4069,22.68,0.7722,0.1009,,,0.0,4.2,9.99
PA,Pennsylvania,42,2001,,1.014,,,,0.0,,30680.0,29.06,0.06021,0.4502,23.3,0.7746,0.06297,,,0.0,4.7,9.99
PA,Pennsylvania,42,2002,,1.014,,,,0.0,,31440.0,29.06,0.05536,0.5194,23.74,0.6372,0.0348,,,0.5,5.7,9.99
PA,Pennsylvania,42,2003,,1.014,,,,0.0,,32290.0,58.64,0.175,0.4,24.27,0.5687,0.01629,,,0.5,5.6,9.99
PA,Pennsylvania,42,2004,,1.014,,,,0.0,,33660.0,58.13,0.1454,0.5455,24.82,0.6161,-0.05736,,,0.5,5.6,9.99
PA,Pennsylvania,42,2005,,1.014,,,,0.0,,34720.0,57.05,0.09437,0.4386,25.88,0.4774,0.2583,,,0.5,5.0,9.99
PA,Pennsylvania,42,2006,,1.014,,,,0.0,,36980.0,57.05,0.01652,0.5747,25.68,0.5747,0.1939,,,0.5,4.6,9.99
PA,Pennsylvania,42,2007,,1.014,,,,0.0,,38930.0,60.96,0.004844,0.6491,25.86,1.127,0.1787,,,0.5,4.4,9.99
PA,Pennsylvania,42,2008,,1.014,,,,0.0,,40670.0,60.96,0.0259,0.8607,26.35,1.113,0.1866,,,0.5,5.3,9.99
PA,Pennsylvania,42,2009,,1.014,,,,0.0,,39420.0,61.69,-0.1959,0.623,26.6,0.743,0.1693,,,0.5,8.0,9.99
PA,Pennsylvania,42,2010,,1.014,,,,0.0,,40600.0,60.77,-0.2389,1.02,27.15,0.7155,0.1434,50.2,44.3,0.0,8.5,9.99
PA,Pennsylvania,42,2011,,1.014,,,,0.0,,44200.0,25.28,-0.2406,0.9498,27.3,0.8009,0.0965,56.1,44.3,0.0,7.9,9.99
PA,Pennsylvania,42,2012,0.4552,1.014,,,0.1402,0.0,52270.0,46010.0,25.28,-0.2513,1.106,28.35,0.7722,0.08958,56.1,44.3,0.0,7.8,9.99
PA,Pennsylvania,42,2013,0.4523,1.014,-0.002709,-0.7755,0.1472,0.0,52550.0,46400.0,27.78,-0.3388,1.238,28.92,0.6384,0.09921,54.2,46.8,0.0,7.4,9.99
PA,Pennsylvania,42,2014,0.4494,1.014,-0.003408,-3.581,0.1541,0.0,53120.0,48420.0,27.46,-0.2803,1.39,29.1,0.739,0.08764,54.5,46.8,0.0,5.8,9.99
PA,Pennsylvania,42,2015,0.4459,1.014,-0.002395,-3.134,0.161,0.0,53600.0,50390.0,,,,29.91,,,58.9,46.8,0.5,5.3,
PA,Pennsylvania,42,2016,0.4419,1.014,-0.003785,-11.45,0.168,0.0,54900.0,51790.0,,,,31.15,,,58.9,46.8,0.5,5.4,
PA,Pennsylvania,42,2017,0.4385,1.014,-0.002722,-3.799,0.1756,,56950.0,53280.0,,,,,,,61.7,48.2,,4.9,
PA,Pennsylvania,42,2018,0.4356,1.014,-0.001733,-6.723,0.1829,,59440.0,56000.0,,,,,,,,,,,
PA,Pennsylvania,42,2019,0.4331,1.014,-0.001856,-8.649,0.1889,,61740.0,58050.0,,,,,,,,,,,9.99
PA,Pennsylvania,42,2020,0.4326,1.014,-0.0006262,-7.857,0.1905,,,,,,,,,,,,,,
PA,Pennsylvania,42,2021,0.4303,1.014,-0.001699,-9.119,0.193,,,,,,,,,,,,,,
PA,Pennsylvania,42,2022,0.4288,1.014,-0.002704,-10.79,0.1949,,,,,,,,,,,,,,
PA,Pennsylvania,42,2023,0.4277,1.014,,,0.195,,,,,,,,,,,,,,
PA,Pennsylvania,42,2024,0.4277,1.014,,,0.1932,,,,,,,,,,,,,,
PA,Pennsylvania,42,2025,,1.014,,,,,,,,,,,,,,,,,
RI,Rhode Island,44,2000,,1.004,,,,0.0,,29500.0,70.91,0.09506,1.027,26.5,1.988,1.065,,,0.5,4.1,9.0
RI,Rhode Island,44,2001,,1.004,,,,0.0,,31200.0,73.04,0.2626,1.175,27.61,2.044,1.095,,,0.5,4.7,9.0
RI,Rhode Island,44,2002,,1.004,,,,0.0,,32160.0,73.04,0.1263,1.334,26.95,1.936,1.108,,,0.5,5.1,9.0
RI,Rhode Island,44,2003,,1.004,,,,0.0,,33480.0,73.04,0.4217,1.247,29.36,1.902,1.098,,,0.5,5.3,9.0
RI,Rhode Island,44,2004,,1.004,,,,0.0,,34980.0,73.04,0.2401,1.23,28.38,1.895,1.081,,,0.5,5.4,9.0
RI,Rhode Island,44,2005,,1.004,,,,0.0,,36120.0,73.04,0.23,1.138,29.12,2.031,1.136,,,0.5,5.0,9.0
RI,Rhode Island,44,2006,,1.004,,,,0.0,,38250.0,73.04,0.2124,1.291,29.45,1.669,1.182,,,0.5,4.9,9.0
RI,Rhode Island,44,2007,,1.004,,,,0.0,,40350.0,71.63,0.2056,1.535,30.49,1.799,1.209,,,0.5,5.2,9.0
RI,Rhode Island,44,2008,,1.004,,,,0.0,,41820.0,71.63,0.1723,1.761,30.41,1.932,1.188,,,0.5,7.8,9.0
RI,Rhode Island,44,2009,,1.004,,,,0.0,,40710.0,72.26,0.02106,1.649,30.66,1.981,1.174,,,0.5,11.0,9.0
RI,Rhode Island,44,2010,,1.004,,,,0.0,,42100.0,72.26,-0.08621,1.909,31.13,1.947,1.166,8.8,35.3,0.5,11.2,9.0
RI,Rhode Island,44,2011,,1.004,,,,0.0,,44660.0,78.75,-0.06001,1.928,31.49,1.922,1.208,15.9,35.3,0.5,11.0,9.0
RI,Rhode Island,44,2012,0.3214,1.004,,,0.1857,0.0,56100.0,46270.0,78.75,-0.07364,2.234,31.81,1.897,1.277,15.9,35.3,0.5,10.4,9.0
RI,Rhode Island,44,2013,0.3151,1.004,-0.003844,5.394,0.1951,0.0,56360.0,46200.0,78.23,-0.1061,2.483,33.25,2.002,1.306,9.7,35.5,0.5,9.2,9.0
RI,Rhode Island,44,2014,0.3129,1.004,-0.004703,-2.292,0.2051,0.0,56420.0,48140.0,86.81,-0.1027,2.871,30.64,2.112,1.314,9.7,35.5,1.0,7.7,9.0
RI,Rhode Island,44,2015,0.3071,1.004,-0.004491,8.211,0.214,0.0,56850.0,49900.0,,,,33.14,,,14.2,35.5,1.0,6.0,
RI,Rhode Island,44,2016,0.302,1.004,-0.004303,-4.037,0.2232,0.0,58390.0,50600.0,,,,34.99,,,14.2,35.5,1.0,5.3,
RI,Rhode Island,44,2017,0.2975,1.004,-0.003547,-2.336,0.232,,61040.0,52600.0,,,,,,,13.3,38.9,,4.5,
RI,Rhode Island,44,2018,0.2937,1.004,-0.002328,-5.32,0.2395,,63300.0,54380.0,,,,,,,,,,,
RI,Rhode Island,44,2019,0.2898,1.004,-0.002593,-0.4454,0.2453,,67170.0,56430.0,,,,,,,,,,,7.0
RI,Rhode Island,44,2020,0.2895,1.004,0.0007713,15.75,0.2454,,,,,,,,,,,,,,
RI,Rhode Island,44,2021,0.2879,1.004,-3.957e-05,10.85,0.2463,,,,,,,,,,,,,,
RI,Rhode Island,44,2022,0.2862,1.004,-0.003006,0.3099,0.2471,,,,,,,,,,,,,,
RI,Rhode Island,44,2023,0.2853,1.004,,,0.246,,,,,,,,,,,,,,
RI,Rhode Island,44,2024,0.2853,1.004,,,0.2419,,,,,,,,,,,,,,
RI,Rhode Island,44,2025,,1.004,,,,,,,,,,,,,,,,,
SC,South Carolina,45,2000,,0.1656,,,,1.0,,25080.0,61.91,-0.1161,0.3068,20.74,-1.221,-1.411,,,0.5,3.9,5.0
SC,South Carolina,45,2001,,0.1656,,,,1.0,,25640.0,53.68,-0.07076,0.2694,22.95,-1.257,-1.208,,,0.5,5.4,5.0
SC,South Carolina,45,2002,,0.1656,,,,1.0,,26050.0,52.59,-0.1129,0.242,22.85,-1.449,-1.225,,,0.0,6.0,5.0
SC,South Carolina,45,2003,,0.1656,,,,1.0,,26660.0,14.99,-0.04407,0.0958,23.35,-1.369,-1.218,,,0.0,6.8,5.0
SC,South Carolina,45,2004,,0.1656,,,,1.0,,27840.0,13.75,-0.02982,0.001397,24.76,-1.502,-1.146,,,0.0,6.9,5.0
SC,South Carolina,45,2005,,0.1656,,,,1.0,,29130.0,11.24,-0.1157,0.0637,23.19,-1.524,-1.167,,,0.0,6.7,5.0
SC,South Carolina,45,2006,,0.1656,,,,1.0,,30790.0,11.0,-0.1197,0.1437,23.04,-1.577,-1.348,,,0.0,6.4,5.0
SC,South Carolina,45,2007,,0.1656,,,,1.0,,31990.0,11.84,-0.05248,0.1984,23.98,-1.599,-1.362,,,0.0,5.7,5.0
SC,South Carolina,45,2008,,0.1656,,,,1.0,,32960.0,10.22,-0.1998,0.1076,24.12,-1.468,-1.35,,,0.0,6.8,5.0
SC,South Carolina,45,2009,,0.1656,,,,1.0,,31650.0,11.42,-0.2324,0.03027,24.72,-1.507,-1.362,,,0.0,11.2,5.0
SC,South Carolina,45,2010,,0.1656,,,,1.0,,32460.0,11.42,-0.4517,0.3237,24.92,-1.471,-1.377,58.8,53.8,0.0,11.2,5.0
SC,South Carolina,45,2011,,0.1656,,,,1.0,,34070.0,2.581,-0.4193,0.4362,24.07,-1.391,-1.385,60.0,53.8,0.0,10.6,5.0
SC,South Carolina,45,2012,0.6167,0.1656,,,0.09219,1.0,44620.0,35560.0,2.581,-0.4257,0.4973,25.65,-1.435,-1.837,60.0,53.8,0.0,9.2,5.0
SC,South Carolina,45,2013,0.609,0.1656,0.007883,14.18,0.09773,1.0,44780.0,35710.0,0.0,-0.4741,0.6074,26.15,-1.55,-1.8,59.4,54.6,0.0,7.6,5.0
SC,South Carolina,45,2014,0.6035,0.1656,0.007945,14.76,0.1034,1.0,45030.0,37600.0,0.0,-0.4694,0.6577,26.49,-1.717,-1.925,62.4,54.6,0.0,6.4,5.0
SC,South Carolina,45,2015,0.5978,0.1656,0.005652,12.62,0.1091,1.0,45480.0,39410.0,,,,27.0,,,62.4,54.6,0.0,6.0,
SC,South Carolina,45,2016,0.5914,0.1656,0.01059,16.93,0.1145,1.0,46900.0,40530.0,,,,27.83,,,61.8,54.6,0.0,4.8,
SC,South Carolina,45,2017,0.5861,0.1656,0.01666,15.96,0.1201,,48780.0,42180.0,,,,,,,63.5,54.9,,4.3,
SC,South Carolina,45,2018,0.5824,0.1656,0.01099,16.31,0.1253,,51020.0,43850.0,,,,,,,,,,,
SC,South Carolina,45,2019,0.5788,0.1656,0.01056,17.71,0.1294,,53200.0,45360.0,,,,,,,,,,,5.0
SC,South Carolina,45,2020,0.5784,0.1656,0.01338,22.63,0.1298,,,,,,,,,,,,,,
SC,South Carolina,45,2021,0.5774,0.1656,0.01577,23.3,0.1307,,,,,,,,,,,,,,
SC,South Carolina,45,2022,0.5755,0.1656,0.01647,23.11,0.1318,,,,,,,,,,,,,,
SC,South Carolina,45,2023,0.5751,0.1656,,,0.1321,,,,,,,,,,,,,,
SC,South Carolina,45,2024,0.576,0.1656,,,0.1306,,,,,,,,,,,,,,
SC,South Carolina,45,2025,,0.1656,,,,,,,,,,,,,,,,,
SD,South Dakota,46,2000,,0.6622,,,,1.0,,26420.0,21.83,-0.6042,-0.1662,21.4,-1.46,-1.009,,,0.0,2.3,0.0
SD,South Dakota,46,2001,,0.6622,,,,1.0,,27860.0,21.83,-0.5152,-0.1299,23.76,-1.514,-0.8819,,,0.0,3.3,0.0
SD,South Dakota,46,2002,,0.6622,,,,1.0,,28100.0,21.83,-0.5304,-0.09428,23.66,-1.375,-0.7718,,,0.0,3.1,0.0
SD,South Dakota,46,2003,,0.6622,,,,1.0,,30530.0,32.5,-0.3397,-0.1439,23.17,-1.414,-0.8255,,,0.0,3.6,0.0
SD,South Dakota,46,2004,,0.6622,,,,1.0,,32290.0,32.5,-0.3138,0.04706,23.25,-1.435,-0.9215,,,0.0,3.7,0.0
SD,South Dakota,46,2005,,0.6622,,,,1.0,,33310.0,21.83,-0.428,0.1174,24.2,-1.419,-0.9861,,,0.0,3.8,0.0
SD,South Dakota,46,2006,,0.6622,,,,1.0,,33950.0,21.83,-0.3537,0.3273,25.1,-1.405,-1.189,,,0.0,3.1,0.0
SD,South Dakota,46,2007,,0.6622,,,,1.0,,36990.0,23.36,-0.3649,0.4038,25.38,-1.527,-1.169,,,0.0,2.8,0.0
SD,South Dakota,46,2008,,0.6622,,,,1.0,,40310.0,23.36,-0.3033,0.5186,23.94,-1.526,-1.211,,,0.0,3.1,0.0
SD,South Dakota,46,2009,,0.6622,,,,1.0,,38240.0,21.83,-0.5399,0.3298,25.59,-1.361,-1.431,,,0.0,4.9,0.0
SD,South Dakota,46,2010,,0.6622,,,,1.0,,39590.0,21.83,-0.5709,0.6778,28.57,-1.354,-1.467,63.8,53.2,0.0,5.0,0.0
SD,South Dakota,46,2011,,0.6622,,,,1.0,,44600.0,22.85,-0.5536,0.6418,25.82,-1.407,-1.311,76.2,53.2,0.0,4.7,0.0
SD,South Dakota,46,2012,0.6953,0.6622,,,0.05953,1.0,49090.0,45160.0,22.85,-0.5117,0.8163,26.78,-1.443,-1.36,76.2,53.2,0.0,4.3,0.0
SD,South Dakota,46,2013,0.692,0.6622,0.002479,1.1,0.06344,1.0,49500.0,45220.0,22.85,-0.5774,0.8894,26.05,-1.118,-1.338,77.1,57.9,0.0,3.8,0.0
SD,South Dakota,46,2014,0.6894,0.6622,-0.001252,7.808,0.06649,1.0,50340.0,46930.0,22.85,-0.6689,1.06,26.71,-1.285,-1.242,77.1,57.9,0.0,3.4,0.0
SD,South Dakota,46,2015,0.6892,0.6622,-7.976e-05,4.066,0.06921,1.0,50960.0,48640.0,,,,27.68,,,81.0,57.9,0.0,3.1,
SD,South Dakota,46,2016,0.6877,0.6622,0.0007186,3.03,0.07244,1.0,52080.0,48680.0,,,,29.84,,,81.0,57.9,0.0,2.8,
SD,South Dakota,46,2017,0.6883,0.6622,0.001238,6.015,0.07539,,54130.0,49740.0,,,,,,,84.8,61.5,,3.3,
SD,South Dakota,46,2018,0.6874,0.6622,0.0005192,6.661,0.0783,,56500.0,52590.0,,,,,,,,,,,
SD,South Dakota,46,2019,0.6862,0.6622,0.0007471,11.92,0.0804,,58280.0,53810.0,,,,,,,,,,,
SD,South Dakota,46,2020,0.687,0.6622,0.002802,10.41,0.08127,,,,,,,,,,,,,,
SD,South Dakota,46,2021,0.6877,0.6622,0.008357,16.41,0.08261,,,,,,,,,,,,,,
SD,South Dakota,46,2022,0.6913,0.6622,0.009563,21.01,0.08295,,,,,,,,,,,,,,
SD,South Dakota,46,2023,0.6914,0.6622,,,0.0829,,,,,,,,,,,,,,
SD,South Dakota,46,2024,0.6921,0.6622,,,0.08214,,,,,,,,,,,,,,
SD,South Dakota,46,2025,,0.6622,,,,,,,,,,,,,,,,,
TN,Tennessee,47,2000,,0.5869,,,,1.0,,26690.0,42.09,-0.2411,-0.02089,20.02,-0.8103,-1.313,,,0.5,3.9,6.0
TN,Tennessee,47,2001,,0.5869,,,,1.0,,27550.0,40.99,-0.1843,-0.0627,20.53,-0.8518,-0.887,,,0.5,4.5,6.0
TN,Tennessee,47,2002,,0.5869,,,,1.0,,28160.0,39.79,-0.24,-0.1327,21.09,-0.8803,-1.008,,,1.0,5.1,6.0
TN,Tennessee,47,2003,,0.5869,,,,1.0,,29040.0,68.96,-0.04315,-0.2366,21.65,-1.159,-0.8885,,,1.0,5.8,6.0
TN,Tennessee,47,2004,,0.5869,,,,1.0,,30280.0,68.96,-0.08632,-0.1637,22.4,-1.154,-0.913,,,0.5,5.1,6.5
TN,Tennessee,47,2005,,0.5869,,,,1.0,,31330.0,61.69,-0.2161,-0.1374,21.96,-1.191,-0.923,,,0.5,5.6,6.5
TN,Tennessee,47,2006,,0.5869,,,,1.0,,32880.0,60.72,-0.2149,-0.09274,22.14,-1.353,-0.9569,,,0.5,5.2,6.5
TN,Tennessee,47,2007,,0.5869,,,,1.0,,34220.0,61.81,-0.1268,-0.02745,22.06,-0.7332,-1.149,,,0.5,4.7,6.5
TN,Tennessee,47,2008,,0.5869,,,,1.0,,35130.0,64.35,-0.2763,-0.0189,22.95,-0.8663,-1.178,,,0.5,6.6,6.5
TN,Tennessee,47,2009,,0.5869,,,,1.0,,33800.0,52.21,-0.3872,-0.1129,23.2,-0.5826,-1.171,,,0.5,10.5,6.5
TN,Tennessee,47,2010,,0.5869,,,,1.0,,34960.0,51.57,-0.4042,0.2087,23.25,-0.6212,-1.259,52.3,56.9,0.0,9.7,6.5
TN,Tennessee,47,2011,,0.5869,,,,1.0,,37610.0,11.13,-0.4114,0.3179,23.95,-0.4276,-1.244,62.9,56.9,0.0,9.0,6.5
TN,Tennessee,47,2012,0.5983,0.5869,,,0.1104,1.0,44140.0,39280.0,10.69,-0.4095,0.3997,24.85,-0.5031,-1.279,63.6,56.9,0.0,7.8,6.5
TN,Tennessee,47,2013,0.5931,0.5869,0.002826,0.1425,0.117,1.0,44300.0,39410.0,10.69,-0.447,0.434,24.94,-0.608,-1.234,72.7,59.5,0.0,7.8,6.5
TN,Tennessee,47,2014,0.5873,0.5869,0.00347,5.651,0.1236,1.0,44620.0,40780.0,10.69,-0.4765,0.4103,25.73,-0.5709,-1.238,73.5,59.5,0.0,6.5,6.5
TN,Tennessee,47,2015,0.5823,0.5869,0.003086,3.435,0.1306,1.0,45220.0,42600.0,,,,26.23,,,76.5,59.5,0.0,5.6,
TN,Tennessee,47,2016,0.5771,0.5869,0.005438,6.843,0.1377,1.0,46570.0,43590.0,,,,26.47,,,76.5,59.5,0.0,4.8,
TN,Tennessee,47,2017,0.5724,0.5869,0.009006,4.094,0.1453,,48710.0,45190.0,,,,,,,77.3,60.7,,3.7,
TN,Tennessee,47,2018,0.568,0.5869,0.006785,5.958,0.1526,,50970.0,47160.0,,,,,,,,,,,
TN,Tennessee,47,2019,0.5654,0.5869,0.007233,8.614,0.1586,,53320.0,48680.0,,,,,,,,,,,6.5
TN,Tennessee,47,2020,0.5645,0.5869,0.008719,12.12,0.161,,,,,,,,,,,,,,
TN,Tennessee,47,2021,0.5644,0.5869,0.01198,19.23,0.1641,,,,,,,,,,,,,,
TN,Tennessee,47,2022,0.5638,0.5869,0.01162,19.56,0.167,,,,,,,,,,,,,,
TN,Tennessee,47,2023,0.5644,0.5869,,,0.1675,,,,,,,,,,,,,,
TN,Tennessee,47,2024,0.5658,0.5869,,,0.166,,,,,,,,,,,,,,
TN,Tennessee,47,2025,,0.5869,,,,,,,,,,,,,,,,,
TX,Texas,48,2000,,0.9305,,,,1.0,,28510.0,26.7,-0.3209,0.2919,23.77,-1.092,-0.3828,,,0.5,4.2,0.0
TX,Texas,48,2001,,0.9305,,,,1.0,,29180.0,63.93,-0.1758,0.2521,24.57,-0.9291,-0.3831,,,0.5,4.8,0.0
TX,Texas,48,2002,,0.9305,,,,1.0,,28970.0,60.91,-0.3323,0.2928,24.7,-1.087,-0.2582,,,0.0,6.3,0.0
TX,Texas,48,2003,,0.9305,,,,1.0,,29620.0,11.18,-0.009764,0.203,24.66,-1.137,-0.4038,,,0.0,6.8,0.0
TX,Texas,48,2004,,0.9305,,,,1.0,,31120.0,11.18,-0.2024,0.1682,26.15,-1.181,-0.3507,,,0.0,6.0,0.0
TX,Texas,48,2005,,0.9305,,,,1.0,,33220.0,10.36,-0.2541,0.2518,25.56,-1.307,-0.4285,,,0.0,5.4,0.0
TX,Texas,48,2006,,0.9305,,,,1.0,,35290.0,10.07,-0.174,0.3978,25.08,-1.437,-0.4229,,,0.0,4.9,0.0
TX,Texas,48,2007,,0.9305,,,,1.0,,37100.0,13.01,-0.1149,0.4262,25.54,-1.012,-0.622,,,0.0,4.3,0.0
TX,Texas,48,2008,,0.9305,,,,1.0,,39700.0,13.99,-0.1979,0.4693,25.78,-1.051,-0.6599,,,0.0,4.8,0.0
TX,Texas,48,2009,,0.9305,,,,1.0,,36460.0,15.66,-0.3426,0.2182,26.07,-1.085,-0.6727,,,0.0,7.6,0.0
TX,Texas,48,2010,,0.9305,,,,1.0,,37710.0,15.17,-0.4123,0.4618,26.46,-1.152,-0.7358,53.0,55.5,0.0,8.1,0.0
TX,Texas,48,2011,,0.9305,,,,1.0,,41240.0,8.661,-0.4087,0.5786,27.0,-1.071,-0.7448,66.3,55.5,0.0,7.8,0.0
TX,Texas,48,2012,0.5193,0.9305,,,0.1094,1.0,51560.0,43410.0,8.661,-0.427,0.6595,27.47,-1.084,-0.778,66.3,55.5,0.0,6.7,0.0
TX,Texas,48,2013,0.5131,0.9305,0.007621,5.86,0.1169,1.0,51900.0,43800.0,6.972,-0.4926,0.82,28.04,-0.9399,-0.7324,63.0,57.2,0.0,6.2,0.0
TX,Texas,48,2014,0.5066,0.9305,0.01131,-4.552,0.1243,1.0,52580.0,46310.0,6.972,-0.4629,0.9999,28.43,-0.9023,-0.7549,63.0,57.2,0.0,5.1,0.0
TX,Texas,48,2015,0.5009,0.9305,0.002899,9.25,0.131,1.0,53210.0,46560.0,,,,28.84,,,64.6,57.2,0.0,4.5,
TX,Texas,48,2016,0.4949,0.9305,0.001983,4.431,0.137,1.0,54730.0,45800.0,,,,29.49,,,65.2,57.2,0.0,4.6,
TX,Texas,48,2017,0.4898,0.9305,0.003986,1.503,0.1436,,57050.0,48400.0,,,,,,,63.0,52.2,,4.3,
TX,Texas,48,2018,0.4847,0.9305,0.003476,4.09,0.1506,,59570.0,51140.0,,,,,,,,,,,
TX,Texas,48,2019,0.4807,0.9305,0.005017,0.06779,0.1566,,61870.0,52830.0,,,,,,,,,,,
TX,Texas,48,2020,0.4786,0.9305,0.006021,5.632,0.1581,,,,,,,,,,,,,,
TX,Texas,48,2021,0.4756,0.9305,0.007737,15.69,0.1602,,,,,,,,,,,,,,
TX,Texas,48,2022,0.4736,0.9305,0.007926,6.571,0.1628,,,,,,,,,,,,,,
TX,Texas,48,2023,0.4729,0.9305,,,0.1632,,,,,,,,,,,,,,
TX,Texas,48,2024,0.4737,0.9305,,,0.1613,,,,,,,,,,,,,,
TX,Texas,48,2025,,0.9305,,,,,,,,,,,,,,,,,
UT,Utah,49,2000,,1.022,,,,1.0,,24520.0,17.94,-0.3642,-0.04959,26.82,-1.021,-1.266,,,0.0,3.2,5.0
UT,Utah,49,2001,,1.022,,,,1.0,,25620.0,17.49,-0.2997,-0.1057,25.4,-1.016,-1.162,,,0.0,4.4,5.0
UT,Utah,49,2002,,1.022,,,,1.0,,25750.0,17.49,-0.3912,-0.07982,27.39,-1.029,-1.177,,,0.0,6.1,5.0
UT,Utah,49,2003,,1.022,,,,1.0,,26050.0,16.05,-0.2558,-0.1681,26.33,-1.026,-1.243,,,0.0,5.6,5.0
UT,Utah,49,2004,,1.022,,,,1.0,,27250.0,16.05,-0.3044,-0.04497,28.05,-1.095,-1.208,,,0.0,5.3,5.0
UT,Utah,49,2005,,1.022,,,,1.0,,29100.0,16.05,-0.4288,-0.08319,27.77,-1.215,-1.205,,,0.0,4.1,5.0
UT,Utah,49,2006,,1.022,,,,1.0,,31040.0,16.05,-0.3257,0.04285,28.8,-1.157,-1.098,,,0.0,3.0,5.0
UT,Utah,49,2007,,1.022,,,,1.0,,32760.0,16.05,-0.3536,0.04616,29.03,-1.224,-1.142,,,0.0,2.6,5.0
UT,Utah,49,2008,,1.022,,,,1.0,,34030.0,16.05,-0.3502,0.04485,29.08,-1.33,-1.101,,,0.0,3.6,5.0
UT,Utah,49,2009,,1.022,,,,1.0,,31890.0,13.79,-0.5877,-0.1686,28.43,-1.05,-1.129,,,0.0,7.3,5.0
UT,Utah,49,2010,,1.022,,,,1.0,,32470.0,13.79,-0.6763,0.2155,29.51,-0.9618,-1.147,71.2,62.3,0.0,7.8,5.0
UT,Utah,49,2011,,1.022,,,,1.0,,34190.0,4.519,-0.6957,0.1306,29.93,-1.086,-1.179,76.9,62.3,0.0,6.7,5.0
UT,Utah,49,2012,0.7501,1.022,,,0.1063,1.0,58160.0,36130.0,4.519,-0.6635,0.2237,30.9,-1.121,-1.237,76.9,62.3,0.0,5.4,5.0
UT,Utah,49,2013,0.7457,1.022,-0.0005002,7.591,0.1136,1.0,58820.0,36720.0,6.317,-0.7347,0.2059,31.5,-0.8757,-1.199,81.7,72.8,0.0,4.6,5.0
UT,Utah,49,2014,0.7421,1.022,-0.0009047,7.947,0.1204,1.0,59850.0,38500.0,6.317,-0.6998,0.2377,31.43,-1.021,-1.199,81.7,72.8,0.0,3.8,5.0
UT,Utah,49,2015,0.7378,1.022,0.001296,0.3044,0.1284,1.0,60730.0,40870.0,,,,31.96,,,83.7,72.8,0.0,3.6,
UT,Utah,49,2016,0.7344,1.022,0.004289,10.31,0.1361,1.0,62520.0,42340.0,,,,32.57,,,83.7,72.8,0.0,3.4,
UT,Utah,49,2017,0.7313,1.022,0.004562,8.701,0.144,,65320.0,44140.0,,,,,,,82.7,45.1,,3.2,
UT,Utah,49,2018,0.7294,1.022,0.003452,11.27,0.1517,,68370.0,46980.0,,,,,,,,,,,
UT,Utah,49,2019,0.7288,1.022,0.003503,11.81,0.1579,,71620.0,48980.0,,,,,,,,,,,4.95
UT,Utah,49,2020,0.7277,1.022,0.006072,18.24,0.162,,,,,,,,,,,,,,
UT,Utah,49,2021,0.7279,1.022,0.006017,25.2,0.1656,,,,,,,,,,,,,,
UT,Utah,49,2022,0.7277,1.022,0.001638,20.36,0.1675,,,,,,,,,,,,,,
UT,Utah,49,2023,0.7284,1.022,,,0.1673,,,,,,,,,,,,,,
UT,Utah,49,2024,0.7278,1.022,,,0.165,,,,,,,,,,,,,,
UT,Utah,49,2025,,1.022,,,,,,,,,,,,,,,,,
VT,Vermont,50,2000,,1.02,,,,0.0,,28200.0,85.75,-0.08846,1.006,30.01,1.644,0.9584,,,0.5,2.9,9.75
VT,Vermont,50,2001,,1.02,,,,0.0,,29480.0,80.41,-0.007456,1.167,29.96,1.701,1.004,,,0.5,3.6,9.75
VT,Vermont,50,2002,,1.02,,,,0.0,,29990.0,79.95,-0.003087,1.295,30.91,1.718,0.9504,,,0.5,3.7,9.75
VT,Vermont,50,2003,,1.02,,,,0.0,,30960.0,67.41,0.1854,1.218,32.1,1.797,0.9274,,,0.5,4.6,9.75
VT,Vermont,50,2004,,1.02,,,,0.0,,32640.0,67.41,0.1878,1.261,32.11,1.732,0.9904,,,0.5,3.7,9.75
VT,Vermont,50,2005,,1.02,,,,0.0,,33320.0,72.26,0.06698,1.211,32.22,1.958,1.002,,,0.5,3.5,9.75
VT,Vermont,50,2006,,1.02,,,,0.0,,35870.0,72.26,0.1426,1.394,33.01,1.982,1.047,,,0.5,3.7,8.9
VT,Vermont,50,2007,,1.02,,,,0.0,,37820.0,73.51,0.1323,1.619,33.34,1.935,1.154,,,0.5,4.0,8.5
VT,Vermont,50,2008,,1.02,,,,0.0,,39400.0,73.51,0.2183,1.874,33.37,1.842,1.147,,,0.5,4.7,8.5
VT,Vermont,50,2009,,1.02,,,,0.0,,38850.0,73.65,0.06424,1.783,33.4,1.916,1.201,,,0.5,6.6,8.5
VT,Vermont,50,2010,,1.02,,,,0.0,,40100.0,73.65,0.0002032,2.041,34.19,1.718,1.177,30.6,30.6,1.0,6.1,8.5
VT,Vermont,50,2011,,1.02,,,,0.0,,43770.0,90.08,0.07606,2.013,37.25,1.794,1.198,31.1,30.6,1.0,5.5,8.5
VT,Vermont,50,2012,0.2585,1.02,,,0.06025,0.0,54170.0,45330.0,90.08,0.105,2.385,35.25,1.746,1.195,31.1,30.6,1.0,5.0,8.5
VT,Vermont,50,2013,0.2534,1.02,-0.001728,3.605,0.06361,0.0,54270.0,45910.0,90.08,0.06477,2.64,34.47,1.699,1.145,28.3,31.2,1.0,4.4,8.5
VT,Vermont,50,2014,0.2485,1.02,-0.003425,-4.531,0.06672,0.0,54450.0,47770.0,90.08,0.09983,3.079,36.42,1.711,1.141,30.0,31.2,1.0,4.0,8.5
VT,Vermont,50,2015,0.2403,1.02,-0.002819,-3.736,0.07019,0.0,55180.0,49350.0,,,,37.75,,,34.4,31.2,1.0,3.6,
VT,Vermont,50,2016,0.2347,1.02,-0.003631,3.162,0.07309,0.0,56100.0,50360.0,,,,36.33,,,34.4,31.2,1.0,3.3,
VT,Vermont,50,2017,0.2271,1.02,-0.001169,4.624,0.07645,,57810.0,51630.0,,,,,,,33.3,30.3,,3.0,
VT,Vermont,50,2018,0.2223,1.02,-0.002165,5.718,0.07909,,60080.0,53490.0,,,,,,,,,,,
VT,Vermont,50,2019,0.2147,1.02,-0.002811,2.963,0.08185,,61970.0,55290.0,,,,,,,,,,,8.5
VT,Vermont,50,2020,0.213,1.02,0.005142,29.85,0.08172,,,,,,,,,,,,,,
VT,Vermont,50,2021,0.2085,1.02,0.00538,20.99,0.0829,,,,,,,,,,,,,,
VT,Vermont,50,2022,0.2058,1.02,0.001246,20.65,0.08387,,,,,,,,,,,,,,
VT,Vermont,50,2023,0.2048,1.02,,,0.08355,,,,,,,,,,,,,,
VT,Vermont,50,2024,0.2046,1.02,,,0.08138,,,,,,,,,,,,,,
VT,Vermont,50,2025,,1.02,,,,,,,,,,,,,,,,,
VA,Virginia,51,2000,,1.254,,,,1.0,,31630.0,31.17,-0.1364,0.4532,29.86,-0.9748,-0.1739,,,0.0,2.2,6.0
VA,Virginia,51,2001,,1.254,,,,1.0,,33250.0,23.16,-0.117,0.4939,31.52,-0.9648,-0.4051,,,0.5,3.5,6.0
VA,Virginia,51,2002,,1.254,,,,1.0,,33740.0,55.37,-0.205,0.5417,31.81,-0.9594,-0.4062,,,0.5,4.1,6.0
VA,Virginia,51,2003,,1.254,,,,1.0,,35030.0,53.07,0.02229,0.4035,32.43,-1.021,-0.4978,,,0.5,4.1,6.0
VA,Virginia,51,2004,,1.254,,,,1.0,,36870.0,51.49,-0.125,0.4572,32.86,-0.7996,-0.4239,,,0.5,3.9,6.0
VA,Virginia,51,2005,,1.254,,,,1.0,,38900.0,51.73,-0.1376,0.4095,33.31,-0.8883,-0.4463,,,0.5,3.6,6.0
VA,Virginia,51,2006,,1.254,,,,1.0,,41220.0,53.95,-0.1182,0.548,32.97,-0.7106,-0.4832,,,0.5,3.1,6.0
VA,Virginia,51,2007,,1.254,,,,1.0,,43260.0,52.27,0.02951,0.5725,33.94,-0.6618,-0.4788,,,0.5,3.0,6.0
VA,Virginia,51,2008,,1.254,,,,1.0,,44690.0,63.59,0.04768,0.6447,33.92,-0.5499,-0.5033,,,0.5,3.9,6.0
VA,Virginia,51,2009,,1.254,,,,1.0,,43190.0,59.63,-0.1373,0.5149,34.27,-0.6421,-0.557,,,0.5,6.7,6.0
VA,Virginia,51,2010,,1.254,,,,1.0,,44250.0,57.6,-0.1249,0.8639,34.71,-0.8445,-0.5708,55.0,46.4,0.5,7.1,6.0
VA,Virginia,51,2011,,1.254,,,,1.0,,47760.0,24.61,-0.1471,0.9428,35.71,-0.9025,-0.5923,55.0,46.4,0.5,6.6,6.0
VA,Virginia,51,2012,0.4711,1.254,,,0.07635,1.0,63640.0,49570.0,19.48,-0.156,1.223,36.17,-0.9264,-0.6359,62.1,46.4,0.5,6.1,6.0
VA,Virginia,51,2013,0.4646,1.254,-0.001352,-6.058,0.08032,1.0,63910.0,48840.0,19.55,-0.2451,1.284,36.54,-0.8999,-0.6277,62.1,47.8,0.5,5.7,6.0
VA,Virginia,51,2014,0.4586,1.254,-0.004214,-4.194,0.084,1.0,64790.0,50730.0,51.35,-0.2224,1.465,37.08,-0.8757,-0.6623,62.1,47.8,0.5,5.2,6.0
VA,Virginia,51,2015,0.4517,1.254,-0.0009536,-5.868,0.08776,1.0,65020.0,52710.0,,,,37.41,,,62.9,47.8,0.5,4.5,
VA,Virginia,51,2016,0.4448,1.254,-0.002898,-7.842,0.09162,1.0,66150.0,53740.0,,,,38.64,,,62.1,47.8,0.5,4.0,
VA,Virginia,51,2017,0.437,1.254,-0.002646,-6.758,0.09602,,68770.0,55580.0,,,,,,,62.1,44.4,,3.8,
VA,Virginia,51,2018,0.4307,1.254,-0.001415,-7.384,0.1002,,71560.0,57900.0,,,,,,,,,,,
VA,Virginia,51,2019,0.4248,1.254,-0.001089,-7.777,0.1035,,74220.0,59510.0,,,,,,,,,,,6.0
VA,Virginia,51,2020,0.4229,1.254,-0.001115,-6.215,0.1045,,,,,,,,,,,,,,
VA,Virginia,51,2021,0.419,1.254,-0.0006886,-12.63,0.1057,,,,,,,,,,,,,,
VA,Virginia,51,2022,0.4164,1.254,-0.0009943,-13.65,0.1064,,,,,,,,,,,,,,
VA,Virginia,51,2023,0.4147,1.254,,,0.1063,,,,,,,,,,,,,,
VA,Virginia,51,2024,0.4161,1.254,,,0.1048,,,,,,,,,,,,,,
VA,Virginia,51,2025,,1.254,,,,,,,,,,,,,,,,,
WA,Washington,53,2000,,1.085,,,,0.0,,32410.0,74.55,-0.2381,0.5804,27.97,0.2657,0.9744,,,0.5,5.2,0.0
WA,Washington,53,2001,,1.085,,,,0.0,,32970.0,73.2,-0.0178,0.6835,29.69,0.2184,0.9555,,,1.0,6.4,0.0
WA,Washington,53,2002,,1.085,,,,0.0,,33130.0,73.2,-0.2298,0.8557,29.81,0.334,0.9233,,,0.5,7.3,0.0
WA,Washington,53,2003,,1.085,,,,0.0,,33910.0,69.95,0.1491,0.809,30.35,0.2613,0.9128,,,0.5,7.5,0.0
WA,Washington,53,2004,,1.085,,,,0.0,,36000.0,69.95,-0.08428,0.9028,31.6,0.1753,0.8795,,,1.0,6.2,0.0
WA,Washington,53,2005,,1.085,,,,0.0,,36770.0,77.75,-0.06538,0.9117,30.54,0.3017,0.8409,,,1.0,5.6,0.0
WA,Washington,53,2006,,1.085,,,,0.0,,39570.0,77.75,-0.1507,1.047,30.54,0.3669,1.221,,,1.0,5.0,0.0
WA,Washington,53,2007,,1.085,,,,0.0,,42190.0,84.88,-0.09745,1.241,30.43,0.3091,1.2,,,1.0,4.7,0.0
WA,Washington,53,2008,,1.085,,,,0.0,,44100.0,84.88,-0.09615,1.388,31.11,0.1957,1.209,,,1.0,5.4,0.0
WA,Washington,53,2009,,1.085,,,,0.0,,41800.0,84.88,-0.205,1.308,30.94,0.4915,1.261,,,1.0,9.2,0.0
WA,Washington,53,2010,,1.085,,,,0.0,,42570.0,84.88,-0.2692,1.467,31.68,0.5363,1.226,36.7,40.7,1.0,10.0,0.0
WA,Washington,53,2011,,1.085,,,,0.0,,44670.0,78.7,-0.2011,1.521,32.13,0.6641,1.26,43.5,40.7,1.0,9.3,0.0
WA,Washington,53,2012,0.3103,1.085,,,0.1233,0.0,59370.0,47730.0,78.7,-0.1963,1.707,32.18,0.6044,1.315,43.5,40.7,1.0,8.1,0.0
WA,Washington,53,2013,0.3061,1.085,0.003924,7.423,0.1307,0.0,59480.0,48280.0,76.3,-0.1911,1.949,33.2,0.3328,1.266,44.9,41.7,1.0,7.0,0.0
WA,Washington,53,2014,0.3017,1.085,0.006068,1.144,0.1381,0.0,60290.0,51480.0,74.92,-0.06617,2.263,33.65,0.3267,1.279,45.6,41.7,1.0,6.1,0.0
WA,Washington,53,2015,0.2975,1.085,0.006017,1.208,0.1461,0.0,61060.0,53840.0,,,,34.54,,,49.0,41.7,0.5,5.6,
WA,Washington,53,2016,0.292,1.085,0.01084,2.468,0.1543,0.0,62850.0,55760.0,,,,35.32,,,49.7,41.7,0.5,5.4,
WA,Washington,53,2017,0.2876,1.085,0.01245,2.241,0.1628,,66170.0,58400.0,,,,,,,49.0,36.8,,4.8,
WA,Washington,53,2018,0.2831,1.085,0.007312,1.213,0.1707,,70120.0,62180.0,,,,,,,,,,,
WA,Washington,53,2019,0.2796,1.085,0.006904,-5.741,0.1776,,73780.0,64770.0,,,,,,,,,,,
WA,Washington,53,2020,0.2778,1.085,0.004418,0.6769,0.1805,,,,,,,,,,,,,,
WA,Washington,53,2021,0.2747,1.085,0.001169,-1.427,0.1836,,,,,,,,,,,,,,
WA,Washington,53,2022,0.272,1.085,0.0009769,-16.24,0.1873,,,,,,,,,,,,,,
WA,Washington,53,2023,0.271,1.085,,,0.1868,,,,,,,,,,,,,,
WA,Washington,53,2024,0.2703,1.085,,,0.1849,,,,,,,,,,,,,,
WA,Washington,53,2025,,1.085,,,,,,,,,,,,,,,,,
WV,West Virginia,54,2000,,0.6934,,,,0.0,,22170.0,55.12,-0.06708,-0.175,14.91,-0.07215,0.324,,,1.0,5.5,9.0
WV,West Virginia,54,2001,,0.6934,,,,0.0,,23570.0,54.79,0.05238,-0.2691,15.43,0.1748,0.2804,,,1.0,4.9,9.0
WV,West Virginia,54,2002,,0.6934,,,,0.0,,24300.0,54.79,-0.003225,-0.3099,16.09,0.09048,0.2544,,,1.0,6.1,9.0
WV,West Virginia,54,2003,,0.6934,,,,0.0,,24770.0,81.25,0.2258,-0.4082,16.99,0.09842,0.1835,,,1.0,6.1,9.0
WV,West Virginia,54,2004,,0.6934,,,,0.0,,25600.0,81.25,0.1705,-0.2907,16.38,0.07662,0.1422,,,1.0,5.3,9.0
WV,West Virginia,54,2005,,0.6934,,,,0.0,,26440.0,81.25,-0.01096,-0.2973,17.39,-0.1013,0.08943,,,1.0,5.1,9.0
WV,West Virginia,54,2006,,0.6934,,,,0.0,,28370.0,81.25,0.02352,-0.1715,16.58,-0.04226,0.04836,,,1.0,4.9,9.0
WV,West Virginia,54,2007,,0.6934,,,,0.0,,29500.0,81.25,0.07492,-0.236,17.37,-0.02879,0.06332,,,1.0,4.6,8.75
WV,West Virginia,54,2008,,0.6934,,,,0.0,,31310.0,81.25,-0.05456,-0.3074,17.12,0.1063,-0.1353,,,1.0,4.3,8.5
WV,West Virginia,54,2009,,0.6934,,,,0.0,,31080.0,82.62,-0.1456,-0.4579,17.28,0.005015,-0.1549,,,1.0,7.7,8.5
WV,West Virginia,54,2010,,0.6934,,,,0.0,,32000.0,82.62,-0.3074,-0.1266,17.41,-0.116,-0.1873,27.6,55.7,1.0,8.7,8.5
WV,West Virginia,54,2011,,0.6934,,,,0.0,,34120.0,76.3,-0.3312,-0.08621,18.79,0.01528,-0.2201,30.6,55.7,1.0,8.1,8.5
WV,West Virginia,54,2012,0.592,0.6934,,,0.05423,0.0,40400.0,35100.0,76.3,-0.3904,-0.09542,18.38,-0.01611,-0.2429,30.6,55.7,1.0,7.5,7.75
WV,West Virginia,54,2013,0.5937,0.6934,-0.002023,-0.6592,0.05746,0.0,41040.0,34930.0,73.32,-0.568,-0.091,18.98,-0.1404,-0.2211,41.0,62.3,1.0,6.8,7.0
WV,West Virginia,54,2014,0.5924,0.6934,-0.003149,-0.6699,0.06039,0.0,41580.0,36130.0,72.82,-0.6013,-0.1235,19.49,-0.1814,-0.228,42.5,62.3,1.0,6.6,6.5
WV,West Virginia,54,2015,0.5909,0.6934,-0.00299,-3.058,0.06322,0.0,41750.0,37040.0,,,,19.93,,,61.2,62.3,0.5,6.8,
WV,West Virginia,54,2016,0.5892,0.6934,-0.005301,-2.997,0.06573,1.0,42640.0,37070.0,,,,21.28,,,61.2,62.3,0.5,6.0,
WV,West Virginia,54,2017,0.5918,0.6934,-0.007287,-2.586,0.06841,,44060.0,38890.0,,,,,,,63.4,67.9,,5.2,
WV,West Virginia,54,2018,0.5904,0.6934,-0.004198,-2.73,0.0708,,44920.0,41150.0,,,,,,,,,,,
WV,West Virginia,54,2019,0.5896,0.6934,-0.004733,-2.905,0.0726,,46710.0,42240.0,,,,,,,,,,,6.5
WV,West Virginia,54,2020,0.5921,0.6934,-0.0009132,-2.532,0.07311,,,,,,,,,,,,,,
WV,West Virginia,54,2021,0.5914,0.6934,0.0009941,-0.588,0.07346,,,,,,,,,,,,,,
WV,West Virginia,54,2022,0.594,0.6934,0.0007337,-4.037,0.07352,,,,,,,,,,,,,,
WV,West Virginia,54,2023,0.5935,0.6934,,,0.07331,,,,,,,,,,,,,,
WV,West Virginia,54,2024,0.5943,0.6934,,,0.07243,,,,,,,,,,,,,,
WV,West Virginia,54,2025,,0.6934,,,,,,,,,,,,,,,,,
WI,Wisconsin,55,2000,,0.7248,,,,0.0,,29140.0,19.36,-0.2309,0.317,22.87,0.9712,0.1962,,,0.5,3.5,7.9
WI,Wisconsin,55,2001,,0.7248,,,,0.0,,30100.0,21.09,-0.1226,0.3825,23.22,0.9921,0.3614,,,0.5,4.6,7.9
WI,Wisconsin,55,2002,,0.7248,,,,0.0,,30800.0,21.09,-0.2126,0.4208,23.29,1.008,0.4207,,,0.5,5.5,7.9
WI,Wisconsin,55,2003,,0.7248,,,,0.0,,31620.0,46.67,0.03793,0.3929,23.92,0.9157,0.398,,,0.5,5.6,7.9
WI,Wisconsin,55,2004,,0.7248,,,,0.0,,32700.0,49.34,-0.01553,0.4501,24.21,0.8654,0.3493,,,0.5,5.0,7.9
WI,Wisconsin,55,2005,,0.7248,,,,0.0,,33640.0,47.6,0.04497,0.5127,25.62,0.8628,0.3163,,,0.5,4.7,7.9
WI,Wisconsin,55,2006,,0.7248,,,,0.0,,35600.0,47.6,-0.0235,0.7113,25.65,0.7433,0.2731,,,0.5,4.7,7.9
WI,Wisconsin,55,2007,,0.7248,,,,0.0,,36830.0,68.31,0.03448,0.8294,25.69,0.6922,0.2223,,,0.5,4.9,7.9
WI,Wisconsin,55,2008,,0.7248,,,,0.0,,38150.0,68.31,0.002405,0.8996,25.63,0.8364,0.2258,,,1.0,4.9,7.9
WI,Wisconsin,55,2009,,0.7248,,,,0.0,,36930.0,77.62,-0.2036,0.728,25.77,0.9718,0.4678,,,1.0,8.6,7.9
WI,Wisconsin,55,2010,,0.7248,,,,0.0,,38180.0,77.62,-0.3381,0.9727,26.55,1.132,0.5562,46.2,42.4,0.0,8.7,7.9
WI,Wisconsin,55,2011,,0.7248,,,,0.0,,41170.0,3.157,-0.2867,1.027,26.64,0.9902,0.4533,59.8,42.4,0.0,7.8,7.9
WI,Wisconsin,55,2012,0.6104,0.7248,,,0.1184,0.0,52630.0,43030.0,8.425,-0.2918,1.138,27.7,0.9342,0.3911,57.6,42.4,0.0,7.0,7.9
WI,Wisconsin,55,2013,0.6068,0.7248,-0.001914,-3.257,0.124,0.0,52410.0,43180.0,6.108,-0.3881,1.391,28.04,0.7851,0.2942,59.1,46.1,0.0,6.7,7.9
WI,Wisconsin,55,2014,0.6029,0.7248,-0.002826,-3.113,0.1293,0.0,52740.0,44930.0,6.108,-0.3728,1.576,28.75,0.6912,0.3296,59.1,46.1,0.0,5.4,7.9
WI,Wisconsin,55,2015,0.5994,0.7248,-0.002309,-7.391,0.1346,1.0,53360.0,46840.0,,,,29.03,,,61.4,46.1,0.0,4.6,
WI,Wisconsin,55,2016,0.5953,0.7248,-0.002191,-2.844,0.1397,1.0,54610.0,47580.0,,,,30.1,,,62.1,46.1,0.0,4.1,
WI,Wisconsin,55,2017,0.5923,0.7248,-0.0008105,-3.75,0.1445,,56760.0,49240.0,,,,,,,63.6,47.2,,3.3,
WI,Wisconsin,55,2018,0.5892,0.7248,-0.000693,-4.664,0.1492,,59210.0,51610.0,,,,,,,,,,,
WI,Wisconsin,55,2019,0.586,0.7248,-0.001119,-1.51,0.1528,,61750.0,53210.0,,,,,,,,,,,7.9
WI,Wisconsin,55,2020,0.5848,0.7248,-0.0001497,-1.864,0.1535,,,,,,,,,,,,,,
WI,Wisconsin,55,2021,0.5808,0.7248,-0.0003679,-0.1024,0.1543,,,,,,,,,,,,,,
WI,Wisconsin,55,2022,0.5781,0.7248,-0.0003644,-4.246,0.1552,,,,,,,,,,,,,,
WI,Wisconsin,55,2023,0.5763,0.7248,,,0.1549,,,,,,,,,,,,,,
WI,Wisconsin,55,2024,0.5776,0.7248,,,0.1531,,,,,,,,,,,,,,
WI,Wisconsin,55,2025,,0.7248,,,,,,,,,,,,,,,,,
WY,Wyoming,56,2000,,0.06032,,,,1.0,,29260.0,11.68,-0.347,-0.03907,22.58,-1.791,-0.4729,,,0.0,3.9,0.0
WY,Wyoming,56,2001,,0.06032,,,,1.0,,31220.0,11.68,-0.3547,-0.0372,23.39,-1.881,-0.5825,,,0.0,3.9,0.0
WY,Wyoming,56,2002,,0.06032,,,,1.0,,31890.0,11.68,-0.3982,-0.04614,23.47,-1.941,-0.6053,,,0.5,4.2,0.0
WY,Wyoming,56,2003,,0.06032,,,,1.0,,33630.0,52.29,-0.2939,-0.1133,23.76,-1.446,-0.5502,,,0.5,4.4,0.0
WY,Wyoming,56,2004,,0.06032,,,,1.0,,35820.0,52.29,-0.3611,-0.03837,24.86,-1.684,-0.6528,,,0.5,3.8,0.0
WY,Wyoming,56,2005,,0.06032,,,,1.0,,38840.0,51.74,-0.4643,-0.0121,22.29,-1.494,-0.6475,,,0.5,3.6,0.0
WY,Wyoming,56,2006,,0.06032,,,,1.0,,43840.0,51.74,-0.4833,0.1303,21.93,-1.331,-0.6726,,,0.5,3.2,0.0
WY,Wyoming,56,2007,,0.06032,,,,1.0,,45280.0,51.83,-0.4761,0.1178,24.11,-1.358,-0.5952,,,0.5,2.8,0.0
WY,Wyoming,56,2008,,0.06032,,,,1.0,,49220.0,51.83,-0.5327,0.2028,22.32,-1.33,-0.6562,,,0.5,3.1,0.0
WY,Wyoming,56,2009,,0.06032,,,,1.0,,43490.0,49.92,-0.7044,-0.004032,24.11,-1.275,-0.6628,,,0.5,6.3,0.0
WY,Wyoming,56,2010,,0.06032,,,,1.0,,44860.0,49.92,-0.7645,0.4036,24.8,-1.847,-0.7268,71.1,65.2,0.0,6.4,0.0
WY,Wyoming,56,2011,,0.06032,,,,1.0,,49970.0,5.146,-0.6743,0.3791,24.92,-1.808,-0.7155,84.4,65.2,0.0,5.8,0.0
WY,Wyoming,56,2012,0.7818,0.06032,,,0.03939,1.0,56570.0,53490.0,5.146,-0.745,0.4891,25.45,-1.817,-0.7816,84.4,65.2,0.0,5.3,0.0
WY,Wyoming,56,2013,0.7754,0.06032,-0.002153,15.66,0.04213,1.0,57410.0,52850.0,5.146,-0.7673,0.5368,27.13,-1.649,-0.6053,86.7,69.3,0.0,4.7,0.0
WY,Wyoming,56,2014,0.7734,0.06032,-0.004454,9.425,0.0446,1.0,58250.0,56650.0,5.146,-0.8461,0.6421,25.94,-2.071,-0.6567,86.7,69.3,0.0,4.2,0.0
WY,Wyoming,56,2015,0.7755,0.06032,-0.001014,24.72,0.04609,1.0,58840.0,56740.0,,,,26.89,,,85.6,69.3,0.0,4.2,
WY,Wyoming,56,2016,0.7753,0.06032,-0.008174,18.24,0.04721,1.0,59140.0,54070.0,,,,26.64,,,85.6,69.3,0.0,5.3,
WY,Wyoming,56,2017,0.7799,0.06032,-0.0199,15.03,0.04831,,60940.0,56420.0,,,,,,,86.7,68.2,,4.2,
WY,Wyoming,56,2018,0.7846,0.06032,-0.003627,10.31,0.04947,,62270.0,60540.0,,,,,,,,,,,
WY,Wyoming,56,2019,0.7839,0.06032,0.0005618,19.56,0.05055,,64050.0,62040.0,,,,,,,,,,,
WY,Wyoming,56,2020,0.796,0.06032,0.001727,65.69,0.04961,,,,,,,,,,,,,,
WY,Wyoming,56,2021,0.7979,0.06032,0.004744,34.92,0.04862,,,,,,,,,,,,,,
WY,Wyoming,56,2022,0.7978,0.06032,0.004728,66.65,0.04822,,,,,,,,,,,,,,
WY,Wyoming,56,2023,0.7984,0.06032,,,0.04787,,,,,,,,,,,,,,
WY,Wyoming,56,2024,0.7985,0.06032,,,0.04734,,,,,,,,,,,,,,
WY,Wyoming,56,2025,,0.06032,,,,,,,,,,,,,,,,,
